id	word	pinyin	meaning	pos
wl_00001	东方	dōng fāng	east	noun
wl_00002	冷冻	lěng dòng	frozen	adjective
wl_00003	通过	tōng guò	to pass an examination or test	verb
wl_00004	儿童	ér tóng	children	noun
wl_00005	共同	gòng tóng	shared; common	adjective
wl_00006	喉咙	hóu lóng	the throat	noun
wl_00007	隆重	lóng zhòng	grand and ceremonious	adjective
wl_00008	聪明	cōng ming	clever	adjective
wl_00009	热衷	rè zhōng	be keen on	verb
wl_00010	忠心	zhōng xīn	loyalty	noun
wl_00011	中间	zhōng jiān	middle	noun
wl_00012	群众	qún zhòng	crowd; the public	noun
wl_00013	最终	zuì zhōng	finally	adverb
wl_00014	充满	chōng mǎn	to be filled with	verb
wl_00015	功劳	gōng láo	meritorious contribution	noun
wl_00016	工人	gōng rén	worker	noun
wl_00017	公平	gōng píng	fair	adjective
wl_00018	攻击	gōng jī	attack	verb
wl_00019	天空	tiān kōng	sky	noun
wl_00020	彩虹	cǎi hóng	rainbow	noun
wl_00021	红色	hóng sè	red (color)	adjective
wl_00022	英雄	yīng xióng	hero	noun
wl_00023	融化	róng huà	to melt	verb
wl_00024	帐篷	zhàng peng	tent	noun
wl_00025	蜜蜂	mì fēng	bee	noun
wl_00026	柠檬	níng méng	lemon	noun
wl_00027	梦想	mèng xiǎng	dream or aspiration	noun
wl_00028	丰富	fēng fù	rich and varied	adjective
wl_00029	贫穷	pín qióng	poor	adjective
wl_00030	动物	dòng wù	animal	noun
wl_00031	总是	zǒng shì	always	adverb
wl_00032	疼痛	téng tòng	painful; sore	adjective
wl_00033	玩弄	wán nòng	toy with	verb
wl_00034	贡献	gòng xiàn	contribute	verb
wl_00035	讽刺	fěng cì	to mock	verb
wl_00036	凤凰	fèng huáng	phoenix	noun
wl_00037	独立	dú lì	independent	adjective
wl_00038	忙碌	máng lù	busy; bustling	adjective
wl_00039	角落	jiǎo luò	corner (of a room, courtyard etc)	noun
wl_00040	角色	jué sè	character in a story	noun
wl_00041	民族	mín zú	ethnic group	noun
wl_00042	确凿	què záo	conclusive; irrefutable	adjective
wl_00043	速度	sù dù	speed; rate; velocity; (music) tempo	noun
wl_00044	严肃	yán sù	serious; solemn	adjective
wl_00045	建筑	jiàn zhù	building	noun
wl_00046	逐渐	zhú jiàn	gradually	adverb
wl_00047	淑女	shū nǚ	graceful lady	noun
wl_00048	成熟	chéng shú	mature; ripe	adjective
wl_00049	叔叔	shū shu	uncle	noun
wl_00050	牛肉	niú ròu	beef	noun
wl_00051	山谷	shān gǔ	valley	noun
wl_00052	哭泣	kū qì	weep	verb
wl_00053	房屋	fáng wū	house	noun
wl_00054	教育	jiào yù	education	noun
wl_00055	腹部	fù bù	abdomen	noun
wl_00056	蝙蝠	biān fú	(zoology) bat	noun
wl_00057	幸福	xìng fú	happiness	noun
wl_00058	仆人	pú rén	servant	noun
wl_00059	衣服	yī fu	clothes	noun
wl_00060	目光	mù guāng	gaze	noun
wl_00061	冬天	dōng tiān	winter	noun
wl_00062	宗教	zōng jiào	religion	noun
wl_00063	轻松	qīng sōng	relaxed; at ease	adjective
wl_00064	统一	tǒng yī	uniform; consistent	adjective
wl_00065	综合	zōng hé	combine and consider together	verb
wl_00066	监督	jiān dū	supervise	verb
wl_00067	病毒	bìng dú	virus	noun
wl_00068	残酷	cán kù	cruel; harsh; merciless	adjective
wl_00069	放纵	fàng zòng	indulge; give free rein to	verb
wl_00070	踪迹	zōng jì	trace; track	noun
wl_00071	诉讼	sù sòng	lawsuit; litigation	noun
wl_00072	重新	chóng xīn	again; once more; re-	adverb
wl_00073	重量	zhòng liàng	weight	noun
wl_00074	重要	zhòng yào	important; significant; major	adjective
wl_00075	公共	gōng gòng	public; common; communal	adjective
wl_00076	提供	tí gōng	to provide	verb
wl_00077	容易	róng yì	easy	adjective
wl_00078	封闭	fēng bì	close off	verb
wl_00079	裂缝	liè fèng	crack	noun
wl_00080	锋利	fēng lì	sharp (e.g. knife blade)	adjective
wl_00081	种子	zhǒng zi	seed	noun
wl_00082	恐惧	kǒng jù	fear	noun
wl_00083	拥有	yōng yǒu	possess; have	verb
wl_00084	勇敢	yǒng gǎn	brave; courageous	adjective
wl_00085	奉献	fèng xiàn	devote; give	verb
wl_00086	使用	shǐ yòng	to use	verb
wl_00087	绿色	lǜ sè	green	adjective
wl_00088	记录	jì lù	written record	noun
wl_00089	继续	jì xù	to continue; to proceed with; to go on with	verb
wl_00090	蜡烛	là zhú	candle	noun
wl_00091	属于	shǔ yú	to belong to; to fall under (a category)	verb
wl_00092	接触	jiē chù	come into contact with	verb
wl_00093	约束	yuē shù	restrain; keep within bounds	verb
wl_00094	赎罪	shú zuì	atone for wrongdoing	verb
wl_00095	耻辱	chǐ rǔ	disgrace	noun
wl_00096	监狱	jiān yù	prison	noun
wl_00097	地狱	dì yù	hell	noun
wl_00098	玉米	yù mǐ	corn; maize	noun
wl_00099	欲望	yù wàng	desire	noun
wl_00100	局面	jú miàn	situation	noun
wl_00101	撞击	zhuàng jī	impact	noun
wl_00102	控制	kòng zhì	to control	verb
wl_00103	投降	tóu xiáng	surrender	verb
wl_00104	降落	jiàng luò	land; descend	verb
wl_00105	庞大	páng dà	enormous	adjective
wl_00106	演讲	yǎn jiǎng	speech	noun
wl_00107	港口	gǎng kǒu	port	noun
wl_00108	项链	xiàng liàn	necklace	noun
wl_00109	小巷	xiǎo xiàng	small alley	noun
wl_00110	桌子	zhuō zi	table	noun
wl_00111	捕捉	bǔ zhuō	catch; capture	verb
wl_00112	捉弄	zhuō nòng	tease; play a trick on	verb
wl_00113	确定	què dìng	decide; confirm	verb
wl_00114	的确	dí què	indeed; really	adverb
wl_00115	学习	xué xí	to learn; to study	verb
wl_00116	学校	xué xiào	school	noun
wl_00117	握手	wò shǒu	shake hands	verb
wl_00118	喔	ō	oh, expressing realization	interjection
wl_00119	剥夺	bō duó	deprive of	verb
wl_00120	反驳	fǎn bó	refute; argue against	verb
wl_00121	分离	fēn lí	separate	verb
wl_00122	华丽	huá lì	splendid; ornate	adjective
wl_00123	玻璃	bō li	glass	noun
wl_00124	跟随	gēn suí	to follow	verb
wl_00125	支持	zhī chí	to support	verb
wl_00126	只有	zhǐ yǒu	only; merely	adverb
wl_00127	树枝	shù zhī	branch	noun
wl_00128	提高	tí gāo	raise; improve	verb
wl_00129	钥匙	yào shi	key	noun
wl_00130	实施	shí shī	implement	verb
wl_00131	儿子	ér zi	son	noun
wl_00132	规则	guī zé	rule; regulation	noun
wl_00133	堕落	duò luò	sink into moral decline	verb
wl_00134	移动	yí dòng	move	verb
wl_00135	卑鄙	bēi bǐ	despicable	adjective
wl_00136	脾气	pí qi	temper	noun
wl_00137	弥补	mí bǔ	make up for	verb
wl_00138	表示	biǎo shì	to express or indicate	verb
wl_00139	紫色	zǐ sè	purple	adjective
wl_00140	彼此	bǐ cǐ	each other; one another	pronoun
wl_00141	奢侈	shē chǐ	extravagant	adjective
wl_00142	是非	shì fēi	right and wrong	noun
wl_00143	企业	qǐ yè	company; firm; enterprise; corporation	noun
wl_00144	刺激	cì jī	irritate	verb
wl_00145	睡觉	shuì jiào	sleep	verb
wl_00146	翅膀	chì bǎng	wing	noun
wl_00147	交易	jiāo yì	transaction; trade	noun
wl_00148	手臂	shǒu bì	arm	noun
wl_00149	避免	bì miǎn	to avoid	verb
wl_00150	知道	zhī dào	to know; to become aware of	verb
wl_00151	知识	zhī shi	knowledge	noun
wl_00152	蜘蛛	zhī zhū	spider	noun
wl_00153	差别	chā bié	difference	noun
wl_00154	出差	chū chāi	go on a business trip	verb
wl_00155	妓女	jì nǚ	prostitute	noun
wl_00156	仪式	yí shì	ceremony	noun
wl_00157	危险	wēi xiǎn	dangerous	adjective
wl_00158	牺牲	xī shēng	give one's life	verb
wl_00159	游戏	yóu xì	game	noun
wl_00160	椅子	yǐ zi	chair	noun
wl_00161	委托	wěi tuō	entrust; commission	verb
wl_00162	作为	zuò wéi	use as; regard as	verb
wl_00163	为了	wèi le	in order to	preposition
wl_00164	疲劳	pí láo	tired; fatigued	adjective
wl_00165	罢休	bà xiū	let a matter rest	verb
wl_00166	皮肤	pí fū	skin	noun
wl_00167	奇怪	qí guài	strange	adjective
wl_00168	骑马	qí mǎ	ride a horse	verb
wl_00169	诡计	guǐ jì	trick	noun
wl_00170	跪下	guì xia	kneel down	verb
wl_00171	蚂蚁	mǎ yǐ	ant	noun
wl_00172	销毁	xiāo huǐ	destroy completely	verb
wl_00173	技术	jì shù	technology; technique; skill	noun
wl_00174	智慧	zhì huì	wisdom; intelligence	noun
wl_00175	友谊	yǒu yì	friendship	noun
wl_00176	正义	zhèng yì	justice; righteousness	noun
wl_00177	会议	huì yì	meeting	noun
wl_00178	咨询	zī xún	consult; ask for advice	verb
wl_00179	资源	zī yuán	resources	noun
wl_00180	姿态	zī tài	posture	noun
wl_00181	虽然	suī rán	although	conjunction
wl_00182	私人	sī rén	private	adjective
wl_00183	脂肪	zhī fáng	fat	noun
wl_00184	尸体	shī tǐ	dead body	noun
wl_00185	羡慕	xiàn mù	admire and wish to have	verb
wl_00186	唯一	wéi yī	only; sole	adjective
wl_00187	维持	wéi chí	to keep; to maintain; to preserve	verb
wl_00188	阿姨	ā yí	aunt	noun
wl_00189	比较	bǐ jiào	compare	verb
wl_00190	堡垒	bǎo lěi	fortress	noun
wl_00191	履行	lǚ xíng	fulfill; carry out	verb
wl_00192	死亡	sǐ wáng	death	noun
wl_00193	手指	shǒu zhǐ	finger	noun
wl_00194	电视	diàn shì	television; TV	noun
wl_00195	水果	shuǐ guǒ	fruit	noun
wl_00196	地方	dì fang	place; location; area; space; territory	noun
wl_00197	眼泪	yǎn lèi	tear; teardrop	noun
wl_00198	利益	lì yì	interest; benefit	noun
wl_00199	种类	zhǒng lèi	type	noun
wl_00200	次数	cì shù	number of times	noun
wl_00201	自己	zì jǐ	one's own	pronoun
wl_00202	嫉妒	jí dù	be jealous of	verb
wl_00203	纯粹	chún cuì	purely	adverb
wl_00204	隧道	suì dào	tunnel	noun
wl_00205	至少	zhì shǎo	at least	adverb
wl_00206	出现	chū xiàn	to appear	verb
wl_00207	季节	jì jié	season	noun
wl_00208	放弃	fàng qì	to renounce; to abandon; to give up	verb
wl_00209	庇护	bì hù	shelter; protection	noun
wl_00210	鼻子	bí zi	nose	noun
wl_00211	梦寐以求	mèng mèi yǐ qiú	Describes deeply longing for something.	idiom
wl_00212	屁股	pì gu	bottom	noun
wl_00213	你呢	nǐ ne	and you; how about you	phrase
wl_00214	追求	zhuī qiú	pursue	verb
wl_00215	迟到	chí dào	to arrive late	verb
wl_00216	老师	lǎo shī	teacher	noun
wl_00217	狮子	shī zi	lion	noun
wl_00218	肌肉	jī ròu	muscle	noun
wl_00219	乌龟	wū guī	turtle	noun
wl_00220	饥饿	jī è	hungry	adjective
wl_00221	悲伤	bēi shāng	sad	adjective
wl_00222	眉毛	méi mao	eyebrow	noun
wl_00223	轨道	guǐ dào	track (for trains etc)	noun
wl_00224	鄙视	bǐ shì	despise; look down on	verb
wl_00225	否定	fǒu dìng	deny; reject	verb
wl_00226	美丽	měi lì	beautiful	adjective
wl_00227	导致	dǎo zhì	to lead to; to create; to cause; to bring about	verb
wl_00228	物质	wù zhì	substance	noun
wl_00229	人质	rén zhì	hostage	noun
wl_00230	坠落	zhuì luò	fall from a height	verb
wl_00231	幼稚	yòu zhì	childish	adjective
wl_00232	精致	jīng zhì	finely made	adjective
wl_00233	效率	xiào lǜ	efficiency	noun
wl_00234	惭愧	cán kuì	ashamed	adjective
wl_00235	机器	jī qì	machine	noun
wl_00236	位置	wèi zhì	position; location	noun
wl_00237	秘密	mì mì	secretly	adverb
wl_00238	费用	fèi yòng	cost	noun
wl_00239	准备	zhǔn bèi	to prepare	verb
wl_00240	魅力	mèi lì	charm; appeal	noun
wl_00241	柜台	guì tái	sales counter; front desk; bar	noun
wl_00242	狐狸	hú li	fox	noun
wl_00243	仔细	zǐ xì	careful; attentive; cautious	adjective
wl_00244	滋味	zī wèi	taste; flavor	noun
wl_00245	思想	sī xiǎng	thought	noun
wl_00246	意思	yì si	meaning	noun
wl_00247	伺候	cì hou	attend to; serve	verb
wl_00248	公司	gōng sī	company; firm; corporation	noun
wl_00249	词语	cí yǔ	word (general term including monosyllables through to short phrases)	noun
wl_00250	辞职	cí zhí	resign	verb
wl_00251	痴迷	chī mí	be fascinated by	verb
wl_00252	保持	bǎo chí	to keep	verb
wl_00253	之后	zhī hòu	after	locative noun
wl_00254	时间	shí jiān	(concept of) time	noun
wl_00255	诗歌	shī gē	poetry	noun
wl_00256	而且	ér qiě	moreover; and also	conjunction
wl_00257	居住	jū zhù	reside; live	verb
wl_00258	基本	jī běn	basic	adjective
wl_00259	欺负	qī fu	bully	verb
wl_00260	怀疑	huái yí	to have one's doubts; to harbor suspicions; to suspect that	verb
wl_00261	医生	yī shēng	doctor; medical practitioner	noun
wl_00262	日期	rì qī	date	noun
wl_00263	其他	qí tā	other	pronoun
wl_00264	公里	gōng lǐ	kilometer	noun
wl_00265	道理	dào li	reason; rationale	noun
wl_00266	相似	xiāng sì	similar	adjective
wl_00267	士兵	shì bīng	soldier	noun
wl_00268	历史	lì shǐ	history	noun
wl_00269	使者	shǐ zhě	envoy	noun
wl_00270	驾驶	jià shǐ	to drive (vehicle); to pilot (ship, airplane etc)	verb
wl_00271	停止	tíng zhǐ	to stop; to halt; to cease	verb
wl_00272	地址	dì zhǐ	address	noun
wl_00273	牙齿	yá chǐ	tooth	noun
wl_00274	城市	chéng shì	city; town	noun
wl_00275	开始	kāi shǐ	to begin; to start	verb
wl_00276	耳朵	ěr duo	ear	noun
wl_00277	纪念	jì niàn	commemorate	verb
wl_00278	起来	qǐ lai	begin to, after a verb or adjective	complement
wl_00279	喜欢	xǐ huan	to like; to be fond of	verb
wl_00280	已经	yǐ jīng	already	adverb
wl_00281	可以	kě yǐ	can; be able to	modal verb
wl_00282	文字	wén zì	written text	noun
wl_00283	植物	zhí wù	plant	noun
wl_00284	价值	jià zhí	value; worth	noun
wl_00285	事情	shì qing	affair; matter; thing; business	noun
wl_00286	厕所	cè suǒ	toilet; lavatory	noun
wl_00287	杂志	zá zhì	magazine	noun
wl_00288	认识	rèn shi	know; be acquainted with	verb
wl_00289	考试	kǎo shì	exam	noun
wl_00290	食物	shí wù	food	noun
wl_00291	异常	yì cháng	unusually; exceptionally	adverb
wl_00292	回归	huí guī	return	verb
wl_00293	机会	jī huì	opportunity	noun
wl_00294	指挥	zhǐ huī	command; direct	verb
wl_00295	光辉	guāng huī	radiance	noun
wl_00296	希望	xī wàng	to hope	verb
wl_00297	徽章	huī zhāng	badge	noun
wl_00298	依靠	yī kào	rely on	verb
wl_00299	威胁	wēi xié	threat	noun
wl_00300	周围	zhōu wéi	environs; surroundings; periphery	locative noun
wl_00301	违反	wéi fǎn	violate	verb
wl_00302	飞行	fēi xíng	fly	verb
wl_00303	非常	fēi cháng	very	adverb
wl_00304	肥胖	féi pàng	obesity	noun
wl_00305	祈祷	qí dǎo	to pray; to say a prayer	verb
wl_00306	几个	jǐ ge	a few	numeral
wl_00307	几乎	jī hū	almost; nearly; practically	adverb
wl_00308	魔鬼	mó guǐ	devil	noun
wl_00309	伟大	wěi dà	great	adjective
wl_00310	尾巴	wěi ba	tail	noun
wl_00311	既然	jì rán	since; given that	conjunction
wl_00312	珍贵	zhēn guì	precious	adjective
wl_00313	天气	tiān qì	weather	noun
wl_00314	安慰	ān wèi	to comfort; to console	verb
wl_00315	畏惧	wèi jù	fear	verb
wl_00316	胃口	wèi kǒu	appetite	noun
wl_00317	所谓	suǒ wèi	what is called	phrase
wl_00318	词汇	cí huì	vocabulary	noun
wl_00319	沸腾	fèi téng	boil	verb
wl_00320	未来	wèi lái	future	noun
wl_00321	味道	wèi dao	flavor; taste	noun
wl_00322	棕榈	zōng lǘ	palm tree	noun
wl_00323	沮丧	jǔ sàng	discouraged; dejected	adjective
wl_00324	猪肉	zhū ròu	pork	noun
wl_00325	清除	qīng chú	clear away	verb
wl_00326	屠杀	tú shā	massacre	noun
wl_00327	着急	zháo jí	be anxious or worried	verb
wl_00328	蔬菜	shū cài	vegetables	noun
wl_00329	舒适	shū shì	comfortable	adjective
wl_00330	如果	rú guǒ	if	conjunction
wl_00331	汽车	qì chē	car	noun
wl_00332	根据	gēn jù	according to	preposition
wl_00333	废墟	fèi xū	ruins	noun
wl_00334	空虚	kōng xū	empty; unfulfilled	adjective
wl_00335	嘘	shī	shh	interjection
wl_00336	关于	guān yú	about; concerning	preposition
wl_00337	给予	jǐ yǔ	give; grant	verb
wl_00338	剩余	shèng yú	remaining	adjective
wl_00339	与	yǔ	with	preposition
wl_00340	参与	cān yù	participate in	verb
wl_00341	名誉	míng yù	reputation	noun
wl_00342	渠道	qú dào	irrigation channel	noun
wl_00343	女儿	nǚ ér	daughter	noun
wl_00344	旅行	lǚ xíng	journey; trip	noun
wl_00345	伴侣	bàn lǚ	partner; companion	noun
wl_00346	顺序	shùn xù	order	noun
wl_00347	情绪	qíng xù	emotion; mood	noun
wl_00348	阻止	zǔ zhǐ	prevent; stop	verb
wl_00349	清楚	qīng chu	clear	adjective
wl_00350	基础	jī chǔ	foundation; basis	noun
wl_00351	所以	suǒ yǐ	so; therefore	conjunction
wl_00352	处理	chǔ lǐ	deal with; handle	verb
wl_00353	住处	zhù chù	place to live	noun
wl_00354	别墅	bié shù	villa	noun
wl_00355	野外	yě wài	outdoors; in the wild	noun
wl_00356	老鼠	lǎo shǔ	mouse; rat	noun
wl_00357	暑假	shǔ jià	summer vacation	noun
wl_00358	举起	jǔ qǐ	to lift	verb
wl_00359	去年	qù nián	last year	noun
wl_00360	防御	fáng yù	defense	noun
wl_00361	语言	yǔ yán	language	noun
wl_00362	允许	yǔn xǔ	to permit; to allow	verb
wl_00363	距离	jù lí	distance	noun
wl_00364	巨大	jù dà	huge; immense; enormous; gigantic	adjective
wl_00365	火炬	huǒ jù	torch	noun
wl_00366	拒绝	jù jué	to refuse; to decline; to reject	verb
wl_00367	考虑	kǎo lǜ	consider	verb
wl_00368	帮助	bāng zhù	to help; to assist	verb
wl_00369	宽恕	kuān shù	forgive	verb
wl_00370	香烟	xiāng yān	cigarette	noun
wl_00371	犹豫	yóu yù	hesitate	verb
wl_00372	预计	yù jì	expect; forecast	verb
wl_00373	都市	dū shì	city; metropolis	noun
wl_00374	图案	tú àn	design; pattern	noun
wl_00375	前途	qián tú	future prospects	noun
wl_00376	奴隶	nú lì	slave	noun
wl_00377	出租	chū zū	rent out	verb
wl_00378	苏醒	sū xǐng	wake; regain consciousness	verb
wl_00379	辜负	gū fù	let down; fail to live up to	verb
wl_00380	孤独	gū dú	lonely	adjective
wl_00381	呼吸	hū xī	breathing	noun
wl_00382	糊涂	hú tu	confused; muddleheaded	adjective
wl_00383	在乎	zài hu	care about	verb
wl_00384	恶毒	è dú	malicious	adjective
wl_00385	可恶	kě wù	detestable	adjective
wl_00386	模糊	mó hu	blurry	adjective
wl_00387	触摸	chù mō	touch	verb
wl_00388	目睹	mù dǔ	witness with one's own eyes	verb
wl_00389	赌博	dǔ bó	gamble	verb
wl_00390	土地	tǔ dì	land	noun
wl_00391	肚子	dù zi	belly; stomach	noun
wl_00392	努力	nǔ lì	to make an effort	verb
wl_00393	怒火	nù huǒ	rage; fury	noun
wl_00394	俘虏	fú lǔ	captive; prisoner of war	noun
wl_00395	鲁莽	lǔ mǎng	rash; reckless	adjective
wl_00396	组织	zǔ zhī	organize	verb
wl_00397	祖先	zǔ xiān	ancestors	noun
wl_00398	粗糙	cū cāo	rough	adjective
wl_00399	鼓掌	gǔ zhǎng	applaud	verb
wl_00400	估计	gū jì	estimate	verb
wl_00401	古代	gǔ dài	ancient times	noun
wl_00402	股票	gǔ piào	stock; share	noun
wl_00403	辛苦	xīn kǔ	hard-working; laborious	adjective
wl_00404	中午	zhōng wǔ	noon	noun
wl_00405	队伍	duì wǔ	team; group	noun
wl_00406	老虎	lǎo hǔ	tiger	noun
wl_00407	雇佣	gù yōng	hire; employ	verb
wl_00408	窗户	chuāng hu	window	noun
wl_00409	补充	bǔ chōng	supplement; add	verb
wl_00410	部分	bù fèn	part; portion	noun
wl_00411	妈妈	mā ma	mom; mother	noun
wl_00412	普通	pǔ tōng	ordinary	adjective
wl_00413	兔子	tù zi	rabbit	noun
wl_00414	渡过	dù guò	cross a body of water	verb
wl_00415	道路	dào lù	road	noun
wl_00416	暴露	bào lù	be exposed; become apparent	verb
wl_00417	贿赂	huì lù	bribe	noun
wl_00418	工作	gōng zuò	job	noun
wl_00419	措施	cuò shī	measure; step taken	noun
wl_00420	错误	cuò wù	incorrect	adjective
wl_00421	告诉	gào su	tell	verb
wl_00422	塑料	sù liào	plastic	noun
wl_00423	故事	gù shi	story	noun
wl_00424	照顾	zhào gu	to take care of	verb
wl_00425	仓库	cāng kù	warehouse	noun
wl_00426	互相	hù xiāng	each other	adverb
wl_00427	保护	bǎo hù	protect	verb
wl_00428	布置	bù zhì	decorate; arrange	verb
wl_00429	脚步	jiǎo bù	footstep	noun
wl_00430	坟墓	fén mù	grave	noun
wl_00431	招募	zhāo mù	recruit	verb
wl_00432	恐怖	kǒng bù	fear; terror	noun
wl_00433	需要	xū yào	to need; to want; to demand; to require	verb
wl_00434	必须	bì xū	must; to have to	modal verb
wl_00435	厨房	chú fáng	kitchen	noun
wl_00436	珍珠	zhēn zhū	pearl	noun
wl_00437	特殊	tè shū	special; unusual	adjective
wl_00438	运输	yùn shū	to transport	verb
wl_00439	懦弱	nuò ruò	weak-willed; cowardly	adjective
wl_00440	拘留	jū liú	detain	verb
wl_00441	区别	qū bié	difference	noun
wl_00442	愚蠢	yú chǔn	foolish	adjective
wl_00443	娱乐	yú lè	entertainment	noun
wl_00444	等于	děng yú	to equal	verb
wl_00445	污染	wū rǎn	pollution	noun
wl_00446	愉快	yú kuài	pleasant; happy	adjective
wl_00447	符号	fú hào	symbol; mark; sign	noun
wl_00448	无法	wú fǎ	be unable to	modal verb
wl_00449	巫师	wū shī	wizard	noun
wl_00450	取得	qǔ dé	obtain; achieve	verb
wl_00451	聚集	jù jí	gather	verb
wl_00452	数一数	shǔ yī shǔ	count; have a count	verb
wl_00453	数字	shù zì	figure	noun
wl_00454	主人	zhǔ rén	master; owner	noun
wl_00455	规矩	guī ju	rules; proper conduct	noun
wl_00456	噢	ō	oh, expressing realization	interjection
wl_00457	羽毛	yǔ máo	feather	noun
wl_00458	宇宙	yǔ zhòu	universe	noun
wl_00459	治愈	zhì yù	cure; heal	verb
wl_00460	父亲	fù qīn	father	noun
wl_00461	政府	zhèng fǔ	government	noun
wl_00462	腐败	fǔ bài	corruption	noun
wl_00463	武器	wǔ qì	weapon	noun
wl_00464	侮辱	wǔ rǔ	to insult	verb
wl_00465	舞蹈	wǔ dǎo	dance (performance art)	noun
wl_00466	抚摸	fǔ mō	stroke gently	verb
wl_00467	解剖	jiě pōu	anatomy	noun
wl_00468	逗留	dòu liú	stay for a while	verb
wl_00469	注意	zhù yì	to pay attention	verb
wl_00470	遇见	yù jiàn	meet; encounter	verb
wl_00471	公寓	gōng yù	apartment	noun
wl_00472	比喻	bǐ yù	to use as a metaphor	verb
wl_00473	支付	zhī fù	to pay (money)	verb
wl_00474	搏斗	bó dòu	fight; struggle physically	verb
wl_00475	天赋	tiān fù	natural talent	noun
wl_00476	附近	fù jìn	nearby; neighboring	locative noun
wl_00477	任务	rèn wù	task	noun
wl_00478	烟雾	yān wù	smoke	noun
wl_00479	工具	gōng jù	tool	noun
wl_00480	惧怕	jù pà	be afraid of	verb
wl_00481	携带	xié dài	carry with oneself	verb
wl_00482	淘汰	táo tài	eliminate	verb
wl_00483	太阳	tài yang	sun	noun
wl_00484	大人	dà rén	adult	noun
wl_00485	最后	zuì hòu	final; last; ultimate	noun
wl_00486	覆盖	fù gài	to cover	verb
wl_00487	外面	wài miàn	outside	noun
wl_00488	会面	huì miàn	meet in person	verb
wl_00489	会计	kuài jì	accountant	noun
wl_00490	懂得	dǒng de	understand	verb
wl_00491	害怕	hài pà	to be afraid; to be scared	verb
wl_00492	泡沫	pào mò	foam	noun
wl_00493	快速	kuài sù	quickly	adverb
wl_00494	说话	shuō huà	to speak	verb
wl_00495	喝水	hē shuǐ	drink water	verb
wl_00496	失败	shī bài	fail	verb
wl_00497	交叉	jiāo chā	cross; intersect	verb
wl_00498	检查	jiǎn chá	to check or inspect	verb
wl_00499	街道	jiē dào	street	noun
wl_00500	鞋子	xié zi	shoe	noun
wl_00501	青蛙	qīng wā	frog	noun
wl_00502	哇	wā	wow	interjection
wl_00503	娃娃	wá wa	doll	noun
wl_00504	品牌	pǐn pái	brand	noun
wl_00505	拐杖	guǎi zhàng	walking stick	noun
wl_00506	伙伴	huǒ bàn	companion; partner	noun
wl_00507	解决	jiě jué	to solve; to resolve; to settle (a problem)	verb
wl_00508	摇摆	yáo bǎi	sway	verb
wl_00509	购买	gòu mǎi	purchase	verb
wl_00510	债务	zhài wù	debt	noun
wl_00511	八卦	bā guà	the eight trigrams (Book of Changes)	noun
wl_00512	出售	chū shòu	to sell	verb
wl_00513	怀念	huái niàn	remember fondly; miss	verb
wl_00514	和谐	hé xié	harmonious	adjective
wl_00515	介绍	jiè shào	introduce; describe	verb
wl_00516	破坏	pò huài	damage; destroy	verb
wl_00517	尴尬	gān gà	embarrassed; awkward	adjective
wl_00518	世界	shì jiè	world	noun
wl_00519	戒备	jiè bèi	be on guard	verb
wl_00520	机械	jī xiè	machinery	noun
wl_00521	拜访	bài fǎng	to pay a visit; to call on	verb
wl_00522	疲惫	pí bèi	tired	adjective
wl_00523	严厉	yán lì	stern; severe	adjective
wl_00524	例如	lì rú	for example	adverb
wl_00525	鼓励	gǔ lì	to encourage	verb
wl_00526	国际	guó jì	international	adjective
wl_00527	岁月	suì yuè	years	noun
wl_00528	制度	zhì dù	system; institution	noun
wl_00529	制造	zhì zào	to manufacture; to make	verb
wl_00530	吞噬	tūn shì	engulf; devour	verb
wl_00531	誓言	shì yán	vow	noun
wl_00532	喜悦	xǐ yuè	joy	noun
wl_00533	势力	shì lì	powerful group or influence	noun
wl_00534	艺术	yì shù	art	noun
wl_00535	泄露	xiè lòu	disclose; leak information	verb
wl_00536	别扭	biè niu	awkward; uncomfortable	adjective
wl_00537	保卫	bǎo wèi	defend; safeguard	verb
wl_00538	降低	jiàng dī	lower; reduce	verb
wl_00539	楼梯	lóu tī	stairs; staircase	noun
wl_00540	题目	tí mù	question or exercise	noun
wl_00541	骨折	gǔ zhé	bone fracture	noun
wl_00542	泥土	ní tǔ	earth; soil; mud; clay	noun
wl_00543	黎明	lí míng	dawn	noun
wl_00544	拥挤	yōng jǐ	crowded	adjective
wl_00545	妻子	qī zi	wife	noun
wl_00546	整齐	zhěng qí	neat; orderly	adjective
wl_00547	西方	xī fāng	the west; westward direction	noun
wl_00548	鸡肉	jī ròu	chicken meat	noun
wl_00549	迷路	mí lù	get lost; lose one's way	verb
wl_00550	批评	pī píng	to criticize	verb
wl_00551	抵抗	dǐ kàng	resist	verb
wl_00552	底部	dǐ bù	bottom	noun
wl_00553	鼻涕	bí tì	nasal mucus; snot	noun
wl_00554	身体	shēn tǐ	the body	noun
wl_00555	传递	chuán dì	to transmit; to pass on to sb else	verb
wl_00556	弟弟	dì di	younger brother	noun
wl_00557	礼物	lǐ wù	gift; present	noun
wl_00558	洗澡	xǐ zǎo	bathe; take a shower	verb
wl_00559	陛下	bì xià	Your Majesty; His or Her Majesty	title
wl_00560	代替	dài tì	replace; take the place of	verb
wl_00561	逮捕	dài bǔ	arrest	verb
wl_00562	第一	dì yī	first	numeral
wl_00563	一切	yī qiè	all; everything	pronoun
wl_00564	计划	jì huà	plan	noun
wl_00565	联系	lián xì	contact; get in touch with	verb
wl_00566	系鞋带	jì xié dài	tie one's shoelaces	verb
wl_00567	继承	jì chéng	inherit	verb
wl_00568	关系	guān xi	relation; relationship; connection	noun
wl_00569	契约	qì yuē	contract; agreement	noun
wl_00570	系统	xì tǒng	system	noun
wl_00571	轮胎	lún tāi	tire	noun
wl_00572	舞台	wǔ tái	stage	noun
wl_00573	能力	néng lì	ability; skill	noun
wl_00574	过来	guò lái	come over	verb
wl_00575	灾难	zāi nàn	disaster; catastrophe	noun
wl_00576	猜测	cāi cè	guess; conjecture	verb
wl_00577	材料	cái liào	(raw) material	noun
wl_00578	财产	cái chǎn	property	noun
wl_00579	裁判	cái pàn	referee; umpire	noun
wl_00580	才能	cái néng	only then can; only then be able to	phrase
wl_00581	应该	yīng gāi	ought to; should; must	modal verb
wl_00582	打开	dǎ kāi	to open	verb
wl_00583	孩子	hái zi	child	noun
wl_00584	咳嗽	ké sou	cough	verb
wl_00585	悲哀	bēi āi	sorrow; grief	noun
wl_00586	等待	děng dài	to wait; to wait for	verb
wl_00587	记载	jì zǎi	to record	verb
wl_00588	存在	cún zài	to exist	verb
wl_00589	改变	gǎi biàn	to change	verb
wl_00590	海洋	hǎi yáng	ocean	noun
wl_00591	态度	tài dù	attitude	noun
wl_00592	代表	dài biǎo	represent; stand for	verb
wl_00593	口袋	kǒu dài	pocket	noun
wl_00594	忍耐	rěn nài	be patient; endure	verb
wl_00595	再次	zài cì	again; once more	adverb
wl_00596	比赛	bǐ sài	match; competition	noun
wl_00597	大概	dà gài	probably	adverb
wl_00598	障碍	zhàng ài	obstacle; barrier	noun
wl_00599	爱情	ài qíng	romantic love	noun
wl_00600	摧毁	cuī huǐ	destroy; wreck	verb
wl_00601	恢复	huī fù	recover	verb
wl_00602	头盔	tóu kuī	helmet	noun
wl_00603	灰色	huī sè	gray	adjective
wl_00604	回来	huí lai	to return; to come back	verb
wl_00605	玫瑰	méi guī	rose; rose flower	noun
wl_00606	徘徊	pái huái	pace back and forth	verb
wl_00607	杯子	bēi zi	cup	noun
wl_00608	陪伴	péi bàn	accompany; keep company	verb
wl_00609	培养	péi yǎng	develop; nurture	verb
wl_00610	媒体	méi tǐ	news media	noun
wl_00611	草莓	cǎo méi	strawberry	noun
wl_00612	大腿	dà tuǐ	thigh	noun
wl_00613	犯罪	fàn zuì	commit a crime	verb
wl_00614	后悔	hòu huǐ	regret; feel remorse	verb
wl_00615	加倍	jiā bèi	redouble; increase greatly	verb
wl_00616	每天	měi tiān	every day	adverb
wl_00617	咖啡	kā fēi	coffee	noun
wl_00618	面对	miàn duì	face; confront	verb
wl_00619	后退	hòu tuì	step backward; move back	verb
wl_00620	团队	tuán duì	team	noun
wl_00621	内部	nèi bù	interior; inside	noun
wl_00622	破碎	pò suì	shatter; break into pieces	verb
wl_00623	背后	bèi hòu	behind; at the back	noun
wl_00624	佩服	pèi fú	admire	verb
wl_00625	妹妹	mèi mei	younger sister	noun
wl_00626	配合	pèi hé	fit together; work together	verb
wl_00627	邻居	lín jū	neighbor	noun
wl_00628	讨论	tǎo lùn	to discuss; to talk over	verb
wl_00629	遵守	zūn shǒu	follow; abide by	verb
wl_00630	亲人	qīn rén	one's close relatives	noun
wl_00631	薪水	xīn shuǐ	salary; wages	noun
wl_00632	询问	xún wèn	to inquire; to ask about	verb
wl_00633	巡逻	xún luó	patrol	verb
wl_00634	循环	xún huán	circulate	verb
wl_00635	真实	zhēn shí	true; real	adjective
wl_00636	春天	chūn tiān	spring (season)	noun
wl_00637	早晨	zǎo chén	morning; early morning	noun
wl_00638	申请	shēn qǐng	apply for	verb
wl_00639	绅士	shēn shì	gentleman	noun
wl_00640	嘴唇	zuǐ chún	lips	noun
wl_00641	人类	rén lèi	human beings; humankind	noun
wl_00642	仁慈	rén cí	kind; merciful	adjective
wl_00643	平均	píng jūn	evenly; in equal shares	adverb
wl_00644	因为	yīn wèi	because; owing to; on account of	conjunction
wl_00645	婚姻	hūn yīn	marriage	noun
wl_00646	来宾	lái bīn	guest	noun
wl_00647	苹果	píng guǒ	apple	noun
wl_00648	频繁	pín fán	frequent	adjective
wl_00649	人民	rén mín	the people	noun
wl_00650	尽力	jìn lì	do one's best	verb
wl_00651	诊断	zhěn duàn	diagnose	verb
wl_00652	批准	pī zhǔn	approve; authorize	verb
wl_00653	标准	biāo zhǔn	standard; criterion	noun
wl_00654	矛盾	máo dùn	conflict; contradiction	noun
wl_00655	紧张	jǐn zhāng	nervous	adjective
wl_00656	引导	yǐn dǎo	guide	verb
wl_00657	进步	jìn bù	improve; make progress	verb
wl_00658	英俊	yīng jùn	handsome	adjective
wl_00659	讯息	xùn xī	news; information; message	noun
wl_00660	迅速	xùn sù	quick; rapid	adjective
wl_00661	信任	xìn rèn	to trust	verb
wl_00662	地震	dì zhèn	earthquake	noun
wl_00663	谨慎	jǐn shèn	cautious; prudent	adjective
wl_00664	瞬间	shùn jiān	instant; brief moment	noun
wl_00665	顺利	shùn lì	smooth; without difficulty	adjective
wl_00666	打印	dǎ yìn	print out	verb
wl_00667	法律	fǎ lǜ	law	noun
wl_00668	油漆	yóu qī	paint; oil-based paint	noun
wl_00669	疾病	jí bìng	disease; sickness; ailment	noun
wl_00670	熟悉	shú xī	be familiar with; know well	verb
wl_00671	膝盖	xī gài	knee	noun
wl_00672	失去	shī qù	lose	verb
wl_00673	教室	jiào shì	classroom	noun
wl_00674	橘子	jú zi	tangerine; mandarin orange	noun
wl_00675	一个	yī ge	one; a; an	phrase
wl_00676	必要	bì yào	necessary; essential	adjective
wl_00677	毕业	bì yè	graduate; finish school	verb
wl_00678	匹配	pǐ pèi	match; be compatible	verb
wl_00679	珍惜	zhēn xī	to treasure	verb
wl_00680	镇定	zhèn dìng	calm	adjective
wl_00681	灰尘	huī chén	dust	noun
wl_00682	毛巾	máo jīn	towel	noun
wl_00683	月份	yuè fèn	month	noun
wl_00684	怜悯	lián mǐn	pity; have compassion for	verb
wl_00685	细菌	xì jūn	bacterium; bacteria	noun
wl_00686	衬衫	chèn shān	shirt	noun
wl_00687	仅仅	jǐn jǐn	only; merely	adverb
wl_00688	窒息	zhì xī	suffocate; be unable to breathe	verb
wl_00689	秩序	zhì xù	order; orderliness	noun
wl_00690	侄子	zhí zi	nephew, one's brother's son	noun
wl_00691	铅笔	qiān bǐ	(lead) pencil	noun
wl_00692	痕迹	hén jì	trace; mark	noun
wl_00693	很好	hěn hǎo	very good; very well	adjective
wl_00694	仇恨	chóu hèn	hatred	noun
wl_00695	臀部	tún bù	buttocks	noun
wl_00696	尊重	zūn zhòng	to respect	verb
wl_00697	村庄	cūn zhuāng	village	noun
wl_00698	孙子	sūn zi	grandson	noun
wl_00699	结婚	jié hūn	get married	verb
wl_00700	温度	wēn dù	temperature	noun
wl_00701	奔跑	bēn pǎo	to run	verb
wl_00702	大门	dà mén	main gate	noun
wl_00703	损失	sǔn shī	loss; damage	noun
wl_00704	混乱	hùn luàn	chaotic; disorderly	adjective
wl_00705	稳定	wěn dìng	stable; steady	adjective
wl_00706	根本	gēn běn	at all, in a negative sentence	adverb
wl_00707	笨拙	bèn zhuō	clumsy	adjective
wl_00708	安顿	ān dùn	settle in; get settled	verb
wl_00709	迟钝	chí dùn	slow to react; sluggish	adjective
wl_00710	尺寸	chǐ cun	size; dimensions; measurements (esp. of clothes)	noun
wl_00711	困难	kùn nan	difficulties or hardship	noun
wl_00712	郁闷	yù mèn	gloomy; feeling down	adjective
wl_00713	突然	tū rán	sudden; abrupt; unexpected	adverb
wl_00714	骨头	gǔ tou	bone	noun
wl_00715	滑稽	huá jī	funny; comical	adjective
wl_00716	忽然	hū rán	suddenly; all of a sudden	adverb
wl_00717	脖子	bó zi	neck	noun
wl_00718	没有	méi yǒu	did not; have not	auxiliary
wl_00719	欣赏	xīn shǎng	to appreciate; to enjoy; to admire	verb
wl_00720	隐藏	yǐn cáng	to hide	verb
wl_00721	靠近	kào jìn	approach; draw near	verb
wl_00722	吃饭	chī fàn	eat; have a meal	verb
wl_00723	军队	jūn duì	armed forces; troops	noun
wl_00724	人员	rén yuán	staff	noun
wl_00725	分开	fēn kāi	to separate; separately	verb
wl_00726	打扮	dǎ ban	to dress up; to attend to one's appearance	verb
wl_00727	新闻	xīn wén	news	noun
wl_00728	愤怒	fèn nù	angry; anger	adjective
wl_00729	亲吻	qīn wěn	to kiss	verb
wl_00730	教训	jiào xun	lesson learned from a mistake	noun
wl_00731	运动	yùn dòng	physical exercise	noun
wl_00732	头晕	tóu yūn	dizzy; to feel dizzy	adjective
wl_00733	奋斗	fèn dòu	to strive; to struggle toward a goal	verb
wl_00734	问题	wèn tí	problem	noun
wl_00735	仿佛	fǎng fú	as if; seemingly	adverb
wl_00736	物品	wù pǐn	items; belongings	noun
wl_00737	挖掘	wā jué	to excavate; to dig up	verb
wl_00738	单纯	dān chún	solely; purely	adverb
wl_00739	沙滩	shā tān	beach; sandy shore	noun
wl_00740	团结	tuán jié	to unite; solidarity	verb
wl_00741	弹药	dàn yào	ammunition	noun
wl_00742	但是	dàn shì	but; however	conjunction
wl_00743	钻石	zuàn shí	diamond	noun
wl_00744	餐厅	cān tīng	restaurant	noun
wl_00745	棺材	guān cai	coffin	noun
wl_00746	肝脏	gān zàng	liver	noun
wl_00747	参观	cān guān	to visit (a place, e.g. museum or factory); to tour; to look around	verb
wl_00748	冠军	guàn jūn	champion	noun
wl_00749	官员	guān yuán	official (in an organization or government)	noun
wl_00750	干涉	gān shè	to interfere in	verb
wl_00751	宽容	kuān róng	tolerance; forgiving and lenient	noun
wl_00752	看守	kān shǒu	guard	noun
wl_00753	看待	kàn dài	to regard; to view	verb
wl_00754	欢乐	huān lè	joy; happiness	noun
wl_00755	院子	yuàn zi	yard	noun
wl_00756	寒冷	hán lěng	cold; chilly	adjective
wl_00757	完成	wán chéng	to complete; to accomplish	verb
wl_00758	安全	ān quán	safety; security	noun
wl_00759	一般	yī bān	usually; generally	adverb
wl_00760	折断	zhé duàn	to snap; to break into two	verb
wl_00761	短暂	duǎn zàn	of short duration; brief; momentary	adjective
wl_00762	坦白	tǎn bái	to confess; to admit openly	verb
wl_00763	瘫痪	tān huàn	to become paralyzed; to cease functioning	verb
wl_00764	诞生	dàn shēng	to be born; to come into being	verb
wl_00765	温暖	wēn nuǎn	warm	adjective
wl_00766	散步	sàn bù	to take a walk; to go for a walk	verb
wl_00767	计算	jì suàn	to calculate	verb
wl_00768	管理	guǎn lǐ	to manage	verb
wl_00769	满意	mǎn yì	satisfied; pleased	adjective
wl_00770	锻炼	duàn liàn	to exercise; to train and strengthen	verb
wl_00771	腐烂	fǔ làn	to rot; rotten	verb
wl_00772	称赞	chēng zàn	to praise; to commend; to compliment	verb
wl_00773	赞成	zàn chéng	to agree with; to approve	verb
wl_00774	灿烂	càn làn	brilliant; radiant	adjective
wl_00775	罐头	guàn tou	canned food; can of preserved food	noun
wl_00776	宾馆	bīn guǎn	hotel	noun
wl_00777	海岸	hǎi àn	coast; seashore	noun
wl_00778	去玩	qù wán	go and play; go out for fun	verb
wl_00779	呼唤	hū huàn	to call out to; to summon	verb
wl_00780	交换	jiāo huàn	to exchange	verb
wl_00781	强悍	qiáng hàn	strong and tough; formidable	adjective
wl_00782	档案	dàng àn	file; record; archive	noun
wl_00783	按钮	àn niǔ	button, a control on a device	noun
wl_00784	手腕	shǒu wàn	wrist	noun
wl_00785	一半	yī bàn	half	noun
wl_00786	背叛	bèi pàn	betrayal; to betray	noun
wl_00787	漫长	màn cháng	very long; prolonged	adjective
wl_00788	判断	pàn duàn	to judge	verb
wl_00789	发达	fā dá	well-developed; flourishing	adjective
wl_00790	争夺	zhēng duó	to compete for; to struggle over	verb
wl_00791	脱离	tuō lí	to get out of; to separate from	verb
wl_00792	生活	shēng huó	life	noun
wl_00793	包括	bāo kuò	to include	verb
wl_00794	口渴	kǒu kě	thirsty	adjective
wl_00795	褐色	hè sè	brown	noun
wl_00796	来源	lái yuán	source (of information etc)	noun
wl_00797	原来	yuán lái	as it turns out; so that is why	adverb
wl_00798	言语	yán yǔ	spoken language; words	noun
wl_00799	怨恨	yuàn hèn	to resent; resentment	verb
wl_00800	公园	gōng yuán	park (for public recreation)	noun
wl_00801	援助	yuán zhù	assistance; aid	noun
wl_00802	烦恼	fán nǎo	worries; troubles	noun
wl_00803	反对	fǎn duì	to oppose; to be against; to object to	verb
wl_00804	返回	fǎn huí	to return to	verb
wl_00805	挽救	wǎn jiù	to save; to rescue	verb
wl_00806	夜晚	yè wǎn	night	noun
wl_00807	建设	jiàn shè	to build; to construct	verb
wl_00808	愿意	yuàn yì	willing (to do sth)	verb
wl_00809	宪法	xiàn fǎ	constitution of a country	noun
wl_00810	贩卖	fàn mài	to sell; to trade in	verb
wl_00811	千万	qiān wàn	by all means; definitely	adverb
wl_00812	健康	jiàn kāng	healthy	adjective
wl_00813	月亮	yuè liang	moon	noun
wl_00814	超越	chāo yuè	to surpass; to go beyond	verb
wl_00815	头发	tóu fa	hair (on the head)	noun
wl_00816	发展	fā zhǎn	development; to develop	noun
wl_00817	处罚	chǔ fá	punishment; penalty	noun
wl_00818	袜子	wà zi	socks	noun
wl_00819	搭讪	dā shàn	to strike up a conversation	verb
wl_00820	删除	shān chú	to delete; to remove from a list or document	verb
wl_00821	关心	guān xīn	to care about; to be concerned for	verb
wl_00822	顽固	wán gù	stubborn; resistant to change	adjective
wl_00823	颜色	yán sè	color	noun
wl_00824	环境	huán jìng	surroundings	noun
wl_00825	归还	guī huán	to return sth	verb
wl_00826	海湾	hǎi wān	bay; gulf	noun
wl_00827	野蛮	yě mán	barbaric; savage	adjective
wl_00828	版本	bǎn běn	version; edition	noun
wl_00829	习惯	xí guàn	to be accustomed to	verb
wl_00830	缓慢	huǎn màn	slow; unhurried; sluggish	adjective
wl_00831	瞎子	xiā zi	blind person	noun
wl_00832	舌头	shé tou	tongue	noun
wl_00833	艰难	jiān nán	difficult; arduous	adjective
wl_00834	生产	shēng chǎn	to produce; to manufacture	verb
wl_00835	简单	jiǎn dān	simple; not complicated	adjective
wl_00836	眼睛	yǎn jing	eye	noun
wl_00837	限制	xiàn zhì	to restrict; to limit	verb
wl_00838	幻想	huàn xiǎng	to imagine; to fantasize	verb
wl_00839	盼望	pàn wàng	to hope for; to look forward to	verb
wl_00840	挣扎	zhēng zhá	to struggle	verb
wl_00841	观察	guān chá	to observe; to watch; to survey	verb
wl_00842	刹车	shā chē	brake; to brake	noun
wl_00843	狡猾	jiǎo huá	cunning; sly	adjective
wl_00844	命令	mìng lìng	order; command	noun
wl_00845	煎熬	jiān áo	torment; painful suffering	noun
wl_00846	痊愈	quán yù	to recover completely (from illness or injury)	verb
wl_00847	完全	wán quán	completely; entirely	adverb
wl_00848	金钱	jīn qián	money	noun
wl_00849	新鲜	xīn xiān	fresh (experience, food etc)	adjective
wl_00850	宣传	xuān chuán	to publicize; to promote	verb
wl_00851	旋转	xuán zhuǎn	rotate or spin	verb
wl_00852	专门	zhuān mén	specially; for a particular purpose	adverb
wl_00853	燃烧	rán shāo	burn; undergo combustion	verb
wl_00854	然后	rán hòu	then; after that	conjunction
wl_00855	边缘	biān yuán	edge; fringe; verge; brink; periphery	noun
wl_00856	延长	yán cháng	extend or lengthen	verb
wl_00857	便利	biàn lì	convenient	adjective
wl_00858	平安	píng ān	safe and sound	adjective
wl_00859	棉花	mián hua	cotton	noun
wl_00860	偏离	piān lí	deviate from; move away from	verb
wl_00861	剪刀	jiǎn dāo	scissors	noun
wl_00862	实践	shí jiàn	practice; put into practice	noun
wl_00863	选择	xuǎn zé	choose or select	verb
wl_00864	善良	shàn liáng	kind-hearted	adjective
wl_00865	柔软	róu ruǎn	soft	adjective
wl_00866	表演	biǎo yǎn	performance	noun
wl_00867	恋爱	liàn ài	romantic love or a romantic relationship	noun
wl_00868	路线	lù xiàn	route	noun
wl_00869	颤抖	chàn dǒu	tremble or shiver	verb
wl_00870	战争	zhàn zhēng	war; conflict	noun
wl_00871	擅长	shàn cháng	be good at	verb
wl_00872	谴责	qiǎn zé	condemn or denounce	verb
wl_00873	面前	miàn qián	in front of; before	noun
wl_00874	恶劣	è liè	appalling or bad	adjective
wl_00875	强烈	qiáng liè	strong or intense	adjective
wl_00876	破裂	pò liè	rupture or crack	verb
wl_00877	绝对	jué duì	absolutely; definitely	adverb
wl_00878	下雪	xià xuě	to snow	verb
wl_00879	假设	jiǎ shè	assumption or hypothesis	noun
wl_00880	热闹	rè nao	lively; bustling; full of activity	adjective
wl_00881	消灭	xiāo miè	eliminate or eradicate	verb
wl_00882	传播	chuán bō	to disseminate; to propagate; to spread	verb
wl_00883	虔诚	qián chéng	devout or deeply sincere	adjective
wl_00884	权力	quán lì	power or authority	noun
wl_00885	拳头	quán tou	fist	noun
wl_00886	展览	zhǎn lǎn	exhibition	noun
wl_00887	转变	zhuǎn biàn	change or transformation	noun
wl_00888	辩论	biàn lùn	debate	verb
wl_00889	文件	wén jiàn	document	noun
wl_00890	这个	zhè ge	this one; this	pronoun
wl_00891	疲倦	pí juàn	tired	adjective
wl_00892	哲学	zhé xué	philosophy	noun
wl_00893	撤退	chè tuì	retreat or withdraw	verb
wl_00894	彻底	chè dǐ	thoroughly; completely	adverb
wl_00895	分别	fēn bié	part; say farewell	verb
wl_00896	颠倒	diān dǎo	be upside down or reversed	adjective
wl_00897	年龄	nián líng	age	noun
wl_00898	可怜	kě lián	pitiful; unfortunate	adjective
wl_00899	前面	qián miàn	ahead	locative noun
wl_00900	首先	shǒu xiān	first; first of all	adverb
wl_00901	肩膀	jiān bǎng	shoulder	noun
wl_00902	坚强	jiān qiáng	strong and resilient	adjective
wl_00903	研究	yán jiū	to study or research	verb
wl_00904	旁边	páng biān	beside; nearby	noun
wl_00905	编辑	biān jí	editor	noun
wl_00906	睡眠	shuì mián	sleep	noun
wl_00907	猎犬	liè quǎn	hunting dog	noun
wl_00908	明显	míng xiǎn	obvious or clear	adjective
wl_00909	宴会	yàn huì	banquet	noun
wl_00910	电话	diàn huà	telephone	noun
wl_00911	宫殿	gōng diàn	palace	noun
wl_00912	练习	liàn xí	practice exercise	noun
wl_00913	推荐	tuī jiàn	recommend	verb
wl_00914	看见	kàn jiàn	to see; to catch sight of	verb
wl_00915	炫耀	xuàn yào	show off or flaunt	verb
wl_00916	现在	xiàn zài	now; at present; currently	adverb
wl_00917	普遍	pǔ biàn	widespread or common	adjective
wl_00918	面条	miàn tiáo	noodles	noun
wl_00919	图片	tú piàn	picture; photograph	noun
wl_00920	跌倒	diē dǎo	fall or tumble	verb
wl_00921	捏造	niē zào	fabricate or invent falsely	verb
wl_00922	节日	jié rì	festival	noun
wl_00923	盗窃	dào qiè	steal; commit theft	verb
wl_00924	结束	jié shù	to end; to finish; to conclude	verb
wl_00925	抉择	jué zé	make a considered choice	verb
wl_00926	清洁	qīng jié	to clean	verb
wl_00927	缺少	quē shǎo	lack or be short of	verb
wl_00928	决定	jué dìng	to decide	verb
wl_00929	血液	xuè yè	blood	noun
wl_00930	洞穴	dòng xué	cave or cavern	noun
wl_00931	唠叨	láo dao	nag or talk repetitively	verb
wl_00932	逃跑	táo pǎo	run away or escape	verb
wl_00933	葡萄	pú tao	grape	noun
wl_00934	糟糕	zāo gāo	terrible or awful	adjective
wl_00935	遭遇	zāo yù	to encounter hardship	verb
wl_00936	骚扰	sāo rǎo	disturb or harass	verb
wl_00937	高大	gāo dà	tall; lofty; towering	adjective
wl_00938	号码	hào mǎ	number or identifying number	noun
wl_00939	豪华	háo huá	luxurious	adjective
wl_00940	丝毫	sī háo	the slightest amount or degree	noun
wl_00941	毛衣	máo yī	(wool) sweater	noun
wl_00942	时髦	shí máo	fashionable	adjective
wl_00943	倒下	dǎo xià	fall down or collapse	verb
wl_00944	祷告	dǎo gào	prayer; pray	noun
wl_00945	手套	shǒu tào	glove	noun
wl_00946	脑袋	nǎo dai	head	noun
wl_00947	老人	lǎo rén	old man or woman	noun
wl_00948	草地	cǎo dì	grassy ground or lawn	noun
wl_00949	打扫	dǎ sǎo	to clean	verb
wl_00950	友好	yǒu hǎo	friendly or amicable	adjective
wl_00951	宝贝	bǎo bèi	treasure; cherished object	noun
wl_00952	城堡	chéng bǎo	castle	noun
wl_00953	拥抱	yōng bào	hug or embrace	verb
wl_00954	到达	dào dá	arrive or reach	verb
wl_00955	领导	lǐng dǎo	leader or supervisor	noun
wl_00956	噪音	zào yīn	noise	noun
wl_00957	报告	bào gào	report	noun
wl_00958	忠告	zhōng gào	earnest advice or warning	noun
wl_00959	骄傲	jiāo ào	arrogant or conceited	adjective
wl_00960	报纸	bào zhǐ	newspaper	noun
wl_00961	帽子	mào zi	hat	noun
wl_00962	冒犯	mào fàn	offend or affront	verb
wl_00963	嘲笑	cháo xiào	mock or ridicule	verb
wl_00964	抓住	zhuā zhù	to grab hold of; to capture	verb
wl_00965	钞票	chāo piào	banknote or paper money	noun
wl_00966	交流	jiāo liú	exchange ideas or communicate	verb
wl_00967	教书	jiāo shū	to work as a teacher; to teach (in a school)	verb
wl_00968	郊区	jiāo qū	suburbs or outskirts	noun
wl_00969	摔跤	shuāi jiāo	to trip and fall	verb
wl_00970	敲门	qiāo mén	to knock on a door	verb
wl_00971	细胞	xì bāo	cell in biology	noun
wl_00972	跑步	pǎo bù	run or go running	verb
wl_00973	灯泡	dēng pào	light bulb	noun
wl_00974	抛弃	pāo qì	abandon or discard	verb
wl_00975	爪子	zhuǎ zi	paw or claw	noun
wl_00976	巧妙	qiǎo miào	clever or ingenious	adjective
wl_00977	稍微	shāo wēi	a little bit	adverb
wl_00978	直觉	zhí jué	intuition	noun
wl_00979	快乐	kuài lè	happy or joyful	adjective
wl_00980	音乐	yīn yuè	music	noun
wl_00981	效果	xiào guǒ	result	noun
wl_00982	爆炸	bào zhà	explode	verb
wl_00983	香蕉	xiāng jiāo	banana	noun
wl_00984	辣椒	là jiāo	chili pepper	noun
wl_00985	消失	xiāo shī	disappear or vanish	verb
wl_00986	销售	xiāo shòu	sales or selling	noun
wl_00987	招呼	zhāo hu	greeting; greet someone	noun
wl_00988	要求	yāo qiú	require or request	verb
wl_00989	腰带	yāo dài	belt or waistband	noun
wl_00990	遥远	yáo yuǎn	distant; remote	adjective
wl_00991	谣言	yáo yán	rumor	noun
wl_00992	漂亮	piào liang	pretty; beautiful	adjective
wl_00993	悄悄	qiāo qiāo	quietly or secretly	adverb
wl_00994	小心	xiǎo xīn	be careful	verb
wl_00995	沼泽	zhǎo zé	swamp or marsh	noun
wl_00996	多少	duō shao	how many; how much	pronoun
wl_00997	打扰	dǎ rǎo	disturb or interrupt	verb
wl_00998	围绕	wéi rào	surround or encircle	verb
wl_00999	吵闹	chǎo nào	be noisy or make a racket	verb
wl_01000	治疗	zhì liáo	medical treatment	noun
wl_01001	微笑	wēi xiào	to smile	verb
wl_01002	照片	zhào piàn	photograph	noun
wl_01003	约定	yuē dìng	agree or arrange in advance	verb
wl_01004	美妙	měi miào	wonderful or delightful	adjective
wl_01005	超过	chāo guò	to exceed	verb
wl_01006	轿车	jiào chē	car or sedan	noun
wl_01007	征兆	zhēng zhào	sign or omen	noun
wl_01008	召唤	zhào huàn	summon or call to	verb
wl_01009	跳跃	tiào yuè	jump or leap	verb
wl_01010	调味	tiáo wèi	season or flavor food	verb
wl_01011	条件	tiáo jiàn	condition or circumstance	noun
wl_01012	聊天	liáo tiān	to chat; to gossip	verb
wl_01013	明了	míng liǎo	understand clearly	verb
wl_01014	邀请	yāo qǐng	to invite	verb
wl_01015	侥幸	jiǎo xìng	by good luck	adverb
wl_01016	了解	liǎo jiě	to learn about; to find out	verb
wl_01017	晓得	xiǎo de	know	verb
wl_01018	钓鱼	diào yú	fish with a rod and line	verb
wl_01019	激动	jī dòng	excited or emotionally stirred	adjective
wl_01020	他们	tā men	they; them	pronoun
wl_01021	它们	tā men	they or them, for things or animals	pronoun
wl_01022	那个	nà ge	that one; that	pronoun
wl_01023	穿梭	chuān suō	shuttle back and forth	verb
wl_01024	过程	guò chéng	course of events; process	noun
wl_01025	哥哥	gē ge	older brother	noun
wl_01026	歌曲	gē qǔ	song	noun
wl_01027	课程	kè chéng	course; academic program	noun
wl_01028	科学	kē xué	science	noun
wl_01029	哦	ò	oh, I see	interjection
wl_01030	靴子	xuē zi	boots	noun
wl_01031	如何	rú hé	how	pronoun
wl_01032	苛刻	kē kè	harsh or excessively demanding	adjective
wl_01033	河流	hé liú	river	noun
wl_01034	摩擦	mó cā	friction; rubbing contact	noun
wl_01035	雪茄	xuě jiā	cigar	noun
wl_01036	妥当	tuǒ dang	properly arranged or settled	adjective
wl_01037	左右	zuǒ yòu	left and right	noun
wl_01038	坐下	zuò xia	to sit down	verb
wl_01039	锁门	suǒ mén	lock the door	verb
wl_01040	包裹	bāo guǒ	parcel	noun
wl_01041	我们	wǒ men	we or us	pronoun
wl_01042	火焰	huǒ yàn	flame	noun
wl_01043	爸爸	bà ba	(coll.) father; dad	noun
wl_01044	什么	shén me	what?	pronoun
wl_01045	拖延	tuō yán	delay or put off	verb
wl_01046	逻辑	luó ji	logic	noun
wl_01047	挫折	cuò zhé	setback or frustration	noun
wl_01048	座位	zuò wèi	seat	noun
wl_01049	个人	gè rén	personal or individual	adjective
wl_01050	卧室	wò shì	bedroom	noun
wl_01051	货物	huò wù	goods	noun
wl_01052	祝贺	zhù hè	congratulate	verb
wl_01053	播放	bō fàng	play a recording	verb
wl_01054	束缚	shù fù	restrict or bind	verb
wl_01055	一些	yī xiē	some; a few	determiner
wl_01056	鲨鱼	shā yú	shark	noun
wl_01057	沙子	shā zi	sand	noun
wl_01058	增加	zēng jiā	increase or add to	verb
wl_01059	嘉宾	jiā bīn	honored or invited guest	noun
wl_01060	家人	jiā rén	family member	noun
wl_01061	夸奖	kuā jiǎng	praise or compliment	verb
wl_01062	哎呀	āi yā	oh; an exclamation of surprise	interjection
wl_01063	丫头	yā tou	girl or young lass	noun
wl_01064	邪恶	xié è	evil	adjective
wl_01065	巴士	bā shì	bus	noun
wl_01066	麻烦	má fan	trouble or inconvenience	noun
wl_01067	酒吧	jiǔ bā	bar or pub	noun
wl_01068	好吧	hǎo ba	all right; okay	interjection
wl_01069	姐姐	jiě jie	older sister	noun
wl_01070	写字	xiě zì	to write (by hand)	verb
wl_01071	傻瓜	shǎ guā	fool or idiot	noun
wl_01072	作者	zuò zhě	author or writer	noun
wl_01073	社会	shè huì	society	noun
wl_01074	宿舍	sù shè	dormitory	noun
wl_01075	寡妇	guǎ fu	widow	noun
wl_01076	假如	jiǎ rú	if or supposing	conjunction
wl_01077	放假	fàng jià	have a holiday or vacation	verb
wl_01078	优雅	yōu yǎ	elegant or graceful	adjective
wl_01079	脚踝	jiǎo huái	ankle	noun
wl_01080	夏天	xià tiān	summer	noun
wl_01081	大厦	dà shà	large building or tower	noun
wl_01082	下面	xià miàn	below	locative noun
wl_01083	一下	yī xià	all at once	adverb
wl_01084	也许	yě xǔ	perhaps or maybe	adverb
wl_01085	把握	bǎ wò	seize or make use of	verb
wl_01086	码头	mǎ tou	wharf; dock; quay; pier	noun
wl_01087	马上	mǎ shàng	right away	adverb
wl_01088	借口	jiè kǒu	excuse or pretext	noun
wl_01089	感谢	gǎn xiè	to thank; to be grateful	verb
wl_01090	诈骗	zhà piàn	defraud or scam	verb
wl_01091	排斥	pái chì	exclude or reject	verb
wl_01092	赦免	shè miǎn	pardon or grant amnesty	verb
wl_01093	价格	jià gé	price	noun
wl_01094	架子	jià zi	shelf or rack	noun
wl_01095	惊讶	jīng yà	surprised or astonished	adjective
wl_01096	惊吓	jīng xià	fright or shock	noun
wl_01097	吓唬	xià hu	frighten or scare	verb
wl_01098	变化	biàn huà	to change or vary	verb
wl_01099	发射	fā shè	launch or fire	verb
wl_01100	高档	gāo dàng	high-grade or upscale	adjective
wl_01101	当然	dāng rán	of course; naturally	adverb
wl_01102	适当	shì dàng	appropriate or suitable	adjective
wl_01103	糖果	táng guǒ	candy or sweets	noun
wl_01104	教堂	jiào táng	church or chapel	noun
wl_01105	新郎	xīn láng	bridegroom; groom	noun
wl_01106	走廊	zǒu láng	corridor; aisle; hallway; passageway; veranda	noun
wl_01107	苍白	cāng bái	pale	adjective
wl_01108	收藏	shōu cáng	to collect and keep	verb
wl_01109	丧失	sàng shī	to lose	verb
wl_01110	刚才	gāng cái	just now; a moment ago	adverb
wl_01111	岗位	gǎng wèi	job position; work post	noun
wl_01112	光明	guāng míng	bright and hopeful	adjective
wl_01113	昂贵	áng guì	expensive; costly	adjective
wl_01114	航行	háng xíng	to sail; to navigate	verb
wl_01115	银行	yín háng	bank	noun
wl_01116	步行	bù xíng	to go on foot	verb
wl_01117	反抗	fǎn kàng	to resist	verb
wl_01118	黄色	huáng sè	yellow	adjective
wl_01119	辉煌	huī huáng	splendid; glorious	adjective
wl_01120	磅	bàng	pound, a unit of weight	noun
wl_01121	肮脏	āng zāng	dirty; filthy	adjective
wl_01122	慷慨	kāng kǎi	generous	adjective
wl_01123	反映	fǎn yìng	to reflect; to represent	verb
wl_01124	阻挡	zǔ dǎng	to block; to obstruct	verb
wl_01125	埋葬	mái zàng	to bury	verb
wl_01126	扩大	kuò dà	to enlarge; to expand	verb
wl_01127	拜托	bài tuō	to ask someone a favor; please	verb
wl_01128	诺言	nuò yán	promise	noun
wl_01129	联络	lián luò	to contact; to get in touch with	verb
wl_01130	昨天	zuó tiān	yesterday	noun
wl_01131	风格	fēng gé	style	noun
wl_01132	阁楼	gé lóu	attic; loft	noun
wl_01133	胳膊	gē bo	arm	noun
wl_01134	各自	gè zì	each	adverb
wl_01135	噩梦	è mèng	nightmare	noun
wl_01136	收获	shōu huò	harvest	noun
wl_01137	博士	bó shì	doctorate; PhD	noun
wl_01138	寂寞	jì mò	lonely; lonesome	adjective
wl_01139	沙漠	shā mò	desert	noun
wl_01140	屏幕	píng mù	screen (TV, computer or movie)	noun
wl_01141	姑娘	gū niang	young woman	noun
wl_01142	测量	cè liáng	to measure	verb
wl_01143	将来	jiāng lái	the future; in the future	noun
wl_01144	抢劫	qiǎng jié	to rob; robbery	verb
wl_01145	枪支	qiāng zhī	firearms; guns	noun
wl_01146	墙壁	qiáng bì	wall	noun
wl_01147	车厢	chē xiāng	train carriage; compartment	noun
wl_01148	箱子	xiāng zi	box	noun
wl_01149	飞翔	fēi xiáng	to fly; to soar	verb
wl_01150	张开	zhāng kāi	to open; to spread apart	verb
wl_01151	长久	cháng jiǔ	lasting; for a long time	adjective
wl_01152	长大	zhǎng dà	to grow up	verb
wl_01153	场所	chǎng suǒ	place; venue	noun
wl_01154	化妆	huà zhuāng	to apply makeup	verb
wl_01155	装饰	zhuāng shì	to decorate	verb
wl_01156	创伤	chuāng shāng	trauma; injury	noun
wl_01157	创造	chuàng zào	to create	verb
wl_01158	保障	bǎo zhàng	to ensure; to safeguard	verb
wl_01159	文章	wén zhāng	article	noun
wl_01160	尝试	cháng shì	to try (to see what it's like or whether one can do it)	verb
wl_01161	平常	píng cháng	ordinary; usual	adjective
wl_01162	赔偿	péi cháng	compensation	noun
wl_01163	高尚	gāo shàng	noble	adjective
wl_01164	商店	shāng diàn	store; shop	noun
wl_01165	伤害	shāng hài	to injure; to harm	verb
wl_01166	僵硬	jiāng yìng	stiff; rigid	adjective
wl_01167	家乡	jiā xiāng	hometown	noun
wl_01168	香味	xiāng wèi	sweet smell	noun
wl_01169	中央	zhōng yāng	center; middle	noun
wl_01170	国王	guó wáng	king	noun
wl_01171	详细	xiáng xì	in detail; detailed	adjective
wl_01172	山羊	shān yáng	goat	noun
wl_01173	阳光	yáng guāng	sunshine	noun
wl_01174	方向	fāng xiàng	direction; orientation	noun
wl_01175	防止	fáng zhǐ	to prevent	verb
wl_01176	光芒	guāng máng	radiance; rays of light	noun
wl_01177	妨碍	fáng ài	to hinder; to obstruct	verb
wl_01178	强壮	qiáng zhuàng	physically strong	adjective
wl_01179	勉强	miǎn qiǎng	to force; to compel unwillingly	verb
wl_01180	疯狂	fēng kuáng	frenzied; wildly excited	adjective
wl_01181	两个	liǎng gè	two items or people	phrase
wl_01182	奖励	jiǎng lì	to reward	verb
wl_01183	橡胶	xiàng jiāo	rubber	noun
wl_01184	好像	hǎo xiàng	to seem; to be like	verb
wl_01185	大象	dà xiàng	elephant	noun
wl_01186	打仗	dǎ zhàng	to fight a war; to engage in battle	verb
wl_01187	丈夫	zhàng fu	husband	noun
wl_01188	手掌	shǒu zhǎng	palm of the hand	noun
wl_01189	敞开	chǎng kāi	to open wide	verb
wl_01190	工厂	gōng chǎng	factory	noun
wl_01191	上面	shàng miàn	above; on top	locative noun
wl_01192	上去	shàng qù	to go up; to move toward a higher or forward position	verb
wl_01193	信仰	xìn yǎng	religious faith; belief	noun
wl_01194	向往	xiàng wǎng	to long for; to yearn for	verb
wl_01195	往常	wǎng cháng	usual times; ordinarily	noun
wl_01196	放心	fàng xīn	to feel at ease; to stop worrying	verb
wl_01197	网络	wǎng luò	network; the Internet	noun
wl_01198	模仿	mó fǎng	to imitate	verb
wl_01199	原谅	yuán liàng	to forgive; forgiveness	verb
wl_01200	状态	zhuàng tài	condition; state	noun
wl_01201	唱歌	chàng gē	to sing a song	verb
wl_01202	情况	qíng kuàng	circumstances; state of affairs; situation	noun
wl_01203	忘记	wàng jì	to forget	verb
wl_01204	访问	fǎng wèn	to visit; to call on	verb
wl_01205	战略	zhàn lüè	strategy	noun
wl_01206	勺子	sháo zi	spoon	noun
wl_01207	软弱	ruǎn ruò	weak; lacking resolve	adjective
wl_01208	虐待	nüè dài	to abuse; to mistreat	verb
wl_01209	药物	yào wù	medication; drug	noun
wl_01210	盯住	dīng zhù	to fix one's gaze on; to watch closely	verb
wl_01211	澄清	chéng qīng	to clarify; to clear up a misunderstanding	verb
wl_01212	更改	gēng gǎi	to change; to alter	verb
wl_01213	更加	gèng jiā	even more; to a greater degree	adverb
wl_01214	欢迎	huān yíng	to welcome	verb
wl_01215	兄弟	xiōng dì	brothers	noun
wl_01216	平衡	píng héng	balance	noun
wl_01217	光荣	guāng róng	honorable; glorious	adjective
wl_01218	榜样	bǎng yàng	role model; example to follow	noun
wl_01219	草坪	cǎo píng	lawn	noun
wl_01220	盲目	máng mù	blind; unthinking	adjective
wl_01221	联盟	lián méng	alliance; coalition	noun
wl_01222	明天	míng tiān	tomorrow	noun
wl_01223	引擎	yǐn qíng	engine	noun
wl_01224	鲸鱼	jīng yú	whale	noun
wl_01225	打击	dǎ jī	to deal a blow to; to discourage	verb
wl_01226	打人	dǎ rén	hit a person	verb
wl_01227	警察	jǐng chá	police; police officer	noun
wl_01228	风景	fēng jǐng	scenery; landscape	noun
wl_01229	电影	diàn yǐng	movie; film	noun
wl_01230	永远	yǒng yuǎn	forever; always	adverb
wl_01231	尊敬	zūn jìng	to respect; to esteem	verb
wl_01232	眼镜	yǎn jìng	eyeglasses	noun
wl_01233	竟然	jìng rán	unexpectedly; to one's surprise	adverb
wl_01234	庆祝	qìng zhù	to celebrate	verb
wl_01235	游泳	yóu yǒng	to swim; swimming	verb
wl_01236	生命	shēng mìng	life (as the characteristic of living beings)	noun
wl_01237	竞争	jìng zhēng	competition; to compete	noun
wl_01238	住宅	zhù zhái	residence; dwelling	noun
wl_01239	客人	kè rén	visitor; guest	noun
wl_01240	额头	é tóu	forehead	noun
wl_01241	一百	yī bǎi	one hundred	numeral
wl_01242	压迫	yā pò	oppression; to oppress	noun
wl_01243	白色	bái sè	white	adjective
wl_01244	陌生	mò shēng	strange; unfamiliar	adjective
wl_01245	拍照	pāi zhào	to take photographs	verb
wl_01246	戏剧	xì jù	drama; theater; a play	noun
wl_01247	轰动	hōng dòng	a sensation; to cause a stir	noun
wl_01248	绷带	bēng dài	bandage	noun
wl_01249	责任	zé rèn	responsibility; duty; liability	noun
wl_01250	手册	shǒu cè	handbook; manual	noun
wl_01251	政策	zhèng cè	policy	noun
wl_01252	隔壁	gé bì	next door	locative noun
wl_01253	革命	gé mìng	revolution	noun
wl_01254	获得	huò dé	to obtain; to receive; to get	verb
wl_01255	核心	hé xīn	core; central part	noun
wl_01256	精神	jīng shen	energetic; lively; vitality	adjective
wl_01257	水晶	shuǐ jīng	crystal; quartz	noun
wl_01258	感情	gǎn qíng	affection; feelings between two persons	noun
wl_01259	征服	zhēng fú	to conquer; to overcome	verb
wl_01260	真诚	zhēn chéng	sincere; genuine	adjective
wl_01261	成功	chéng gōng	successfully; to succeed	verb
wl_01262	声音	shēng yīn	sound; voice	noun
wl_01263	婴儿	yīng ér	baby	noun
wl_01264	经营	jīng yíng	to run; to operate a business	verb
wl_01265	赢得	yíng dé	to win	verb
wl_01266	合并	hé bìng	to merge; to combine	verb
wl_01267	名字	míng zi	name (of a person or thing)	noun
wl_01268	陷阱	xiàn jǐng	trap	noun
wl_01269	安静	ān jìng	quiet	adjective
wl_01270	整体	zhěng tǐ	overall; the whole	adjective
wl_01271	干净	gān jìng	clean	adjective
wl_01272	性格	xìng gé	personality; character	noun
wl_01273	姓名	xìng míng	surname and given name; full name	noun
wl_01274	政治	zhèng zhì	politics; political affairs	noun
wl_01275	神圣	shén shèng	sacred	adjective
wl_01276	使劲	shǐ jìn	to exert strength; forcefully	verb
wl_01277	可惜	kě xī	unfortunately; a pity	adverb
wl_01278	出席	chū xí	to attend; to be present at	verb
wl_01279	一只	yī zhī	one animal or certain single object	phrase
wl_01280	石头	shí tou	stone	noun
wl_01281	解释	jiě shì	to explain	verb
wl_01282	适合	shì hé	to suit; to be suitable for	verb
wl_01283	液体	yè tǐ	liquid	noun
wl_01284	演绎	yǎn yì	to interpret or perform a story	verb
wl_01285	睾丸	gāo wán	testicle	noun
wl_01286	服役	fú yì	to serve in the military	verb
wl_01287	侦探	zhēn tàn	detective	noun
wl_01288	呈现	chéng xiàn	to present; to reveal	verb
wl_01289	钉子	dīng zi	nail	noun
wl_01290	客厅	kè tīng	living room	noun
wl_01291	家庭	jiā tíng	family; household	noun
wl_01292	安宁	ān níng	peace; tranquility	noun
wl_01293	聆听	líng tīng	to listen attentively	verb
wl_01294	心灵	xīn líng	inner mind; soul	noun
wl_01295	青年	qīng nián	young person	noun
wl_01296	醒来	xǐng lái	to wake up	verb
wl_01297	血腥	xuè xīng	bloody; characterized by bloodshed	adjective
wl_01298	星星	xīng xing	star; stars	noun
wl_01299	经过	jīng guò	to pass by; to pass through	verb
wl_01300	类型	lèi xíng	type; category	noun
wl_01301	形状	xíng zhuàng	form; shape	noun
wl_01302	瓶子	píng zi	bottle	noun
wl_01303	铭记	míng jì	to remember deeply; to keep firmly in mind	verb
wl_01304	山顶	shān dǐng	mountaintop; summit	noun
wl_01305	并且	bìng qiě	and; moreover	conjunction
wl_01306	一定	yī dìng	definitely; certainly	adverb
wl_01307	目的	mù dì	purpose; objective	noun
wl_01308	警惕	jǐng tì	vigilance; to be on the alert	noun
wl_01309	敌人	dí rén	enemy	noun
wl_01310	成绩	chéng jì	academic results; achievement	noun
wl_01311	亲戚	qīn qi	a relative (i.e. family relation)	noun
wl_01312	分析	fēn xī	to analyze	verb
wl_01313	灯光	dēng guāng	light	noun
wl_01314	登记	dēng jì	to register; to record details	verb
wl_01315	憎恨	zēng hèn	to hate; to detest	verb
wl_01316	曾经	céng jīng	once; at some time in the past	adverb
wl_01317	层次	céng cì	structural levels; organization	noun
wl_01318	崩溃	bēng kuì	to collapse; to disintegrate	verb
wl_01319	朋友	péng you	friend	noun
wl_01320	肯定	kěn dìng	certainly; definitely	adverb
wl_01321	得到	dé dào	to get; to obtain; to receive	verb
wl_01322	特别	tè bié	especially; particularly	adverb
wl_01323	肋骨	lèi gǔ	rib	noun
wl_01324	国家	guó jiā	country; nation; state	noun
wl_01325	时刻	shí kè	moment	noun
wl_01326	克服	kè fú	to overcome	verb
wl_01327	黑色	hēi sè	black	noun
wl_01328	疑惑	yí huò	doubt; puzzlement	noun
wl_01329	或者	huò zhě	or	conjunction
wl_01330	北方	běi fāng	the north; northern region	noun
wl_01331	沉默	chén mò	silent; silence	adjective
wl_01332	凌晨	líng chén	very early in the morning	noun
wl_01333	征求	zhēng qiú	to solicit opinions or advice	verb
wl_01334	惩罚	chéng fá	punishment; to punish	noun
wl_01335	称呼	chēng hu	to call; to address someone as	verb
wl_01336	称职	chèn zhí	competent in one's post	adjective
wl_01337	承认	chéng rèn	to admit	verb
wl_01338	上升	shàng shēng	to rise	verb
wl_01339	升起	shēng qǐ	to rise; to be raised	verb
wl_01340	胜任	shèng rèn	to be capable of; to be equal to a task	verb
wl_01341	胜利	shèng lì	victory	noun
wl_01342	绳子	shéng zi	cord; string; rope	noun
wl_01343	仍然	réng rán	still; as before; yet	adverb
wl_01344	扔掉	rēng diào	to throw away	verb
wl_01345	回应	huí yìng	to respond	verb
wl_01346	苍蝇	cāng ying	fly, the insect	noun
wl_01347	拯救	zhěng jiù	to rescue; to save	verb
wl_01348	证明	zhèng míng	to prove; to demonstrate	verb
wl_01349	怀孕	huái yùn	to be pregnant	verb
wl_01350	匿名	nì míng	anonymous	adjective
wl_01351	力量	lì liang	strength; power	noun
wl_01352	立即	lì jí	immediately	adverb
wl_01353	熄灭	xī miè	to extinguish; to go out	verb
wl_01354	休息	xiū xi	to rest	verb
wl_01355	直接	zhí jiē	direct; directly	adjective
wl_01356	侧面	cè miàn	side; lateral view	noun
wl_01357	职业	zhí yè	occupation; profession	noun
wl_01358	方式	fāng shì	way; manner; method	noun
wl_01359	记忆	jì yì	memory	noun
wl_01360	抑制	yì zhì	to suppress; to inhibit	verb
wl_01361	区域	qū yù	area; region	noun
wl_01362	极端	jí duān	extreme	adjective
wl_01363	肿瘤	zhǒng liú	tumor	noun
wl_01364	浏览	liú lǎn	to browse; to skim through	verb
wl_01365	保留	bǎo liú	to keep	verb
wl_01366	秋天	qiū tiān	autumn	noun
wl_01367	害羞	hài xiū	shy; bashful	adjective
wl_01368	修改	xiū gǎi	to revise; to modify	verb
wl_01369	囚犯	qiú fàn	prisoner; convict	noun
wl_01370	搜索	sōu suǒ	to search; to look for	verb
wl_01371	搜集	sōu jí	to gather; to collect	verb
wl_01372	报酬	bào chou	remuneration; payment for work	noun
wl_01373	收入	shōu rù	income	noun
wl_01374	温柔	wēn róu	gentle; tender	adjective
wl_01375	优秀	yōu xiù	outstanding; excellent	adjective
wl_01376	担忧	dān yōu	to worry; to be concerned	verb
wl_01377	尤其	yóu qí	especially; particularly	adverb
wl_01378	邮件	yóu jiàn	email	noun
wl_01379	石油	shí yóu	petroleum; crude oil	noun
wl_01380	理由	lǐ yóu	reason	noun
wl_01381	不是	bù shì	is not; to not be	phrase
wl_01382	地球	dì qiú	the earth	noun
wl_01383	扭转	niǔ zhuǎn	to turn around; to reverse an adverse situation	verb
wl_01384	啤酒	pí jiǔ	beer	noun
wl_01385	丑陋	chǒu lòu	ugly; morally repulsive	adjective
wl_01386	接受	jiē shòu	to accept	verb
wl_01387	守护	shǒu hù	to guard	verb
wl_01388	保守	bǎo shǒu	conservative	adjective
wl_01389	手工	shǒu gōng	handwork; by hand	noun
wl_01390	所有	suǒ yǒu	all; every	determiner
wl_01391	右手	yòu shǒu	right hand	noun
wl_01392	诱惑	yòu huò	temptation	noun
wl_01393	负责	fù zé	to be responsible for; to be in charge of; to bear responsibility for	verb
wl_01394	妇女	fù nǚ	women; adult woman	noun
wl_01395	溜走	liū zǒu	to slip away	verb
wl_01396	就是	jiù shì	to be precisely; exactly	phrase
wl_01397	袖子	xiù zi	sleeve	noun
wl_01398	祝福	zhù fú	good wishes; blessings	noun
wl_01399	臭味	chòu wèi	foul smell; bad odor	noun
wl_01400	教授	jiào shòu	professor	noun
wl_01401	野兽	yě shòu	wild animal	noun
wl_01402	狩猎	shòu liè	to hunt	verb
wl_01403	内疚	nèi jiù	to feel guilty; remorseful	adjective
wl_01404	救命	jiù mìng	help; save me	interjection
wl_01405	保佑	bǎo yòu	to bless and protect	verb
wl_01406	辐射	fú shè	radiation	noun
wl_01407	富有	fù yǒu	rich; wealthy	adjective
wl_01408	复杂	fù zá	complicated; complex	adjective
wl_01409	复原	fù yuán	to restore; to return to the original state	verb
wl_01410	回复	huí fù	to reply; to respond	verb
wl_01411	埋伏	mái fú	to lie in ambush	verb
wl_01412	兜风	dōu fēng	to go for a leisurely drive	verb
wl_01413	偷窃	tōu qiè	to steal	verb
wl_01414	投入	tóu rù	to devote or invest	verb
wl_01415	沟通	gōu tōng	to communicate; to discuss with others	verb
wl_01416	能够	néng gòu	to be able to	modal verb
wl_01417	猴子	hóu zi	monkey	noun
wl_01418	呕吐	ǒu tù	to vomit	verb
wl_01419	走路	zǒu lù	to walk; to go on foot	verb
wl_01420	兴趣	xìng qù	interest	noun
wl_01421	出口	chū kǒu	exit	noun
wl_01422	偶然	ǒu rán	by chance; accidentally	adverb
wl_01423	后面	hòu mian	behind; near the end; at the back	locative noun
wl_01424	皇后	huáng hòu	empress; emperor's wife	noun
wl_01425	某人	mǒu rén	someone	pronoun
wl_01426	拇指	mǔ zhǐ	thumb	noun
wl_01427	母亲	mǔ qīn	mother	noun
wl_01428	战斗	zhàn dòu	battle; combat	noun
wl_01429	透过	tòu guò	through	preposition
wl_01430	豆子	dòu zi	bean	noun
wl_01431	演奏	yǎn zòu	to perform on a musical instrument	verb
wl_01432	结构	jié gòu	structure	noun
wl_01433	等候	děng hòu	to wait	verb
wl_01434	保姆	bǎo mǔ	nanny; household caregiver	noun
wl_01435	贸易	mào yì	(commercial) trade	noun
wl_01436	纠正	jiū zhèng	to correct	verb
wl_01437	临时	lín shí	at short notice; temporarily	adverb
wl_01438	森林	sēn lín	forest	noun
wl_01439	侵略	qīn lüè	invasion; aggression	noun
wl_01440	心脏	xīn zàng	heart	noun
wl_01441	寻找	xún zhǎo	to seek; to look for	verb
wl_01442	甚至	shèn zhì	even; so much so that	adverb
wl_01443	审查	shěn chá	to examine; to review	verb
wl_01444	烹饪	pēng rèn	cooking; culinary arts	noun
wl_01445	立刻	lì kè	immediately; at once; right away	adverb
wl_01446	集合	jí hé	to gather; to assemble	verb
wl_01447	袭击	xí jī	to attack; to strike by surprise	verb
wl_01448	果汁	guǒ zhī	fruit juice	noun
wl_01449	执行	zhí xíng	to carry out	verb
wl_01450	十个	shí gè	ten items or people	phrase
wl_01451	入口	rù kǒu	entrance	noun
wl_01452	沉重	chén zhòng	heavy	adjective
wl_01453	枕头	zhěn tou	pillow	noun
wl_01454	参加	cān jiā	to participate; to take part; to join	verb
wl_01455	黄金	huáng jīn	gold	noun
wl_01456	今天	jīn tiān	today	noun
wl_01457	禁止	jìn zhǐ	to prohibit; to forbid	verb
wl_01458	钦佩	qīn pèi	to admire; to respect deeply	verb
wl_01459	品质	pǐn zhì	quality	noun
wl_01460	闯入	chuǎng rù	to barge into; to intrude	verb
wl_01461	紧急	jǐn jí	urgent; emergency	adjective
wl_01462	级别	jí bié	level; rank	noun
wl_01463	及时	jí shí	promptly; without delay	adverb
wl_01464	谈话	tán huà	conversation; to converse	noun
wl_01465	蓝色	lán sè	blue (color)	adjective
wl_01466	篮球	lán qiú	basketball	noun
wl_01467	三个	sān gè	three items or people	phrase
wl_01468	胆量	dǎn liàng	courage; nerve	noun
wl_01469	暂时	zàn shí	for the time being; temporarily	adverb
wl_01470	搭配	dā pèi	to match; to combine suitably	verb
wl_01471	严格	yán gé	strict; rigorous	adjective
wl_01472	作业	zuò yè	homework	noun
wl_01473	平凡	píng fán	ordinary; unremarkable	adjective
wl_01474	缺乏	quē fá	lack; to lack	noun
wl_01475	岩石	yán shí	(geology) rock	noun
wl_01476	头衔	tóu xián	title; designation	noun
wl_01477	舰队	jiàn duì	fleet of ships	noun
wl_01478	指甲	zhǐ jia	fingernail; toenail	noun
wl_01479	鸭子	yā zi	duck	noun
wl_01480	压力	yā lì	pressure; stress	noun
wl_01481	减少	jiǎn shǎo	to reduce; to decrease	verb
wl_01482	车站	chē zhàn	station	noun
wl_01483	陷入	xiàn rù	to fall into; to become immersed in	verb
wl_01484	眨眼	zhǎ yǎn	to blink; to wink	verb
wl_01485	插入	chā rù	to insert	verb
wl_01486	恰当	qià dàng	appropriate; fitting	adjective
wl_01487	融洽	róng qià	harmonious; on good terms	adjective
wl_01488	窗帘	chuāng lián	curtain	noun
wl_01489	脸色	liǎn sè	facial color; complexion	noun
wl_01490	标签	biāo qiān	label	noun
wl_01491	潜水	qián shuǐ	to dive underwater	verb
wl_01492	占领	zhàn lǐng	to occupy by force; to capture	verb
wl_01493	闪电	shǎn diàn	lightning	noun
wl_01494	传染	chuán rǎn	to spread by infection; to be contagious	verb
wl_01495	厌恶	yàn wù	to detest; to loathe	verb
wl_01496	涉及	shè jí	to involve; to concern	verb
wl_01497	拍摄	pāi shè	to photograph; to film	verb
wl_01498	淹没	yān mò	to submerge; to flood over	verb
wl_01499	掩盖	yǎn gài	to cover up; to conceal	verb
wl_01500	经验	jīng yàn	experience	noun
wl_01501	甜蜜	tián mì	sweet; happy and affectionate	adjective
wl_01502	谦虚	qiān xū	modest; humble	adjective
wl_01503	玷污	diàn wū	to tarnish; to sully	verb
wl_01504	点心	diǎn xin	snack; light refreshment	noun
wl_01505	道歉	dào qiàn	to apologize	verb
wl_01506	垫子	diàn zi	cushion; mat; pad	noun
wl_01507	想念	xiǎng niàn	to miss; to think of fondly	verb
wl_01508	蝴蝶	hú dié	butterfly	noun
wl_01509	喋喋不休	dié dié bù xiū	Describes talking on and on without stopping.	idiom
wl_01510	协助	xié zhù	to assist	verb
wl_01511	耽误	dān wu	to delay; to hold up	verb
wl_01512	探索	tàn suǒ	to explore; to investigate	verb
wl_01513	贪婪	tān lán	greedy	adjective
wl_01514	南方	nán fāng	south; southern direction	noun
wl_01515	男人	nán rén	man; adult male	noun
wl_01516	不堪	bù kān	unable to bear	verb
wl_01517	包含	bāo hán	to contain; to include	verb
wl_01518	悲惨	bēi cǎn	tragic; miserable	adjective
wl_01519	感激	gǎn jī	grateful; to feel gratitude	adjective
wl_01520	震撼	zhèn hàn	a profound emotional impact; to deeply move	noun
wl_01521	遗憾	yí hàn	regretful; regrettable	adjective
wl_01522	黑暗	hēi àn	darkness	noun
wl_01523	回答	huí dá	to reply; to answer	verb
wl_01524	鸽子	gē zi	pigeon	noun
wl_01525	盒子	hé zi	box; case	noun
wl_01526	合格	hé gé	to meet the required standard; qualified	adjective
wl_01527	垃圾	lā jī	garbage; rubbish	noun
wl_01528	享受	xiǎng shòu	to enjoy	verb
wl_01529	蛋糕	dàn gāo	cake	noun
wl_01530	伤疤	shāng bā	scar	noun
wl_01531	撒谎	sā huǎng	to lie; to tell a lie	verb
wl_01532	支撑	zhī chēng	to support	verb
wl_01533	挣钱	zhèng qián	to earn money	verb
wl_01534	周末	zhōu mò	weekend	noun
wl_01535	她们	tā men	they; them, referring to females	pronoun
wl_01536	牛奶	niú nǎi	cow's milk	noun
wl_01537	老板	lǎo bǎn	boss; business owner	noun
wl_01538	躲藏	duǒ cáng	to hide oneself	verb
wl_01539	罕见	hǎn jiàn	rare; seldom seen	adjective
wl_01540	嘴巴	zuǐ ba	mouth	noun
wl_01541	空间	kōng jiān	space; room	noun
wl_01542	馅饼	xiàn bǐng	filled flatbread; stuffed pancake	noun
wl_01543	崭新	zhǎn xīn	brand new	adjective
wl_01544	淘气	táo qì	mischievous; naughty	adjective
wl_01545	品尝	pǐn cháng	to taste; to sample	verb
wl_01546	耽搁	dān ge	to be delayed; to hold up	verb
wl_01547	您好	nín hǎo	hello, politely	interjection
wl_01548	捣乱	dǎo luàn	to cause trouble; to disrupt	verb
wl_01549	搞乱	gǎo luàn	to mess up; to put into disorder	verb
wl_01550	摔倒	shuāi dǎo	to fall down	verb
wl_01551	车辆	chē liàng	vehicle	noun
wl_01552	欺骗	qī piàn	to deceive; to cheat	verb
wl_01553	手表	shǒu biǎo	wristwatch	noun
wl_01554	怎么	zěn me	how	pronoun
wl_01555	嗯嗯	en en	mm-hmm; yes, I understand	interjection
wl_01556	吗	ma	particle marking a yes-or-no question	particle
wl_01557	吗啡	mǎ fēi	morphine	noun
wl_01558	嗓音	sǎng yīn	voice; vocal tone	noun
wl_01559	鳄鱼	è yú	crocodile; alligator	noun
wl_01560	烧烤	shāo kǎo	barbecue; to grill	noun
wl_01561	匆忙	cōng máng	hasty; hurried	adjective
wl_01562	说谎	shuō huǎng	to lie	verb
wl_01563	里面	lǐ miàn	inside	locative noun
wl_01564	尽管	jǐn guǎn	although; despite	conjunction
wl_01565	尽量	jǐn liàng	as much as possible; to the best of one's ability	adverb
wl_01566	哎哟	āi yō	ouch; exclamation of pain	interjection
wl_01567	喇叭	lǎ ba	vehicle horn	noun
wl_01568	内脏	nèi zàng	internal organs	noun
wl_01569	鸡蛋	jī dàn	chicken egg	noun
wl_01570	灵魂	líng hún	soul; spirit	noun
wl_01571	鱿鱼	yóu yú	squid	noun
wl_01572	好啦	hǎo la	all right; that's enough	expression
wl_01573	好啊	hǎo a	sure; that sounds good	expression
wl_01574	启发	qǐ fā	inspiration; insight	noun
wl_01575	抽屉	chōu ti	drawer	noun
wl_01576	饭团	fàn tuán	rice ball	noun
wl_01577	家伙	jiā huo	guy; fellow	noun
wl_01578	哼	hng	hmph; expression of displeasure or disbelief	interjection
wl_01579	哪里	nǎ lǐ	where?	pronoun
wl_01580	天哪	tiān na	good heavens; oh no	interjection
wl_01581	英里	yīng lǐ	mile	noun
wl_01582	勾当	gòu dàng	shady activity; disreputable business	noun
wl_01583	瞄准	miáo zhǔn	to take aim at; to target	verb
wl_01584	瞧见	qiáo jiàn	to see; to catch sight of	verb
wl_01585	玩耍	wán shuǎ	to play	verb
wl_01586	另外	lìng wài	in addition; besides	adverb
wl_01587	你好	nǐ hǎo	hello	interjection
wl_01588	模样	mú yàng	appearance; looks	noun
wl_01589	虚伪	xū wěi	insincere; hypocritical	adjective
wl_01590	车票	chē piào	ticket for a bus or train	noun
wl_01591	嘿嘿	hēi hēi	heh-heh; quiet chuckling sound	onomatopoeia
wl_01592	裤子	kù zi	trousers; pants	noun
wl_01593	癌症	ái zhèng	cancer	noun
wl_01594	我俩	wǒ liǎ	the two of us	pronoun phrase
wl_01595	厘米	lí mǐ	centimeter	noun
wl_01596	咱们	zán men	we; us, including the listener	pronoun
wl_01597	咯	lo	sentence-final particle marking a new situation	particle
wl_01598	咪咪	mī mī	kitty; call used to attract a cat	interjection
wl_01599	吩咐	fēn fu	to instruct; to tell someone to do something	verb
wl_01600	咒语	zhòu yǔ	magic spell; incantation	noun
wl_01601	上瘾	shàng yǐn	to become addicted; to get hooked	verb
wl_01602	签名	qiān míng	to sign one's name	verb
wl_01603	赚钱	zhuàn qián	to earn money	verb
wl_01604	做饭	zuò fàn	to cook; to prepare a meal	verb
wl_01605	抬头	tái tóu	to raise one's head; to look up	verb
wl_01606	卡片	kǎ piàn	card	noun
wl_01607	清晰	qīng xī	clear; distinct	adjective
wl_01608	拿来	ná lái	to bring here	verb
wl_01609	爷爷	yé ye	(coll.) paternal grandfather; grandpa	noun
wl_01610	丢失	diū shī	to lose; to be lost	verb
wl_01611	蘑菇	mó gu	mushroom	noun
wl_01612	活泼	huó po	lively; active	adjective
wl_01613	裙子	qún zi	skirt	noun
wl_01614	肥皂	féi zào	soap	noun
wl_01615	复苏	fù sū	to revive; to recover vitality	verb
wl_01616	甩掉	shuǎi diào	to get rid of; to shake off	verb
wl_01617	消耗	xiāo hào	to consume; to use up	verb
wl_01618	趴下	pā xià	to lie face down	verb phrase
wl_01619	症状	zhèng zhuàng	symptom (of an illness)	noun
wl_01620	赶快	gǎn kuài	quickly; hurry up	adverb
wl_01621	氧气	yǎng qì	oxygen	noun
wl_01622	麻痹	má bì	to become complacent; to let one's guard down	verb
wl_01623	忏悔	chàn huǐ	to repent	verb
wl_01624	间谍	jiàn dié	spy	noun
wl_01625	扳机	bān jī	trigger	noun
wl_01626	亵渎	xiè dú	to desecrate; to profane	verb
wl_01627	挑衅	tiǎo xìn	to provoke	verb
wl_01628	瘟疫	wēn yì	plague; pestilence	noun
wl_01629	磨蹭	mó ceng	to dawdle	verb
wl_01630	杀戮	shā lù	slaughter; killing	noun
wl_01631	英镑	yīng bàng	pound sterling	noun
wl_01632	保镖	bǎo biāo	bodyguard	noun
wl_01633	婊子	biǎo zi	whore; bitch, a vulgar insult	noun
wl_01634	捍卫	hàn wèi	to defend; to safeguard	verb
wl_01635	环绕	huán rào	to surround	verb
wl_01636	飓风	jù fēng	hurricane	noun
wl_01637	流氓	liú máng	hoodlum; rogue	noun
wl_01638	酗酒	xù jiǔ	to drink excessively	verb
wl_01639	诅咒	zǔ zhòu	to curse	verb
wl_01640	蹩脚	bié jiǎo	shoddy; poorly done	adjective
wl_01641	英尺	yīng chǐ	foot, a unit of length	noun
wl_01642	踹	chuài	to kick	verb
wl_01643	英寸	yīng cùn	inch	noun
wl_01644	伎俩	jì liǎng	trick; scheme	noun
wl_01645	手铐	shǒu kào	handcuffs	noun
wl_01646	啥	shá	what, colloquial usage	pronoun
wl_01647	坨	tuó	to clump together, of noodles	verb
wl_01648	即使	jí shǐ	even if	conjunction
wl_01649	负担	fù dān	burden	noun
wl_01650	反复	fǎn fù	repeatedly	adverb
wl_01651	烧毁	shāo huǐ	to destroy by fire	verb
wl_01652	僵尸	jiāng shī	zombie; jiangshi	noun
wl_01653	蜡	là	wax	noun
wl_01654	宁静	níng jìng	peaceful; tranquil	adjective
wl_01655	宁可	nìng kě	would rather	conjunction
wl_01656	确实	què shí	indeed; really	adverb
wl_01657	升级	shēng jí	to upgrade	verb
wl_01658	圣人	shèng rén	sage	noun
wl_01659	私家	sī jiā	privately owned	adjective
wl_01660	上网	shàng wǎng	to go online	verb
wl_01661	无论	wú lùn	no matter; regardless of	conjunction
wl_01662	愿望	yuàn wàng	wish	noun
wl_01663	山洞	shān dòng	cave	noun
wl_01664	聋哑	lóng yǎ	deaf and unable to speak	adjective
wl_01665	朦胧	méng lóng	hazy; dim	adjective
wl_01666	玲珑	líng lóng	delicate and exquisite	adjective
wl_01667	鸟笼	niǎo lóng	birdcage	noun
wl_01668	窟窿	kū long	hole	noun
wl_01669	烟囱	yān cōng	chimney; smokestack; stovepipe	noun
wl_01670	花丛	huā cóng	cluster of flowers	noun
wl_01671	中奖	zhòng jiǎng	win a prize	verb
wl_01672	忧心忡忡	yōu xīn chōng chōng	Describes being deeply worried and anxious.	idiom
wl_01673	昆虫	kūn chóng	insect	noun
wl_01674	冲洗	chōng xǐ	rinse	verb
wl_01675	崇高	chóng gāo	noble; lofty	adjective
wl_01676	绒毛	róng máo	soft fine hair; fuzz	noun
wl_01677	蜈蚣	wú gōng	centipede	noun
wl_01678	鞠躬	jū gōng	bow	verb
wl_01679	弓箭	gōng jiàn	bow and arrows	noun
wl_01680	内讧	nèi hòng	internal strife	noun
wl_01681	洪水	hóng shuǐ	deluge; flood	noun
wl_01682	烘干	hōng gān	dry with heat	verb
wl_01683	熊猫	xióng māo	giant panda	noun
wl_01684	枫树	fēng shù	maple	noun
wl_01685	台风	tái fēng	typhoon	noun
wl_01686	蓬勃	péng bó	vigorous; flourishing	adjective
wl_01687	蒙蔽	méng bì	mislead; deceive	verb
wl_01688	董事	dǒng shì	company director	noun
wl_01689	水桶	shuǐ tǒng	bucket	noun
wl_01690	靠拢	kào lǒng	move closer	verb
wl_01691	孔雀	kǒng què	peacock	noun
wl_01692	懵懂	měng dǒng	naive and uncomprehending	adjective
wl_01693	送礼	sòng lǐ	give a gift	verb
wl_01694	仲裁	zhòng cái	arbitration	noun
wl_01695	哄骗	hǒng piàn	deceive by coaxing	verb
wl_01696	乱哄哄	luàn hōng hōng	noisy and chaotic	adjective
wl_01697	秃头	tū tóu	bald	adjective
wl_01698	牛犊	niú dú	calf	noun
wl_01699	渎职	dú zhí	dereliction of duty	noun
wl_01700	朗读	lǎng dú	read aloud	verb
wl_01701	麋鹿	mí lù	Père David's deer	noun
wl_01702	湿漉漉	shī lù lù	soaking wet	adjective
wl_01703	陆地	lù dì	land, as opposed to water	noun
wl_01704	六月	liù yuè	June	noun
wl_01705	簇拥	cù yōng	crowd around	verb
wl_01706	夙愿	sù yuàn	long-held wish	noun
wl_01707	竹子	zhú zi	bamboo	noun
wl_01708	轴承	zhóu chéng	bearing, a machine part	noun
wl_01709	矗立	chù lì	stand tall and erect	verb
wl_01710	压缩	yā suō	compress	verb
wl_01711	谷物	gǔ wù	grain	noun
wl_01712	菊花	jú huā	chrysanthemum	noun
wl_01713	储蓄	chǔ xù	save money	verb
wl_01714	浓郁	nóng yù	rich and strong, of an aroma	adjective
wl_01715	占卜	zhān bǔ	divination	noun
wl_01716	幅度	fú dù	extent of change	noun
wl_01717	匍匐	pú fú	crawl close to the ground	verb
wl_01718	树木	shù mù	tree	noun
wl_01719	沐浴	mù yù	bathe	verb
wl_01720	和睦	hé mù	harmonious	adjective
wl_01721	肃穆	sù mù	solemn and dignified	adjective
wl_01722	牧场	mù chǎng	pasture	noun
wl_01723	扑灭	pū miè	extinguish	verb
wl_01724	疼爱	téng ài	love dearly	verb
wl_01725	农业	nóng yè	agriculture	noun
wl_01726	鬃毛	zōng máo	mane	noun
wl_01727	笃定	dǔ dìng	confident and certain	adjective
wl_01728	被褥	bèi rù	bedding	noun
wl_01729	肥沃	féi wò	fertile	adjective
wl_01730	浓厚	nóng hòu	thick; dense	adjective
wl_01731	纵横	zòng héng	crisscross	verb
wl_01732	从容	cóng róng	calm and unhurried	adjective
wl_01733	松树	sōng shù	pine tree	noun
wl_01734	钟声	zhōng shēng	the sound of a bell	noun
wl_01735	钟爱	zhōng ài	cherish; especially love	verb
wl_01736	憧憬	chōng jǐng	look forward to with longing	verb
wl_01737	冲锋	chōng fēng	charge forward	verb
wl_01738	冲劲	chòng jìn	drive and energy	noun
wl_01739	恭敬	gōng jìng	respectful	adjective
wl_01740	供奉	gòng fèng	enshrine; make offerings to	verb
wl_01741	凶狠	xiōng hěn	vicious; fierce	adjective
wl_01742	汹涌	xiōng yǒng	surging and turbulent	adjective
wl_01743	凶猛	xiōng měng	ferocious	adjective
wl_01744	芙蓉	fú róng	cotton rose hibiscus	noun
wl_01745	溶解	róng jiě	dissolve	verb
wl_01746	佣金	yòng jīn	commission payment	noun
wl_01747	歌颂	gē sòng	praise and celebrate	verb
wl_01748	平庸	píng yōng	mediocre	adjective
wl_01749	相逢	xiāng féng	meet	verb
wl_01750	裁缝	cái feng	tailor	noun
wl_01751	耸立	sǒng lì	tower; rise tall	verb
wl_01752	怂恿	sǒng yǒng	goad; incite	verb
wl_01753	宠爱	chǒng ài	dote on	verb
wl_01754	接踵而来	jiē zhǒng ér lái	Describes events or people coming one after another	idiom
wl_01755	肿胀	zhǒng zhàng	swell	verb
wl_01756	种植	zhòng zhí	to plant; to grow (a crop); to cultivate	verb
wl_01757	巩固	gǒng gù	strengthen; consolidate	verb
wl_01758	捧场	pěng chǎng	show support by attending	verb
wl_01759	背诵	bèi sòng	recite from memory	verb
wl_01760	促进	cù jìn	promote; further	verb
wl_01761	风俗	fēng sú	custom	noun
wl_01762	叮嘱	dīng zhǔ	urge; remind carefully	verb
wl_01763	瞩目	zhǔ mù	attract attention	verb
wl_01764	手镯	shǒu zhuó	bracelet	noun
wl_01765	弯曲	wān qū	to bend	verb
wl_01766	木桩	mù zhuāng	wooden post	noun
wl_01767	碰撞	pèng zhuàng	collide	verb
wl_01768	肛门	gāng mén	anus	noun
wl_01769	扛起	káng qǐ	lift onto one's shoulder	verb
wl_01770	口腔	kǒu qiāng	oral cavity; mouth	noun
wl_01771	事项	shì xiàng	item; matter to be dealt with	noun
wl_01772	木棒	mù bàng	wooden stick or club	noun
wl_01773	街头巷尾	jiē tóu xiàng wěi	Describes places throughout the streets and alleys.	idiom
wl_01774	雕琢	diāo zhuó	carve and polish	verb
wl_01775	卓越	zhuó yuè	outstanding	adjective
wl_01776	浑浊	hún zhuó	turbid; muddy	adjective
wl_01777	岳父	yuè fù	father-in-law, one's wife's father	noun
wl_01778	剥削	bō xuē	exploit	verb
wl_01779	驳船	bó chuán	barge	noun
wl_01780	冰雹	bīng báo	hail	noun
wl_01781	淋漓	lín lí	dripping; flowing freely	adjective
wl_01782	篱笆	lí ba	fence (esp. of bamboo or wood railings)	noun
wl_01783	药剂	yào jì	medicinal preparation	noun
wl_01784	雌雄	cí xióng	male and female	noun
wl_01785	瑕疵	xiá cī	flaw; defect	noun
wl_01786	斯文	sī wen	refined and gentle	adjective
wl_01787	厮杀	sī shā	fight fiercely	verb
wl_01788	四肢	sì zhī	limbs	noun
wl_01789	姓氏	xìng shì	surname	noun
wl_01790	吹风	chuī fēng	stand or sit in a breeze	verb
wl_01791	垂直	chuí zhí	perpendicular	adjective
wl_01792	窥探	kuī tàn	spy on; pry into	verb
wl_01793	毒蛇	dú shé	venomous snake	noun
wl_01794	弥漫	mí màn	to fill the air	verb
wl_01795	歧途	qí tú	wrong path	noun
wl_01796	积累	jī lěi	accumulate	verb
wl_01797	连累	lián lei	get someone else into trouble	verb
wl_01798	骨髓	gǔ suǐ	bone marrow	noun
wl_01799	迁徙	qiān xǐ	migrate	verb
wl_01800	纸张	zhǐ zhāng	paper	noun
wl_01801	咫尺	zhǐ chǐ	a very short distance	noun
wl_01802	松弛	sōng chí	relax; become loose	verb
wl_01803	堆积	duī jī	pile up	verb
wl_01804	污渍	wū zì	stain	noun
wl_01805	恩赐	ēn cì	gracious gift or blessing	noun
wl_01806	惴惴不安	zhuì zhuì bù ān	Describes feeling anxious and frightened.	idiom
wl_01807	吱吱	zhī zhī	squeaking sound	onomatopoeia
wl_01808	譬如	pì rú	for example	adverb
wl_01809	水池	shuǐ chí	pond	noun
wl_01810	铁锤	tiě chuí	iron hammer	noun
wl_01811	奔驰	bēn chí	gallop; race along	verb
wl_01812	衰老	shuāi lǎo	grow old	verb
wl_01813	畸形	jī xíng	malformation	noun
wl_01814	崎岖	qí qū	rugged; uneven	adjective
wl_01815	亏损	kuī sǔn	financial loss	noun
wl_01816	山崖	shān yá	cliff	noun
wl_01817	适宜	shì yí	suitable	adjective
wl_01818	天涯	tiān yá	distant horizon; ends of the earth	noun
wl_01819	晨曦	chén xī	first light of dawn	noun
wl_01820	犄角	jī jiǎo	horn; antler	noun
wl_01821	涟漪	lián yī	ripple	noun
wl_01822	枯萎	kū wěi	wither	verb
wl_01823	下摆	xià bǎi	lower edge of a garment	noun
wl_01824	石碑	shí bēi	stone tablet (for inscription)	noun
wl_01825	糜烂	mí làn	erosion of skin or tissue	noun
wl_01826	披露	pī lù	disclose	verb
wl_01827	奇数	jī shù	odd number	noun
wl_01828	揣测	chuǎi cè	guess; conjecture	verb
wl_01829	倚靠	yǐ kào	lean against	verb
wl_01830	被动	bèi dòng	passive	adjective
wl_01831	风靡	fēng mǐ	become immensely popular	verb
wl_01832	寄信	jì xìn	send a letter	verb
wl_01833	累累	léi léi	in abundant clusters	adjective
wl_01834	梨子	lí zi	pear	noun
wl_01835	瓷器	cí qì	porcelain	noun
wl_01836	推动	tuī dòng	push	verb
wl_01837	谁家	shuí jiā	whose family or home	phrase
wl_01838	咦	yí	oh, expressing surprise	interjection
wl_01839	黝黑	yǒu hēi	dark-skinned; dark	adjective
wl_01840	夷为平地	yí wéi píng dì	Describes a place being completely flattened or destroyed	idiom
wl_01841	惟妙惟肖	wéi miào wéi xiào	Describes a depiction or imitation that is remarkably lifelike	idiom
wl_01842	遗失	yí shī	lose; misplace	verb
wl_01843	姊妹	zǐ mèi	(older and younger) sisters	noun
wl_01844	宗旨	zōng zhǐ	aim; guiding purpose	noun
wl_01845	矢量	shǐ liàng	vector	noun
wl_01846	痢疾	lì ji	dysentery	noun
wl_01847	恣意	zì yì	wantonly; without restraint	adverb
wl_01848	翡翠	fěi cuì	jadeite	noun
wl_01849	憔悴	qiáo cuì	haggard	adjective
wl_01850	深邃	shēn suì	deep	adjective
wl_01851	四方	sì fāng	all directions	noun
wl_01852	肆意	sì yì	recklessly; without restraint	adverb
wl_01853	作祟	zuò suì	cause trouble behind the scenes	verb
wl_01854	驷马	sì mǎ	a team of four horses	noun
wl_01855	未遂	wèi suì	attempted but not completed	adjective
wl_01856	彗星	huì xīng	comet	noun
wl_01857	挚友	zhì yǒu	close and trusted friend	noun
wl_01858	嗜好	shì hào	hobby; strong interest	noun
wl_01859	二手	èr shǒu	secondhand	adjective
wl_01860	心悸	xīn jì	palpitations	noun
wl_01861	尼姑	ní gū	Buddhist nun	noun
wl_01862	棒槌	bàng chuí	wooden mallet	noun
wl_01863	脊椎	jǐ zhuī	spine	noun
wl_01864	茉莉	mò lì	jasmine	noun
wl_01865	筛选	shāi xuǎn	screen and select	verb
wl_01866	帷幕	wéi mù	stage curtain	noun
wl_01867	蔷薇	qiáng wēi	rose	noun
wl_01868	发霉	fā méi	become moldy	verb
wl_01869	茶几	chá jī	coffee table	noun
wl_01870	元帅	yuán shuài	marshal	noun
wl_01871	率领	shuài lǐng	lead a group	verb
wl_01872	希冀	xī jì	hope	noun
wl_01873	分泌	fēn mì	to secrete	verb
wl_01874	明媚	míng mèi	bright and beautiful	adjective
wl_01875	馈赠	kuì zèng	give as a gift	verb
wl_01876	匮乏	kuì fá	scarce; lacking	adjective
wl_01877	猪仔	zhū zǎi	piglet	noun
wl_01878	孜孜不倦	zī zī bù juàn	Describes working or studying diligently without tiring.	idiom
wl_01879	慈祥	cí xiáng	kind and gentle	adjective
wl_01880	丝绸	sī chóu	silk	noun
wl_01881	治理	zhì lǐ	govern; manage	verb
wl_01882	芝麻	zhī ma	sesame	noun
wl_01883	熙熙攘攘	xī xī rǎng rǎng	Describes a place bustling with crowds and activity.	idiom
wl_01884	嬉戏	xī xì	play; frolic	verb
wl_01885	旗帜	qí zhì	flag	noun
wl_01886	李子	lǐ zi	plum	noun
wl_01887	鲤鱼	lǐ yú	carp	noun
wl_01888	子女	zǐ nǚ	children; sons and daughters	noun
wl_01889	祭祀	jì sì	sacrificial ceremony	noun
wl_01890	对峙	duì zhì	confront each other in a standoff	verb
wl_01891	仕途	shì tú	official career	noun
wl_01892	趾高气扬	zhǐ gāo qì yáng	Describes acting arrogantly and self-importantly.	idiom
wl_01893	杞人忧天	qǐ rén yōu tiān	Describes worrying about dangers without reasonable grounds.	idiom
wl_01894	拟定	nǐ dìng	draw up; draft	verb
wl_01895	寺庙	sì miào	temple	noun
wl_01896	饲养	sì yǎng	raise; rear animals	verb
wl_01897	编织	biān zhī	to weave; to knit; to plait; to braid	verb
wl_01898	志愿	zhì yuàn	to volunteer	verb
wl_01899	炽热	chì rè	blazing hot	adjective
wl_01900	侍候	shì hòu	attend to	verb
wl_01901	鱼饵	yú ěr	fish bait	noun
wl_01902	亟需	jí xū	urgently need	verb
wl_01903	忌讳	jì huì	taboo; sensitive subject	noun
wl_01904	叽叽喳喳	jī jī zhā zhā	chirp or chatter continuously	onomatopoeia
wl_01905	饥荒	jī huāng	famine	noun
wl_01906	讥笑	jī xiào	ridicule	verb
wl_01907	稀少	xī shǎo	scarce; few	adjective
wl_01908	微小	wēi xiǎo	tiny	adjective
wl_01909	花卉	huā huì	flowering plants	noun
wl_01910	芦苇	lú wěi	reed	noun
wl_01911	土匪	tǔ fěi	bandit	noun
wl_01912	灌溉	guàn gài	irrigate	verb
wl_01913	毅力	yì lì	perseverance	noun
wl_01914	蔚蓝	wèi lán	azure; sky blue	adjective
wl_01915	熨斗	yùn dǒu	clothes iron	noun
wl_01916	刺猬	cì wei	hedgehog	noun
wl_01917	纬度	wěi dù	latitude	noun
wl_01918	驴子	lǘ zi	donkey	noun
wl_01919	蛆虫	qū chóng	maggot	noun
wl_01920	徐徐	xú xú	slowly and gently	adverb
wl_01921	涂鸦	tú yā	graffiti	noun
wl_01922	踌躇	chóu chú	hesitate	verb
wl_01923	显著	xiǎn zhù	noticeably	adverb
wl_01924	着凉	zháo liáng	catch a chill	verb
wl_01925	初一	chū yī	first day of a lunar month	noun
wl_01926	锄头	chú tou	hoe	noun
wl_01927	疏通	shū tōng	unblock; clear a passage	verb
wl_01928	梳理	shū lǐ	sort out	verb
wl_01929	诸多	zhū duō	many; numerous	adjective
wl_01930	书籍	shū jí	books	noun
wl_01931	含辛茹苦	hán xīn rú kǔ	Describes enduring great hardship over a long period.	idiom
wl_01932	鱼类	yú lèi	fish, as a class of animals	noun
wl_01933	渔民	yú mín	fisherman	noun
wl_01934	舆论	yú lùn	public opinion	noun
wl_01935	蟾蜍	chán chú	toad	noun
wl_01936	咀嚼	jǔ jué	to chew	verb
wl_01937	岛屿	dǎo yǔ	island	noun
wl_01938	叙述	xù shù	narrate; describe	verb
wl_01939	抒发	shū fā	express one's feelings	verb
wl_01940	贮藏	zhù cáng	store	verb
wl_01941	越俎代庖	yuè zǔ dài páo	Describes overstepping one's role to take over another person's duties.	idiom
wl_01942	巨款	jù kuǎn	large sum of money	noun
wl_01943	署名	shǔ míng	sign one's name	verb
wl_01944	曙光	shǔ guāng	first light of dawn	noun
wl_01945	锯子	jù zi	saw	noun
wl_01946	御用	yù yòng	for the emperor's use	adjective
wl_01947	驾驭	jià yù	drive; control an animal or vehicle	verb
wl_01948	徒弟	tú dì	apprentice	noun
wl_01949	如火如荼	rú huǒ rú tú	Describes a large activity proceeding with great energy and enthusiasm.	idiom
wl_01950	头颅	tóu lú	head	noun
wl_01951	火炉	huǒ lú	stove	noun
wl_01952	顶呱呱	dǐng guā guā	first-rate	adjective
wl_01953	姑姑	gū gu	aunt, one's father's sister	noun
wl_01954	珊瑚	shān hú	coral	noun
wl_01955	胡乱	hú luàn	carelessly; at random	adverb
wl_01956	茶壶	chá hú	teapot	noun
wl_01957	湖泊	hú pō	lake	noun
wl_01958	葫芦	hú lu	gourd	noun
wl_01959	呜咽	wū yè	sob	verb
wl_01960	乌鸦	wū yā	crow	noun
wl_01961	朴素	pǔ sù	plain and simple	adjective
wl_01962	菩萨	pú sà	bodhisattva	noun
wl_01963	薄膜	báo mó	thin film	noun
wl_01964	堵塞	dǔ sè	be blocked	verb
wl_01965	吐露	tǔ lù	reveal; confide	verb
wl_01966	杜绝	dù jué	put an end to; prevent entirely	verb
wl_01967	五月	wǔ yuè	May	noun
wl_01968	琥珀	hǔ pò	amber	noun
wl_01969	船坞	chuán wù	dock; dry dock	noun
wl_01970	花圃	huā pǔ	flowerbed	noun
wl_01971	交错	jiāo cuò	to alternate or intersect	verb
wl_01972	素材	sù cái	source material	noun
wl_01973	牢固	láo gù	secure	adjective
wl_01974	禁锢	jìn gù	restrict; confine	verb
wl_01975	觉悟	jué wù	realization; awareness	noun
wl_01976	会晤	huì wù	meet formally	verb
wl_01977	分布	fēn bù	be distributed	verb
wl_01978	哺育	bǔ yù	nourish and raise	verb
wl_01979	搂抱	lǒu bào	embrace; hold in one's arms	verb
wl_01980	趋势	qū shì	trend	noun
wl_01981	胡须	hú xū	beard	noun
wl_01982	排列	pái liè	arrange in order	verb
wl_01983	雏鸟	chú niǎo	young or newly hatched bird	noun
wl_01984	侏儒	zhū rú	person with dwarfism; dwarf	noun
wl_01985	枢纽	shū niǔ	hub	noun
wl_01986	身躯	shēn qū	body; torso	noun
wl_01987	驱赶	qū gǎn	drive away	verb
wl_01988	抠门	kōu mén	stingy	adjective
wl_01989	气喘吁吁	qì chuǎn xū xū	Describes panting heavily and being short of breath	idiom
wl_01990	迂腐	yū fǔ	rigidly old-fashioned	adjective
wl_01991	痰盂	tán yú	spittoon	noun
wl_01992	逾期	yú qī	overdue	adjective
wl_01993	榆树	yú shù	elm tree	noun
wl_01994	农夫	nóng fū	farmer	noun
wl_01995	扶持	fú chí	support; assist	verb
wl_01996	荒芜	huāng wú	lie waste; be overgrown	verb
wl_01997	诬陷	wū xiàn	frame; falsely accuse	verb
wl_01998	毋庸	wú yōng	there is no need to	modal verb
wl_01999	铺张	pū zhāng	extravagant; wastefully lavish	adjective
wl_02000	店铺	diàn pù	shop	noun
wl_02001	孵化	fū huà	hatch	verb
wl_02002	敷衍	fū yǎn	do perfunctorily	verb
wl_02003	俘获	fú huò	capture	verb
wl_02004	句子	jù zi	sentence	noun
wl_02005	柱子	zhù zi	pillar	noun
wl_02006	乳汁	rǔ zhī	milk	noun
wl_02007	栩栩如生	xǔ xǔ rú shēng	Describes an artistic image that looks vividly lifelike.	idiom
wl_02008	斧头	fǔ tóu	axe	noun
wl_02009	胸脯	xiōng pú	chest	noun
wl_02010	俯视	fǔ shì	look down from above	verb
wl_02011	辅助	fǔ zhù	assist	verb
wl_02012	鹦鹉	yīng wǔ	parrot	noun
wl_02013	屡次	lǚ cì	repeatedly	adverb
wl_02014	足迹	zú jì	footprint; trace	noun
wl_02015	驻扎	zhù zhā	station troops; camp	verb
wl_02016	注释	zhù shì	annotation	noun
wl_02017	铸造	zhù zào	cast metal	verb
wl_02018	呼吁	hū yù	appeal; call upon	verb
wl_02019	富裕	fù yù	wealthy; well-off	adjective
wl_02020	师傅	shī fu	master	noun
wl_02021	赴约	fù yuē	go to an appointment	verb
wl_02022	兑换	duì huàn	exchange money	verb
wl_02023	无奈	wú nài	have no choice; helpless	adjective
wl_02024	天籁	tiān lài	heavenly or natural music	noun
wl_02025	赖以	lài yǐ	rely on to	verb
wl_02026	乞丐	qǐ gài	beggar	noun
wl_02027	管辖	guǎn xiá	have jurisdiction over	verb
wl_02028	涣散	huàn sàn	unfocused; lacking cohesion	adjective
wl_02029	绘画	huì huà	painting	noun
wl_02030	和蔼	hé ǎi	kind and approachable	adjective
wl_02031	贝壳	bèi ké	shell (of a mollusk)	noun
wl_02032	充沛	chōng pèi	abundant; full of energy	adjective
wl_02033	狼狈	láng bèi	in a sorry or disheveled state	adjective
wl_02034	污秽	wū huì	filthy	adjective
wl_02035	废除	fèi chú	abolish	verb
wl_02036	肺腑	fèi fǔ	innermost heart	noun
wl_02037	山寨	shān zhài	mountain village or stronghold	noun
wl_02038	迈步	mài bù	take a step; set off walking	verb
wl_02039	木柴	mù chái	firewood	noun
wl_02040	蜗牛	wō niú	snail	noun
wl_02041	佳节	jiā jié	festive occasion	noun
wl_02042	螃蟹	páng xiè	crab	noun
wl_02043	矮小	ǎi xiǎo	short and small	adjective
wl_02044	拐弯	guǎi wān	turn a corner	verb
wl_02045	悬挂	xuán guà	hang; suspend	verb
wl_02046	懈怠	xiè dài	slack	adjective
wl_02047	邂逅	xiè hòu	chance encounter	noun
wl_02048	图画	tú huà	picture; drawing	noun
wl_02049	派遣	pài qiǎn	dispatch; send	verb
wl_02050	斋戒	zhāi jiè	fast and observe ritual restrictions	verb
wl_02051	阶梯	jiē tī	steps; stairway	noun
wl_02052	皆大欢喜	jiē dà huān xǐ	Describes an outcome that leaves everyone happy and satisfied	idiom
wl_02053	乖巧	guāi qiǎo	sweet and well-behaved	adjective
wl_02054	骸骨	hái gǔ	skeletal remains	noun
wl_02055	阴霾	yīn mái	gloomy haze	noun
wl_02056	埋藏	mái cáng	bury; lie buried	verb
wl_02057	惊骇	jīng hài	terrified	adjective
wl_02058	挨打	ái dǎ	be beaten	verb
wl_02059	杀敌	shā dí	kill the enemy in battle	verb
wl_02060	告诫	gào jiè	warn; admonish	verb
wl_02061	届时	jiè shí	at that time	adverb
wl_02062	芥菜	jiè cài	mustard greens	noun
wl_02063	弹劾	tán hé	impeach	verb
wl_02064	澎湃	péng pài	surge	verb
wl_02065	牡蛎	mǔ lì	oyster	noun
wl_02066	累赘	léi zhui	burden; encumbrance	noun
wl_02067	逝世	shì shì	pass away	verb
wl_02068	游说	yóu shuì	lobby; persuade	verb
wl_02069	蜕变	tuì biàn	transformation	noun
wl_02070	税收	shuì shōu	taxation	noun
wl_02071	钠	nà	sodium	noun
wl_02072	排泄	pái xiè	excrete	verb
wl_02073	尖锐	jiān ruì	piercing; shrill	adjective
wl_02074	摇曳	yáo yè	flicker	verb
wl_02075	后裔	hòu yì	descendant	noun
wl_02076	遮蔽	zhē bì	screen; hide from view	verb
wl_02077	毙命	bì mìng	be killed; die violently	verb
wl_02078	弊端	bì duān	shortcoming in a system	noun
wl_02079	货币	huò bì	money; currency	noun
wl_02080	辍学	chuò xué	drop out of school	verb
wl_02081	啜泣	chuò qì	sob	verb
wl_02082	点缀	diǎn zhuì	adorn; decorate	verb
wl_02083	滞留	zhì liú	be stranded	verb
wl_02084	揭示	jiē shì	reveal	verb
wl_02085	马蹄	mǎ tí	horse's hoof	noun
wl_02086	缔造	dì zào	create; establish	verb
wl_02087	拘泥	jū nì	rigidly adhere to	verb
wl_02088	凄凉	qī liáng	mournful; desolate	adjective
wl_02089	凄惨	qī cǎn	miserable; tragic	adjective
wl_02090	肚脐	dù qí	navel; belly button	noun
wl_02091	栖息	qī xī	inhabit; dwell	verb
wl_02092	犀牛	xī niú	rhinoceros	noun
wl_02093	撕毁	sī huǐ	tear up; rip apart	verb
wl_02094	闺房	guī fáng	a woman's private chamber	noun
wl_02095	鲑鱼	guī yú	salmon	noun
wl_02096	无稽之谈	wú jī zhī tán	Describes a statement with no factual basis.	idiom
wl_02097	溪流	xī liú	stream	noun
wl_02098	端倪	duān ní	clue; indication	noun
wl_02099	奚落	xī luò	mock; ridicule	verb
wl_02100	府邸	fǔ dǐ	mansion; grand residence	noun
wl_02101	救济	jiù jì	provide relief to people in need	verb
wl_02102	大米	dà mǐ	rice, with the husk removed	noun
wl_02103	皇帝	huáng dì	emperor	noun
wl_02104	喷嚏	pēn tì	sneeze	noun
wl_02105	真谛	zhēn dì	true meaning; essence	noun
wl_02106	剃头	tì tóu	have one's hair cut or head shaved	verb
wl_02107	暴戾	bào lì	violent and cruel	adjective
wl_02108	急切	jí qiè	eager; impatient	adjective
wl_02109	恩惠	ēn huì	kindness; favor	noun
wl_02110	谜语	mí yǔ	riddle	noun
wl_02111	媲美	pì měi	rival; be comparable to	verb
wl_02112	栽培	zāi péi	grow; cultivate plants	verb
wl_02113	言简意赅	yán jiǎn yì gāi	Describes expression that is concise yet complete.	idiom
wl_02114	尘埃	chén āi	dust	noun
wl_02115	乃至	nǎi zhì	and even; to the extent of	conjunction
wl_02116	采摘	cǎi zhāi	pick; harvest fruit or flowers	verb
wl_02117	风采	fēng cǎi	charm; graceful bearing	noun
wl_02118	彩色	cǎi sè	colored; multicolored	adjective
wl_02119	彩带	cǎi dài	colored ribbon; streamer	noun
wl_02120	凯旋	kǎi xuán	to return in triumph; to return victorious	verb
wl_02121	爱戴	ài dài	love and respect	verb
wl_02122	借贷	jiè dài	borrow or lend money	verb
wl_02123	青睐	qīng lài	favor; favorable attention	noun
wl_02124	塞车	sāi chē	traffic jam	noun
wl_02125	感慨	gǎn kǎi	feel deeply moved	verb
wl_02126	颓废	tuí fèi	dispirited; dejected	adjective
wl_02127	打雷	dǎ léi	thunder; sound with thunder	verb
wl_02128	傀儡	kuǐ lěi	puppet	noun
wl_02129	催促	cuī cù	urge; hurry someone along	verb
wl_02130	魁梧	kuí wú	tall and sturdy	adjective
wl_02131	桅杆	wéi gān	mast	noun
wl_02132	回旋	huí xuán	circle; swirl	verb
wl_02133	依偎	yī wēi	nestle against; snuggle up to	verb
wl_02134	茶杯	chá bēi	teacup	noun
wl_02135	梅花	méi huā	plum blossom	noun
wl_02136	煤炭	méi tàn	coal	noun
wl_02137	气馁	qì něi	be discouraged; lose heart	verb
wl_02138	花蕾	huā lěi	flower bud	noun
wl_02139	璀璨	cuǐ càn	brilliant; dazzling	adjective
wl_02140	石块	shí kuài	stone	noun
wl_02141	教诲	jiào huì	teachings; earnest guidance	noun
wl_02142	晦气	huì qì	bad luck	noun
wl_02143	溃疡	kuì yáng	ulcer	noun
wl_02144	前辈	qián bèi	senior colleague; member of an older generation	noun
wl_02145	悖论	bèi lùn	paradox	noun
wl_02146	愚昧	yú mèi	ignorant; unenlightened	adjective
wl_02147	车轮	chē lún	wheel	noun
wl_02148	伦理	lún lǐ	ethics	noun
wl_02149	鱼鳞	yú lín	fish scales	noun
wl_02150	沦陷	lún xiàn	fall into enemy hands	verb
wl_02151	亲家	qìng jia	parents of one's child's spouse	noun
wl_02152	驯养	xùn yǎng	raise and train animals	verb
wl_02153	振奋	zhèn fèn	inspire; lift one's spirits	verb
wl_02154	甄选	zhēn xuǎn	carefully select	verb
wl_02155	淳朴	chún pǔ	simple and honest; guileless	adjective
wl_02156	时辰	shí chen	traditional two-hour period	noun
wl_02157	大臣	dà chén	minister in an imperial court	noun
wl_02158	纯净	chún jìng	pure; clean	adjective
wl_02159	鹌鹑	ān chún	quail	noun
wl_02160	伸展	shēn zhǎn	stretch; extend	verb
wl_02161	呻吟	shēn yín	groan; moan	verb
wl_02162	神仙	shén xiān	immortal; divine being	noun
wl_02163	千钧一发	qiān jūn yī fà	Describes a situation in extreme and imminent danger.	idiom
wl_02164	均匀	jūn yún	even; uniform	adjective
wl_02165	海滨	hǎi bīn	seaside; coast	noun
wl_02166	缤纷	bīn fēn	colorful; richly varied	adjective
wl_02167	湿疹	shī zhěn	eczema	noun
wl_02168	肾脏	shèn zàng	kidney	noun
wl_02169	蚯蚓	qiū yǐn	earthworm	noun
wl_02170	吝啬	lìn sè	stingy; miserly	adjective
wl_02171	晋升	jìn shēng	get promoted to a higher position	verb
wl_02172	骏马	jùn mǎ	fine horse	noun
wl_02173	殉职	xùn zhí	die in the line of duty	verb
wl_02174	打盹	dǎ dǔn	doze; nod off	verb
wl_02175	刀刃	dāo rèn	knife blade	noun
wl_02176	滋润	zī rùn	moisten; nourish with moisture	verb
wl_02177	韧性	rèn xìng	toughness; resistance to breaking	noun
wl_02178	鬓角	bìn jiǎo	hair at the temples; sideburns	noun
wl_02179	栗子	lì zi	chestnut	noun
wl_02180	唧唧	jī jī	chirp chirp, an insect sound	onomatopoeia
wl_02181	体恤	tǐ xù	show sympathetic concern for	verb
wl_02182	蟋蟀	xī shuài	cricket, the insect	noun
wl_02183	吉祥	jí xiáng	auspicious; bringing good fortune	adjective
wl_02184	拮据	jié jū	short of money; in financial difficulty	adjective
wl_02185	安逸	ān yì	comfortable; easy	adjective
wl_02186	溢出	yì chū	overflow; spill over	verb
wl_02187	静谧	jìng mì	quiet; tranquil	adjective
wl_02188	蜂蜜	fēng mì	honey	noun
wl_02189	缝纫	féng rèn	sew	verb
wl_02190	填写	tián xiě	to fill in a form	verb
wl_02191	陈旧	chén jiù	old; worn; outdated	adjective
wl_02192	趁机	chèn jī	take the opportunity to	verb
wl_02193	白银	bái yín	silver	noun
wl_02194	彬彬有礼	bīn bīn yǒu lǐ	Describes someone whose behavior is refined and courteous.	idiom
wl_02195	陨石	yǔn shí	meteorite	noun
wl_02196	敏捷	mǐn jié	nimble; agile	adjective
wl_02197	窘迫	jiǒng pò	embarrassed; at a loss	adjective
wl_02198	阵地	zhèn dì	military position	noun
wl_02199	茁壮	zhuó zhuàng	healthy and strong; thriving	adjective
wl_02200	瑟瑟	sè sè	trembling; shivering	adjective
wl_02201	虱子	shī zi	louse; lice	noun
wl_02202	吞咽	tūn yàn	swallow	verb
wl_02203	树根	shù gēn	tree roots	noun
wl_02204	恩情	ēn qíng	kindness	noun
wl_02205	开垦	kāi kěn	clear land for cultivation	verb
wl_02206	诚恳	chéng kěn	sincere; earnest	adjective
wl_02207	海豚	hǎi tún	dolphin	noun
wl_02208	混沌	hùn dùn	primal chaos in creation myths	noun
wl_02209	子孙	zǐ sūn	descendants; posterity	noun
wl_02210	乾坤	qián kūn	heaven and earth; the universe	noun
wl_02211	黄昏	huáng hūn	dusk	noun
wl_02212	喷水	pēn shuǐ	spray water	verb
wl_02213	鳟鱼	zūn yú	trout	noun
wl_02214	棍棒	gùn bàng	club; stout stick	noun
wl_02215	谦逊	qiān xùn	modest; humble	adjective
wl_02216	咄咄逼人	duō duō bī rén	Describes an overbearing and intimidating attitude.	idiom
wl_02217	凸显	tū xiǎn	highlight; make prominent	verb
wl_02218	木屑	mù xiè	wood shavings; sawdust	noun
wl_02219	光滑	guāng huá	glossy; sleek; smooth	adjective
wl_02220	突兀	tū wù	abrupt; unexpected	adjective
wl_02221	恍惚	huǎng hū	dazed; distracted	adjective
wl_02222	勃发	bó fā	sprout vigorously; flourish	verb
wl_02223	筋骨	jīn gǔ	muscles and bones; physique	noun
wl_02224	牙龈	yá yín	gums	noun
wl_02225	芹菜	qín cài	celery	noun
wl_02226	勤奋	qín fèn	diligent; hardworking	adjective
wl_02227	口吃	kǒu chī	stutter; stammer	noun
wl_02228	乞讨	qǐ tǎo	beg for food or money	verb
wl_02229	屹立	yì lì	to tower	verb
wl_02230	迄今	qì jīn	so far; to date	adverb
wl_02231	君子	jūn zǐ	person of noble character	noun
wl_02232	功勋	gōng xūn	distinguished contribution; meritorious service	noun
wl_02233	蕴含	yùn hán	contain; carry within	verb
wl_02234	云彩	yún cai	cloud	noun
wl_02235	芸芸众生	yún yún zhòng shēng	Describes the multitude of ordinary people	idiom
wl_02236	耕耘	gēng yún	to cultivate land; to till	verb
wl_02237	本分	běn fèn	one's duty; proper responsibility	noun
wl_02238	焚烧	fén shāo	to burn; to incinerate	verb
wl_02239	颁布	bān bù	to promulgate; to formally issue	verb
wl_02240	氛围	fēn wéi	atmosphere; ambience	noun
wl_02241	蚊子	wén zi	mosquito	noun
wl_02242	花纹	huā wén	decorative pattern	noun
wl_02243	芬芳	fēn fāng	fragrance; fragrant	noun
wl_02244	酝酿	yùn niàng	to develop an idea; to prepare through deliberation	verb
wl_02245	粉末	fěn mò	fine powder	noun
wl_02246	押韵	yā yùn	to rhyme	verb
wl_02247	粪便	fèn biàn	feces; excrement	noun
wl_02248	拚命	pàn mìng	to exert oneself desperately; with all one's might	verb
wl_02249	紊乱	wěn luàn	disordered; chaotic	adjective
wl_02250	佛教	fó jiào	Buddhism	noun
wl_02251	请勿	qǐng wù	please do not	phrase
wl_02252	拂晓	fú xiǎo	daybreak; dawn	noun
wl_02253	倔强	jué jiàng	stubborn; unyielding	adjective
wl_02254	崛起	jué qǐ	to rise to prominence; emergence	verb
wl_02255	端正	duān zhèng	upright; proper and correct	adjective
wl_02256	湍急	tuān jí	rapid and forceful, of flowing water	adjective
wl_02257	叹气	tàn qì	to sigh	verb
wl_02258	分摊	fēn tān	to share a cost or responsibility	verb
wl_02259	论坛	lùn tán	forum; discussion platform	noun
wl_02260	难民	nàn mín	refugee	noun
wl_02261	山峦	shān luán	mountain peaks; ranges of hills	noun
wl_02262	兰花	lán huā	orchid	noun
wl_02263	波澜	bō lán	waves; billows	noun
wl_02264	阻拦	zǔ lán	to block; to stop someone from proceeding	verb
wl_02265	栏杆	lán gān	railing	noun
wl_02266	蹒跚	pán shān	to walk unsteadily; to hobble	verb
wl_02267	酸味	suān wèi	sour taste	noun
wl_02268	酸痛	suān tòng	sore and aching	adjective
wl_02269	奸诈	jiān zhà	treacherous; deceitful	adjective
wl_02270	竹竿	zhú gān	bamboo pole	noun
wl_02271	衣冠	yī guān	clothing and headgear	noun
wl_02272	贯穿	guàn chuān	to run through; to pass all the way through	verb
wl_02273	干燥	gān zào	dry; arid	adjective
wl_02274	刊登	kān dēng	to publish (in a newspaper or magazine)	verb
wl_02275	鼾声	hān shēng	snoring sound	noun
wl_02276	流汗	liú hàn	to sweat	verb
wl_02277	可汗	kè hán	khan, a historical ruler's title	noun
wl_02278	丸子	wán zi	food ball; small round dumpling	noun
wl_02279	盘旋	pán xuán	to circle	verb
wl_02280	馒头	mán tou	steamed bun, usually unfilled	noun
wl_02281	藤蔓	téng wàn	vine; climbing stem	noun
wl_02282	鳗鱼	mán yú	eel	noun
wl_02283	曼妙	màn miào	graceful and beautiful	adjective
wl_02284	搅拌	jiǎo bàn	to stir; to mix	verb
wl_02285	袒护	tǎn hù	to shield someone improperly from criticism or punishment	verb
wl_02286	绸缎	chóu duàn	silk fabric; silks and satins	noun
wl_02287	懒惰	lǎn duò	lazy	adjective
wl_02288	卵子	luǎn zǐ	ovum; egg cell	noun
wl_02289	散文	sǎn wén	literary prose; essay	noun
wl_02290	雨伞	yǔ sǎn	umbrella	noun
wl_02291	款式	kuǎn shi	style; design of an article	noun
wl_02292	干旱	gān hàn	drought	noun
wl_02293	延缓	yán huǎn	to delay; to slow down	verb
wl_02294	感叹	gǎn tàn	to sigh or exclaim with emotion	verb
wl_02295	木炭	mù tàn	charcoal	noun
wl_02296	段落	duàn luò	paragraph	noun
wl_02297	逃窜	táo cuàn	to flee hurriedly; to scurry away	verb
wl_02298	大蒜	dà suàn	garlic	noun
wl_02299	树干	shù gàn	tree trunk	noun
wl_02300	美轮美奂	měi lún měi huàn	Describes magnificent and beautifully constructed buildings.	idiom
wl_02301	焕发	huàn fā	to radiate; to display renewed vitality	verb
wl_02302	浩瀚	hào hàn	vast; immense	adjective
wl_02303	惋惜	wǎn xī	to feel regret or pity	verb
wl_02304	河畔	hé pàn	riverside	noun
wl_02305	水獭	shuǐ tǎ	otter	noun
wl_02306	一小撮	yī xiǎo cuō	a small handful; a small group	phrase
wl_02307	聒噪	guō zào	to make a noisy clamor	verb
wl_02308	切割	qiē gē	to cut; to slice through	verb
wl_02309	宽阔	kuān kuò	wide; broad	adjective
wl_02310	遏制	è zhì	to curb; to check the spread of	verb
wl_02311	拨款	bō kuǎn	fund allocation; to allocate funds	noun
wl_02312	跋涉	bá shè	to trudge through difficult terrain	verb
wl_02313	末尾	mò wěi	end; final part	noun
wl_02314	涂抹	tú mǒ	to apply or spread a substance on a surface	verb
wl_02315	掀开	xiān kāi	to lift open; to uncover	verb
wl_02316	喧哗	xuān huá	to make a noisy hubbub	verb
wl_02317	寒暄	hán xuān	to exchange polite greetings	verb
wl_02318	鸳鸯	yuān yāng	mandarin duck	noun
wl_02319	心不在焉	xīn bù zài yān	Describes being distracted and unable to focus	idiom
wl_02320	冤屈	yuān qū	injustice suffered; unjust treatment	noun
wl_02321	宛如	wǎn rú	just like	verb
wl_02322	蜿蜒	wān yán	to wind; winding or meandering	verb
wl_02323	猿猴	yuán hóu	apes and monkeys	noun
wl_02324	繁荣	fán róng	prosperous; flourishing	adjective
wl_02325	轮番	lún fān	in turn; one after another	adverb
wl_02326	翻滚	fān gǔn	to roll and tumble	verb
wl_02327	鼹鼠	yǎn shǔ	mole, a burrowing mammal	noun
wl_02328	婉转	wǎn zhuǎn	tactful; indirect in expression	adjective
wl_02329	远方	yuǎn fāng	a distant location	noun
wl_02330	猪圈	zhū juàn	pigsty; pigpen	noun
wl_02331	圆圈	yuán quān	circle; circular ring	noun
wl_02332	债券	zhài quàn	bond, a debt security	noun
wl_02333	劝告	quàn gào	advice	noun
wl_02334	歇息	xiē xi	to rest	verb
wl_02335	提拔	tí bá	to promote to a higher position	verb
wl_02336	讨伐	tǎo fá	to launch a punitive military campaign against	verb
wl_02337	竭力	jié lì	with all one's strength; to do one's utmost	adverb
wl_02338	斑点	bān diǎn	spot	noun
wl_02339	班级	bān jí	class, a group of students	noun
wl_02340	攀登	pān dēng	to climb; to scale	verb
wl_02341	撰写	zhuàn xiě	to write; to compose	verb
wl_02342	木板	mù bǎn	board	noun
wl_02343	患病	huàn bìng	to become ill; to suffer illness	verb
wl_02344	印刷	yìn shuā	printing; to print	noun
wl_02345	刮风	guā fēng	to be windy; for wind to blow	verb
wl_02346	手帕	shǒu pà	handkerchief	noun
wl_02347	潺潺	chán chán	murmuring sound of running water	onomatopoeia
wl_02348	山峰	shān fēng	(mountain) peak	noun
wl_02349	空闲	kòng xián	free time; unoccupied	noun
wl_02350	挑拣	tiāo jiǎn	to pick and select	verb
wl_02351	绽放	zhàn fàng	to bloom; to blossom	verb
wl_02352	花瓣	huā bàn	petal	noun
wl_02353	办理	bàn lǐ	to handle official business; to arrange	verb
wl_02354	包扎	bāo zā	to bandage; to bind up a wound	verb
wl_02355	嘎嘎	gā gā	quacking sound	onomatopoeia
wl_02356	搬迁	bān qiān	to relocate; to move premises	verb
wl_02357	诠释	quán shì	to interpret; to explain the meaning of	verb
wl_02358	泉水	quán shuǐ	spring water	noun
wl_02359	仙女	xiān nǚ	fairy; female immortal	noun
wl_02360	山川	shān chuān	mountains and rivers	noun
wl_02361	穿衣	chuān yī	get dressed	verb
wl_02362	蝉联	chán lián	win or hold a title consecutively	verb
wl_02363	扇子	shàn zi	handheld fan	noun
wl_02364	煽动	shān dòng	incite or stir up	verb
wl_02365	船只	chuán zhī	boats or ships	noun
wl_02366	筵席	yán xí	banquet or feast	noun
wl_02367	捐献	juān xiàn	donate or contribute	verb
wl_02368	沿途	yán tú	along the way	adverb
wl_02369	鞭策	biān cè	spur on or encourage	verb
wl_02370	大腹便便	dà fù pián pián	Describes having a large, protruding belly.	idiom
wl_02371	绵延	mián yán	(esp. of a mountain range) to be continuous; to stretch long and unbroken	verb
wl_02372	翩翩	piān piān	gracefully or elegantly	adverb
wl_02373	篇章	piān zhāng	chapter or passage of writing	noun
wl_02374	扁平	biǎn píng	flat	adjective
wl_02375	苔藓	tái xiǎn	moss	noun
wl_02376	阐述	chǎn shù	explain or expound	verb
wl_02377	喘气	chuǎn qì	pant or breathe	verb
wl_02378	衍生	yǎn shēng	give rise to; develop from	verb
wl_02379	缅怀	miǎn huái	remember fondly; honor the memory of	verb
wl_02380	卑贱	bēi jiàn	of low social status	adjective
wl_02381	渲染	xuàn rǎn	shade with washes of color	verb
wl_02382	手绢	shǒu juàn	handkerchief	noun
wl_02383	拙劣	zhuō liè	clumsy and poor in quality	adjective
wl_02384	检阅	jiǎn yuè	inspect or review troops	verb
wl_02385	自传	zì zhuàn	autobiography	noun
wl_02386	缠绕	chán rào	wind around; become entangled	verb
wl_02387	圆形	yuán xíng	circular; round shape	noun
wl_02388	席卷	xí juǎn	sweep through	verb
wl_02389	蜷缩	quán suō	curl up	verb
wl_02390	键盘	jiàn pán	keyboard	noun
wl_02391	试卷	shì juàn	examination paper	noun
wl_02392	卷曲	juǎn qū	curled or rolled up	adjective
wl_02393	辗转	zhǎn zhuǎn	travel indirectly through several places	verb
wl_02394	自转	zì zhuàn	rotation on one's own axis	noun
wl_02395	辨别	biàn bié	to distinguish; to differentiate; to discern; to recognize; to tell	verb
wl_02396	加冕	jiā miǎn	crown a monarch; be crowned	verb
wl_02397	免除	miǎn chú	remove or exempt from	verb
wl_02398	眷属	juàn shǔ	family members or dependents	noun
wl_02399	谚语	yàn yǔ	proverb	noun
wl_02400	呐喊	nà hǎn	shout or cry out loudly	verb
wl_02401	清澈	qīng chè	clear; limpid	adjective
wl_02402	癫狂	diān kuáng	frenzied or wildly uncontrolled	adjective
wl_02403	巅峰	diān fēng	peak or summit	noun
wl_02404	田地	tián dì	field	noun
wl_02405	零分	líng fēn	a score of zero	noun
wl_02406	莲花	lián huā	lotus flower	noun
wl_02407	浅水	qiǎn shuǐ	shallow water	noun
wl_02408	信笺	xìn jiān	letter paper	noun
wl_02409	飞溅	fēi jiàn	splash or scatter through the air	verb
wl_02410	牵挂	qiān guà	miss and worry about someone	verb
wl_02411	眩晕	xuàn yùn	dizziness or vertigo	noun
wl_02412	琴弦	qín xián	string (of a stringed instrument)	noun
wl_02413	圣贤	shèng xián	sages and virtuous people	noun
wl_02414	玄妙	xuán miào	profound and subtle	adjective
wl_02415	燕子	yàn zi	swallow, a bird	noun
wl_02416	深渊	shēn yuān	abyss or deep chasm	noun
wl_02417	咽喉	yān hóu	throat	noun
wl_02418	狼吞虎咽	láng tūn hǔ yàn	Describes eating very quickly and ravenously.	idiom
wl_02419	词典	cí diǎn	dictionary	noun
wl_02420	腼腆	miǎn tiǎn	shy; bashful	adjective
wl_02421	辫子	biàn zi	braid or plait	noun
wl_02422	奠基	diàn jī	lay the foundations	verb
wl_02423	淀粉	diàn fěn	starch	noun
wl_02424	绚烂	xuàn làn	brilliantly colorful	adjective
wl_02425	钢铁	gāng tiě	iron and steel	noun
wl_02426	疖子	jiē zi	boil, a skin lesion	noun
wl_02427	截断	jié duàn	cut through or sever	verb
wl_02428	页面	yè miàn	page	noun
wl_02429	瘪三	biē sān	street loafer or bum	noun
wl_02430	轻蔑	qīng miè	treat with contempt; scorn	verb
wl_02431	瞥见	piē jiàn	catch a glimpse of	verb
wl_02432	滔滔	tāo tāo	surging and rolling continuously	adjective
wl_02433	绦虫	tāo chóng	tapeworm	noun
wl_02434	桃子	táo zi	peach	noun
wl_02435	嚎啕	háo táo	wail loudly	verb
wl_02436	波涛	bō tāo	great or surging waves	noun
wl_02437	勤劳	qín láo	hardworking; industrious; diligent	adjective
wl_02438	水槽	shuǐ cáo	water trough or basin	noun
wl_02439	嘈杂	cáo zá	noisy or clamorous	adjective
wl_02440	牙膏	yá gāo	toothpaste	noun
wl_02441	羊羔	yáng gāo	lamb	noun
wl_02442	咎由自取	jiù yóu zì qǔ	Describes trouble brought about by one's own actions.	idiom
wl_02443	熬夜	áo yè	stay up late	verb
wl_02444	翱翔	áo xiáng	soar in the sky	verb
wl_02445	遨游	áo yóu	roam or travel freely	verb
wl_02446	阻挠	zǔ náo	obstruct or hinder	verb
wl_02447	哀号	āi háo	wail in distress	verb
wl_02448	褒扬	bāo yáng	praise or commend	verb
wl_02449	长袍	cháng páo	long robe	noun
wl_02450	潦倒	liáo dǎo	down on one's luck; in poverty	adjective
wl_02451	水藻	shuǐ zǎo	aquatic algae	noun
wl_02452	跳蚤	tiào zao	flea	noun
wl_02453	造访	zào fǎng	pay a visit	verb
wl_02454	大嫂	dà sǎo	sister-in-law; respectful address for an older woman	noun
wl_02455	好客	hào kè	hospitable	adjective
wl_02456	浩大	hào dà	immense or vast in scale	adjective
wl_02457	懊悔	ào huǐ	feel regret or remorse	verb
wl_02458	襁褓	qiǎng bǎo	swaddling clothes	noun
wl_02459	悼念	dào niàn	mourn or honor the dead	verb
wl_02460	烦躁	fán zào	restless and irritable	adjective
wl_02461	奥妙	ào miào	subtle mystery or secret	noun
wl_02462	凶暴	xiōng bào	fierce and brutal	adjective
wl_02463	瀑布	pù bù	waterfall	noun
wl_02464	抄写	chāo xiě	copy a text by writing	verb
wl_02465	巢穴	cháo xué	nest or animal den	noun
wl_02466	树梢	shù shāo	the tip of a tree; treetop	noun
wl_02467	胶水	jiāo shuǐ	glue	noun
wl_02468	哮喘	xiào chuǎn	asthma	noun
wl_02469	佳肴	jiā yáo	delicious food or fine dish	noun
wl_02470	混淆	hùn xiáo	confuse or mix up	verb
wl_02471	菜肴	cài yáo	cooked dish or dishes	noun
wl_02472	包子	bāo zi	steamed stuffed bun	noun
wl_02473	炮弹	pào dàn	artillery shell	noun
wl_02474	炮制	páo zhì	fabricate or concoct	verb
wl_02475	咆哮	páo xiào	roar	verb
wl_02476	浸泡	jìn pào	soak or steep	verb
wl_02477	水泡	shuǐ pào	blister	noun
wl_02478	炒菜	chǎo cài	to stir-fry dishes	verb
wl_02479	绞痛	jiǎo tòng	cramping pain	noun
wl_02480	饱满	bǎo mǎn	plump	adjective
wl_02481	鲍鱼	bào yú	abalone	noun
wl_02482	口罩	kǒu zhào	face mask	noun
wl_02483	发酵	fā jiào	ferment	verb
wl_02484	地窖	dì jiào	cellar	noun
wl_02485	孝顺	xiào shùn	filial; devoted to one's parents	adjective
wl_02486	猎豹	liè bào	cheetah	noun
wl_02487	面貌	miàn mào	appearance or look	noun
wl_02488	疱疹	pào zhěn	herpes; a blistering eruption	noun
wl_02489	燎原	liáo yuán	spread fire across open country	verb
wl_02490	焦急	jiāo jí	anxious or worried	adjective
wl_02491	逍遥	xiāo yáo	free and carefree	adjective
wl_02492	哨子	shào zi	whistle, an instrument	noun
wl_02493	云霄	yún xiāo	the sky or heavens	noun
wl_02494	饶恕	ráo shù	forgive or pardon	verb
wl_02495	跷跷板	qiāo qiāo bǎn	seesaw	noun
wl_02496	摇晃	yáo huàng	to rock; to shake; to sway	verb
wl_02497	陶瓷	táo cí	ceramics	noun
wl_02498	飘扬	piāo yáng	to flutter	verb
wl_02499	漂泊	piāo bó	wander without a settled home	verb
wl_02500	翘首	qiáo shǒu	raise one's head to look eagerly	verb
wl_02501	年少	nián shào	young; youthful	adjective
wl_02502	渺茫	miǎo máng	slim or uncertain	adjective
wl_02503	秒钟	miǎo zhōng	second, a unit of time	noun
wl_02504	峭壁	qiào bì	steep cliff	noun
wl_02505	俊俏	jùn qiào	good-looking or pretty	adjective
wl_02506	照耀	zhào yào	shine on or illuminate	verb
wl_02507	朝廷	cháo tíng	imperial court	noun
wl_02508	潮湿	cháo shī	damp	adjective
wl_02509	娇嫩	jiāo nèn	delicate and tender	adjective
wl_02510	喧嚣	xuān xiāo	noisy or clamorous	adjective
wl_02511	妖怪	yāo guài	monster or supernatural creature	noun
wl_02512	夭折	yāo zhé	fail or end prematurely	verb
wl_02513	分道扬镳	fēn dào yáng biāo	Describes people parting ways because their goals differ.	idiom
wl_02514	描写	miáo xiě	to describe; to depict; to portray	verb
wl_02515	幼苗	yòu miáo	seedling	noun
wl_02516	桥梁	qiáo liáng	bridge	noun
wl_02517	矫正	jiǎo zhèng	correct or straighten out	verb
wl_02518	刁难	diāo nàn	deliberately make things difficult for someone	verb
wl_02519	雕刻	diāo kè	to carve	verb
wl_02520	凋零	diāo líng	wither and fall	verb
wl_02521	调动	diào dòng	move or deploy personnel	verb
wl_02522	辽阔	liáo kuò	vast or extensive	adjective
wl_02523	缭绕	liáo rào	curl or swirl around	verb
wl_02524	官僚	guān liáo	bureaucratic; bureaucracy	adjective
wl_02525	萧条	xiāo tiáo	bleak or desolate	adjective
wl_02526	骁勇	xiāo yǒng	brave and formidable in battle	adjective
wl_02527	浇水	jiāo shuǐ	water plants	verb
wl_02528	鸟类	niǎo lèi	birds	noun
wl_02529	掉落	diào luò	fall or drop off	verb
wl_02530	窈窕	yǎo tiǎo	graceful and slender	adjective
wl_02531	缴费	jiǎo fèi	pay a fee	verb
wl_02532	皎洁	jiǎo jié	bright and clear	adjective
wl_02533	杳无音信	yǎo wú yīn xìn	Describes receiving no news or communication at all	idiom
wl_02534	吊唁	diào yàn	offer condolences after a death	verb
wl_02535	叫喊	jiào hǎn	shout or shouting	noun
wl_02536	窍门	qiào mén	knack or useful technique	noun
wl_02537	陀螺	tuó luó	spinning top	noun
wl_02538	骆驼	luò tuo	camel	noun
wl_02539	挪动	nuó dòng	move or shift something	verb
wl_02540	萝卜	luó bo	radish (Raphanus sativus), esp. daikon	noun
wl_02541	罗列	luó liè	list or enumerate	verb
wl_02542	骡子	luó zi	mule	noun
wl_02543	螺丝	luó sī	screw	noun
wl_02544	切磋	qiē cuō	compare skills and learn from each other	verb
wl_02545	漩涡	xuán wō	whirlpool	noun
wl_02546	锅子	guō zi	cooking pot or pan	noun
wl_02547	干戈	gān gē	war or armed conflict	noun
wl_02548	蝌蚪	kē dǒu	tadpole	noun
wl_02549	讹诈	é zhà	extort through deceit	verb
wl_02550	飞蛾	fēi é	moth	noun
wl_02551	天鹅	tiān é	swan	noun
wl_02552	负荷	fù hè	load or burden	noun
wl_02553	波浪	bō làng	wave	noun
wl_02554	婆婆	pó po	elderly woman	noun
wl_02555	山坡	shān pō	hillside	noun
wl_02556	颇为	pō wéi	quite; rather	adverb
wl_02557	枷锁	jiā suǒ	stocks and shackles	noun
wl_02558	花朵	huā duǒ	flower	noun
wl_02559	椭圆	tuǒ yuán	oval or ellipse	noun
wl_02560	舵手	duò shǒu	helmsman	noun
wl_02561	裸露	luǒ lù	bare or exposed	adjective
wl_02562	琐碎	suǒ suì	trivial and fragmented	adjective
wl_02563	坎坷	kǎn kě	hardships or setbacks	noun
wl_02564	颗粒	kē lì	small particle or granule	noun
wl_02565	祸害	huò hài	harm or damaging effects	noun
wl_02566	跛	bǒ	lame; limping	adjective
wl_02567	颠簸	diān bǒ	jolt; bump up and down	verb
wl_02568	唾弃	tuò qì	spurn or despise	verb
wl_02569	辅佐	fǔ zuǒ	assist a ruler or superior	verb
wl_02570	爹娘	diē niáng	father and mother; parents	noun
wl_02571	茶叶	chá yè	tea leaves	noun
wl_02572	渣滓	zhā zǐ	residue or dregs	noun
wl_02573	纱布	shā bù	gauze	noun
wl_02574	遮盖	zhē gài	cover or conceal	verb
wl_02575	假若	jiǎ ruò	if; supposing that	conjunction
wl_02576	西瓜	xī guā	watermelon	noun
wl_02577	跨越	kuà yuè	cross over	verb
wl_02578	发芽	fā yá	sprout or germinate	verb
wl_02579	遐想	xiá xiǎng	reverie or imaginative thoughts	noun
wl_02580	划船	huá chuán	row a boat	verb
wl_02581	划算	huá suàn	economical or good value	adjective
wl_02582	虾仁	xiā rén	peeled shrimp	noun
wl_02583	斜坡	xié pō	slope	noun
wl_02584	椰子	yē zi	coconut	noun
wl_02585	爬山	pá shān	hike or climb a mountain	verb
wl_02586	蛤蟆	há ma	frog or toad	noun
wl_02587	腹泻	fù xiè	diarrhea	noun
wl_02588	舍弃	shě qì	give up or abandon	verb
wl_02589	惹事	rě shì	cause trouble	verb
wl_02590	瓦片	wǎ piàn	tile	noun
wl_02591	诧异	chà yì	astonished or surprised	adjective
wl_02592	榨取	zhà qǔ	extract by squeezing	verb
wl_02593	甘蔗	gān zhe	sugar cane	noun
wl_02594	出嫁	chū jià	marry, of a woman	verb
wl_02595	闲暇	xián xiá	leisure or free time	noun
wl_02596	射箭	shè jiàn	shoot arrows; archery	verb
wl_02597	霸道	bà dào	domineering or overbearing	adjective
wl_02598	靶子	bǎ zi	target	noun
wl_02599	动荡	dòng dàng	social unrest or instability	noun
wl_02600	池塘	chí táng	pond	noun
wl_02601	螳螂	táng láng	mantis	noun
wl_02602	囊括	náng kuò	encompass or include	verb
wl_02603	赃款	zāng kuǎn	illicit or stolen money	noun
wl_02604	沧桑	cāng sāng	great changes over time	noun
wl_02605	宝藏	bǎo zàng	hidden treasure	noun
wl_02606	丧事	sāng shì	funeral arrangements and mourning rites	noun
wl_02607	高亢	gāo kàng	high and resonant	adjective
wl_02608	膀胱	páng guāng	urinary bladder	noun
wl_02609	横行	héng xíng	to run rampant; to behave lawlessly	verb
wl_02610	荒地	huāng dì	uncultivated land; wasteland	noun
wl_02611	惶恐	huáng kǒng	fearful and uneasy	adjective
wl_02612	彷徨	páng huáng	to hesitate in uncertainty	verb
wl_02613	弹簧	tán huáng	spring, a coiled elastic part	noun
wl_02614	品行	pǐn xíng	moral character; conduct	noun
wl_02615	一声不吭	yī shēng bù kēng	Describes remaining completely silent	idiom
wl_02616	装潢	zhuāng huáng	to decorate an interior	verb
wl_02617	傍晚	bàng wǎn	early evening; dusk	noun
wl_02618	茫然	máng rán	bewildered; at a loss	adjective
wl_02619	政党	zhèng dǎng	political party	noun
wl_02620	晃荡	huàng dang	to sway; to rock unsteadily	verb
wl_02621	明朗	míng lǎng	clear and understandable	adjective
wl_02622	广大	guǎng dà	numerous; a broad body of people	adjective
wl_02623	慌张	huāng zhāng	flustered; nervous and hurried	adjective
wl_02624	盎然	àng rán	full of; overflowing with	adjective
wl_02625	蟒蛇	mǎng shé	python, a large snake	noun
wl_02626	旷野	kuàng yě	open wilderness	noun
wl_02627	魂魄	hún pò	soul; spirit	noun
wl_02628	开拓	kāi tuò	to develop; to open up	verb
wl_02629	踱步	duó bù	to pace; to walk slowly	verb
wl_02630	乳酪	rǔ lào	cheese	noun
wl_02631	烙印	lào yìn	lasting imprint; indelible mark	noun
wl_02632	落下	luò xià	to fall; to descend	verb
wl_02633	索取	suǒ qǔ	to request; to demand	verb
wl_02634	轮廓	lún kuò	outline; silhouette	noun
wl_02635	干涸	gān hé	to dry up	verb
wl_02636	薄弱	bó ruò	weak; inadequate	adjective
wl_02637	停泊	tíng bó	to moor; to anchor	verb
wl_02638	锡箔	xī bó	tin foil	noun
wl_02639	莫非	mò fēi	could it be that; surely not	adverb
wl_02640	糟粕	zāo pò	worthless remnants; dross	noun
wl_02641	粮食	liáng shi	grain; staple food	noun
wl_02642	凉爽	liáng shuǎng	cool and refreshing	adjective
wl_02643	将领	jiàng lǐng	high-ranking military officer	noun
wl_02644	豆浆	dòu jiāng	soy milk	noun
wl_02645	抢先	qiǎng xiān	to act ahead of others; to be first	verb
wl_02646	相貌	xiàng mào	facial appearance; looks	noun
wl_02647	涨价	zhǎng jià	to rise in price	verb
wl_02648	肠胃	cháng wèi	stomach and intestines; digestive system	noun
wl_02649	庄严	zhuāng yán	solemn; dignified	adjective
wl_02650	床铺	chuáng pù	bed; bedding	noun
wl_02651	猖狂	chāng kuáng	rampant; brazenly wild	adjective
wl_02652	倡导	chàng dǎo	to advocate; to promote	verb
wl_02653	徜徉	cháng yáng	to stroll leisurely	verb
wl_02654	衣裳	yī shang	clothes; clothing	noun
wl_02655	镶嵌	xiāng qiàn	to inlay; to set into a surface	verb
wl_02656	缰绳	jiāng shéng	reins	noun
wl_02657	框架	kuàng jià	frame; framework	noun
wl_02658	眼眶	yǎn kuàng	eye socket; area around the eye	noun
wl_02659	街坊	jiē fāng	neighbor; people in the neighborhood	noun
wl_02660	芒果	máng guǒ	mango	noun
wl_02661	船桨	chuán jiǎng	oar; paddle	noun
wl_02662	仗义	zhàng yì	righteous; loyal and willing to help	adjective
wl_02663	爽快	shuǎng kuai	straightforward; readily agreeable	adjective
wl_02664	土壤	tǔ rǎng	soil	noun
wl_02665	粗犷	cū guǎng	rough and vigorous; rugged	adjective
wl_02666	响亮	xiǎng liàng	loud and clear; resounding	adjective
wl_02667	冤枉	yuān wang	to wrong; to accuse unjustly	verb
wl_02668	发痒	fā yǎng	to itch; to become itchy	verb
wl_02669	迷惘	mí wǎng	confused; uncertain about one's direction	adjective
wl_02670	纺织	fǎng zhī	spinning and weaving; textile production	noun
wl_02671	酿造	niàng zào	to make through fermentation; to brew	verb
wl_02672	明亮	míng liàng	bright	adjective
wl_02673	掠夺	lüè duó	plunder or looting	noun
wl_02674	酱油	jiàng yóu	soy sauce	noun
wl_02675	工匠	gōng jiàng	craftsman; artisan	noun
wl_02676	膨胀	péng zhàng	to expand; to swell	verb
wl_02677	流畅	liú chàng	fluent; smooth and flowing	adjective
wl_02678	壮大	zhuàng dà	to grow in size and strength	verb
wl_02679	兴旺	xīng wàng	flourishing; prosperous	adjective
wl_02680	荡漾	dàng yàng	to ripple; to undulate gently	verb
wl_02681	狂妄	kuáng wàng	arrogant; conceited	adjective
wl_02682	麻雀	má què	sparrow	noun
wl_02683	爵位	jué wèi	noble title; rank of nobility	noun
wl_02684	喜鹊	xǐ què	magpie	noun
wl_02685	削减	xuē jiǎn	to cut back; to reduce	verb
wl_02686	斟酌	zhēn zhuó	to weigh carefully; to deliberate	verb
wl_02687	灼热	zhuó rè	scorching; intensely hot	adjective
wl_02688	阔绰	kuò chuò	wealthy and lavish with money	adjective
wl_02689	闪烁	shǎn shuò	to glitter; to flicker; to twinkle	verb
wl_02690	溺水	nì shuǐ	to be drowning; to suffer submersion	verb
wl_02691	退却	tuì què	to retreat; to back down	verb
wl_02692	疟疾	nüè jí	malaria	noun
wl_02693	戏谑	xì xuè	to tease playfully; playful banter	verb
wl_02694	狰狞	zhēng níng	ferocious and terrifying in appearance	adjective
wl_02695	瞠目结舌	chēng mù jié shé	Describes being so astonished that one cannot speak.	idiom
wl_02696	牲畜	shēng chù	farm animal; livestock	noun
wl_02697	猩猩	xīng xing	orangutan	noun
wl_02698	外甥	wài shēng	nephew, one's sister's son	noun
wl_02699	荆棘	jīng jí	thorny bushes; thorns	noun
wl_02700	雷鸣	léi míng	rumbling thunder	noun
wl_02701	反省	fǎn xǐng	to reflect on one's own conduct	verb
wl_02702	矿物	kuàng wù	mineral	noun
wl_02703	杏仁	xìng rén	almond	noun
wl_02704	猛烈	měng liè	violent; intense	adjective
wl_02705	蚱蜢	zhà měng	grasshopper	noun
wl_02706	器皿	qì mǐn	vessels; utensils	noun
wl_02707	手柄	shǒu bǐng	handle	noun
wl_02708	光泽	guāng zé	luster; sheen	noun
wl_02709	啧啧	zé zé	tongue-clicking sound expressing admiration	onomatopoeia
wl_02710	狭窄	xiá zhǎi	narrow	adjective
wl_02711	骨骼	gǔ gé	bones	noun
wl_02712	空隙	kòng xì	gap; small space between objects	noun
wl_02713	逆转	nì zhuǎn	to reverse; to turn around a situation	verb
wl_02714	显赫	xiǎn hè	illustrious; prominent	adjective
wl_02715	老伯	lǎo bó	uncle; respectful address for an older man	noun
wl_02716	园丁	yuán dīng	gardener	noun
wl_02717	瞪眼	dèng yǎn	to glare; to stare angrily	verb
wl_02718	橙子	chéng zi	orange, the fruit	noun
wl_02719	风筝	fēng zheng	kite	noun
wl_02720	耕种	gēng zhòng	to cultivate; to till and plant	verb
wl_02721	宏伟	hóng wěi	grand; magnificent	adjective
wl_02722	罂粟	yīng sù	opium poppy	noun
wl_02723	樱花	yīng huā	cherry blossom	noun
wl_02724	萌芽	méng yá	to sprout; to bud	verb
wl_02725	砰砰	pēng pēng	banging or thumping sound	onomatopoeia
wl_02726	坚硬	jiān yìng	hard	adjective
wl_02727	迸发	bèng fā	to burst forth	verb
wl_02728	摘要	zhāi yào	abstract; summary	noun
wl_02729	厄运	è yùn	misfortune; bad luck	noun
wl_02730	小麦	xiǎo mài	wheat	noun
wl_02731	山脉	shān mài	mountain range	noun
wl_02732	蜻蜓	qīng tíng	dragonfly	noun
wl_02733	晴天	qíng tiān	sunny day; clear weather	noun
wl_02734	正午	zhèng wǔ	noon; midday	noun
wl_02735	旺盛	wàng shèng	vigorous; strong and flourishing	adjective
wl_02736	顷刻	qǐng kè	in an instant; very quickly	adverb
wl_02737	倾斜	qīng xié	to tilt; to slope	verb
wl_02738	萦绕	yíng rào	to linger in the mind; to circle around	verb
wl_02739	盈利	yíng lì	to make a profit	verb
wl_02740	水井	shuǐ jǐng	water well	noun
wl_02741	新颖	xīn yǐng	novel; original and fresh	adjective
wl_02742	摒弃	bìng qì	to discard; to reject	verb
wl_02743	招聘	zhāo pìn	to recruit staff	verb
wl_02744	事迹	shì jì	notable deeds; exploits	noun
wl_02745	脊柱	jǐ zhù	spine; spinal column	noun
wl_02746	国籍	guó jí	nationality; citizenship	noun
wl_02747	昔日	xī rì	former days; in the past	noun
wl_02748	潮汐	cháo xī	tides	noun
wl_02749	夕阳	xī yáng	the setting sun	noun
wl_02750	硕士	shuò shì	master's degree; master's graduate	noun
wl_02751	疫情	yì qíng	epidemic situation; outbreak	noun
wl_02752	神采奕奕	shén cǎi yì yì	Describes looking radiant and full of vitality.	idiom
wl_02753	驿站	yì zhàn	historical relay station	noun
wl_02754	腋下	yè xià	armpit; under the arm	noun
wl_02755	蜥蜴	xī yì	lizard	noun
wl_02756	完璧归赵	wán bì guī zhào	Describes returning something intact to its rightful owner.	idiom
wl_02757	开辟	kāi pì	to open up; to develop a new area	verb
wl_02758	偏僻	piān pì	remote; out of the way	adjective
wl_02759	贞洁	zhēn jié	chastity; chaste	noun
wl_02760	逞强	chěng qiáng	to act tough; to overstate one's strength	verb
wl_02761	驰骋	chí chěng	to gallop	verb
wl_02762	郑重	zhèng zhòng	solemn; with serious respect	adjective
wl_02763	投掷	tóu zhì	to throw; to hurl	verb
wl_02764	听力	tīng lì	listening comprehension; ability to hear	noun
wl_02765	订阅	dìng yuè	to subscribe to	verb
wl_02766	亭子	tíng zi	pavilion	noun
wl_02767	羚羊	líng yáng	antelope	noun
wl_02768	铃铛	líng dang	little bell	noun
wl_02769	伶俐	líng lì	clever; quick-witted	adjective
wl_02770	刑罚	xíng fá	punishment	noun
wl_02771	萤火虫	yíng huǒ chóng	firefly	noun
wl_02772	冥想	míng xiǎng	to meditate	verb
wl_02773	鼎盛	dǐng shèng	at the height of prosperity	adjective
wl_02774	泥泞	ní nìng	muddy	adjective
wl_02775	炯炯有神	jiǒng jiǒng yǒu shén	Describes eyes that are bright and full of spirit.	idiom
wl_02776	路径	lù jìng	path; route	noun
wl_02777	水滴	shuǐ dī	water droplet	noun
wl_02778	踢球	tī qiú	play soccer; kick a ball	verb
wl_02779	剔除	tī chú	to remove; to eliminate unwanted items	verb
wl_02780	笛子	dí zi	bamboo flute	noun
wl_02781	洗涤	xǐ dí	to wash; to cleanse	verb
wl_02782	霹雳	pī lì	thunderclap	noun
wl_02783	日历	rì lì	calendar	noun
wl_02784	砂砾	shā lì	grit; sand and small pebbles	noun
wl_02785	寂静	jì jìng	silence; stillness	noun
wl_02786	寻觅	xún mì	to seek; to search for	verb
wl_02787	劈开	pī kāi	to split open	verb
wl_02788	棱角	léng jiǎo	sharp edges and corners	noun
wl_02789	曾孙	zēng sūn	great-grandson	noun
wl_02790	僧人	sēng rén	monk	noun
wl_02791	恒心	héng xīn	perseverance; sustained resolve	noun
wl_02792	凳子	dèng zi	stool	noun
wl_02793	赠送	zèng sòng	to present as a gift	verb
wl_02794	亘古	gèn gǔ	since remote antiquity; ancient	adjective
wl_02795	品德	pǐn dé	moral character	noun
wl_02796	勒令	lè lìng	to order firmly; to compel by order	verb
wl_02797	盗贼	dào zéi	thief; robber	noun
wl_02798	克星	kè xīng	nemesis; natural enemy	noun
wl_02799	墨水	mò shuǐ	ink	noun
wl_02800	陵墓	líng mù	mausoleum; tomb	noun
wl_02801	症结	zhēng jié	crux; root cause of a problem	noun
wl_02802	蒸汽	zhēng qì	steam	noun
wl_02803	乘车	chéng chē	to travel by vehicle	verb
wl_02804	兢兢业业	jīng jīng yè yè	Describes working carefully and conscientiously.	idiom
wl_02805	凝固	níng gù	to solidify; to set	verb
wl_02806	助兴	zhù xìng	to add to the fun; to enliven an occasion	verb
wl_02807	老鹰	lǎo yīng	eagle; hawk	noun
wl_02808	冰雪	bīng xuě	ice and snow	noun
wl_02809	凭借	píng jiè	by means of; to rely on	verb
wl_02810	繁殖	fán zhí	to reproduce; to breed	verb
wl_02811	擦拭	cā shì	to wipe clean	verb
wl_02812	侵蚀	qīn shí	to erode	verb
wl_02813	一亿	yī yì	one hundred million	numeral
wl_02814	翌日	yì rì	the following day	noun
wl_02815	机翼	jī yì	aircraft wing	noun
wl_02816	逼迫	bī pò	to force; to pressure	verb
wl_02817	石榴	shí liu	pomegranate	noun
wl_02818	硫磺	liú huáng	sulfur	noun
wl_02819	抽水	chōu shuǐ	to pump water	verb
wl_02820	稠密	chóu mì	dense; thickly distributed	adjective
wl_02821	筹备	chóu bèi	to prepare; to organize in advance	verb
wl_02822	范畴	fàn chóu	category; domain	noun
wl_02823	忧愁	yōu chóu	worry; sorrow	noun
wl_02824	丘陵	qiū líng	hills; hilly terrain	noun
wl_02825	悠闲	yōu xián	leisurely; relaxed	adjective
wl_02826	漂浮	piāo fú	to float	verb
wl_02827	谬论	miù lùn	fallacious argument; false theory	noun
wl_02828	未雨绸缪	wèi yǔ chóu móu	Describes preparing in advance to prevent future trouble	idiom
wl_02829	计谋	jì móu	stratagem; scheme	noun
wl_02830	仇人	chóu rén	one's personal enemy	noun
wl_02831	纽带	niǔ dài	bond; connecting link	noun
wl_02832	柳树	liǔ shù	willow tree	noun
wl_02833	肘部	zhǒu bù	elbow region	noun
wl_02834	寿命	shòu mìng	lifespan	noun
wl_02835	针灸	zhēn jiǔ	acupuncture and moxibustion	noun
wl_02836	不朽	bù xiǔ	immortal; enduring	adjective
wl_02837	舅舅	jiù jiu	maternal uncle	noun
wl_02838	臼齿	jiù chǐ	molar tooth	noun
wl_02839	秃鹫	tū jiù	vulture	noun
wl_02840	刺绣	cì xiù	embroidery	noun
wl_02841	住宿	zhù sù	accommodation; to lodge	noun
wl_02842	白昼	bái zhòu	daytime	noun
wl_02843	皱纹	zhòu wén	wrinkle	noun
wl_02844	消瘦	xiāo shòu	to become thin; to lose weight	verb
wl_02845	漱口	shù kǒu	to rinse one's mouth	verb
wl_02846	庇佑	bì yòu	to protect or bless	verb
wl_02847	柚子	yòu zi	pomelo	noun
wl_02848	副手	fù shǒu	assistant; second-in-command	noun
wl_02849	骷髅	kū lóu	human skull; skeleton	noun
wl_02850	楼房	lóu fáng	multistory building	noun
wl_02851	篝火	gōu huǒ	bonfire; campfire	noun
wl_02852	钩子	gōu zi	hook	noun
wl_02853	海鸥	hǎi ōu	seagull	noun
wl_02854	陡峭	dǒu qiào	steep; precipitous	adjective
wl_02855	抖动	dǒu dòng	to tremble; to shake	verb
wl_02856	污垢	wū gòu	grime; accumulated dirt	noun
wl_02857	小狗	xiǎo gǒu	pup; puppy	noun
wl_02858	扣除	kòu chú	to deduct	verb
wl_02859	吼叫	hǒu jiào	roar; to roar or yell	noun
wl_02860	深厚	shēn hòu	deep; profound	adjective
wl_02861	牡丹	mǔ dan	tree peony	noun
wl_02862	简陋	jiǎn lòu	crude and simple; poorly equipped	adjective
wl_02863	漏水	lòu shuǐ	to leak water	verb
wl_02864	拼凑	pīn còu	to piece together	verb
wl_02865	茂盛	mào shèng	lush	adjective
wl_02866	针线	zhēn xiàn	needle and thread; sewing supplies	noun
wl_02867	热忱	rè chén	enthusiasm; ardor	noun
wl_02868	深浅	shēn qiǎn	depth; how deep or shallow	noun
wl_02869	淫秽	yín huì	obscene; indecent	adjective
wl_02870	寝室	qǐn shì	bedroom; dormitory room	noun
wl_02871	缉拿	jī ná	to hunt down and arrest	verb
wl_02872	什锦	shí jǐn	assorted; mixed	adjective
wl_02873	皱褶	zhòu zhě	fold; pleat	noun
wl_02874	廿	niàn	twenty, in traditional writing	numeral
wl_02875	人参	rén shēn	ginseng	noun
wl_02876	吟诗	yín shī	to recite poetry	verb
wl_02877	阴天	yīn tiān	overcast day; cloudy weather	noun
wl_02878	弹琴	tán qín	to play a keyboard or stringed instrument	verb
wl_02879	家禽	jiā qín	poultry; domestic fowl	noun
wl_02880	饮水	yǐn shuǐ	to drink water; drinking water	verb
wl_02881	渗透	shèn tòu	to seep into; to permeate	verb
wl_02882	树荫	shù yīn	shade of a tree	noun
wl_02883	羞涩	xiū sè	shy; bashful	adjective
wl_02884	汲取	jí qǔ	to draw from; to absorb	verb
wl_02885	岌岌可危	jí jí kě wēi	Describes something in imminent danger of collapse or failure.	idiom
wl_02886	重担	zhòng dàn	heavy burden; major responsibility	noun
wl_02887	冷淡	lěng dàn	cold and indifferent	adjective
wl_02888	柑橘	gān jú	citrus fruit	noun
wl_02889	甘甜	gān tián	pleasantly sweet	adjective
wl_02890	毛毯	máo tǎn	woolen blanket	noun
wl_02891	包揽	bāo lǎn	to sweep all prizes; to undertake everything	verb
wl_02892	橄榄	gǎn lǎn	olive; Chinese olive	noun
wl_02893	呼喊	hū hǎn	to call out; to shout	verb
wl_02894	俯瞰	fǔ kàn	to look down from a height	verb
wl_02895	糟蹋	zāo tà	to waste; to spoil	verb
wl_02896	砝码	fǎ mǎ	calibrated weight (used with a balance)	noun
wl_02897	俨然	yǎn rán	as if already; unmistakably like	adverb
wl_02898	欠缺	qiàn quē	to lack; to be deficient in	verb
wl_02899	胆怯	dǎn qiè	timid; fearful	adjective
wl_02900	帆船	fān chuán	sailboat	noun
wl_02901	泛滥	fàn làn	to overflow; to flood	verb
wl_02902	规范	guī fàn	standard; norm	noun
wl_02903	广泛	guǎng fàn	extensive; widespread	adjective
wl_02904	太监	tài jiàn	palace eunuch	noun
wl_02905	借鉴	jiè jiàn	to learn from; to draw on experience	verb
wl_02906	鉴别	jiàn bié	to identify by examination; to distinguish	verb
wl_02907	门槛	mén kǎn	doorsill; threshold	noun
wl_02908	匣子	xiá zi	small box; case	noun
wl_02909	押送	yā sòng	to escort a prisoner or valuables	verb
wl_02910	掺杂	chān zá	be mixed with; mingle	verb
wl_02911	缄默	jiān mò	silent; to keep silent	adjective
wl_02912	咸味	xián wèi	salty taste	noun
wl_02913	黯然	àn rán	dejected; sadly	adverb
wl_02914	斩断	zhǎn duàn	to cut off; to sever	verb
wl_02915	夹杂	jiā zá	to be mixed in with	verb
wl_02916	海峡	hǎi xiá	strait; narrow sea passage	noun
wl_02917	镰刀	lián dāo	sickle	noun
wl_02918	纤细	xiān xì	slender; delicate	adjective
wl_02919	瞻仰	zhān yǎng	to view or pay respects reverently	verb
wl_02920	冉冉	rǎn rǎn	slowly and steadily	adverb
wl_02921	收敛	shōu liǎn	to restrain; to tone down	verb
wl_02922	鲜艳	xiān yàn	brightly colored	adjective
wl_02923	睫毛	jié máo	eyelash	noun
wl_02924	树叶	shù yè	tree leaves	noun
wl_02925	粘贴	zhān tiē	to paste; to stick onto a surface	verb
wl_02926	发炎	fā yán	to become inflamed	verb
wl_02927	钳子	qián zi	pliers	noun
wl_02928	谄媚	chǎn mèi	to flatter obsequiously	verb
wl_02929	眼睑	yǎn jiǎn	eyelid	noun
wl_02930	宽广	kuān guǎng	broad; spacious; vast	adjective
wl_02931	惊险	jīng xiǎn	thrilling; perilous	adjective
wl_02932	奄奄一息	yǎn yǎn yī xī	Describes being barely alive and close to death	idiom
wl_02933	贬低	biǎn dī	to belittle; to disparage	verb
wl_02934	节俭	jié jiǎn	frugal; economical	adjective
wl_02935	俺	ǎn	I; me, in regional speech	pronoun
wl_02936	蹑手蹑脚	niè shǒu niè jiǎo	Describes moving quietly and carefully to avoid making noise.	idiom
wl_02937	添加	tiān jiā	to add	verb
wl_02938	恬静	tián jìng	quiet and serene	adjective
wl_02939	兼任	jiān rèn	to hold an additional post concurrently	verb
wl_02940	嫌弃	xián qì	to disdain; to reject as undesirable	verb
wl_02941	补贴	bǔ tiē	subsidy; allowance	noun
wl_02942	折叠	zhé dié	to fold	verb
wl_02943	汗流浃背	hàn liú jiā bèi	Describes sweating so heavily that the back is soaked.	idiom
wl_02944	脸颊	liǎn jiá	cheek	noun
wl_02945	豆荚	dòu jiá	bean pod	noun
wl_02946	惬意	qiè yì	comfortable and contented; pleasant	adjective
wl_02947	挟持	xié chí	to hold hostage; to seize and force	verb
wl_02948	虎视眈眈	hǔ shì dān dān	Describes watching covetously with an intent to seize something.	idiom
wl_02949	信函	xìn hán	letter; correspondence	noun
wl_02950	缆绳	lǎn shéng	mooring rope; cable	noun
wl_02951	勘察	kān chá	to survey; to inspect a site	verb
wl_02952	践踏	jiàn tà	to trample	verb
wl_02953	采纳	cǎi nà	to adopt; to accept a suggestion	verb
wl_02954	拉扯	lā che	to tug; to pull at	verb
wl_02955	混杂	hùn zá	to mix; to mingle	verb
wl_02956	合眼	hé yǎn	to close one's eyes	verb
wl_02957	边门	biān mén	side door	noun
wl_02958	歹徒	dǎi tú	criminal; violent wrongdoer	noun
wl_02959	鸵鸟	tuó niǎo	ostrich	noun
wl_02960	柿子	shì zi	persimmon	noun
wl_02961	烘焙	hōng bèi	to bake	verb
wl_02962	妮子	nī zi	young girl, in regional speech	noun
wl_02963	歪曲	wāi qū	to distort; to misrepresent	verb
wl_02964	撇开	piē kāi	to set aside; to disregard temporarily	verb
wl_02965	砸碎	zá suì	to smash into pieces	verb
wl_02966	挣脱	zhèng tuō	to break free by struggling	verb
wl_02967	砍伐	kǎn fá	to fell trees; to cut down	verb
wl_02968	象棋	xiàng qí	Chinese chess	noun
wl_02969	铲除	chǎn chú	to root out; to eradicate	verb
wl_02970	磁铁	cí tiě	magnet	noun
wl_02971	哗啦	huā lā	crashing or clattering sound	onomatopoeia
wl_02972	砖头	zhuān tou	brick	noun
wl_02973	耙子	pá zi	rake	noun
wl_02974	玛瑙	mǎ nǎo	agate	noun
wl_02975	间接	jiàn jiē	indirect; indirectly	adjective
wl_02976	流淌	liú tǎng	to flow	verb
wl_02977	嚎叫	háo jiào	to howl; to wail	verb
wl_02978	擂台	lèi tái	raised arena; fighting ring	noun
wl_02979	胸膛	xiōng táng	chest; breast	noun
wl_02980	胚胎	pēi tāi	embryo	noun
wl_02981	碟子	dié zi	small plate; saucer	noun
wl_02982	碘酒	diǎn jiǔ	tincture of iodine	noun
wl_02983	碳酸	tàn suān	carbonic acid; carbonation	noun
wl_02984	熔化	róng huà	to melt (of ice, metals etc)	verb
wl_02985	搬运	bān yùn	to carry; to transport	verb
wl_02986	叮当	dīng dāng	jingling sound	onomatopoeia
wl_02987	跺脚	duò jiǎo	to stamp one's feet	verb
wl_02988	马鞍	mǎ ān	saddle	noun
wl_02989	捆绑	kǔn bǎng	to bind; to tie up	verb
wl_02990	炉灶	lú zào	stove; cooking hearth	noun
wl_02991	垄断	lǒng duàn	to monopolize	verb
wl_02992	嘀咕	dí gu	to mutter	verb
wl_02993	喇嘛	lǎ ma	lama, a Tibetan Buddhist religious teacher	noun
wl_02994	杠杆	gàng gǎn	lever	noun
wl_02995	筷子	kuài zi	chopsticks	noun
wl_02996	惦记	diàn jì	to keep someone or something in mind	verb
wl_02997	霉菌	méi jūn	mold	noun
wl_02998	潇洒	xiāo sǎ	free and easy; graceful and unrestrained	adjective
wl_02999	濒临	bīn lín	to be on the verge of	verb
wl_03000	铝	lǚ	aluminum	noun
wl_03001	嗡嗡	wēng wēng	buzzing; humming sound	onomatopoeia
wl_03002	呛	qiāng	to choke on swallowed food or liquid	verb
wl_03003	嗅觉	xiù jué	sense of smell	noun
wl_03004	猖獗	chāng jué	rampant; unchecked	adjective
wl_03005	追溯	zhuī sù	to trace back to an earlier source	verb
wl_03006	倒塌	dǎo tā	to collapse, of a structure	verb
wl_03007	理睬	lǐ cǎi	to pay attention to; to respond to	verb
wl_03008	岔路	chà lù	fork in a road; branching path	noun
wl_03009	铀	yóu	uranium	noun
wl_03010	孢子	bāo zǐ	spore	noun
wl_03011	生锈	shēng xiù	(of metal) to rust; to become rusty	verb
wl_03012	橱柜	chú guì	cupboard; kitchen cabinet	noun
wl_03013	涌现	yǒng xiàn	to emerge in large numbers	verb
wl_03014	烫伤	tàng shāng	to scald; to be burned by hot liquid or an object	verb
wl_03015	愣住	lèng zhù	to freeze in surprise	verb phrase
wl_03016	勾画	gōu huà	to sketch; to outline	verb
wl_03017	瞌睡	kē shuì	drowsiness; to doze	noun
wl_03018	稿件	gǎo jiàn	piece of writing submitted for publication; manuscript; article	noun
wl_03019	蚂蚱	mà zha	grasshopper	noun
wl_03020	船舱	chuán cāng	ship's cabin; interior compartment	noun
wl_03021	佣人	yōng rén	servant; household employee	noun
wl_03022	蠕动	rú dòng	to wriggle; to move with crawling contractions	verb
wl_03023	倘若	tǎng ruò	if; supposing	conjunction
wl_03024	过滤	guò lǜ	to filter	verb
wl_03025	咕噜	gū lu	rumbling or gurgling sound	onomatopoeia
wl_03026	咚咚	dōng dōng	thumping or knocking sound	onomatopoeia
wl_03027	叫嚷	jiào rǎng	to shout loudly	verb
wl_03028	媳妇	xí fù	daughter-in-law	noun
wl_03029	鸟窝	niǎo wō	bird's nest	noun
wl_03030	外壳	wài ké	outer casing; shell	noun
wl_03031	礁石	jiāo shí	reef	noun
wl_03032	啪啪	pā pā	a series of sharp popping sounds	onomatopoeia
wl_03033	发呆	fā dāi	to stare blankly; to be in a daze	verb
wl_03034	抛锚	pāo máo	to break down, of a vehicle	verb
wl_03035	女婿	nǚ xu	son-in-law; daughter's husband	noun
wl_03036	包袱	bāo fu	cloth-wrapped bundle	noun
wl_03037	吆喝	yāo he	to call out loudly, especially to sell goods	verb
wl_03038	晒太阳	shài tài yáng	to bask in the sun	verb
wl_03039	水坝	shuǐ bà	dam	noun
wl_03040	拷问	kǎo wèn	to interrogate by torture	verb
wl_03041	拆开	chāi kāi	to open; to unpack	verb
wl_03042	婶婶	shěn shen	aunt, wife of one's father's younger brother	noun
wl_03043	蟑螂	zhāng láng	cockroach	noun
wl_03044	菠菜	bō cài	spinach	noun
wl_03045	褪色	tuì sè	to fade in color	verb
wl_03046	乒乓球	pīng pāng qiú	table tennis	noun
wl_03047	扼杀	è shā	to stifle; to destroy at an early stage	verb
wl_03048	氯气	lǜ qì	chlorine gas	noun
wl_03049	氢气	qīng qì	hydrogen gas	noun
wl_03050	煮饭	zhǔ fàn	to cook a meal	verb
wl_03051	教唆	jiào suō	to incite; to instigate	verb
wl_03052	瘸腿	qué tuǐ	to be lame in one leg	verb
wl_03053	树杈	shù chà	fork of a tree branch	noun
wl_03054	庄稼	zhuāng jia	farm crop	noun
wl_03055	麝香	shè xiāng	musk	noun
wl_03056	蛊惑	gǔ huò	to mislead; to lead astray	verb
wl_03057	淤泥	yū ní	silt; sludge	noun
wl_03058	讣告	fù gào	obituary; death notice	noun
wl_03059	马驹	mǎ jū	foal; young horse	noun
wl_03060	方才	fāng cái	just now	adverb
wl_03061	豺狼	chái láng	jackals and wolves	noun
wl_03062	揩油	kāi yóu	to skim off benefits for oneself	verb
wl_03063	狭隘	xiá ài	narrow-minded; limited in outlook	adjective
wl_03064	造诣	zào yì	attainment; mastery	noun
wl_03065	诙谐	huī xié	humorous; witty	adjective
wl_03066	茴香	huí xiāng	fennel	noun
wl_03067	刽子手	guì zi shǒu	executioner	noun
wl_03068	栀子花	zhī zi huā	gardenia flower	noun
wl_03069	羁绊	jī bàn	constraint; fetter	noun
wl_03070	痴呆	chī dāi	dementia	noun
wl_03071	痔疮	zhì chuāng	hemorrhoids	noun
wl_03072	痣	zhì	mole, a skin mark	noun
wl_03073	麾下	huī xià	under someone's command; subordinates	noun
wl_03074	害臊	hài sào	to feel bashful	verb
