id	word	pinyin	meaning	pos
wl_03075	壕沟	háo gōu	trench; ditch	noun
wl_03076	捎带	shāo dài	to bring along incidentally	verb
wl_03077	铰链	jiǎo liàn	hinge	noun
wl_03078	藐视	miǎo shì	to look down on; to despise	verb
wl_03079	铁锹	tiě qiāo	shovel	noun
wl_03080	桡骨	ráo gǔ	radius, a forearm bone	noun
wl_03081	荞麦	qiáo mài	buckwheat	noun
wl_03082	蒸馏	zhēng liú	to distill	verb
wl_03083	千秋	qiān qiū	a thousand years; ages	noun
wl_03084	扫帚	sào zhou	broom	noun
wl_03085	坍塌	tān tā	to collapse	verb
wl_03086	泔水	gān shuǐ	slops; food waste mixed with water	noun
wl_03087	镊子	niè zi	tweezers; forceps	noun
wl_03088	歼灭	jiān miè	to annihilate; to wipe out	verb
wl_03089	赡养	shàn yǎng	to support elderly dependents	verb
wl_03090	阉割	yān gē	to castrate	verb
wl_03091	梦魇	mèng yǎn	nightmare	noun
wl_03092	屋檐	wū yán	eaves	noun
wl_03093	掂量	diān liang	to weigh in the hand	verb
wl_03094	租赁	zū lìn	rental; leasing	noun
wl_03095	妊娠	rèn shēn	pregnancy; gestation	noun
wl_03096	扳手	bān shǒu	wrench; spanner	noun
wl_03097	疝气	shàn qì	hernia	noun
wl_03098	鳖	biē	softshell turtle	noun
wl_03099	憋气	biē qì	to hold one's breath	verb
wl_03100	分娩	fēn miǎn	to give birth	verb
wl_03101	癣	xuǎn	ringworm	noun
wl_03102	垂涎	chuí xián	to salivate over; to crave	verb
wl_03103	膳食	shàn shí	meals; diet	noun
wl_03104	孑然	jié rán	alone; solitary	adjective
wl_03105	掮客	qián kè	broker; intermediary	noun
wl_03106	肌腱	jī jiàn	tendon	noun
wl_03107	蝎子	xiē zi	scorpion	noun
wl_03108	蔫	niān	to wilt	verb
wl_03109	拾掇	shí duo	to tidy up	verb
wl_03110	积攒	jī zǎn	to save little by little	verb
wl_03111	豌豆	wān dòu	pea	noun
wl_03112	篡夺	cuàn duó	to usurp; to seize illegitimately	verb
wl_03113	颧骨	quán gǔ	cheekbone	noun
wl_03114	昏厥	hūn jué	to faint	verb
wl_03115	殡葬	bìn zàng	funeral and burial	noun
wl_03116	泯灭	mǐn miè	to disappear; to be obliterated	verb
wl_03117	榛子	zhēn zi	hazelnut	noun
wl_03118	诘问	jié wèn	to question sharply; to interrogate	verb
wl_03119	馄饨	hún tun	wonton	noun
wl_03120	囤积	tún jī	to stockpile; to hoard	verb
wl_03121	相形见绌	xiāng xíng jiàn chù	Describes something that looks inferior by comparison.	idiom
wl_03122	熏陶	xūn táo	nurturing influence	noun
wl_03123	诽谤	fěi bàng	to slander; to libel	verb
wl_03124	杠铃	gàng líng	barbell	noun
wl_03125	铬	gè	chromium	noun
wl_03126	无恙	wú yàng	safe and well; unharmed	adjective
wl_03127	藿香	huò xiāng	wrinkled giant hyssop	noun
wl_03128	蝗虫	huáng chóng	locust	noun
wl_03129	核实	hé shí	to verify; to check	verb
wl_03130	戟	jǐ	halberd	noun
wl_03131	姘头	pīn tou	illicit lover, derogatory usage	noun
wl_03132	瞳孔	tóng kǒng	pupil of the eye	noun
wl_03133	汞	gǒng	mercury	noun
wl_03134	起哄	qǐ hòng	to create a rowdy disturbance; to heckle	verb
wl_03135	冗长	rǒng cháng	long and tedious; verbose	adjective
wl_03136	焊接	hàn jiē	to weld	verb
wl_03137	衣钵	yī bō	legacy; mantle of a teacher	noun
wl_03138	暧昧	ài mèi	ambiguous; equivocal	adjective
wl_03139	氨水	ān shuǐ	aqueous ammonia; ammonia solution	noun
wl_03140	水泵	shuǐ bèng	water pump	noun
wl_03141	匕首	bǐ shǒu	dagger	noun
wl_03142	娼妓	chāng jì	prostitute, older terminology	noun
wl_03143	抽搐	chōu chù	to twitch; to convulse	verb
wl_03144	龌龊	wò chuò	vile; despicable	adjective
wl_03145	啐	cuì	to sip, old usage	verb
wl_03146	耷拉	dā la	to droop; to hang down	verb
wl_03147	氮气	dàn qì	nitrogen gas	noun
wl_03148	诋毁	dǐ huǐ	to vilify; to slander	verb
wl_03149	屌	diǎo	penis, vulgar usage	noun
wl_03150	绯闻	fēi wén	rumor of a romantic affair	noun
wl_03151	狒狒	fèi fèi	baboon	noun
wl_03152	钙	gài	calcium (chemistry)	noun
wl_03153	皈依	guī yī	to convert to a religion	verb
wl_03154	鹈鹕	tí hú	pelican	noun
wl_03155	蛔虫	huí chóng	roundworm	noun
wl_03156	觊觎	jì yú	to covet	verb
wl_03157	矜持	jīn chí	reserved; restrained in manner	adjective
wl_03158	杀一儆百	shā yī jǐng bǎi	Describes punishing one person to warn and deter others.	idiom
wl_03159	莴苣	wō jù	lettuce	noun
wl_03160	铠甲	kǎi jiǎ	armor	noun
wl_03161	邋遢	lā ta	unkempt; untidy	adjective
wl_03162	阔佬	kuò lǎo	wealthy person, colloquial usage	noun
wl_03163	姥姥	lǎo lao	maternal grandmother	noun
wl_03164	咖喱	gā lí	curry	noun
wl_03165	踉跄	liàng qiàng	to stagger	verb
wl_03166	獠牙	liáo yá	tusk; fang	noun
wl_03167	镣铐	liào kào	shackles and handcuffs	noun
wl_03168	蹂躏	róu lìn	to ravage; to devastate	verb
wl_03169	痉挛	jìng luán	spasm; convulsion	noun
wl_03170	猛犸	měng mǎ	mammoth	noun
wl_03171	谩骂	màn mà	to hurl abuse	verb
wl_03172	广袤	guǎng mào	vast; extensive	adjective
wl_03173	缥缈	piāo miǎo	faint and indistinct; misty	adjective
wl_03174	瞑目	míng mù	to close one's eyes	verb
wl_03175	苜蓿	mù xu	alfalfa	noun
wl_03176	磐石	pán shí	large rock; boulder	noun
wl_03177	抨击	pēng jī	to attack in speech or writing	verb
wl_03178	癖好	pǐ hào	strong personal hobby; obsession	noun
wl_03179	洁癖	jié pǐ	obsession with cleanliness	noun
wl_03180	蹊径	xī jìng	path; alternative way	noun
wl_03181	黔驴技穷	qián lǘ jì qióng	Describes exhausting one's limited abilities or tricks.	idiom
wl_03182	酋长	qiú zhǎng	tribal chief	noun
wl_03183	睿智	ruì zhì	wise and farsighted	adjective
wl_03184	海市蜃楼	hǎi shì shèn lóu	mirage; illusion	idiom
wl_03185	骰子	tóu zi	die; dice	noun
wl_03186	霰弹	xiàn dàn	shot; shotgun ammunition	noun
wl_03187	自诩	zì xǔ	to boast of; to style oneself as	verb
wl_03188	胭脂	yān zhī	rouge	noun
wl_03189	湮没	yān mò	to be buried; to disappear from view	verb
wl_03190	湮灭	yān miè	to fade into oblivion	verb
wl_03191	熠熠	yì yì	glittering; shining	adjective
wl_03192	臆测	yì cè	to conjecture without adequate evidence	verb
wl_03193	荧屏	yíng píng	television screen	noun
wl_03194	蝾螈	róng yuán	salamander; newt	noun
wl_03195	殒命	yǔn mìng	to perish; to die	verb
wl_03196	崽子	zǎi zi	animal offspring	noun
wl_03197	砧板	zhēn bǎn	cutting board	noun
wl_03198	水蛭	shuǐ zhì	leech	noun
wl_03199	抬举	tái ju	to honor; to think highly of	verb
wl_03200	商榷	shāng què	to discuss; to consider carefully	verb
wl_03201	锃亮	zèng liàng	shiny; gleaming	adjective
wl_03202	掰开	bāi kāi	to pull apart with the hands	verb
wl_03203	桉树	ān shù	eucalyptus tree	noun
wl_03204	鏖战	áo zhàn	fierce battle; hard-fought contest	noun
wl_03205	裤衩	kù chǎ	underpants	noun
wl_03206	孱弱	chán ruò	frail; weak	adjective
wl_03207	鞭笞	biān chī	to flog; to whip	verb
wl_03208	鞠躬尽瘁	jū gōng jìn cuì	Describes devoting all one's strength to a duty or cause.	idiom
wl_03209	哒哒	dā dā	a repeated tapping sound	onomatopoeia
wl_03210	疙瘩	gē da	knot; lump	noun
wl_03211	裤裆	kù dāng	crotch of trousers	noun
wl_03212	碉堡	diāo bǎo	blockhouse; pillbox	noun
wl_03213	铤而走险	tǐng ér zǒu xiǎn	Describes taking a dangerous risk under pressure.	idiom
wl_03214	哆嗦	duō suo	to shiver; to tremble	verb
wl_03215	军阀	jūn fá	warlord	noun
wl_03216	腓骨	féi gǔ	fibula	noun
wl_03217	旮旯	gā lá	corner; nook	noun
wl_03218	打嗝	dǎ gé	to hiccup; to burp	verb
wl_03219	隔阂	gé hé	estrangement; barrier in understanding	noun
wl_03220	上颌	shàng hé	upper jaw; maxilla	noun
wl_03221	幌子	huǎng zi	pretext; cover	noun
wl_03222	烩	huì	to braise or stew together	verb
wl_03223	玑	jī	irregular pearl, literary usage	noun
wl_03224	跻身	jī shēn	to rise into the ranks of	verb
wl_03225	蓟	jì	thistle	noun
wl_03226	珈	jiā	ancient hair ornament	noun
wl_03227	氯化钾	lǜ huà jiǎ	potassium chloride	noun
wl_03228	狙击	jū jī	to snipe	verb
wl_03229	一蹶不振	yī jué bù zhèn	Describes failing to recover one's spirits after a setback.	idiom
wl_03230	攫取	jué qǔ	to seize; to grab	verb
wl_03231	珂	kē	jade-like stone	noun
wl_03232	恪守	kè shǒu	to scrupulously observe	verb
wl_03233	胯	kuà	hip; crotch area	noun
wl_03234	褴褛	lán lǚ	(of clothes) ragged; shabby	adjective
wl_03235	蛤蜊	gé lí	clam	noun
wl_03236	俚语	lǐ yǔ	slang	noun
wl_03237	莅临	lì lín	to visit; to arrive, respectful usage	verb
wl_03238	磨砺	mó lì	to hone; to temper through practice	verb
wl_03239	莨菪	làng dàng	black henbane	noun
wl_03240	撂下	liào xià	to put down; to leave aside	verb
wl_03241	绺	liǔ	lock; tuft; skein	classifier
wl_03242	鲈鱼	lú yú	bass; perch	noun
wl_03243	铆钉	mǎo dīng	rivet	noun
wl_03244	沉湎	chén miǎn	to be deeply engrossed in; to indulge in	verb
wl_03245	貉	hé	raccoon dog	noun
wl_03246	囔囔	nāng nang	to murmur	verb
wl_03247	忸怩	niǔ ní	bashful; embarrassed	adjective
wl_03248	喏	nuò	here; look	interjection
wl_03249	俳句	pái jù	haiku	noun
wl_03250	槃	pán	wooden tray, ancient usage	noun
wl_03251	泮	pàn	to melt; to dissolve, literary usage	verb
wl_03252	呸	pēi	to spit; pah	verb
wl_03253	嘭	pēng	bang	onomatopoeia
wl_03254	砒霜	pī shuāng	arsenic trioxide; white arsenic	noun
wl_03255	毗邻	pí lín	to adjoin; to be adjacent to	verb
wl_03256	痞子	pǐ zi	ruffian; hooligan	noun
wl_03257	地痞	dì pǐ	local ruffian; bully	noun
wl_03258	剽窃	piāo qiè	to plagiarize	verb
wl_03259	修葺	xiū qì	to repair; to renovate	verb
wl_03260	砷	shēn	arsenic	noun
wl_03261	绶带	shòu dài	ceremonial ribbon; sash	noun
wl_03262	吮吸	shǔn xī	to suck	verb
wl_03263	肽	tài	peptide	noun
wl_03264	钛	tài	titanium	noun
wl_03265	搪塞	táng sè	to evade; to fob someone off	verb
wl_03266	逖	tì	remote; far away	adjective
wl_03267	轻佻	qīng tiāo	frivolous	adjective
wl_03268	烃	tīng	hydrocarbon	noun
wl_03269	酮	tóng	ketone	noun
wl_03270	猥琐	wěi suǒ	vulgar; repulsive in manner	adjective
wl_03271	妩媚	wǔ mèi	charming; lovely	adjective
wl_03272	捂住	wǔ zhù	to cover with a hand	verb
wl_03273	锌	xīn	zinc	noun
wl_03274	噱头	xué tou	gimmick; attention-grabbing trick	noun
wl_03275	氩	yà	argon	noun
wl_03276	赝品	yàn pǐn	fake; counterfeit item	noun
wl_03277	佯装	yáng zhuāng	to pretend	verb
wl_03278	揶揄	yé yú	to tease; to mock	verb
wl_03279	轶事	yì shì	anecdote	noun
wl_03280	慵懒	yōng lǎn	languid; lazily relaxed	adjective
wl_03281	臃肿	yōng zhǒng	bulky; bloated	adjective
wl_03282	箴言	zhēn yán	maxim; admonitory saying	noun
wl_03283	缜密	zhěn mì	meticulous; carefully reasoned	adjective
wl_03284	着落	zhuó luò	reliable source; settlement	noun
wl_03285	孬种	nāo zhǒng	coward	noun
wl_03286	呔	dāi	hey!; halt!	interjection
wl_03287	啵	bo	sentence-final suggestion particle	particle
wl_03288	嘞	lei	okay!; affirmative final particle	particle
wl_03289	噘嘴	juē zuǐ	to pout	verb
wl_03290	噌	cēng	whoosh; sudden movement sound	onomatopoeia
wl_03291	牦牛	máo niú	yak	noun
wl_03292	胴体	dòng tǐ	carcass	noun
wl_03293	鳕鱼	xuě yú	cod	noun
wl_03294	面粉	miàn fěn	flour	noun
wl_03295	鲶鱼	nián yú	catfish	noun
wl_03296	个中	gè zhōng	within it; involved in this	adverb
wl_03297	暗淡	àn dàn	dim	adjective
wl_03298	傧相	bīn xiàng	wedding attendant	noun
wl_03299	沉淀	chén diàn	sediment; precipitate	noun
wl_03300	鲱鱼	fēi yú	herring	noun
wl_03301	胡同	hú tòng	lane; alley	noun
wl_03302	毁谤	huǐ bàng	to slander	verb
wl_03303	极点	jí diǎn	extreme point; utmost degree	noun
wl_03304	污蔑	wū miè	to slander; to smear	verb
wl_03305	凭证	píng zhèng	proof; voucher	noun
wl_03306	溯源	sù yuán	to trace the origin	verb
wl_03307	芫荽	yán suī	coriander; cilantro	noun
wl_03308	向来	xiàng lái	always; habitually	adverb
wl_03309	药草	yào cǎo	medicinal herb	noun
wl_03310	叶子	yè zi	leaf	noun
wl_03311	逾越	yú yuè	to exceed; to overstep	verb
wl_03312	菜园	cài yuán	vegetable garden	noun
wl_03313	钻研	zuān yán	to study deeply	verb
wl_03314	电钻	diàn zuàn	electric drill	noun
wl_03315	扣子	kòu zi	button	noun
wl_03316	铍	pí	beryllium (chemistry)	noun
wl_03317	镍	niè	nickel (chemical element)	noun
wl_03318	孬	nāo	bad; poor	adjective
wl_03319	攥	zuàn	to grip tightly	verb
wl_03320	呒	fǔ	astonished; perplexed	adjective
wl_03321	咝	sī	hiss	onomatopoeia
wl_03322	叁	sān	three (formal financial numeral)	numeral
wl_03323	煞费苦心	shà fèi kǔ xīn	Describes putting great thought and effort into something.	idiom
wl_03324	慰藉	wèi jiè	comfort; consolation	noun
wl_03325	兵俑	bīng yǒng	clay soldier figure	noun
wl_03326	梧桐	wú tóng	Chinese parasol tree	noun
wl_03327	竹筒	zhú tǒng	bamboo tube	noun
wl_03328	铜器	tóng qì	bronze ware	noun
wl_03329	书僮	shū tóng	young male study attendant	noun
wl_03330	青葱	qīng cōng	green onion	noun
wl_03331	嵩山	sōng shān	Mount Song	proper noun
wl_03332	故宫	gù gōng	Forbidden City	proper noun
wl_03333	穹苍	qióng cāng	firmament; sky	noun
wl_03334	女红	nǚ gōng	needlework	noun
wl_03335	鸿雁	hóng yàn	wild goose	noun
wl_03336	老翁	lǎo wēng	old man	noun
wl_03337	梵文	fàn wén	Sanskrit	noun
wl_03338	姓冯	xìng féng	have the surname Feng	phrase
wl_03339	暴虎冯河	bào hǔ píng hé	Describes reckless courage without careful judgment.	idiom
wl_03340	蒙蒙	méng méng	fine and misty	adjective
wl_03341	栋梁	dòng liáng	main roof beams	noun
wl_03342	粽子	zòng zi	zongzi; leaf-wrapped glutinous rice dumpling	noun
wl_03343	瓮中捉鳖	wèng zhōng zhuō biē	Describes capturing a target that has no way to escape.	idiom
wl_03344	啄食	zhuó shí	peck at food	verb
wl_03345	山麓	shān lù	foot of a mountain	noun
wl_03346	福禄	fú lù	good fortune and prosperity	noun
wl_03347	蹙眉	cù méi	frown	verb
wl_03348	蹴鞠	cù jū	cuju, an ancient ball game	noun
wl_03349	击筑	jī zhù	play the zhu, an ancient string instrument	verb
wl_03350	孰是孰非	shú shì shú fēi	who is right and who is wrong	phrase
wl_03351	倏忽	shū hū	suddenly	adverb
wl_03352	吐谷浑	tǔ yù hún	Tuyuhun	proper noun
wl_03353	笑容可掬	xiào róng kě jū	Describes a face beaming with smiles.	idiom
wl_03354	酒曲	jiǔ qū	fermentation starter for brewing	noun
wl_03355	稀粥	xī zhōu	thin porridge	noun
wl_03356	蹼泳	pǔ yǒng	fin swimming	noun
wl_03357	馥郁	fù yù	fragrant	adjective
wl_03358	红彤彤	hóng tōng tōng	bright red	adjective
wl_03359	冬冬	dōng dōng	thumping or booming drum sound	onomatopoeia
wl_03360	脓液	nóng yè	pus	noun
wl_03361	宋朝	sòng cháo	Song dynasty	proper noun
wl_03362	龙王	lóng wáng	Dragon King	proper noun
wl_03363	跟从	gēn cóng	follow	verb
wl_03364	从兄弟	cóng xiōng dì	male paternal cousins	noun
wl_03365	怔忪	zhēng zhōng	alarmed and fearful	adjective
wl_03366	惺忪	xīng sōng	sleepy-eyed	adjective
wl_03367	鹿茸	lù róng	velvet antler	noun
wl_03368	匈奴	xiōng nú	Xiongnu, a people of the Eastern Steppe who created an empire that flourished around the time of the Qin and Han dynasties	proper noun
wl_03369	雍容	yōng róng	poised and dignified	adjective
wl_03370	镕铸	róng zhù	melt metal and cast it	verb
wl_03371	烽火	fēng huǒ	beacon fire	noun
wl_03372	丰采	fēng cǎi	graceful bearing	noun
wl_03373	惊悚	jīng sǒng	frightening; thrilling	adjective
wl_03374	荒冢	huāng zhǒng	untended or abandoned grave	noun
wl_03375	坟冢	fén zhǒng	grave or burial mound	noun
wl_03376	拱桥	gǒng qiáo	arch bridge	noun
wl_03377	蚕蛹	cán yǒng	silkworm pupa	noun
wl_03378	沧海一粟	cāng hǎi yī sù	Describes a tiny part of an immensely larger whole.	idiom
wl_03379	属文	zhǔ wén	compose writing	verb
wl_03380	蜀汉	shǔ hàn	Shu Han	proper noun
wl_03381	旭日	xù rì	rising sun	noun
wl_03382	书局	shū jú	bookshop	noun
wl_03383	幡幢	fān chuáng	ceremonial religious banners	noun
wl_03384	一栋楼	yī dòng lóu	one building	phrase
wl_03385	海幢寺	hǎi chuáng sì	Haichuang Temple in Guangzhou	proper noun
wl_03386	双数	shuāng shù	even number	noun
wl_03387	长江	cháng jiāng	Yangtze River	proper noun
wl_03388	扛鼎	gāng dǐng	lift a heavy cauldron; possess immense strength	verb
wl_03389	水缸	shuǐ gāng	water storage jar	noun
wl_03390	友邦	yǒu bāng	friendly country	noun
wl_03391	蚌壳	bàng ké	mussel shell	noun
wl_03392	朔风	shuò fēng	cold north wind	noun
wl_03393	五岳	wǔ yuè	Five Sacred Mountains	proper noun
wl_03394	优渥	yōu wò	generous; favorable	adjective
wl_03395	喔喔叫	wō wō jiào	crow like a rooster	verb
wl_03396	璞玉	pú yù	uncarved jade	noun
wl_03397	罹难	lí nàn	die in a disaster	verb
wl_03398	黄鹂	huáng lí	oriole	noun
wl_03399	琉璃	liú li	colored glaze; glazed material	noun
wl_03400	月氏	yuè zhī	Yuezhi people	proper noun
wl_03401	炊烟	chuī yān	smoke from kitchen chimneys	noun
wl_03402	茶匙	chá chí	teaspoon	noun
wl_03403	堤坝	dī bà	dike; embankment	noun
wl_03404	委蛇	wēi yí	deal evasively or perfunctorily	verb
wl_03405	猕猴	mí hóu	macaque	noun
wl_03406	神祇	shén qí	deities	noun
wl_03407	果实累累	guǒ shí léi léi	Describes many achievements or productive results.	idiom
wl_03408	舐犊情深	shì dú qíng shēn	Describes deep parental love for one's children.	idiom
wl_03409	花蕊	huā ruǐ	stamens and pistils of a flower	noun
wl_03410	尔后	ěr hòu	afterwards	adverb
wl_03411	遐迩	xiá ěr	far and near	phrase
wl_03412	婢女	bì nǚ	female servant	noun
wl_03413	祥瑞	xiáng ruì	auspicious omen	noun
wl_03414	自缢	zì yì	to hang oneself	verb
wl_03415	参差	cēn cī	uneven	adjective
wl_03416	长崎	cháng qí	Nagasaki	proper noun
wl_03417	琦珍	qí zhēn	rare and precious treasures	noun
wl_03418	铁骑	tiě qí	armored cavalry	noun
wl_03419	洒水	sǎ shuǐ	sprinkle water	verb
wl_03420	绮丽	qǐ lì	splendid and beautiful	adjective
wl_03421	棉被	mián bèi	cotton quilt	noun
wl_03422	靡靡	mǐ mǐ	decadent and enervating	adjective
wl_03423	茨菰	cí gu	Chinese arrowhead plant	noun
wl_03424	圆锥	yuán zhuī	cone	noun
wl_03425	屎尿	shǐ niào	feces and urine	noun
wl_03426	伊人	yī rén	that person; the beloved	noun
wl_03427	胰脏	yí zàng	pancreas	noun
wl_03428	寅时	yín shí	Yin hour, roughly 3–5 a.m.	noun
wl_03429	唯唯诺诺	wéi wéi nuò nuò	Describes agreeing submissively without independent judgment.	idiom
wl_03430	琵琶	pí pa	pipa, a Chinese lute	noun
wl_03431	比邻	bǐ lín	be next to	verb
wl_03432	鱼鳍	yú qí	fish fin	noun
wl_03433	葵花	kuí huā	sunflower	noun
wl_03434	神荼郁垒	shén shū yù lǜ	Shenshu and Yulü, mythical door guardians	proper noun
wl_03435	喝醉	hē zuì	to get drunk	verb
wl_03436	荟萃	huì cuì	bring together the best of	verb
wl_03437	肆拾	sì shí	forty, in formal financial numerals	noun
wl_03438	麦穗	mài suì	ear of wheat	noun
wl_03439	贰心	èr xīn	divided loyalty	noun
wl_03440	呢喃	ní nán	murmur softly	verb
wl_03441	胼胝	pián zhī	callus	noun
wl_03442	铁椎	tiě chuí	iron mallet or hammer	noun
wl_03443	龟裂	jūn liè	crack into a network of fissures	verb
wl_03444	龟兹	qiū cí	Kucha	proper noun
wl_03445	门楣	mén méi	door lintel	noun
wl_03446	否极泰来	pǐ jí tài lái	Describes bad circumstances giving way to better times.	idiom
wl_03447	腻烦	nì fan	be fed up or annoyed	adjective
wl_03448	暨今	jì jīn	up to the present	phrase
wl_03449	厘定	lí dìng	establish clearly; settle	verb
wl_03450	恭贺新厘	gōng hè xīn xī	respectful wishes for blessings in the new year	phrase
wl_03451	窥伺	kuī sì	watch secretly for an opportunity	verb
wl_03452	祠堂	cí táng	ancestral hall	noun
wl_03453	嗤笑	chī xiào	sneer; scoff	verb
wl_03454	簸箕	bò jī	winnowing basket	noun
wl_03455	嘻嘻	xī xī	giggle	onomatopoeia
wl_03456	恭禧	gōng xǐ	respectful congratulations	phrase
wl_03457	怡然自得	yí rán zì dé	Describes feeling quietly happy and content.	idiom
wl_03458	天台	tiān tāi	Tiantai, a place and mountain name	proper noun
wl_03459	贻误	yí wù	delay and spoil an opportunity	verb
wl_03460	颐养	yí yǎng	take care of one's health in later life	verb
wl_03461	淇水	qí shuǐ	the Qi River	proper noun
wl_03462	琪花瑶草	qí huā yáo cǎo	wondrous flowers and plants of fairyland	noun
wl_03463	桑梓	sāng zǐ	home region	noun
wl_03464	巳时	sì shí	Si hour, roughly 9–11 a.m.	noun
wl_03465	仗恃	zhàng shì	rely arrogantly on	verb
wl_03466	已矣	yǐ yǐ	it is over; that is the end	phrase
wl_03467	嗣位	sì wèi	succeed to the throne	verb
wl_03468	博识	bó shí	widely knowledgeable	adjective
wl_03469	亟请	qì qǐng	request repeatedly	verb
wl_03470	矶钓	jī diào	fishing from coastal rocks	noun
wl_03471	巍峨	wēi é	lofty and majestic	adjective
wl_03472	春晖	chūn huī	spring sunshine	noun
wl_03473	衣锦还乡	yì jǐn huán xiāng	Describes returning home in honor after achieving success	idiom
wl_03474	韦编三绝	wéi biān sān jué	Describes studying diligently and repeatedly	idiom
wl_03475	门扉	mén fēi	door or door leaf	noun
wl_03476	妃子	fēi zi	royal consort	noun
wl_03477	芳菲	fāng fēi	fragrant flowers and luxuriant vegetation	noun
wl_03478	菲薄	fěi bó	belittle	verb
wl_03479	岂能	qǐ néng	how could; how can	phrase
wl_03480	娓娓道来	wěi wěi dào lái	recount gently and fluently	verb
wl_03481	悱恻	fěi cè	deeply sorrowful	adjective
wl_03482	斐然	fěi rán	remarkable; elegant	adjective
wl_03483	魏晋	wèi jìn	Wei and Jin dynasties	proper noun
wl_03484	同仇敌忾	tóng chóu dí kài	Describes people united against a common enemy.	idiom
wl_03485	熨贴	yù tiē	comfortable and suitably fitting	adjective
wl_03486	太尉	tài wèi	grand commandant, an ancient high military official	noun
wl_03487	尉迟	yù chí	Yuchi, a surname	proper noun
wl_03488	渭水	wèi shuǐ	Wei River	proper noun
wl_03489	茅庐	máo lú	thatched cottage	noun
wl_03490	沮水	jū shuǐ	the Ju River	proper noun
wl_03491	着衫	zhuó shān	put on or wear a shirt	verb
wl_03492	注疏	zhù shū	annotations and commentaries	noun
wl_03493	纾困	shū kùn	relieve hardship	verb
wl_03494	车马炮	jū mǎ pào	the rook, knight, and cannon in Chinese chess	noun
wl_03495	衙门	yá men	yamen, government office in dynastic China	noun
wl_03496	嘘寒问暖	xū hán wèn nuǎn	Describes showing concern for someone's daily well-being.	idiom
wl_03497	余数	yú shù	remainder (in division)	noun
wl_03498	吕氏	lǚ shì	the Lü family or clan	proper noun
wl_03499	大屿山	dà yǔ shān	Lantau Island	proper noun
wl_03500	伫立	zhù lì	stand still for some time	verb
wl_03501	杵臼	chǔ jiù	pestle and mortar	noun
wl_03502	黍子	shǔ zi	broomcorn millet	noun
wl_03503	汝等	rǔ děng	you people; you all	pronoun
wl_03504	榉木	jǔ mù	zelkova wood	noun
wl_03505	棉絮	mián xù	cotton wadding	noun
wl_03506	番薯	fān shǔ	sweet potato	noun
wl_03507	庶民	shù mín	common people	noun
wl_03508	盘踞	pán jù	occupy and hold a place	verb
wl_03509	涂改	tú gǎi	alter written text	verb
wl_03510	神荼	shén shū	Shenshu, a mythical door guardian	proper noun
wl_03511	镀金	dù jīn	gold-plated; gilded	adjective
wl_03512	卢沟桥	lú gōu qiáo	Lugou Bridge	proper noun
wl_03513	酥脆	sū cuì	crisp (of food)	adjective
wl_03514	耶稣	yē sū	Jesus	proper noun
wl_03515	铁箍	tiě gū	iron hoop or band	noun
wl_03516	呱呱坠地	gū gū zhuì dì	Describes a baby being born.	idiom
wl_03517	沽名钓誉	gū míng diào yù	Describes seeking undeserved fame or praise through improper means.	idiom
wl_03518	吾辈	wú bèi	we; people like us	pronoun
wl_03519	吴国	wú guó	ancient state of Wu	proper noun
wl_03520	弧形	hú xíng	arc-shaped	adjective
wl_03521	蒲草	pú cǎo	cattail	noun
wl_03522	膜拜	mó bài	bow in worship	verb
wl_03523	弓弩	gōng nǔ	bow and crossbow	noun
wl_03524	掳掠	lǔ lüè	plunder	verb
wl_03525	卤味	lǔ wèi	food braised in seasoned stock	noun
wl_03526	估衣	gù yi	ready-made or secondhand clothing	noun
wl_03527	商贾	shāng gǔ	merchant	noun
wl_03528	贾姓	jiǎ xìng	the surname Jia	proper noun
wl_03529	跋扈	bá hù	domineering	adjective
wl_03530	山坞	shān wù	mountain hollow	noun
wl_03531	脸谱	liǎn pǔ	opera face painting	noun
wl_03532	账簿	zhàng bù	account book; ledger	noun
wl_03533	浦东	pǔ dōng	Pudong	proper noun
wl_03534	度量衡	dù liàng héng	weights and measures	noun
wl_03535	量度	liáng dù	measure	verb
wl_03536	白鹭	bái lù	white egret	noun
wl_03537	陈醋	chén cù	aged vinegar	noun
wl_03538	措置	cuò zhì	arrange; handle	verb
wl_03539	暮色	mù sè	dusk	noun
wl_03540	镂空	lòu kōng	openwork; hollowed-out	adjective
wl_03541	娶妻	qǔ qī	marry a wife	verb
wl_03542	植株	zhí zhū	individual plant	noun
wl_03543	朱红	zhū hóng	vermilion	noun
wl_03544	儒学	rú xué	Confucian scholarship	noun
wl_03545	一应俱全	yī yīng jù quán	Describes having everything that is needed	idiom
wl_03546	尔虞我诈	ěr yú wǒ zhà	Describes mutual deception and intrigue.	idiom
wl_03547	芋头	yù tou	taro	noun
wl_03548	瑕不掩瑜	xiá bù yǎn yú	Describes merits that outweigh minor flaws.	idiom
wl_03549	阿谀	ē yú	flatter obsequiously	verb
wl_03550	舀水	yǎo shuǐ	to ladle water; to scoop up water	verb
wl_03551	始终不渝	shǐ zhōng bù yú	Describes remaining faithful and unwavering from beginning to end	idiom
wl_03552	瞿然一惊	jù rán yī jīng	be suddenly startled	phrase
wl_03553	丝缕	sī lǚ	silk threads	noun
wl_03554	拄杖	zhǔ zhàng	lean on a walking stick	verb
wl_03555	屡见不鲜	lǚ jiàn bù xiān	Describes something so common that it is no longer surprising.	idiom
wl_03556	竖立	shù lì	stand upright	verb
wl_03557	和煦	hé xù	warm and gentle	adjective
wl_03558	落雨	luò yǔ	rain; rain falls	verb
wl_03559	雨我公田	yù wǒ gōng tián	let rain fall on our communal fields	phrase
wl_03560	大禹	dà yǔ	Yu the Great	proper noun
wl_03561	肉脯	ròu fǔ	dried meat	noun
wl_03562	台甫	tái fǔ	your courtesy name, politely	noun
wl_03563	十八甫	shí bā fǔ	Shibafu, a historic street in Guangzhou	proper noun
wl_03564	足恭	zú gōng	excessive deference intended to flatter	noun
wl_03565	蛀牙	zhù yá	tooth decay; decayed tooth	noun
wl_03566	孺子	rú zǐ	young child	noun
wl_03567	老妪	lǎo yù	elderly woman	noun
wl_03568	告谕	gào yù	official proclamation	noun
wl_03569	傅粉施朱	fù fěn shī zhū	apply face powder and rouge	verb
wl_03570	驸马	fù mǎ	husband of an imperial princess	noun
wl_03571	仆倒	pū dǎo	fall forward or collapse	verb
wl_03572	泰山	tài shān	Mount Tai	proper noun
wl_03573	癞痢	lài lì	scalp ringworm	noun
wl_03574	蔡国	cài guó	the ancient state of Cai	proper noun
wl_03575	杯盖	bēi gài	cup lid	noun
wl_03576	脍炙人口	kuài zhì rén kǒu	Describes a work that is widely enjoyed and praised.	idiom
wl_03577	磕头	kē tóu	kowtow	verb
wl_03578	艾草	ài cǎo	mugwort	noun
wl_03579	不容置喙	bù róng zhì huì	Describes allowing no comment, objection, or interference	idiom
wl_03580	犬吠	quǎn fèi	dog barking	noun
wl_03581	解款	jiè kuǎn	money being remitted	noun
wl_03582	楷书	kǎi shū	regular script	noun
wl_03583	楷树	jiē shù	Chinese pistache tree	noun
wl_03584	白头偕老	bái tóu xié lǎo	Describes spouses remaining loving companions into old age.	idiom
wl_03585	槐树	huái shù	Chinese pagoda tree	noun
wl_03586	杀哀	shā āi	reduce funeral mourning rites during famine	verb
wl_03587	扒饭	pá fàn	scoop food into one's mouth	verb
wl_03588	扒皮	bā pí	skin; remove the skin	verb
wl_03589	祭祖	jì zǔ	offer rituals to ancestors	verb
wl_03590	清脆	qīng cuì	sharp and clear	adjective
wl_03591	掣肘	chè zhǒu	hinder; constrain	verb
wl_03592	泄泄	yì yì	slack and inattentive	adjective
wl_03593	敝帚自珍	bì zhǒu zì zhēn	Describes treasuring something imperfect because it is one's own.	idiom
wl_03594	缀足	zhuì zú	secure a deceased person's feet in an ancient funeral rite	verb
wl_03595	休憩	xiū qì	rest; take a break	verb
wl_03596	啼哭	tí kū	cry; wail	verb
wl_03597	折本	shé běn	lose money in business	verb
wl_03598	犁田	lí tián	plow a field	verb
wl_03599	嘶鸣	sī míng	neigh; whinny	verb
wl_03600	稽首	qǐ shǒu	bow with one's head touching the ground	verb
wl_03601	睽违	kuí wéi	be separated for a period of time	verb
wl_03602	霓虹	ní hóng	neon lights	noun
wl_03603	人才济济	rén cái jǐ jǐ	Describes a place or group with many talented people.	idiom
wl_03604	堆砌	duī qì	pile up building materials	verb
wl_03605	发髻	fà jì	hair worn in a bun or coil	noun
wl_03606	桂花	guì huā	osmanthus blossoms	noun
wl_03607	契丹	qì dān	Khitan people	proper noun
wl_03608	契	xiè	Xie, legendary ancestor of the Shang people	proper noun
wl_03609	青苔	qīng tái	moss	noun
wl_03610	舌苔	shé tāi	tongue coating	noun
wl_03611	莱茵河	lái yīn hé	Rhine River	proper noun
wl_03612	呜呼哀哉	wū hū āi zāi	alas; an expression of grief	interjection
wl_03613	鱼鳃	yú sāi	fish gills	noun
wl_03614	皑皑	ái ái	snow-white; pure white	adjective
wl_03615	小儿笑	xiǎo ér xiào	a little child smiles or laughs	phrase
wl_03616	唉呀	āi ya	oh dear; oh	interjection
wl_03617	百战不殆	bǎi zhàn bù dài	Describes remaining safe through repeated contests with sound preparation.	idiom
wl_03618	一年半载	yī nián bàn zǎi	Describes a period of roughly a year or so	idiom
wl_03619	宰相	zǎi xiàng	chief minister in imperial China	noun
wl_03620	亥时	hài shí	traditional two-hour period from 9 to 11 p.m.	noun
wl_03621	岱岳	dài yuè	Mount Tai, a literary name	proper noun
wl_03622	粉黛	fěn dài	cosmetics; face powder and eyebrow pigment	noun
wl_03623	边塞	biān sài	frontier fortress	noun
wl_03624	敦厚	dūn hòu	honest and sincere	adjective
wl_03625	镭射	léi shè	laser	noun
wl_03626	崔	cuī	Cui, a surname	proper noun
wl_03627	蓑衣	suō yī	woven straw or rush raincoat	noun
wl_03628	傀伟	guī wěi	magnificent and extraordinary	adjective
wl_03629	瑰丽	guī lì	magnificent; exceptionally beautiful	adjective
wl_03630	一枚	yī méi	one coin, medal, or similar small object	phrase
wl_03631	蓓蕾	bèi lěi	flower bud	noun
wl_03632	麒麟	qí lín	qilin, an auspicious mythical creature	noun
wl_03633	抡刀	lūn dāo	swing a sword or blade	verb
wl_03634	磷肥	lín féi	phosphate fertilizer	noun
wl_03635	论语	lún yǔ	The Analects of Confucius	proper noun
wl_03636	垂纶	chuí lún	fish with a line	verb
wl_03637	纶巾	guān jīn	silk scholar's headscarf	noun
wl_03638	津津有味	jīn jīn yǒu wèi	Describes taking keen enjoyment in food or an interesting activity.	idiom
wl_03639	竣工	jùn gōng	complete construction	verb
wl_03640	秦朝	qín cháo	Qin dynasty	proper noun
wl_03641	新旧	xīn jiù	newness and age; new and old	noun
wl_03642	上旬	shàng xún	first ten days of a month	noun
wl_03643	谆谆	zhūn zhūn	earnest; patiently insistent	adjective
wl_03644	醇厚	chún hòu	rich and mellow in flavor	adjective
wl_03645	鹑衣	chún yī	ragged, patched clothing	noun
wl_03646	绿草如茵	lǜ cǎo rú yīn	Describes grass that is green, dense, and soft.	idiom
wl_03647	槟榔	bīng lang	areca nut; betel nut	noun
wl_03648	竹笋	zhú sǔn	bamboo shoot	noun
wl_03649	令尹	lìng yǐn	chief minister of the ancient state of Chu	noun
wl_03650	孙膑	sūn bìn	Sun Bin, an ancient military strategist	proper noun
wl_03651	遴选	lín xuǎn	select carefully	verb
wl_03652	峻峭	jùn qiào	high and steep	adjective
wl_03653	闰月	rùn yuè	leap month in the traditional lunisolar calendar	noun
wl_03654	战栗	zhàn lì	tremble; shudder	verb
wl_03655	士卒	shì zú	soldier; rank-and-file soldier	noun
wl_03656	仓卒	cāng cù	hurriedly; in haste	adverb
wl_03657	柒	qī	seven, in formal financial writing	numeral
wl_03658	七个	qī gè	seven items or people	phrase
wl_03659	戌时	xū shí	traditional two-hour period from 7 to 9 p.m.	noun
wl_03660	白术	bái zhú	white atractylodes rhizome	noun
wl_03661	壹	yī	one, in formal financial writing	numeral
wl_03662	鹬蚌相争	yù bàng xiāng zhēng	Describes two sides fighting while a third party benefits.	idiom
wl_03663	屯兵	tún bīng	station troops	verb
wl_03664	屯留	tún liú	Tunliu, a place in Shanxi	proper noun
wl_03665	一望无垠	yī wàng wú yín	Describes a landscape stretching beyond the visible horizon.	idiom
wl_03666	怀瑾握瑜	huái jǐn wò yú	Describes possessing noble and pure moral character	idiom
wl_03667	怵目惊心	chù mù jīng xīn	Describes a serious scene that is shocking or frightening to see.	idiom
wl_03668	乙方	yǐ fāng	Party B in a contract	noun
wl_03669	土墩	tǔ dūn	small mound of earth	noun
wl_03670	炖煮	dùn zhǔ	stew; simmer	verb
wl_03671	蹲下	dūn xià	squat down; crouch	verb
wl_03672	昆仑	kūn lún	Kunlun Mountains	proper noun
wl_03673	浑人	hún rén	foolish or unreasonable person	noun
wl_03674	脸盆	liǎn pén	washbasin	noun
wl_03675	遁逃	dùn táo	flee or escape	verb
wl_03676	思忖	sī cǔn	ponder; think over	verb
wl_03677	畚箕	běn jī	bamboo or wicker scoop basket	noun
wl_03678	冒顿	mò dú	Modu, a Xiongnu ruler	proper noun
wl_03679	嫩绿	nèn lǜ	tender green; soft green	adjective
wl_03680	斤两	jīn liǎng	weight	noun
wl_03681	殷切	yīn qiè	earnest; eager	adjective
wl_03682	殷红	yān hóng	dark red	adjective
wl_03683	远近	yuǎn jìn	near and far	phrase
wl_03684	吃食	chī shí	feed; eat, of an animal	verb
wl_03685	薰衣草	xūn yī cǎo	lavender	noun
wl_03686	微醺	wēi xūn	slightly tipsy	adjective
wl_03687	熏制	xūn zhì	smoke food to prepare or preserve it	verb
wl_03688	云云	yún yún	and so on	phrase
wl_03689	文过	wén guò	cover up one's faults	verb
wl_03690	自刎	zì wěn	to take one's own life by cutting the throat	verb
wl_03691	忿怒	fèn nù	angry; anger	adjective
wl_03692	日晕	rì yùn	halo around the sun	noun
wl_03693	郡县	jùn xiàn	prefectures and counties	noun
wl_03694	委曲	wěi qū	full circumstances; the ins and outs of a matter	noun
wl_03695	弗如	fú rú	be inferior to; be less than	verb
wl_03696	丹心	dān xīn	loyal and devoted heart	noun
wl_03697	檀木	tán mù	sandalwood or related fine hardwood	noun
wl_03698	阑珊	lán shān	sparse or fading; waning	adjective
wl_03699	姗姗来迟	shān shān lái chí	Describes someone or something arriving later than expected.	idiom
wl_03700	道观	dào guàn	Daoist temple	noun
wl_03701	堂倌	táng guān	waiter, in older usage	noun
wl_03702	齐桓公	qí huán gōng	Duke Huan of Qi	proper noun
wl_03703	翰林	hàn lín	Hanlin Academy; scholar serving in that academy	noun
wl_03704	韩国	hán guó	South Korea	proper noun
wl_03705	般若	bō rě	prajna, Buddhist wisdom or insight	noun
wl_03706	般乐	pán lè	to linger in amusement; to indulge in pleasure	verb
wl_03707	蔓菁	mán jing	turnip	noun
wl_03708	瞒骗	mán piàn	to conceal facts and deceive	verb
wl_03709	潘	pān	Pan, a surname	proper noun
wl_03710	恩断义绝	ēn duàn yì jué	Describes completely severing bonds of affection and loyalty	idiom
wl_03711	麦秆	mài gǎn	wheat stalk	noun
wl_03712	侃侃而谈	kǎn kǎn ér tán	Describes speaking calmly, fluently, and with confidence	idiom
wl_03713	一棵	yī kē	one tree or plant	phrase
wl_03714	浣衣	huàn yī	to wash clothes	verb
wl_03715	元旦	yuán dàn	New Year's Day	proper noun
wl_03716	花旦	huā dàn	vivacious young female role in Chinese opera	noun
wl_03717	忌惮	jì dàn	to fear and hesitate because of possible consequences	verb
wl_03718	白鹳	bái guàn	white stork	noun
wl_03719	汉族	hàn zú	Han ethnic group	proper noun
wl_03720	晏起	yàn qǐ	get up late	verb
wl_03721	牵绊	qiān bàn	to hold back; to keep bound by an attachment	verb
wl_03722	帷幔	wéi màn	hanging curtain; drapery	noun
wl_03723	心广体胖	xīn guǎng tǐ pán	Describes being broad-minded, content, and at ease.	idiom
wl_03724	按捺	àn nà	to restrain; to suppress an emotion	verb
wl_03725	葛藤	gé téng	kudzu vine	noun
wl_03726	豁达	huò dá	broad-minded; open and untroubled	adjective
wl_03727	抹台	mǒ tái	wipe a table	verb
wl_03728	阮咸	ruǎn xián	ruan, a Chinese plucked lute	noun
wl_03729	轩昂	xuān áng	dignified and spirited in bearing	adjective
wl_03730	焉知非福	yān zhī fēi fú	who knows whether it may be a blessing	phrase
wl_03731	大宛	dà yuān	Dayuan, an ancient Central Asian state	proper noun
wl_03732	辕门	yuán mén	gate of a military camp	noun
wl_03733	城垣	chéng yuán	city wall	noun
wl_03734	藩篱	fān lí	barrier; restrictive boundary	noun
wl_03735	樊	fán	surname Fan	proper noun
wl_03736	蟠桃	pán táo	legendary peach of immortality	noun
wl_03737	蕃盛	fān shèng	lush and flourishing	adjective
wl_03738	吐蕃	tǔ bō	Tubo, the historical Tibetan state	proper noun
wl_03739	大阪	dà bǎn	Osaka, a city in Japan	proper noun
wl_03740	挽联	wǎn lián	funeral couplet	noun
wl_03741	撅嘴	juē zuǐ	to pout	verb
wl_03742	蕨菜	jué cài	edible fern shoots; fiddleheads	noun
wl_03743	宫阙	gōng què	palace buildings; imperial palace	noun
wl_03744	粤语	yuè yǔ	Cantonese language	noun
wl_03745	子曰	zǐ yuē	the Master said; Confucius said	phrase
wl_03746	竹筏	zhú fá	bamboo raft	noun
wl_03747	奸淫	jiān yín	sexual violence; rape or illicit sexual acts	noun
wl_03748	寰宇	huán yǔ	the entire world	noun
wl_03749	木栅	mù zhà	wooden fence	noun
wl_03750	栅极	shān jí	gate electrode; control grid	noun
wl_03751	山涧	shān jiàn	mountain stream; ravine	noun
wl_03752	一串	yī chuàn	one string or bunch	phrase
wl_03753	大雁	dà yàn	wild goose	noun
wl_03754	斑斓	bān lán	brightly colored; multicolored	adjective
wl_03755	一盏	yī zhǎn	one lamp	phrase
wl_03756	铁铲	tiě chǎn	iron shovel or spade	noun
wl_03757	栈道	zhàn dào	plank walkway along a cliff	noun
wl_03758	札记	zhá jì	informal notes; jottings	noun
wl_03759	楔子	xiē zi	wedge	noun
wl_03760	狡黠	jiǎo xiá	crafty; sly	adjective
wl_03761	轧钢	zhá gāng	to roll steel	verb
wl_03762	八个	bā gè	eight items or people	phrase
wl_03763	连忙	lián máng	at once; hurriedly	adverb
wl_03764	令居	lìng jū	Lingju, an ancient county in Gansu	proper noun
wl_03765	令狐	líng hú	Linghu, an ancient place name	proper noun
wl_03766	一令纸	yī lǐng zhǐ	one ream of paper	phrase
wl_03767	拴住	shuān zhù	to tie securely; to tether	verb
wl_03768	拴紧	shuān jǐn	tie securely	verb
wl_03769	鲜有	xiǎn yǒu	seldom have; rarely occur	verb
wl_03770	毡子	zhān zi	felt fabric or mat	noun
wl_03771	禅师	chán shī	a Chan Buddhist master	noun
wl_03772	禅让	shàn ràng	yield the throne to a chosen successor	verb
wl_03773	纸鸢	zhǐ yuān	paper kite	noun
wl_03774	一叶扁舟	yī yè piān zhōu	a tiny boat	noun
wl_03775	隽永	juàn yǒng	meaningful and of lasting interest	adjective
wl_03776	隽秀	jùn xiù	elegant and refined	adjective
wl_03777	饯行	jiàn xíng	give a farewell meal	verb
wl_03778	命途多舛	mìng tú duō chuǎn	Describes a life marked by repeated hardships and misfortunes.	idiom
wl_03779	缮写	shàn xiě	make a neat copy of a text	verb
wl_03780	凛冽	lǐn liè	bitingly cold	adjective
wl_03781	薛	xuē	Xue, a surname	proper noun
wl_03782	门栓	mén shuān	door bolt	noun
wl_03783	辗谷	niǎn gǔ	mill grain by rolling or crushing	verb
wl_03784	勉励	miǎn lì	encourage or urge	verb
wl_03785	碾压	niǎn yā	press or crush by rolling	verb
wl_03786	俊彦	jùn yàn	outstanding and talented people	noun
wl_03787	车辙	chē zhé	wheel rut	noun
wl_03788	豪杰	háo jié	hero or outstanding person	noun
wl_03789	佃作	diàn zuò	cultivate rented farmland	verb
wl_03790	佃农	diàn nóng	tenant farmer	noun
wl_03791	溅溅	jiān jiān	sound of flowing water	onomatopoeia
wl_03792	阡陌	qiān mò	paths between fields	noun
wl_03793	涓涓	juān juān	flowing in a gentle trickle	adjective
wl_03794	杜鹃	dù juān	cuckoo	noun
wl_03795	纤绳	qiàn shéng	boat towline	noun
wl_03796	妍丽	yán lì	beautiful and charming	adjective
wl_03797	县城	xiàn chéng	county town	noun
wl_03798	燕国	yān guó	the ancient state of Yan	proper noun
wl_03799	哽咽	gěng yè	choke up with emotion; sob	verb
wl_03800	腆着脸	tiǎn zhe liǎn	brazenly; without shame	phrase
wl_03801	蚕茧	cán jiǎn	silkworm cocoon	noun
wl_03802	吟诵	yín sòng	recite or chant	verb
wl_03803	伊甸园	yī diàn yuán	the Garden of Eden	proper noun
wl_03804	倩影	qiàn yǐng	graceful figure or silhouette	noun
wl_03805	荐举	jiàn jǔ	recommend a person for appointment	verb
wl_03806	砚台	yàn tái	inkstone	noun
wl_03807	更迭	gēng dié	succeed one another; change in succession	verb
wl_03808	沏茶	qī chá	to make tea; to brew tea	verb
wl_03809	口诀	kǒu jué	mnemonic verse or formula	noun
wl_03810	桔梗	jié gěng	balloon flower	noun
wl_03811	锲而不舍	qiè ér bù shě	Describes persevering with a task without giving up.	idiom
wl_03812	因噎废食	yīn yē fèi shí	Describes abandoning something necessary because of a minor risk.	idiom
wl_03813	竹篾	zhú miè	thin bamboo strip	noun
wl_03814	刀剑	dāo jiàn	swords and blades	noun
wl_03815	叨扰	tāo rǎo	trouble a host with one's visit	verb
wl_03816	掏出	tāo chū	to take out (from a pocket, bag etc)	verb
wl_03817	捞取	lāo qǔ	scoop or retrieve from water	verb
wl_03818	慰劳	wèi láo	show appreciation to people for their efforts	verb
wl_03819	早操	zǎo cāo	morning exercises	noun
wl_03820	操行	cāo xíng	moral conduct or behavior	noun
wl_03821	曹	cáo	surname Cao	proper noun
wl_03822	搔痒	sāo yǎng	scratch an itch	verb
wl_03823	敖游	áo yóu	roam or travel at leisure	verb
wl_03824	螯足	áo zú	claw-bearing leg of a crab or similar animal	noun
wl_03825	捣衣	dǎo yī	wash or prepare clothes by pounding	verb
wl_03826	倒水	dào shuǐ	pour water	verb
wl_03827	稻米	dào mǐ	rice grain	noun
wl_03828	流潦	liú lǎo	surface runoff or flowing rainwater	noun
wl_03829	红枣	hóng zǎo	red date or dried jujube	noun
wl_03830	新造	xīn zào	newly made or built	adjective
wl_03831	棉袄	mián ǎo	cotton-padded jacket	noun
wl_03832	永葆	yǒng bǎo	preserve forever; keep lasting	verb
wl_03833	澳洲	ào zhōu	Australia	proper noun
wl_03834	一暴十寒	yī pù shí hán	Describes making only sporadic efforts without perseverance	idiom
wl_03835	曝晒	pù shài	expose to strong sunlight	verb
wl_03836	蛟龙	jiāo lóng	a mythical water dragon	noun
wl_03837	咬住	yǎo zhù	bite and hold onto	verb
wl_03838	花苞	huā bāo	flower bud	noun
wl_03839	炮鸡丁	bāo jī dīng	quick-fried diced chicken	noun
wl_03840	茅草	máo cǎo	cogongrass or thatching grass	noun
wl_03841	鲍鱼之肆	bào yú zhī sì	a shop selling salted fish	noun
wl_03842	卯时	mǎo shí	the traditional two-hour period from five to seven a.m.	noun
wl_03843	绉纱	zhòu shā	crepe gauze	noun
wl_03844	仁者乐山	rén zhě yào shān	Describes a benevolent person's steady and principled character	idiom
wl_03845	校对	jiào duì	proofread or check a text	verb
wl_03846	樵夫	qiáo fū	woodcutter	noun
wl_03847	元宵	yuán xiāo	sweet glutinous rice ball	noun
wl_03848	硝石	xiāo shí	saltpeter	noun
wl_03849	昭示	zhāo shì	show clearly; reveal	verb
wl_03850	韶华	sháo huá	the prime of youth	noun
wl_03851	瑶池	yáo chí	the Jade Pool in Chinese mythology	proper noun
wl_03852	窑洞	yáo dòng	yaodong, a cave dwelling	noun
wl_03853	姚	yáo	Yao, a surname	proper noun
wl_03854	飙车	biāo chē	drive recklessly at high speed	verb
wl_03855	水瓢	shuǐ piáo	water dipper	noun
wl_03856	瞟一眼	piǎo yī yǎn	take a quick glance	verb
wl_03857	翘起	qiào qǐ	stick up or lift at one end	verb
wl_03858	生肖	shēng xiào	Chinese zodiac animal	noun
wl_03859	邵雍	shào yōng	Shao Yong, a Northern Song scholar	proper noun
wl_03860	朝夕	zhāo xī	morning and evening; day in, day out	noun
wl_03861	乔木	qiáo mù	tree with a distinct trunk	noun
wl_03862	猫咪	māo mī	kitty or cat	noun
wl_03863	华侨	huá qiáo	Chinese national residing overseas	noun
wl_03864	赵姓	zhào xìng	the surname Zhao	proper noun
wl_03865	召南	shào nán	Shaonan, a section of the Book of Songs	proper noun
wl_03866	貂蝉	diāo chán	Diaochan, a legendary beauty	proper noun
wl_03867	大雕	dà diāo	a large eagle	noun
wl_03868	挑水	tiāo shuǐ	carry water in buckets on a shoulder pole	verb
wl_03869	挑达	tāo tà	wander or move about freely	verb
wl_03870	迢迢	tiáo tiáo	far distant; stretching a long way	adjective
wl_03871	撩拨	liáo bō	pluck or move gently	verb
wl_03872	嘹亮	liáo liàng	loud and clear	adjective
wl_03873	瞭望	liào wàng	look out into the distance	verb
wl_03874	寂寥	jì liáo	lonely and desolate	adjective
wl_03875	廖姓	liào xìng	the surname Liao	proper noun
wl_03876	茶寮	chá liáo	teahouse or small tea room	noun
wl_03877	一艘	yī sōu	one vessel or ship	phrase
wl_03878	洞箫	dòng xiāo	xiao, a vertical bamboo flute	noun
wl_03879	远眺	yuǎn tiào	gaze into the distance	verb
wl_03880	尿液	niào yè	urine	noun
wl_03881	长啸	cháng xiào	give a long, resonant cry	verb
wl_03882	蹉跎	cuō tuó	let time slip away; waste time	verb
wl_03883	滂沱	pāng tuó	torrential or pouring	adjective
wl_03884	驮运	tuó yùn	transport on pack animals	verb
wl_03885	啰嗦	luō suo	long-winded or repetitive	adjective
wl_03886	喽啰	lóu luo	underling or minion	noun
wl_03887	竹箩	zhú luó	bamboo basket	noun
wl_03888	锣鼓	luó gǔ	gongs and drums	noun
wl_03889	搓手	cuō shǒu	rub one's hands together	verb
wl_03890	婆娑	pó suō	swaying gracefully	adjective
wl_03891	莎草	suō cǎo	nut sedge or coco-grass	noun
wl_03892	丽莎	lì shā	Lisa, a personal name	proper noun
wl_03893	枝柯	zhī kē	tree branches	noun
wl_03894	涡河	guō hé	the Guo River	proper noun
wl_03895	戕害	qiāng hài	harm severely; injure	verb
wl_03896	释迦	shì jiā	Shakyamuni Buddha	proper noun
wl_03897	青稞	qīng kē	highland barley (grown in Tibet and Qinghai)	noun
wl_03898	峨眉	é méi	Emei, a mountain in Sichuan	proper noun
wl_03899	吟哦	yín é	chant or recite poetry	verb
wl_03900	俄罗斯	é luó sī	Russia	proper noun
wl_03901	嫦娥	cháng é	Chang'e, the moon goddess	proper noun
wl_03902	呵斥	hē chì	scold harshly or rebuke	verb
wl_03903	荷花	hé huā	lotus	noun
wl_03904	唱和	chàng hè	exchange poems in matching form	verb
wl_03905	禾苗	hé miáo	young grain seedlings	noun
wl_03906	阿伯	ā bó	uncle; respectful address for an older man	noun
wl_03907	磨刀	mó dāo	sharpen a knife	verb
wl_03908	石磨	shí mò	stone grinding mill	noun
wl_03909	伽蓝	qié lán	Buddhist monastery or temple	noun
wl_03910	瑜伽	yú jiā	yoga	noun
wl_03911	茄瓜	qié guā	eggplant	noun
wl_03912	婀娜	ē nuó	graceful and elegant	adjective
wl_03913	安娜	ān nà	Anna, a personal name	proper noun
wl_03914	跛行	bǒ xíng	limp when walking	verb
wl_03915	砂石	shā shí	sand and gravel	noun
wl_03916	曹大家	cáo dà gū	Cao Dagu, an honorific for Ban Zhao	proper noun
wl_03917	夸父	kuā fù	Kuafu, a mythical giant	proper noun
wl_03918	哗然	huá rán	in an uproar	adjective
wl_03919	白桦	bái huà	white birch	noun
wl_03920	虾蟆	há ma	frog or toad	noun
wl_03921	晚霞	wǎn xiá	sunset glow	noun
wl_03922	中华	zhōng huá	China or Chinese civilization	proper noun
wl_03923	华山	huà shān	Mount Hua in Shaanxi	proper noun
wl_03924	春华秋实	chūn huá qiū shí	Describes effort and development leading to lasting achievements	idiom
wl_03925	洼地	wā dì	low-lying ground; depression	noun
wl_03926	芭蕉	bā jiāo	Japanese fiber banana plant	noun
wl_03927	舍生取义	shě shēng qǔ yì	Describes sacrificing one's life to uphold righteousness	idiom
wl_03928	呕哑	ōu yā	creaking or squeaking sound	onomatopoeia
wl_03929	哑然	yǎ rán	in a sudden, involuntary burst of laughter	adverb
wl_03930	冶金	yě jīn	metallurgy	noun
wl_03931	骂人	mà rén	swear at or verbally abuse people	verb
wl_03932	借钱	jiè qián	borrow money	verb
wl_03933	卸载	xiè zài	unload cargo	verb
wl_03934	水榭	shuǐ xiè	waterside pavilion	noun
wl_03935	乍看	zhà kàn	at first glance	adverb
wl_03936	炙热	zhì rè	extremely hot; scorching	adjective
wl_03937	亚洲	yà zhōu	Asia	proper noun
wl_03938	无射	wú yì	Wuyi, one of the twelve ancient musical pitches	proper noun
wl_03939	仆射	pú yè	puye, an ancient senior official	noun
wl_03940	铛铛	dāng dāng	clanging sound	onomatopoeia
wl_03941	瓦铛	wǎ chēng	earthenware cooking pan	noun
wl_03942	海棠	hǎi táng	Chinese flowering crabapple	noun
wl_03943	唐朝	táng cháo	Tang dynasty (618-907)	proper noun
wl_03944	琳琅	lín láng	beautiful and valuable objects	noun
wl_03945	狼狗	láng gǒu	wolf-like dog; shepherd dog	noun
wl_03946	桑树	sāng shù	mulberry tree	noun
wl_03947	山冈	shān gāng	low hill; ridge	noun
wl_03948	纲领	gāng lǐng	guiding program; statement of principles	noun
wl_03949	炕头	kàng tóu	the warm end of a heated kang bed	noun
wl_03950	杭州	háng zhōu	Hangzhou, a city in Zhejiang	proper noun
wl_03951	行路	xíng lù	to travel on foot	verb
wl_03952	引吭高歌	yǐn háng gāo gē	Describes singing loudly and wholeheartedly.	idiom
wl_03953	汪洋	wāng yáng	a vast expanse of water	noun
wl_03954	依傍	yī bàng	to lie beside; to depend on nearby support	verb
wl_03955	磅礴	páng bó	vast and imposing	adjective
wl_03956	摒挡	bìng dàng	to arrange; to put in order	verb
wl_03957	跌宕	diē dàng	full of twists and turns	adjective
wl_03958	落魄	luò pò	down and out; in reduced circumstances	adjective
wl_03959	旁魄	páng pò	vast and all-encompassing	adjective
wl_03960	拓本	tà běn	rubbing of an inscription	noun
wl_03961	杏仁酪	xìng rén lào	almond pudding	noun
wl_03962	洛阳	luò yáng	Luoyang, prefecture-level city in Henan Province	proper noun
wl_03963	落低	luò dī	to drop or decline in regional usage	verb
wl_03964	郭	guō	Guo, a surname	proper noun
wl_03965	惊愕	jīng è	astonished; stunned	adjective
wl_03966	颚骨	è gǔ	jawbone	noun
wl_03967	沟壑	gōu hè	deep gully; ravine	noun
wl_03968	霍	huò	Huo, a surname	proper noun
wl_03969	郝	hǎo	Hao, a surname	proper noun
wl_03970	仙鹤	xiān hè	crane, especially a red-crowned crane	noun
wl_03971	白垩	bái è	chalk, a soft white limestone	noun
wl_03972	高粱	gāo liáng	sorghum	noun
wl_03973	蒋	jiǎng	Jiang, a surname	proper noun
wl_03974	铿锵	kēng qiāng	ringing and powerful; sonorous	adjective
wl_03975	襄助	xiāng zhù	to assist; to lend support	verb
wl_03976	冻疮	dòng chuāng	chilblains	noun
wl_03977	霜降	shuāng jiàng	Frost Descent, one of the twenty-four solar terms	proper noun
wl_03978	樟脑	zhāng nǎo	camphor	noun
wl_03979	彰显	zhāng xiǎn	to reveal clearly; to demonstrate	verb
wl_03980	倡优	chāng yōu	professional entertainers in ancient times	noun
wl_03981	昌盛	chāng shèng	prosperous; flourishing	adjective
wl_03982	汤汁	tāng zhī	broth or cooking liquid	noun
wl_03983	攘除	rǎng chú	to remove; to drive away	verb
wl_03984	扰攘	rǎo rǎng	bustling and noisy	adjective
wl_03985	边疆	biān jiāng	border region; frontier	noun
wl_03986	姜汤	jiāng tāng	ginger soup or ginger tea	noun
wl_03987	筐子	kuāng zi	basket	noun
wl_03988	灾殃	zāi yāng	disaster; calamity	noun
wl_03989	秧苗	yāng miáo	seedling, especially a rice seedling	noun
wl_03990	王天下	wàng tiān xià	rule the realm as king	verb
wl_03991	杨树	yáng shù	poplar tree	noun
wl_03992	堤坊	dī fáng	embankment or dike	noun
wl_03993	十两	shí liǎng	ten taels	phrase
wl_03994	悲怆	bēi chuàng	deeply sorrowful; tragic	adjective
wl_03995	逛街	guàng jiē	to stroll through shops; to go shopping	verb
wl_03996	飨宴	xiǎng yàn	feast; banquet	noun
wl_03997	惆怅	chóu chàng	melancholy; disappointed sadness	adjective
wl_03998	谦让	qiān ràng	to defer politely; to yield modestly	verb
wl_03999	便溺	biàn niào	to urinate or defecate	verb
wl_04000	一趟	yī tàng	one trip or visit	phrase
wl_04001	芦笙	lú shēng	lusheng, a reed-pipe wind instrument	noun
wl_04002	蛋羹	dàn gēng	steamed egg custard	noun
wl_04003	三更半夜	sān gēng bàn yè	Describes a time deep in the night.	idiom
wl_04004	庚子	gēng zǐ	Gengzi, the thirty-seventh year of the sixty-year cycle	proper noun
wl_04005	北京	běi jīng	Beijing	proper noun
wl_04006	坑洞	kēng dòng	pit; hole in the ground	noun
wl_04007	爱卿	ài qīng	my dear minister	noun
wl_04008	亨通	hēng tōng	smooth and successful; prosperous	adjective
wl_04009	瑛瑶	yīng yáo	fine jade	noun
wl_04010	晶莹	jīng yíng	clear and sparkling; translucent	adjective
wl_04011	帐棚	zhàng peng	tent	noun
wl_04012	彭	péng	Peng, a surname	proper noun
wl_04013	省城	shěng chéng	provincial capital	noun
wl_04014	梗概	gěng gài	outline; synopsis	noun
wl_04015	彪炳	biāo bǐng	glorious; shining with distinction	adjective
wl_04016	秉承	bǐng chéng	to uphold; to carry forward	verb
wl_04017	丙等	bǐng děng	third grade; C grade	noun
wl_04018	歌咏	gē yǒng	to sing of; to celebrate in song	verb
wl_04019	孟子	mèng zǐ	Mencius, a Confucian philosopher	proper noun
wl_04020	喀什	kā shí	Kashgar, in Xinjiang	proper noun
wl_04021	松柏	sōng bǎi	pine and cypress trees	noun
wl_04022	春秋五伯	chūn qiū wǔ bà	the Five Hegemons of the Spring and Autumn period	proper noun
wl_04023	布帛	bù bó	cloth and silk; textiles	noun
wl_04024	蓦然	mò rán	suddenly; all at once	adverb
wl_04025	佰	bǎi	hundred, in formal financial writing	numeral
wl_04026	根茎	gēn jīng	rhizome, an underground stem	noun
wl_04027	黄莺	huáng yīng	oriole	noun
wl_04028	拼音	pīn yīn	pinyin, the Chinese romanization system	noun
wl_04029	绷脸	běng liǎn	keep a stern face	verb
wl_04030	耿直	gěng zhí	upright and frank	adjective
wl_04031	菁华	jīng huá	the finest essence; the best part	noun
wl_04032	正月	zhēng yuè	first month of the lunar year	noun
wl_04033	怔住	zhèng zhù	to freeze in astonishment; to be stunned	verb
wl_04034	盛汤	chéng tāng	ladle out or serve soup	verb
wl_04035	屏除	bǐng chú	to exclude; to dispel from the mind	verb
wl_04036	琼楼	qióng lóu	a splendid palace or tower	noun
wl_04037	颈部	jǐng bù	neck region	noun
wl_04038	山岭	shān lǐng	mountain ridge	noun
wl_04039	睁开	zhēng kāi	to open one's eyes	verb
wl_04040	绥靖	suí jìng	appeasement	noun
wl_04041	月饼	yuè bǐng	mooncake	noun
wl_04042	瘠薄	jí bó	infertile; poor in nutrients	adjective
wl_04043	竹席	zhú xí	bamboo mat	noun
wl_04044	赤色	chì sè	red color	noun
wl_04045	亦能	yì néng	can also	phrase
wl_04046	伺视	sì shì	watch or observe secretly	verb
wl_04047	翻译	fān yì	translation; to translate	noun
wl_04048	祯祥	zhēn xiáng	auspicious signs; good fortune	noun
wl_04049	碧绿	bì lǜ	jade green; vivid green	adjective
wl_04050	伶仃	líng dīng	alone and helpless	adjective
wl_04051	汀洲	tīng zhōu	small sandy islet; shoal	noun
wl_04052	听任	tīng rèn	to allow to happen unchecked	verb
wl_04053	挺立	tǐng lì	to stand upright and firm	verb
wl_04054	雷霆	léi tíng	thunder; thunderous force	noun
wl_04055	叮咛	dīng níng	repeated caring reminders or instructions	noun
wl_04056	拎着	līn zhe	carry by the hand	verb
wl_04057	泾渭分明	jīng wèi fēn míng	Describes a clear distinction between two things or positions.	idiom
wl_04058	馨香	xīn xiāng	pleasant fragrance	noun
wl_04059	浮萍	fú píng	duckweed	noun
wl_04060	船艇	chuán tǐng	boats and small vessels	noun
wl_04061	迥然	jiǒng rán	markedly; completely different	adverb
wl_04062	径自	jìng zì	on one's own initiative, without consulting others	adverb
wl_04063	告罄	gào qìng	to be exhausted; to run out	verb
wl_04064	迪斯可	dí sī kě	disco	noun
wl_04065	荻花	dí huā	silvergrass flowers	noun
wl_04066	狄	dí	Di, a surname	proper noun
wl_04067	沥干	lì gān	to drain excess liquid from	verb
wl_04068	大沥	dà lì	Dali, a town in Foshan	proper noun
wl_04069	锡矿	xī kuàng	tin mine; tin deposit	noun
wl_04070	发愣	fā lèng	to be in a daze; to stare blankly	verb
wl_04071	弘扬	hóng yáng	to promote; to carry forward	verb
wl_04072	大鹏	dà péng	Peng, a legendary giant bird	noun
wl_04073	蹬腿	dēng tuǐ	to kick one's legs	verb
wl_04074	邓	dèng	Deng, a surname	proper noun
wl_04075	菱角	líng jiao	water caltrop, with edible fruit	noun
wl_04076	五音之一	wǔ yīn zhī yī	one of the five traditional musical tones	phrase
wl_04077	丞相	chéng xiàng	chief minister; chancellor in an ancient court	noun
wl_04078	万乘之国	wàn shèng zhī guó	a great state of ten thousand chariots	noun
wl_04079	地秤	dì chèng	weighbridge or ground scale	noun
wl_04080	天秤	tiān chèng	balance scale	noun
wl_04081	敕令	chì lìng	imperial edict	noun
wl_04082	恻隐	cè yǐn	compassion; sympathy for suffering	noun
wl_04083	车轼	chē shì	front crossbar of an ancient carriage	noun
wl_04084	啾啾	jiū jiū	chirping sound	onomatopoeia
wl_04085	鳅鱼	qiū yú	loach	noun
wl_04086	束修	shù xiū	traditional gift offered to a teacher	noun
wl_04087	邹	zōu	Zou, a surname	proper noun
wl_04088	飕飕	sōu sōu	whooshing sound of wind	onomatopoeia
wl_04089	州郡	zhōu jùn	provinces and commanderies	noun
wl_04090	舟船	zhōu chuán	boats; vessels	noun
wl_04091	揉捏	róu niē	knead and squeeze	verb
wl_04092	斑鸠	bān jiū	turtledove	noun
wl_04093	邱	qiū	Qiu, a surname	proper noun
wl_04094	牛马	niú mǎ	cattle and horses	noun
wl_04095	一傅众咻	yī fù zhòng xiū	one teacher opposed by many distractions	phrase
wl_04096	噢咻	ō xiū	comfort or soothe	verb
wl_04097	赘疣	zhuì yóu	superfluous burden; unnecessary appendage	noun
wl_04098	攸关	yōu guān	to have a crucial bearing on	verb
wl_04099	牟取	móu qǔ	to seek profit, often by improper means	verb
wl_04100	丑时	chǒu shí	Chou hour, from one to three in the morning	noun
wl_04101	商纣	shāng zhòu	King Zhou of the Shang dynasty	proper noun
wl_04102	九个	jiǔ gè	nine items or people	phrase
wl_04103	韭菜	jiǔ cài	Chinese chives; garlic chives	noun
wl_04104	玖	jiǔ	nine, in formal financial writing	numeral
wl_04105	酉时	yǒu shí	You hour, from five to seven in the evening	noun
wl_04106	星宿	xīng xiù	constellation; traditional star grouping	noun
wl_04107	甲胄	jiǎ zhòu	armor and helmet	noun
wl_04108	骤然	zhòu rán	suddenly; abruptly	adverb
wl_04109	又好	yòu hǎo	both good and ...	phrase
wl_04110	竹篓	zhú lǒu	bamboo carrying basket	noun
wl_04111	枸杞	gǒu qǐ	goji berry; wolfberry	noun
wl_04112	诸侯	zhū hóu	feudal lords; regional rulers	noun
wl_04113	欧洲	ōu zhōu	Europe	proper noun
wl_04114	怄气	òu qì	to sulk; to nurse a grievance	verb
wl_04115	讴歌	ōu gē	to praise in song or verse	verb
wl_04116	北斗	běi dǒu	Big Dipper	proper noun
wl_04117	抖擞	dǒu sǒu	brisk and full of energy; to rouse	adjective
wl_04118	擞火	sòu huǒ	rake ashes out of a stove	verb
wl_04119	老叟	lǎo sǒu	old man	noun
wl_04120	苟且	gǒu qiě	to get by carelessly; without principles or ambition	adverb
wl_04121	叩门	kòu mén	to knock at a door	verb
wl_04122	莲藕	lián ǒu	lotus root	noun
wl_04123	一亩	yī mǔ	one mu of land	phrase
wl_04124	疑窦	yí dòu	doubts; grounds for suspicion	noun
wl_04125	倭寇	wō kòu	wokou, historical coastal raiders	noun
wl_04126	蔻丹	kòu dān	nail polish	noun
wl_04127	幽静	yōu jìng	secluded and quiet	adjective
wl_04128	彪悍	biāo hàn	strong and fierce; physically formidable	adjective
wl_04129	赳赳	jiū jiū	valiant and vigorous	adjective
wl_04130	淋雨	lín yǔ	to get wet in the rain	verb
wl_04131	甘霖	gān lín	welcome and timely rain	noun
wl_04132	壬子	rén zǐ	Renzi, the forty-ninth year of the sixty-year cycle	proper noun
wl_04133	丰稔	fēng rěn	a plentiful harvest	noun
wl_04134	沁人心脾	qìn rén xīn pí	Describes something refreshing and deeply pleasing.	idiom
wl_04135	斗笠	dǒu lì	conical bamboo hat	noun
wl_04136	拾取	shí qǔ	to pick up; to gather	verb
wl_04137	褶衣	xí yī	lined garment; ancient riding jacket	noun
wl_04138	作揖	zuò yī	to bow with clasped hands held in front	verb
wl_04139	湛江	zhàn jiāng	Zhanjiang, a city in Guangdong	proper noun
wl_04140	沈阳	shěn yáng	Shenyang, a city in Liaoning	proper noun
wl_04141	枕戈待旦	zhěn gē dài dàn	Describes remaining fully prepared for imminent action or battle.	idiom
wl_04142	大写三	dà xiě sān	the formal financial form of three	phrase
wl_04143	衣襟	yī jīn	front of a garment; lapel area	noun
wl_04144	禁著	jīn zhuó	hard-wearing, especially of clothing	adjective
wl_04145	擒拿	qín ná	grappling and joint-control techniques	noun
wl_04146	朕	zhèn	I; imperial first-person pronoun	pronoun
wl_04147	锦绣	jǐn xiù	fine brocade; beautiful embroidered fabric	noun
wl_04148	饮马	yìn mǎ	give a horse water	verb
wl_04149	禀报	bǐng bào	to report respectfully to a superior	verb
wl_04150	惊蛰	jīng zhé	Awakening of Insects, one of the twenty-four solar terms	proper noun
wl_04151	城邑	chéng yì	town; walled settlement	noun
wl_04152	担水	dān shuǐ	carry water on a shoulder pole	verb
wl_04153	淡薄	dàn bó	faint; weak; gradually diminished	adjective
wl_04154	吐痰	tǔ tán	to spit phlegm	verb
wl_04155	憨厚	hān hou	simple and honest; good-natured	adjective
wl_04156	酣睡	hān shuì	to sleep soundly	verb
wl_04157	床榻	chuáng tà	bed or couch	noun
wl_04158	宝塔	bǎo tǎ	pagoda	noun
wl_04159	腊月	là yuè	twelfth month of the lunar year	noun
wl_04160	水闸	shuǐ zhá	sluice gate	noun
wl_04161	嗑瓜子	kē guā zi	crack and eat melon or sunflower seeds	verb
wl_04162	阖家	hé jiā	the entire family	noun
wl_04163	牛槛	niú jiàn	cattle enclosure	noun
wl_04164	搀扶	chān fú	to support someone with one's arm	verb
wl_04165	馋嘴	chán zuǐ	greedy for tasty food	adjective
wl_04166	杉树	shān shù	Chinese fir tree	noun
wl_04167	咸阳	xián yáng	Xianyang, a city in Shaanxi	proper noun
wl_04168	蘸酱	zhàn jiàng	to dip in sauce	verb
wl_04169	掐住	qiā zhù	pinch and hold tightly	verb
wl_04170	凹凸	āo tū	uneven; concave and convex	adjective
wl_04171	廉洁	lián jié	honest and incorruptible	adjective
wl_04172	渐车帷裳	jiān chē wéi cháng	soak the carriage curtains	phrase
wl_04173	碱性	jiǎn xìng	alkalinity; alkaline property	noun
wl_04174	詹	zhān	Zhan, a surname	proper noun
wl_04175	食盐	shí yán	table salt	noun
wl_04176	阎罗	yán luó	Yama, ruler of the underworld	proper noun
wl_04177	捡起	jiǎn qǐ	pick up	verb
wl_04178	殓葬	liàn zàng	prepare a body for burial and bury it	verb
wl_04179	堑壕	qiàn háo	trench; defensive ditch	noun
wl_04180	妾侍	qiè shì	concubines and female attendants	noun
wl_04181	慑服	shè fú	to intimidate into submission	verb
wl_04182	笑靥	xiào yè	smiling face; dimpled smile	noun
wl_04183	沾光	zhān guāng	to benefit through another's help or association	verb
wl_04184	腌制	yān zhì	to pickle; to preserve by salting or curing	verb
wl_04185	奄有	yǎn yǒu	to possess in entirety	verb
wl_04186	聂	niè	Nie, a surname	proper noun
wl_04187	动辄	dòng zhé	at the slightest provocation; readily	adverb
wl_04188	霎时	shà shí	in an instant	adverb
wl_04189	拈花惹草	niān huā rě cǎo	Describes pursuing casual romantic affairs irresponsibly.	idiom
wl_04190	拈线	niān xiàn	to twist thread between the fingers	verb phrase
wl_04191	字帖	zì tiè	calligraphy copybook	noun
wl_04192	侠客	xiá kè	knight-errant; wandering chivalrous hero	noun
wl_04193	谭	tán	Tan, a surname	proper noun
wl_04194	深潭	shēn tán	deep natural pool	noun
wl_04195	楠木	nán mù	nanmu, a durable timber tree or its wood	noun
wl_04196	岚气	lán qì	mountain mist	noun
wl_04197	蚕丝	cán sī	silk from silkworms	noun
wl_04198	佛龛	fó kān	niche or shrine for a Buddhist image	noun
wl_04199	涵养	hán yǎng	refinement; good self-restraint	noun
wl_04200	尼庵	ní ān	Buddhist nunnery	noun
wl_04201	谙熟	ān shú	to know thoroughly; to be well versed in	verb
wl_04202	杂沓	zá tà	disordered and numerous; confused clatter	adjective
wl_04203	卅	sà	thirty, in traditional writing	numeral
wl_04204	圆蛤	yuán há	a kind of frog in old literary usage	noun
wl_04205	哈欠	hā qian	yawn	noun
wl_04206	容量单位	róng liàng dān wèi	unit of capacity	noun phrase
wl_04207	囫囵	hú lún	whole and undigested; without careful examination	adverb
wl_04208	踩踏	cǎi tà	to tread on; to trample	verb
wl_04209	踮脚	diǎn jiǎo	to stand on tiptoe	verb phrase
wl_04210	踊跃	yǒng yuè	eagerly and enthusiastically	adverb
wl_04211	糯米	nuò mǐ	glutinous rice; sticky rice	noun
wl_04212	妞妞	niū niu	little girl	noun
wl_04213	蹦跳	bèng tiào	to hop and jump	verb
wl_04214	躺下	tǎng xià	to lie down	verb
wl_04215	菜籽	cài zǐ	vegetable seeds	noun
wl_04216	水饺	shuǐ jiǎo	boiled dumpling	noun
wl_04217	揪住	jiū zhù	to grab firmly; to seize	verb
wl_04218	喂食	wèi shí	to feed	verb
wl_04219	揍人	zòu rén	to hit or beat someone	verb
wl_04220	釉彩	yòu cǎi	colored ceramic glaze	noun
wl_04221	擤鼻涕	xǐng bí tì	to blow one's nose	verb
wl_04222	刨子	bào zi	carpenter's plane	noun
wl_04223	碗筷	wǎn kuài	bowls and chopsticks	noun
wl_04224	嗖嗖	sōu sōu	whooshing sound	onomatopoeia
wl_04225	榕树	róng shù	banyan tree	noun
wl_04226	钵盂	bō yú	monk's alms bowl	noun
wl_04227	扇风	shān fēng	to fan; to create a breeze with a fan	verb
wl_04228	一吨	yī dūn	one metric ton	number phrase
wl_04229	褂子	guà zi	short jacket; upper garment	noun
wl_04230	舔舐	tiǎn shì	to lick	verb
wl_04231	肇始	zhào shǐ	to originate; to begin	verb
wl_04232	临摹	lín mó	to copy a painting or calligraphy as practice	verb
wl_04233	嘟噜	dū lu	bunch; cluster	noun
wl_04234	腺体	xiàn tǐ	gland	noun
wl_04235	嗨嗨	hāi hāi	hey, hey	interjection
wl_04236	哔叽	bì jī	serge, a twilled fabric	noun
wl_04237	呛鼻	qiàng bí	to irritate the nose with a strong odor	verb phrase
wl_04238	一出	yī chū	one performance or episode of a play	number phrase
wl_04239	烯烃	xī tīng	alkene	noun
wl_04240	烷烃	wán tīng	alkane	noun
wl_04241	发困	fā kùn	to become sleepy	verb
wl_04242	酒坛	jiǔ tán	earthenware wine jar	noun
wl_04243	斜行延伸	xié xíng yán shēn	to extend diagonally	verb phrase
wl_04244	啃咬	kěn yǎo	to gnaw or bite	verb
wl_04245	矽谷	xī gǔ	Silicon Valley	proper noun
wl_04246	忐忑	tǎn tè	apprehensive; uneasy	adjective
wl_04247	唔好	wú hǎo	do not; please don't, in Cantonese	expression
wl_04248	哼歌	hēng gē	to hum a song	verb phrase
wl_04249	哩噜	lī lū	to ramble unclearly	verb
wl_04250	哞哞	mōu mōu	moo-moo	onomatopoeia
wl_04251	靛蓝	diàn lán	indigo; indigo blue	noun
wl_04252	叼着	diāo zhe	holding in the mouth	verb phrase
wl_04253	觑视	qù shì	to peer at; to look furtively	verb
wl_04254	在兹	zài zī	to be here; to lie in this	verb phrase
wl_04255	蚂螂	mā lang	dragonfly, in regional speech	noun
wl_04256	焖饭	mèn fàn	to cook rice in a covered pot	verb phrase
wl_04257	娴静	xián jìng	gentle and quiet; refined	adjective
wl_04258	咯咯笑	gē gē xiào	to giggle; to chuckle	verb
wl_04259	咯血	kǎ xiě	to cough up blood	verb
wl_04260	咩咩	miē miē	baa-baa	onomatopoeia
wl_04261	腮帮	sāi bāng	cheek	noun
wl_04262	账账	zhàng zhàng	between accounting ledgers	modifier
wl_04263	铡刀	zhá dāo	lever-operated fodder chopper	noun
wl_04264	埔里	pǔ lǐ	Puli, a town in Taiwan	proper noun
wl_04265	商埠	shāng bù	trading port	noun
wl_04266	船埠	chuán bù	wharf; landing place	noun
wl_04267	婷婷	tíng tíng	slender and graceful	adjective
wl_04268	鹭鸶	lù sī	egret	noun
wl_04269	吊挂	diào guà	to hang; to suspend	verb
wl_04270	半晌	bàn shǎng	quite a while	noun
wl_04271	晾晒	liàng shài	to air and dry in the sun	verb
wl_04272	锰	měng	manganese	noun
wl_04273	毽子	jiàn zi	kicking shuttlecock	noun
wl_04274	垮掉	kuǎ diào	to collapse or fall apart	verb phrase
wl_04275	戳破	chuō pò	to puncture; to poke through	verb
wl_04276	皓月	hào yuè	bright moon	noun
wl_04277	花蒂	huā dì	base of a flower	noun
wl_04278	坯	pī	unfired brick, tile or pottery	noun
wl_04279	痘痘	dòu dòu	pimple; acne spot	noun
wl_04280	硼砂	péng shā	borax	noun
wl_04281	蚜虫	yá chóng	aphid	noun
wl_04282	煲汤	bāo tāng	to simmer soup	verb
wl_04283	馍馍	mó mo	steamed bun	noun
wl_04284	剁碎	duò suì	to mince; to chop finely	verb
wl_04285	城垛	chéng duǒ	battlement on a city wall	noun
wl_04286	一摞	yī luò	a stack	number phrase
wl_04287	锉刀	cuò dāo	file, a shaping tool	noun
wl_04288	矬子	cuó zi	a short person, derogatory	noun
wl_04289	钯	bǎ	palladium	noun
wl_04290	搽药	chá yào	to apply medicine externally	verb phrase
wl_04291	结痂	jié jiā	to form a scab	verb
wl_04292	嗟叹	jiē tàn	to sigh with emotion	verb
wl_04293	赊欠	shē qiàn	buying on credit; an unpaid purchase	noun
wl_04294	佘	shé	She, a surname	proper noun
wl_04295	剐刑	guǎ xíng	death by slicing, a historical punishment	noun
wl_04296	蠹虫	dù chóng	book-boring insect; bookworm	noun
wl_04297	疽疮	jū chuāng	carbuncle or severe suppurating sore, old terminology	noun
wl_04298	胥吏	xū lì	clerk in an old government office	noun
wl_04299	苎麻	zhù má	ramie	noun
wl_04300	脏腑	zàng fǔ	internal organs	noun
wl_04301	麸皮	fū pí	bran	noun
wl_04302	釜底抽薪	fǔ dǐ chōu xīn	Describes solving a problem by removing its root cause.	idiom
wl_04303	钨	wū	tungsten	noun
wl_04304	诛杀	zhū shā	to execute; to put to death	verb
wl_04305	刍议	chú yì	humble observations; tentative opinion	noun
wl_04306	朱砂	zhū shā	cinnabar	noun
wl_04307	戍守	shù shǒu	to guard a frontier	verb
wl_04308	雾霭	wù ǎi	mist; haze	noun
wl_04309	疥疮	jiè chuāng	scabies	noun
wl_04310	梦呓	mèng yì	sleep talk	noun
wl_04311	蓖麻	bì má	castor-oil plant	noun
wl_04312	荠菜	jì cài	shepherd's purse, a plant	noun
wl_04313	土坯	tǔ pī	adobe brick	noun
wl_04314	裴	péi	Pei, a surname	proper noun
wl_04315	芮	ruì	Rui, a surname	proper noun
wl_04316	奎星	kuí xīng	Kui, an ancient lunar mansion	proper noun
wl_04317	裨益	bì yì	benefit; advantage	noun
wl_04318	俾使	bǐ shǐ	to cause; so as to bring about	verb
wl_04319	荔枝	lì zhī	lychee	noun
wl_04320	玉玺	yù xǐ	imperial jade seal	noun
wl_04321	岐山	qí shān	Qishan, a county in Shaanxi	proper noun
wl_04322	辔头	pèi tóu	bridle	noun
wl_04323	丕变	pī biàn	radical change	noun
wl_04324	篦子	bì zi	fine-toothed comb	noun
wl_04325	雉鸡	zhì jī	pheasant	noun
wl_04326	耆老	qí lǎo	respected elders	noun
wl_04327	肄业	yì yè	to leave school without graduating	verb
wl_04328	辎重	zī zhòng	military supplies and equipment	noun
wl_04329	痱子	fèi zi	prickly heat; sweat rash	noun
wl_04330	涝灾	lào zāi	flooding disaster	noun
wl_04331	犒赏	kào shǎng	to reward with gifts or a feast	verb
wl_04332	山坳	shān ào	hollow among hills	noun
wl_04333	拗口	ào kǒu	hard to pronounce	adjective
wl_04334	嫖妓	piáo jì	to pay for a prostitute's services	verb
wl_04335	剿灭	jiǎo miè	to eliminate by armed force	verb
wl_04336	剑鞘	jiàn qiào	sword sheath	noun
wl_04337	诏书	zhào shū	imperial edict	noun
wl_04338	鹞鹰	yào yīng	sparrowhawk or similar hawk	noun
wl_04339	交媾	jiāo gòu	to copulate; to have sexual intercourse	verb
wl_04340	瓯	ōu	small bowl or drinking vessel	noun
wl_04341	殴斗	ōu dòu	to brawl; fistfight	verb
wl_04342	阜	fù	mound; earthen hill	noun
wl_04343	明眸	míng móu	bright, beautiful eyes	noun
wl_04344	馊水	sōu shuǐ	sour-smelling spoiled liquid or slops	noun
wl_04345	灵柩	líng jiù	coffin containing the deceased	noun
wl_04346	簪子	zān zi	hairpin	noun
wl_04347	邯郸	hán dān	Handan, a city in Hebei	proper noun
wl_04348	谗言	chán yán	slanderous words	noun
wl_04349	肩胛	jiān jiǎ	shoulder-blade region	noun
wl_04350	狎昵	xiá nì	overfamiliar; improperly intimate	adjective
wl_04351	铁锨	tiě xiān	iron shovel; spade	noun
wl_04352	通牒	tōng dié	diplomatic note; formal notification	noun
wl_04353	鲇鱼	nián yú	catfish	noun
wl_04354	僭越	jiàn yuè	to overstep one's authority	verb
wl_04355	蕈	xùn	mushroom; fungus	noun
wl_04356	琛	chēn	precious treasure; gem	noun
wl_04357	岑	cén	Cen, a surname	proper noun
wl_04358	擀面	gǎn miàn	to roll out dough	verb phrase
wl_04359	柬帖	jiǎn tiě	invitation cards	noun
wl_04360	爿	pán	classifier for shops and similar establishments	classifier
wl_04361	锏	jiǎn	ancient solid metal truncheon	noun
wl_04362	蜇人	zhē rén	to sting a person	verb phrase
wl_04363	孽障	niè zhàng	evil creature, an old insult	noun
wl_04364	发蔫	fā niān	to wilt; to droop	verb
wl_04365	拽住	zhuài zhù	to grab and hold onto	verb phrase
wl_04366	谒见	yè jiàn	to have an audience with a superior	verb
wl_04367	憋闷	biē men	to feel stifled; oppressive stuffiness	verb
wl_04368	撵走	niǎn zǒu	to drive away	verb
wl_04369	楝树	liàn shù	chinaberry tree	noun
wl_04370	钹	bó	cymbals	noun
wl_04371	掂掇	diān duō	to weigh up or consider	verb
wl_04372	鸾凤	luán fèng	luan and phoenix, mythical birds	noun
wl_04373	捋袖子	luō xiù zi	to push up one's sleeves	verb
wl_04374	编纂	biān zuǎn	to compile	verb
wl_04375	纨绔	wán kù	an idle, privileged young man	noun
wl_04376	剜肉补疮	wān ròu bǔ chuāng	Describes solving an immediate problem by causing another harm.	idiom
wl_04377	鳏寡	guān guǎ	widowers and widows	noun
wl_04378	斡旋	wò xuán	to mediate	verb
wl_04379	闩门	shuān mén	to bolt a door	verb phrase
wl_04380	涮羊肉	shuàn yáng ròu	thinly sliced mutton cooked in hot pot	noun
wl_04381	宦官	huàn guān	court eunuch	noun
wl_04382	椽子	chuán zi	rafter	noun
wl_04383	明矾	míng fán	alum	noun
wl_04384	辅弼	fǔ bì	to assist a ruler in governing	verb
wl_04385	抿嘴	mǐn zuǐ	to press one's lips together	verb phrase
wl_04386	昵称	nì chēng	nickname	noun
wl_04387	臻于	zhēn yú	to attain or reach a state	verb phrase
wl_04388	怀娠	huái shēn	to be pregnant, old terminology	verb
wl_04389	起讫	qǐ qì	beginning and end	noun
wl_04390	锛	bēn	adze	noun
wl_04391	饽饽	bō bo	bun; pastry, regional usage	noun
wl_04392	猝然	cù rán	suddenly; abruptly	adverb
wl_04393	皴裂	cūn liè	to become chapped	verb
wl_04394	疏浚	shū jùn	to dredge	verb
wl_04395	香椿	xiāng chūn	Chinese toon	noun
wl_04396	荤菜	hūn cài	meat or fish dish	noun
wl_04397	铃铎	líng duó	small ceremonial or hanging bells	noun
wl_04398	推搡	tuī sǎng	to shove; to jostle	verb
wl_04399	米糠	mǐ kāng	rice bran	noun
wl_04400	鄂	è	Hubei, abbreviated province name	proper noun
wl_04401	孀妇	shuāng fù	widow, formal usage	noun
wl_04402	瘴气	zhàng qì	miasma, a historical concept	noun
wl_04403	粮饷	liáng xiǎng	army provisions and pay	noun
wl_04404	瓜瓤	guā ráng	melon flesh	noun
wl_04405	镬	huò	cauldron; wok	noun
wl_04406	匡扶	kuāng fú	to uphold and support	verb
wl_04407	忒甚	tè shèn	excessively; too much	adverb
wl_04408	誊写	téng xiě	to make a fair copy; to transcribe	verb
wl_04409	鲫鱼	jì yú	crucian carp	noun
wl_04410	社稷	shè jì	state	noun
wl_04411	弋射	yì shè	to shoot birds with a tethered arrow	verb
wl_04412	河浜	hé bāng	small river or creek, regional usage	noun
wl_04413	牛轭	niú è	ox yoke	noun
wl_04414	屐	jī	clog; wooden shoe	noun
wl_04415	旌旗	jīng qí	banners; flags	noun
wl_04416	缨络	yīng luò	tassels or decorative hanging cords	noun
wl_04417	嫡系	dí xì	forces under one's direct command	noun
wl_04418	嫡出	dí chū	born to the principal wife	adjective
wl_04419	银锭	yín dìng	silver ingot	noun
wl_04420	捅破	tǒng pò	to poke through; to puncture	verb
wl_04421	简牍	jiǎn dú	bamboo and wooden writing slips	noun
wl_04422	侬人	nóng rén	Nong people, a historical ethnic designation	noun
wl_04423	戎装	róng zhuāng	military attire	noun
wl_04424	酒盅	jiǔ zhōng	small wine cup	noun
wl_04425	甬道	yǒng dào	passageway; corridor	noun
wl_04426	麦茬	mài chá	wheat stubble	noun
wl_04427	黄鼬	huáng yòu	Siberian weasel	noun
wl_04428	掸子	dǎn zi	duster	noun
wl_04429	捻转	niǎn zhuǎn	to twist or rotate with the fingers	verb
wl_04430	黢黑	qū hēi	pitch-black	adjective
wl_04431	吃茶	chī chá	to drink tea, regional or older usage	verb phrase
wl_04432	胺基酸	àn jī suān	amino acid, Taiwan terminology	noun
wl_04433	坂道	bǎn dào	sloping road	noun
wl_04434	鸨母	bǎo mǔ	female brothel keeper, historical usage	noun
wl_04435	钡餐	bèi cān	barium meal for diagnostic imaging	noun
wl_04436	梵呗	fàn bài	Buddhist chanting	noun
wl_04437	刚愎自用	gāng bì zì yòng	Describes someone who stubbornly rejects other people's advice.	idiom
wl_04438	装裱	zhuāng biǎo	to mount a painting or calligraphy	verb
wl_04439	文质彬彬	wén zhì bīn bīn	Describes someone with refined, gentle, and courteous manners.	idiom
wl_04440	铂金	bó jīn	platinum	noun
wl_04441	船舶	chuán bó	ships; vessels	noun
wl_04442	罢黜	bà chù	to dismiss from office	verb
wl_04443	捶打	chuí dǎ	to beat; to pound	verb
wl_04444	啐一口	cuì yī kǒu	to spit once	verb phrase
wl_04445	傣族	dǎi zú	Dai ethnic group	proper noun
wl_04446	娣	dì	younger sister, ancient usage	noun
wl_04447	鲷鱼	diāo yú	sea bream	noun
wl_04448	酩酊	mǐng dǐng	dead drunk	adjective
wl_04449	光腚	guāng dìng	bare-bottomed	adjective
wl_04450	腭裂	è liè	cleft palate	noun
wl_04451	深孚众望	shēn fú zhòng wàng	Describes enjoying widespread trust and confidence.	idiom
wl_04452	氟气	fú qì	fluorine gas	noun
wl_04453	镐头	gǎo tou	pickaxe	noun
wl_04454	艮卦	gèn guà	Gen, the mountain trigram or hexagram	noun
wl_04455	股肱	gǔ gōng	trusted aide	noun
wl_04456	诟骂	gòu mà	to revile; to abuse verbally	verb
wl_04457	鹧鸪	zhè gū	partridge	noun
wl_04458	汩汩	gǔ gǔ	gurgling, of flowing water	onomatopoeia
wl_04459	东莞	dōng guǎn	Dongguan, a city in Guangdong	proper noun
wl_04460	硅谷	guī gǔ	Silicon Valley	proper noun
wl_04461	掴耳光	guāi ěr guāng	to slap someone in the face	verb phrase
wl_04462	颔首	hàn shǒu	to nod one's head	verb
wl_04463	昊天	hào tiān	vast sky, literary usage	noun
wl_04464	诃子	hē zǐ	chebulic myrobalan	noun
wl_04465	訇然	hōng rán	with a loud booming sound	adverb
wl_04466	鸿鹄	hóng hú	swan; a symbol of lofty aspirations	noun
wl_04467	猢狲	hú sūn	macaque; monkey, older usage	noun
wl_04468	醍醐	tí hú	refined dairy cream, historical usage	noun
wl_04469	豢养	huàn yǎng	to keep and rear animals	verb
wl_04470	玉璜	yù huáng	semicircular jade ornament	noun
wl_04471	蚂蟥	mǎ huáng	leech	noun
wl_04472	插诨	chā hùn	to insert a comic remark	verb
wl_04473	绛紫	jiàng zǐ	dark reddish purple	noun
wl_04474	姣好	jiāo hǎo	good-looking; attractive	adjective
wl_04475	发姣	fā xiáo	to display sexual excitement or flirt provocatively, Cantonese usage	verb
wl_04476	桀纣	jié zhòu	Jie and Zhou, rulers traditionally portrayed as tyrants	proper noun
wl_04477	觐见	jìn jiàn	to have an audience with a ruler	verb
wl_04478	儆戒	jǐng jiè	to warn; to admonish	verb
wl_04479	镌刻	juān kè	to engrave	verb
wl_04480	乖剌	guāi là	perverse or contrary to reason	adjective
wl_04481	濑户	lài hù	Seto, a Japanese place name	proper noun
wl_04482	天姥	tiān mǔ	Mount Tianmu	proper noun
wl_04483	羸弱	léi ruò	frail; weak	adjective
wl_04484	磊落	lěi luò	open and honest	adjective
wl_04485	锂电池	lǐ diàn chí	lithium battery	noun
wl_04486	鬣鬃	liè zōng	mane	noun
wl_04487	粼粼	lín lín	sparkling; rippling, of water	adjective
wl_04488	嶙峋	lín xún	craggy; rugged	adjective
wl_04489	绫罗	líng luó	fine silk fabrics	noun
wl_04490	鲮鱼	líng yú	mud carp	noun
wl_04491	遛狗	liù gǒu	to walk a dog	verb
wl_04492	瘘管	lòu guǎn	fistula	noun
wl_04493	泸水	lú shuǐ	Lushui, a city in Yunnan	proper noun
wl_04494	辘轳	lù lu	well windlass; pulley	noun
wl_04495	宝璐	bǎo lù	beautiful or precious jade	noun
wl_04496	螨虫	mǎn chóng	mite	noun
wl_04497	昴星	mǎo xīng	Mao, a Chinese lunar mansion associated with the Pleiades	proper noun
wl_04498	水湄	shuǐ méi	water's edge	noun
wl_04499	酶素	méi sù	enzyme, an older term	noun
wl_04500	镁光	měi guāng	magnesium flash	noun
wl_04501	眯眼	mī yǎn	to narrow one's eyes; to squint	verb
wl_04502	乙醚	yǐ mí	diethyl ether	noun
wl_04503	弭乱	mǐ luàn	to quell disorder or rebellion	verb phrase
wl_04504	汨罗	mì luó	Miluo, a city in Hunan	proper noun
wl_04505	暝色	míng sè	evening darkness	noun
wl_04506	涅槃	niè pán	nirvana, a Buddhist concept	noun
wl_04507	啮齿	niè chǐ	gnawing; rodent dentition	adjective
wl_04508	庖厨	páo chú	kitchen, literary usage	noun
wl_04509	怦然	pēng rán	with a sudden throb	adverb
wl_04510	颦蹙	pín cù	to frown	verb
wl_04511	叵测	pǒ cè	unfathomable; unpredictable	adjective
wl_04512	黔首	qián shǒu	common people, ancient usage	noun
wl_04513	茜草	qiàn cǎo	Indian madder	noun
wl_04514	撬开	qiào kāi	to pry open	verb
wl_04515	遒劲	qiú jìng	vigorous and forceful	adjective
wl_04516	裘皮	qiú pí	fur or pelt	noun
wl_04517	髯须	rán xū	beard; whiskers	noun
wl_04518	糅杂	róu zá	to mix together	verb
wl_04519	缛礼	rù lǐ	elaborate, burdensome rituals	noun
wl_04520	蜃楼	shèn lóu	mirage, literary usage	noun
wl_04521	弑君	shì jūn	to kill one's sovereign; regicide	verb
wl_04522	渊薮	yuān sǒu	den; hotbed	noun
wl_04523	情愫	qíng sù	inner feelings; sentiment	noun
wl_04524	燧石	suì shí	flint	noun
wl_04525	滕州	téng zhōu	Tengzhou, a city in Shandong	proper noun
wl_04526	雯华	wén huá	colorful cloud patterns, literary usage	noun
wl_04527	敝屣	bì xǐ	worn-out shoes; something worthless	noun
wl_04528	罅隙	xià xì	crack; gap	noun
wl_04529	筱竹	xiǎo zhú	slender bamboo	noun
wl_04530	邢	xíng	Xing, a surname	proper noun
wl_04531	泱泱	yāng yāng	vast; grand	adjective
wl_04532	弈棋	yì qí	to play a board game such as chess	verb phrase
wl_04533	氤氲	yīn yūn	dense and misty	adjective
wl_04534	义愤填膺	yì fèn tián yīng	Describes being filled with anger at injustice.	idiom
wl_04535	瘀血	yū xuè	blood extravasated into tissue; stagnant blood	noun
wl_04536	滥竽充数	làn yú chōng shù	Describes passing off an unqualified person or item as acceptable.	idiom
wl_04537	囹圄	líng yǔ	prison, literary usage	noun
wl_04538	龃龉	jǔ yǔ	disagreement; friction	noun
wl_04539	愠怒	yùn nù	anger; inwardly angry	noun
wl_04540	甾醇	zāi chún	sterol	noun
wl_04541	幼崽	yòu zǎi	young animal; cub	noun
wl_04542	贬谪	biǎn zhé	to demote and exile from court	verb
wl_04543	赭石	zhě shí	ochre pigment	noun
wl_04544	踯躅	zhí zhú	to pace hesitantly	verb
wl_04545	铢铢	zhū zhū	over minute amounts, literary usage	adverb
wl_04546	一炷香	yī zhù xiāng	one stick of burning incense	number phrase
wl_04547	孳生	zī shēng	to breed; to multiply	verb
wl_04548	睚眦必报	yá zì bì bào	Describes seeking revenge for even the smallest slight.	idiom
wl_04549	目眦	mù zì	corner of the eye	noun
wl_04550	酒樽	jiǔ zūn	wine cup or goblet	noun
wl_04551	皂白	zào bái	right and wrong; black and white	noun
wl_04552	幺么	yāo mó	tiny or insignificant, literary usage	adjective
wl_04553	嗄哑	shà yǎ	hoarse	adjective
wl_04554	嗄	shà	hoarse	adjective
wl_04555	铵根	ǎn gēn	ammonium ion	noun
wl_04556	嗷嗷	áo áo	a repeated howling or crying sound	onomatopoeia
wl_04557	鳌头	áo tóu	first place; highest distinction	noun
wl_04558	桀骜不驯	jié ào bù xùn	Describes a proud and defiant temperament that resists control.	idiom
wl_04559	桀骜	jié ào	unruly and defiant	adjective
wl_04560	瘢痕	bān hén	scar	noun
wl_04561	梆子	bāng zi	wooden clapper	noun
wl_04562	孛星	bèi xīng	comet, ancient usage	noun
wl_04563	虎贲	hǔ bēn	brave warriors or elite guards, historical usage	noun
wl_04564	贲门	bēn mén	cardia, the stomach entrance	noun
wl_04565	苯环	běn huán	benzene ring	noun
wl_04566	嘣嘣	bēng bēng	a series of thudding or snapping sounds	onomatopoeia
wl_04567	筚门	bì mén	bamboo door of a poor dwelling	noun
wl_04568	卞急	biàn jí	hasty and irritable	adjective
wl_04569	摈弃	bìn qì	to discard; to abandon	verb
wl_04570	喀嚓	kā chā	crack; snap	onomatopoeia
wl_04571	碴口	chá kǒu	jagged broken edge	noun
wl_04572	孱头	càn tou	coward; weakling, derogatory usage	noun
wl_04573	抻面	chēn miàn	to pull dough into noodles	verb
wl_04574	郴州	chēn zhōu	Chenzhou, a city in Hunan	proper noun
wl_04575	碜牙	chěn yá	to feel grit between the teeth	verb phrase
wl_04576	噗哧	pū chī	a sudden snorting laugh	onomatopoeia
wl_04577	踟蹰	chí chú	to hesitate; to linger indecisively	verb
wl_04578	不啻	bù chì	tantamount to; no less than	adverb
wl_04579	瞅见	chǒu jiàn	to see; to catch sight of	verb
wl_04580	踹门	chuài mén	to kick a door	verb phrase
wl_04581	边陲	biān chuí	frontier; border area	noun
wl_04582	鸬鹚	lú cí	cormorant	noun
wl_04583	撺掇	cuān duo	to urge or egg someone on	verb
wl_04584	蹿升	cuān shēng	to rise rapidly	verb
wl_04585	嗒然	tà rán	despondently; dejected	adverb
wl_04586	嗒嗒	dā dā	a repeated clicking or tapping sound	onomatopoeia
wl_04587	褡裢	dā lian	double-ended cloth pouch	noun
wl_04588	滑跶	huá dá	slippery and difficult to walk on	adjective
wl_04589	鞑靼	dá dá	Tatar; Tartar	proper noun
wl_04590	黄疸	huáng dǎn	jaundice	noun
wl_04591	砥砺	dǐ lì	to encourage; to hone	verb
wl_04592	骶骨	dǐ gǔ	sacrum	noun
wl_04593	嗲声	diǎ shēng	a coy or affectedly sweet voice	noun
wl_04594	吡啶	bǐ dìng	pyridine	noun
wl_04595	氡气	dōng qì	radon gas	noun
wl_04596	恫吓	dòng hè	to intimidate; to threaten	verb
wl_04597	煅烧	duàn shāo	to calcine	verb
wl_04598	趸批	dǔn pī	wholesale; in bulk	adverb
wl_04599	摁住	èn zhù	to press down and hold	verb phrase
wl_04600	珐琅	fà láng	enamel; enamelware	noun
wl_04601	幡旗	fān qí	long narrow ceremonial flag	noun
wl_04602	蜚声	fēi shēng	to become renowned	verb
wl_04603	腓肠	féi cháng	calf of the leg	noun
wl_04604	苯酚	běn fēn	phenol	noun
wl_04605	蝮蛇	fù shé	pit viper	noun
wl_04606	呷茶	xiā chá	to sip tea	verb phrase
wl_04607	糖苷	táng gān	glycoside	noun
wl_04608	绀青	gàn qīng	dark blue with a purplish tint	noun
wl_04609	枯槁	kū gǎo	withered	adjective
wl_04610	锆石	gào shí	zircon	noun
wl_04611	膈膜	gé mó	diaphragm	noun
wl_04612	镉元素	gé yuán sù	the chemical element cadmium	noun phrase
wl_04613	佝偻	gōu lóu	stooped; hunched	adjective
wl_04614	轱辘	gū lu	wheel, colloquial usage	noun
wl_04615	钴元素	gǔ yuán sù	the chemical element cobalt	noun phrase
wl_04616	桎梏	zhì gù	shackles	noun
wl_04617	掼	guàn	to fling; to throw down	verb
wl_04618	盥洗	guàn xǐ	to wash up; to freshen up	verb
wl_04619	盥漱	guàn shù	to wash one's face and rinse the mouth	verb
wl_04620	咣当	guāng dāng	clang; bang	onomatopoeia
wl_04621	埚	guō	crucible	noun
wl_04622	蝈蝈	guō guo	katydid	noun
wl_04623	巾帼	jīn guó	women, literary usage	noun
wl_04624	氦气	hài qì	helium gas	noun
wl_04625	沆瀣	hàng xiè	collusive association, in 'hàng xiè yī qì'	noun
wl_04626	菏泽	hé zé	Heze, a city in Shandong	proper noun
wl_04627	一泓	yī hóng	one pool of clear water	number phrase
wl_04628	獾子	huān zi	badger	noun
wl_04629	膏肓	gāo huāng	an inaccessible vital region; a hopeless stage, in an idiom	noun
wl_04630	尺蠖	chǐ huò	inchworm	noun
wl_04631	跻跻	jī jī	many people gathered together (literary)	adjective
wl_04632	京畿	jīng jī	capital region; environs of a capital	noun
wl_04633	负笈	fù jí	to travel away from home to study	verb
wl_04634	伎艺	jì yì	craft skill or technique	noun
wl_04635	骥	jì	talented person (figurative)	noun
wl_04636	戛然	jiá rán	abruptly, of a sound stopping	adverb
wl_04637	岬角	jiǎ jiǎo	headland; cape	noun
wl_04638	钾肥	jiǎ féi	potassium fertilizer	noun
wl_04639	倔犟	jué jiàng	stubborn	adjective
wl_04640	佼佼	jiǎo jiǎo	outstanding; exceptional	adjective
wl_04641	羯鼓	jié gǔ	jiegu, a waisted double-ended drum	noun
wl_04642	靳	jìn	Jin, a surname	proper noun
wl_04643	胫	jìng	shin; lower leg	noun
wl_04644	蹶	jué	to stumble; suffer a setback	verb
wl_04645	矍铄	jué shuò	hale and hearty	adjective
wl_04646	俊杰	jùn jié	outstanding talent; eminent person	noun
wl_04647	伉俪	kàng lì	married couple, literary usage	noun
wl_04648	下颏	xià kē	chin	noun
wl_04649	氪气	kè qì	krypton gas	noun
wl_04650	绔	kù	trousers, ancient usage	noun
wl_04651	挎包	kuà bāo	shoulder bag; satchel	noun
wl_04652	胯骨	kuà gǔ	hip bone	noun
wl_04653	胯下	kuà xià	between the legs	location phrase
wl_04654	侩	kuài	broker, old usage	noun
wl_04655	狡狯	jiǎo kuài	crafty; cunning	adjective
wl_04656	喹啉	kuí lín	quinoline	noun
wl_04657	聩	kuì	deaf, literary usage	adjective
wl_04658	篑	kuì	basket for carrying earth	noun
wl_04659	旯旮	lá gā	corner; nook	noun
wl_04660	招徕	zhāo lái	to attract or solicit customers	verb
wl_04661	镧	lán	lanthanum	noun
wl_04662	痨	láo	tuberculosis	noun
wl_04663	藜	lí	goosefoot; pigweed	noun
wl_04664	妯娌	zhóu li	wives of brothers; sisters-in-law	noun
wl_04665	栎	lì	oak	noun
wl_04666	风声鹤唳	fēng shēng hè lì	Describes panicking and suspecting danger at the slightest sound.	idiom
wl_04667	蓼	liǎo	smartweed; knotweed	noun
wl_04668	咧嘴	liě zuǐ	to grin; to draw back the lips	verb
wl_04669	娄	lóu	Lou, a surname	proper noun
wl_04670	撸	lū	to stroke along with the hand	verb
wl_04671	潞	lù	Lu, a river-name character	proper noun
wl_04672	闾	lǘ	village gate; neighborhood, old usage	noun
wl_04673	袂	mèi	sleeve of a robe	noun
wl_04674	扪	mén	to touch or feel with the hand	verb
wl_04675	闵	mǐn	Min, a surname	proper noun
wl_04676	茗	míng	tea, literary usage	noun
wl_04677	谟	mó	plan; strategy	noun
wl_04678	一丘之貉	yī qiū zhī hé	Describes people who are all equally bad.	idiom
wl_04679	貘	mò	tapir	noun
wl_04680	氖气	nǎi qì	neon gas	noun
wl_04681	旖旎	yǐ nǐ	charming; picturesque	adjective
wl_04682	蘖	niè	new shoot from a stump	noun
wl_04683	拧开	nǐng kāi	to unscrew; to twist open	verb
wl_04684	忸怩不安	niǔ ní bù ān	Describes feeling embarrassed, uneasy, and self-conscious	idiom
wl_04685	嘟哝	dū nong	to mutter; to grumble	verb
wl_04686	唱喏	chàng rě	to bow and offer a respectful greeting	verb
wl_04687	耦合	ǒu hé	coupling	noun
wl_04688	奇葩	qí pā	exotic or remarkable flower	noun
wl_04689	蜱虫	pí chóng	tick	noun
wl_04690	痞气	pǐ qì	a rough, roguish manner	noun
wl_04691	噗噗	pū pū	puffing or bubbling sound	onomatopoeia
wl_04692	祺	qí	good fortune	noun
wl_04693	髂骨	qià gǔ	ilium	noun
wl_04694	箝制	qián zhì	to restrict; to stifle	verb
wl_04695	戗	qiāng	against; contrary to the grain	adjective
wl_04696	羟基	qiǎng jī	hydroxyl group	noun
wl_04697	跄踉	qiàng liàng	to stagger	verb
wl_04698	挈带	qiè dài	to take along	verb
wl_04699	趔趄	liè qie	to stagger; to stumble	verb
wl_04700	氰化物	qīng huà wù	cyanide	noun
wl_04701	楸树	qiū shù	Manchurian catalpa	noun
wl_04702	祛除	qū chú	to dispel; to eliminate	verb
wl_04703	龋齿	qǔ chǐ	decayed tooth; dental caries	noun
wl_04704	醛	quán	aldehyde	noun
wl_04705	炔	quē	alkyne	noun
wl_04706	逡巡	qūn xún	to hesitate; to move back and forth	verb
wl_04707	濡湿	rú shī	to moisten	verb
wl_04708	偌大	ruò dà	so large; such a large	adjective
wl_04709	仨人	sā rén	three people	noun phrase
wl_04710	飒飒	sà sà	rustling; soughing	onomatopoeia
wl_04711	糁	sǎn	rice grains; grits	noun
wl_04712	瘙痒	sào yǎng	itchiness; to itch	noun
wl_04713	铯	sè	cesium	noun
wl_04714	舢板	shān bǎn	sampan	noun
wl_04715	潸然	shān rán	with tears flowing	adverb
wl_04716	潸然泪下	shān rán lèi xià	Describes shedding tears from sadness or deep emotion.	idiom
wl_04717	嬗变	shàn biàn	to evolve; to change	verb
wl_04718	鳝鱼	shàn yú	eel	noun
wl_04719	殇	shāng	to die in childhood	verb
wl_04720	螫	shì	to sting or bite, of an insect	verb
wl_04721	吮乳	shǔn rǔ	to suck milk; to nurse	verb
wl_04722	铄	shuò	to melt metal, literary usage	verb
wl_04723	锶	sī	strontium	noun
wl_04724	荪	sūn	fragrant grass, literary usage	noun
wl_04725	摩挲	mó suō	to stroke; to caress	verb
wl_04726	唢呐	suǒ nà	suona, a Chinese shawm	noun
wl_04727	昙花	tán huā	night-blooming cereus	noun
wl_04728	蹚水	tāng shuǐ	to wade through water	verb
wl_04729	溏心	táng xīn	soft yolk, of a cooked egg	noun
wl_04730	帑	tǎng	public funds; state treasury	noun
wl_04731	锑	tī	antimony	noun
wl_04732	笤帚	tiáo zhou	small broom	noun
wl_04733	秤砣	chèng tuó	steelyard weight	noun
wl_04734	崴脚	wǎi jiǎo	to sprain one's ankle	verb
wl_04735	痿	wěi	atrophy; weakness, in medical usage	noun
wl_04736	汶川	wèn chuān	Wenchuan, a county in Sichuan	proper noun
wl_04737	忤逆	wǔ nì	disobedient to parents	adjective
wl_04738	鹜	wù	duck, literary usage	noun
wl_04739	唏嘘	xī xū	to sigh with emotion	verb
wl_04740	硒	xī	selenium	noun
wl_04741	氙气	xiān qì	xenon gas	noun
wl_04742	船舷	chuán xián	side of a ship; gunwale	noun
wl_04743	枭雄	xiāo xióng	ambitious and ruthless figure	noun
wl_04744	燮	xiè	to harmonize; to adjust	verb
wl_04745	灯芯	dēng xīn	lamp wick	noun
wl_04746	囟门	xìn mén	fontanel	noun
wl_04747	悻悻	xìng xìng	resentfully; in a huff	adverb
wl_04748	溴	xiù	bromine	noun
wl_04749	顼	xū	Xu, in Zhuanxu's name	proper noun
wl_04750	荨麻	qián má	nettle	noun
wl_04751	鲟鱼	xún yú	sturgeon	noun
wl_04752	徇私	xùn sī	to favor private interests	verb
wl_04753	娅	yà	relationship between husbands of sisters	noun
wl_04754	偃旗息鼓	yǎn qí xī gǔ	Describes an activity stopping or losing its momentum.	idiom
wl_04755	唁电	yàn diàn	condolence telegram	noun
wl_04756	怏怏	yàng yàng	dejected; displeased	adjective
wl_04757	怏怏不乐	yàng yàng bù lè	Describes feeling dejected, dissatisfied, and unhappy	idiom
wl_04758	掖县	yè xiàn	Ye County (historical name)	proper noun
wl_04759	晔	yè	bright and radiant	adjective
wl_04760	咿呀	yī yā	babbling sound	onomatopoeia
wl_04761	铱金	yī jīn	iridium alloy for pen tips	noun
wl_04762	疮痍	chuāng yí	desolation after disaster	noun
wl_04763	薏苡	yì yǐ	Job's tears; adlay	noun
wl_04764	散轶	sàn yì	to become scattered and lost	verb
wl_04765	癔症	yì zhèng	hysteria, historical terminology	noun
wl_04766	后胤	hòu yìn	descendants	noun
wl_04767	嘤鸣	yīng míng	chirping of birds	noun
wl_04768	嬴政	yíng zhèng	Ying Zheng, the First Emperor's personal name	proper noun
wl_04769	呦呦	yōu yōu	bleating sound of deer	onomatopoeia
wl_04770	须臾	xū yú	a moment; a brief instant	noun
wl_04771	揄扬	yú yáng	to praise; to extol	verb
wl_04772	膏腴	gāo yú	fertile	adjective
wl_04773	阈值	yù zhí	threshold value	noun
wl_04774	名媛	míng yuàn	notable young woman; socialite	noun
wl_04775	纷纭	fēn yún	numerous and conflicting	adjective
wl_04776	一匝	yī zā	one circuit; one turn around	noun phrase
wl_04777	咂嘴	zā zuǐ	to smack one's lips	verb
wl_04778	咋办	zǎ bàn	what should we do?	phrase
wl_04779	咋舌	zé shé	to be astonished; to click the tongue in surprise	verb
wl_04780	谵妄	zhān wàng	delirium	noun
wl_04781	沾润	zhān rùn	to moisten	verb
wl_04782	叠嶂	dié zhàng	overlapping mountain peaks	noun
wl_04783	铮铮	zhēng zhēng	ringing metallic sound	onomatopoeia
wl_04784	祗候	zhī hòu	to wait respectfully	verb
wl_04785	跖骨	zhí gǔ	metatarsal bones	noun
wl_04786	酯化	zhǐ huà	esterification	noun
wl_04787	瞎诌	xiā zhōu	to make things up irresponsibly	verb
wl_04788	江渚	jiāng zhǔ	river islet	noun
wl_04789	龇牙	zī yá	to bare one's teeth	verb
wl_04790	铍元素	pí yuán sù	beryllium	noun
wl_04791	铋元素	bì yuán sù	bismuth	noun
wl_04792	镍币	niè bì	nickel coin	noun
wl_04793	镓元素	jiā yuán sù	gallium	noun
wl_04794	钋元素	pō yuán sù	polonium	noun
wl_04795	钍元素	tǔ yuán sù	thorium	noun
wl_04796	钚元素	bù yuán sù	plutonium	noun
wl_04797	呋喃	fū nán	furan	noun
wl_04798	坩埚	gān guō	crucible	noun
wl_04799	腈纶	jīng lún	acrylic fiber	noun
wl_04800	萘丸	nài wán	naphthalene mothball	noun
wl_04801	哌嗪	pài qín	piperazine	noun
wl_04802	酞菁	tài jīng	phthalocyanine	noun
wl_04803	熵值	shāng zhí	entropy value	noun
wl_04804	糖类	táng lèi	carbohydrates; sugars	noun
wl_04805	朊病毒	ruǎn bìng dú	prion	noun
wl_04806	攥紧	zuàn jǐn	grip tightly	verb
wl_04807	哐当	kuāng dāng	clank	onomatopoeia
wl_04808	咝声	sī shēng	hissing sound	noun
wl_04809	呲牙	zī yá	to bare one's teeth	verb
wl_04810	唰唰	shuā shuā	swishing or rustling sound	onomatopoeia
wl_04811	嗥叫	háo jiào	to howl	verb
wl_04812	嗳气	ǎi qì	to belch	verb
wl_04813	嗵	tōng	thud; thump	onomatopoeia
wl_04814	嘁嘁喳喳	qī qi chā chā	to chatter or whisper	verb
wl_04815	岘港	xiàn gǎng	Da Nang	proper noun
wl_04816	恹恹	yān yān	weak; worried; sickly; wan	adjective
wl_04817	纡回	yū huí	wind around	verb
wl_04818	槭树	qì shù	maple	noun
wl_04819	山楂	shān zhā	Chinese hawthorn (Crataegus pinnatifida)	noun
wl_04820	珥笔	ěr bǐ	carry a writing brush for recording	verb
wl_04821	煊赫	xuān hè	illustrious; prestigious	adjective
wl_04822	硌脚	gè jiǎo	hurt the foot by pressing against it	verb
wl_04823	刀锷	dāo è	blade edge	noun
wl_04824	白癜风	bái diàn fēng	vitiligo	noun
wl_04825	水螅	shuǐ xī	hydra	noun
wl_04826	竹箐	zhú qìng	dense bamboo grove	noun
wl_04827	鲣鱼	jiān yú	skipjack tuna	noun
wl_04828	鲻鱼	zī yú	flathead grey mullet (Mugil cephalus)	noun
wl_04829	髁骨	kē gǔ	thighbone, in an old anatomical usage	noun
wl_04830	髭须	zī xū	mustache and beard	noun
wl_04831	麂子	jǐ zi	muntjac	noun
wl_04832	凌空	líng kōng	high in the air	adverb
wl_04833	钍矿	tǔ kuàng	thorium ore	noun
wl_04834	灶台	zào tái	stove platform; stovetop	noun
wl_04835	铪	hā	hafnium (chemistry)	noun
wl_04836	藏獒	zàng áo	Tibetan mastiff	noun
wl_04837	癍	bān	patchy pigmentation of the skin	noun
wl_04838	牛蒡	niú bàng	burdock	noun
wl_04839	荜门	bì mén	humble wicker door	noun
wl_04840	髌骨	bìn gǔ	kneecap; patella	noun
wl_04841	采地	cài dì	fief	noun
wl_04842	为虎作伥	wèi hǔ zuò chāng	Describes helping a villain harm other people.	idiom
wl_04843	厂部	chǎng bù	factory administration	noun
wl_04844	病瘳	bìng chōu	recover from illness	verb
wl_04845	妲己	dá jǐ	Daji	proper noun
wl_04846	髑髅	dú lóu	skull	noun
wl_04847	楯	dùn	shield	noun
wl_04848	鸸鹋	ér miáo	emu	noun
wl_04849	蜉蝣	fú yóu	mayfly	noun
wl_04850	干材	gàn cái	practical ability	noun
wl_04851	鲠直	gěng zhí	frank; upright	adjective
wl_04852	觥筹	gōng chóu	wine cups and drinking-game counters	noun
wl_04853	菰米	gū mǐ	wild rice	noun
wl_04854	桁条	héng tiáo	purlin	noun
wl_04855	桁架	héng jià	truss	noun
wl_04856	槲树	hú shù	Daimyo oak	noun
wl_04857	北极	běi jí	North Pole	proper noun
wl_04858	草菅	cǎo jiān	coarse wild grasses	noun
wl_04859	糨糊	jiàng hu	paste adhesive	noun
wl_04860	皲裂	jūn liè	to become chapped	verb
wl_04861	尻骨	kāo gǔ	coccyx; tailbone	noun
wl_04862	诓骗	kuāng piàn	to swindle; to deceive	verb
wl_04863	蜡祭	zhà jì	ancient year-end harvest sacrifice	noun
wl_04864	锒铛	láng dāng	shackles	noun
wl_04865	漓江	lí jiāng	Li River	proper noun
wl_04866	靓妆	jìng zhuāng	beautiful adornment	noun
wl_04867	靓丽	liàng lì	beautiful; attractive	adjective
wl_04868	清洌	qīng liè	clear and pure	adjective
wl_04869	泷水	shuāng shuǐ	Shuang River	proper noun
wl_04870	泷濑	lóng lài	river rapids	noun
wl_04871	奔泷	bēn lóng	rushing mountain torrent	noun
wl_04872	黄栌	huáng lú	smoke tree	noun
wl_04873	蟊贼	máo zéi	a harmful person; vermin	noun
wl_04874	祢衡	mí héng	Mi Heng, a historical figure	proper noun
wl_04875	珉玉	mín yù	jade-like ornamental stone	noun
wl_04876	柰子	nài zi	Chinese crabapple	noun
wl_04877	袅袅	niǎo niǎo	curling upward	adverb
wl_04878	水疱	shuǐ pào	blister	noun
wl_04879	纰缪	pī miù	error; mistake	noun
wl_04880	蚍蜉	pí fú	large ant	noun
wl_04881	忧戚	yōu qī	sorrow and anxiety	noun
wl_04882	骐骥	qí jì	fine swift horses	noun
wl_04883	缱绻	qiǎn quǎn	deeply attached and inseparable	adjective
wl_04884	蜣螂	qiāng láng	dung beetle	noun
wl_04885	洒脱	sǎ tuo	free and at ease	adjective
wl_04886	洒落	sǎ luò	to fall or scatter lightly	verb
wl_04887	铩羽	shā yǔ	to suffer defeat	verb
wl_04888	铩翼	shā yì	to injure a bird's wings	verb
wl_04889	歃血	shà xuè	to pledge an oath with sacrificial blood	verb
wl_04890	歃盟	shà méng	blood-oath alliance ceremony	noun
wl_04891	杓子	sháo zi	ladle; scoop	noun
wl_04892	莳花	shì huā	to plant and tend flowers	verb
wl_04893	适	kuò	Kuo, a personal-name reading of 'kuò'	proper noun
wl_04894	溯流	sù liú	to travel upstream	verb
wl_04895	鹰隼	yīng sǔn	hawks and falcons	noun
wl_04896	铊毒	tā dú	thallium poisoning	noun
wl_04897	跆拳	tái quán	taekwondo, an abbreviated expression	noun
wl_04898	瑭	táng	a kind of jade	noun
wl_04899	镗床	táng chuáng	boring machine	noun
wl_04900	缇骑	tí jì	mounted guards in historical usage	noun
wl_04901	鳀鱼	tí yú	anchovy	noun
wl_04902	殄灭	tiǎn miè	to eliminate completely	verb
wl_04903	鲔鱼	wěi yú	tuna	noun
wl_04904	鼯鼠	wú shǔ	flying squirrel	noun
wl_04905	抚恤	fǔ xù	to provide financial support after death or injury	verb
wl_04906	鼎铉	dǐng xuàn	bar used to lift a ceremonial cauldron	noun
wl_04907	睚眦	yá zì	a small grievance	noun
wl_04908	草庵	cǎo ān	thatched hut	noun
wl_04909	药材	yào cái	medicinal ingredient	noun
wl_04910	荫庇	yìn bì	to shade or shelter	verb
wl_04911	镛钟	yōng zhōng	large bell	noun
wl_04912	鬼蜮	guǐ yù	treacherous person	noun
wl_04913	芫花	yuán huā	Daphne genkwa	noun
wl_04914	洙水	zhū shuǐ	the Zhu River	proper noun
wl_04915	骓	zhuī	piebald horse	noun
wl_04916	倬	zhuō	towering and bright; prominent	adjective
wl_04917	嗞嗞	zī zī	a sizzling sound	onomatopoeia
wl_04918	嘬	zuō	to suck	verb
wl_04919	獐	zhāng	water deer	noun
wl_04920	铋	bì	bismuth (chemistry)	noun
wl_04921	钌	liǎo	ruthenium	noun
wl_04922	铟	yīn	indium (chemistry)	noun
wl_04923	钽	tǎn	tantalum (chemistry)	noun
wl_04924	铼	lái	rhenium	noun
wl_04925	锕	ā	actinium (chemistry)	noun
wl_04926	胍	guā	guanidine	noun
wl_04927	腈	jīng	nitrile	noun
wl_04928	肼	jǐng	hydrazine	noun
wl_04929	醌	kūn	quinone (chemistry)	noun
wl_04930	膦	lìn	phosphine	noun
wl_04931	萘	nài	naphthalene C10H8	noun
wl_04932	酞	tài	phthalein	noun
wl_04933	熵	shāng	entropy (character created in 1923)	noun
wl_04934	萜	tiē	terpene	noun
wl_04935	肟	wò	oxime	noun
wl_04936	朊	ruǎn	protein (older term)	noun
wl_04937	氽	tǔn	to float	verb
wl_04938	兕	sì	si, a buffalo-like beast in ancient texts	noun
wl_04939	垡	fá	to turn over soil	verb
wl_04940	埸	yì	field boundary	noun
wl_04941	茚	yìn	indene	noun
wl_04942	掾	yuàn	subordinate official	noun
wl_04943	呖呖	lì lì	clear birdsong	onomatopoeia
wl_04944	呲	zī	to bare (one's teeth)	verb
wl_04945	哏	gén	comic material; a joke	noun
wl_04946	唰	shuā	swish; rustle	onomatopoeia
wl_04947	噙	qín	to hold in the mouth or eyes	verb
wl_04948	狨	róng	marmoset	noun
wl_04949	沅	yuán	Yuan river in Guizhou and Hunan	proper noun
wl_04950	姗姗	shān shān	unhurried; leisurely	adjective
wl_04951	姝	shū	beautiful woman	noun
wl_04952	尕	gǎ	small; little	adjective
wl_04953	绱	shàng	to stitch a shoe upper to its sole	verb
wl_04954	缳	huán	rope loop; noose	noun
wl_04955	棰	chuí	whip; stick for flogging	noun
wl_04956	槭	qì	maple	noun
wl_04957	樯	qiáng	mast	noun
wl_04958	樘	táng	classifier for doors and windows	measure word
wl_04959	殁	mò	to die	verb
wl_04960	珥	ěr	pearl or jade earring	noun
wl_04961	甏	bèng	squat storage jar	noun
wl_04962	腭	è	palate	noun
wl_04963	针砭	zhēn biān	to criticize shortcomings	verb
wl_04964	砟	zhǎ	stone fragments; ballast	noun
wl_04965	硐	dòng	mine opening; tunnel	noun
wl_04966	硌	gè	to press painfully against the body	verb
wl_04967	钣	bǎn	sheet metal	noun
wl_04968	铗	jiá	fire tongs	noun
wl_04969	锷	è	blade edge	noun
wl_04970	痦	wù	mole on the skin	noun
wl_04971	痤疮	cuó chuāng	acne	noun
wl_04972	蚋	ruì	blackfly; small biting fly	noun
wl_04973	蚴	yòu	larva	noun
wl_04974	蝻	nǎn	locust nymph	noun
wl_04975	蝰蛇	kuí shé	viper	noun
wl_04976	箐	qìng	wooded or bamboo-covered mountain hollow	noun
wl_04977	鲆	píng	flatfish	noun
wl_04978	鲣	jiān	bonito	noun
wl_04979	鲻	zī	mullet	noun
wl_04980	鳎	tǎ	sole fish	noun
wl_04981	髁	kē	condyle of a bone	noun
wl_04982	髭	zī	mustache	noun
wl_04983	麂	jǐ	muntjac	noun
wl_04984	黧	lí	dark	adjective
wl_04985	刘	liú	Liu, a surname	proper noun
wl_04986	一隅	yī yú	a corner	noun
wl_04987	僮族	zhuàng zú	former name for the Zhuang people	proper noun
wl_04988	螽斯	zhōng sī	katydid	noun
wl_04989	蓊郁	wěng yù	lush and densely wooded	adjective
wl_04990	蒙眬	méng lóng	blurred, of one's eyes	adjective
wl_04991	俸禄	fèng lù	official's salary in old times	noun
wl_04992	火铳	huǒ chòng	early firearm	noun
wl_04993	天竺	tiān zhú	ancient name for India	proper noun
wl_04994	句读	jù dòu	sentence and phrase pauses in classical writing	noun
wl_04995	私塾	sī shú	old-style private school	noun
wl_04996	谷蠡王	lù lí wáng	Luli Wang, a Xiongnu princely title	proper noun
wl_04997	一斛	yī hú	one hu, a traditional measure of grain	phrase
wl_04998	卖儿鬻女	mài ér yù nǚ	sell one's sons and daughters	verb
wl_04999	淙淙	cóng cóng	murmuring sound of running water	onomatopoeia
wl_05000	舂米	chōng mǐ	to husk rice with a mortar and pestle	verb
wl_05001	陇西	lǒng xī	Longxi	proper noun
wl_05002	擢升	zhuó shēng	promote to a higher position	verb
wl_05003	骊山	lí shān	Mount Li	proper noun
wl_05004	隋朝	suí cháo	Sui dynasty	proper noun
wl_05005	逦迤	lǐ yǐ	winding and extending continuously	adjective
wl_05006	枳壳	zhǐ qiào	dried bitter-orange fruit	noun
wl_05007	齐衰	zī cuī	hemmed hemp mourning robe	noun
wl_05008	伏羲	fú xī	Fuxi	proper noun
wl_05009	逶迤	wēi yí	wind along	verb
wl_05010	赠遗	zèng wèi	give property as a gift	verb
wl_05011	枇杷	pí pa	loquat	noun
wl_05012	耒耜	lěi sì	ancient farming implements	noun
wl_05013	癸卯	guǐ mǎo	Guimao, a sexagenary year designation	noun
wl_05014	先妣	xiān bǐ	one's late mother	noun
wl_05015	揆度	kuí duó	weigh up or estimate	verb
wl_05016	恣睢	zì suī	unrestrained and reckless	adjective
wl_05017	下邳	xià pī	Xiapi, a historical place name	proper noun
wl_05018	李逵	lǐ kuí	Li Kui, a character in Water Margin	proper noun
wl_05019	颓圮	tuí pǐ	collapse and fall into ruin	verb
wl_05020	喟叹	kuì tàn	heave a deep sigh	verb
wl_05021	懿德	yì dé	admirable moral virtue	noun
wl_05022	于思	yú sāi	thick-bearded	adjective
wl_05023	朱熹	zhū xī	Zhu Xi	proper noun
wl_05024	歌姬	gē jī	female singer in old times	noun
wl_05025	台小子	yí xiǎo zǐ	I, your humble young servant	phrase
wl_05026	期年	jī nián	a full year	noun
wl_05027	官吏	guān lì	government official in old times	noun
wl_05028	炜然	wěi rán	bright and radiant	adjective
wl_05029	蔽芾	bì fèi	small and leafy, of young growth	adjective
wl_05030	芾芾	fú fú	lush and flourishing	adjective
wl_05031	沮洳	jù rù	low and waterlogged ground	noun
wl_05032	予	yú	I, in classical usage	pronoun
wl_05033	欤	yú	classical question particle	particle
wl_05034	莒国	jǔ guó	ancient state of Ju	proper noun
wl_05035	不以语人	bù yǐ yù rén	tell nobody about it	phrase
wl_05036	急遽	jí jù	rapidly and abruptly	adverb
wl_05037	菟丝子	tù sī zǐ	dodder	noun
wl_05038	瓠瓜	hù guā	bottle gourd	noun
wl_05039	恶乎	wū hū	where; in what place	pronoun
wl_05040	橹棹	lǔ zhào	oars and sculling oars	noun
wl_05041	训诂	xùn gǔ	historical interpretation of words	noun
wl_05042	水浒传	shuǐ hǔ zhuàn	Water Margin	proper noun
wl_05043	沪剧	hù jù	Shanghai opera	noun
wl_05044	厝火积薪	cuò huǒ jī xīn	Describes creating or ignoring a serious hidden danger.	idiom
wl_05045	鲴鱼	gù yú	freshwater fish of the genus Xenocypris	noun
wl_05046	嗫嚅	niè rú	mumble hesitantly	verb
wl_05047	夫	fú	classical discourse-opening particle	particle
wl_05048	苻坚	fú jiān	Fu Jian	proper noun
wl_05049	瞿塘峡	qú táng xiá	Qutang Gorge	proper noun
wl_05050	婺源	wù yuán	Wuyuan	proper noun
wl_05051	桧木	guì mù	cypress wood	noun
wl_05052	女娲	nǚ wā	Nuwa	proper noun
wl_05053	淮河	huái hé	Huai River, main river of east China, between the Yellow River and the Changjiang	proper noun
wl_05054	鳜鱼	guì yú	mandarin fish	noun
wl_05055	根柢	gēn dǐ	roots	noun
wl_05056	萋萋	qī qī	lush; luxuriant	adjective
wl_05057	圭臬	guī niè	an authoritative standard	noun
wl_05058	兮	xī	expressive particle in classical Chinese	particle
wl_05059	菜畦	cài qí	vegetable bed	noun
wl_05060	后羿	hòu yì	Houyi, a legendary archer	proper noun
wl_05061	蕙质兰心	huì zhì lán xīn	Describes a pure-hearted, refined, and elegant person	idiom
wl_05062	崔嵬	cuī wéi	lofty; towering	adjective
wl_05063	洄游	huí yóu	migrate, of fish	verb
wl_05064	淬火	cuì huǒ	harden metal by quenching	verb
wl_05065	宸翰	chén hàn	an emperor's handwriting	noun
wl_05066	赈灾	zhèn zāi	provide disaster relief	verb
wl_05067	蔺相如	lìn xiāng rú	Lin Xiangru, a statesman of ancient Zhao	proper noun
wl_05068	尧舜	yáo shùn	Yao and Shun, legendary sage rulers	proper noun
wl_05069	千仞	qiān rèn	a thousand ren; immensely high	phrase
wl_05070	窸窣	xī sū	a soft rustling sound	onomatopoeia
wl_05071	散佚	sàn yì	be dispersed and lost	verb
wl_05072	岷山	mín shān	the Min Mountains	proper noun
wl_05073	闽南	mǐn nán	Minnan; southern Fujian	proper noun
wl_05074	栉风沐雨	zhì fēng mù yǔ	Describes working and traveling outdoors despite wind and rain.	idiom
wl_05075	渤海	bó hǎi	Bohai Sea	proper noun
wl_05076	单于	chán yú	chanyu, a ruler of the Xiongnu	noun
wl_05077	袁	yuán	Yuan, a surname	proper noun
wl_05078	堤堰	dī yàn	embankment or weir	noun
wl_05079	苑囿	yuàn yòu	an enclosed park or hunting preserve	noun
wl_05080	远小人	yuǎn xiǎo rén	keep petty or unworthy people at a distance	verb
wl_05081	云鬟	yún huán	a woman's luxuriant piled-up hair	noun
wl_05082	进谏	jìn jiàn	remonstrate with a ruler	verb
wl_05083	潺湲	chán yuán	flow gently and continuously	verb
wl_05084	仓颉	cāng jié	Cangjie, legendary inventor of Chinese writing	proper noun
wl_05085	捌	bā	eight, in formal financial writing	numeral
wl_05086	铨选	quán xuǎn	select and appoint officials	verb
wl_05087	婵娟	chán juān	lovely and graceful	adjective
wl_05088	翦除	jiǎn chú	cut away; remove	verb
wl_05089	浙江	zhè jiāng	Zhejiang, a province in eastern China	proper noun
wl_05090	张骞	zhāng qiān	Zhang Qian, a Han-dynasty envoy	proper noun
wl_05091	嫣然	yān rán	with a lovely smile	adverb
wl_05092	汴京	biàn jīng	Bianjing, historical name for Kaifeng	proper noun
wl_05093	车马阗门	chē mǎ tián mén	carriages and horses crowd the entrance	phrase
wl_05094	匾额	biǎn é	inscribed horizontal plaque	noun
wl_05095	发见	fā jiàn	discover; find	verb
wl_05096	竹篙	zhú gāo	bamboo pole for propelling a boat	noun
wl_05097	蒿草	hāo cǎo	wormwood or mugwort	noun
wl_05098	啁啾	zhōu jiū	chirp or twitter	verb
wl_05099	洗濯	xǐ zhuó	wash or launder	verb
wl_05100	皋陶	gāo yáo	Gao Yao, a legendary minister of Shun	proper noun
wl_05101	年高德劭	nián gāo dé shào	Describes an elderly person respected for admirable character.	idiom
wl_05102	日曜	rì yào	the sun as one of the seven luminaries	noun
wl_05103	晁错	cháo cuò	Chao Cuo, a Han-dynasty official	proper noun
wl_05104	僬侥	jiāo yáo	legendary dwarfs or their land	noun
wl_05105	华佗	huà tuó	Hua Tuo, an ancient physician	proper noun
wl_05106	孟轲	mèng kē	Meng Ke, the personal name of Mencius	proper noun
wl_05107	跛	bì	leaning to one side	adverb
wl_05108	木槎	mù chá	wooden raft	noun
wl_05109	树桠	shù yā	fork or branch of a tree	noun
wl_05110	姹紫嫣红	chà zǐ yān hóng	Describes a profusion of brightly colored, beautiful flowers.	idiom
wl_05111	哪吒	né zhā	Nezha, a mythological deity	proper noun
wl_05112	叱咤	chì zhà	roar commands; wield commanding influence	verb
wl_05113	沧浪	cāng láng	Canglang, a classical river name	proper noun
wl_05114	行行	hàng hàng	strong and resolute	adjective
wl_05115	玄奘	xuán zàng	Xuanzang, a Tang dynasty Buddhist monk	proper noun
wl_05116	湘江	xiāng jiāng	Xiang River, in Hunan	proper noun
wl_05117	圭璋	guī zhāng	gui and zhang, ceremonial jade objects	noun
wl_05118	漳州	zhāng zhōu	Zhangzhou, a city in Fujian	proper noun
wl_05119	菖蒲	chāng pú	sweet flag, an aromatic wetland plant	noun
wl_05120	羌族	qiāng zú	Qiang ethnic group	proper noun
wl_05121	箬竹	ruò zhú	broad-leaved bamboo	noun
wl_05122	峥嵘	zhēng róng	towering and rugged	adjective
wl_05123	田埂	tián gěng	raised ridge between fields	noun
wl_05124	闳大	hóng dà	grand and expansive	adjective
wl_05125	诤谏	zhèng jiàn	frank remonstrance; to advise against wrongdoing	noun
wl_05126	颍水	yǐng shuǐ	the Ying River	proper noun
wl_05127	桢干	zhēn gàn	mainstay or essential supporting person	noun
wl_05128	町畦	tǐng qí	field boundaries	noun
wl_05129	畹町	wǎn tīng	Wanding, a place in Yunnan	proper noun
wl_05130	蜻蛉	qīng líng	damselfly	noun
wl_05131	螟虫	míng chóng	stem-boring insect; crop borer	noun
wl_05132	淅沥	xī lì	pattering sound of light rain	onomatopoeia
wl_05133	戊戌	wù xū	Wuxu, the thirty-fifth year of the sixty-year cycle	proper noun
wl_05134	涔涔	cén cén	streaming or profuse	adjective
wl_05135	澹泊	dàn bó	indifferent to fame and wealth; content with simplicity	adjective
wl_05136	陕西	shǎn xī	Shaanxi Province	proper noun
wl_05137	深圳	shēn zhèn	Shenzhen, a city in Guangdong	proper noun
wl_05138	糌粑	zān ba	tsampa, roasted barley flour food	noun
wl_05139	乌桕	wū jiù	Chinese tallow tree	noun
wl_05140	囡囡	nān nān	little girl; darling child	noun
wl_05141	峪口	yù kǒu	entrance to a mountain valley	noun
wl_05142	哎唷	āi yō	oh; exclamation of pain or surprise	interjection
wl_05143	嘿	mò	silent	adjective
wl_05144	木橛子	mù jué zi	wooden peg	noun
wl_05145	两橛	liǎng jué	two broken pieces or sections	number phrase
wl_05146	酒埕	jiǔ chéng	earthenware wine jar, regional usage	noun
wl_05147	垭口	yā kǒu	narrow mountain pass	noun
wl_05148	瘰疬	luǒ lì	scrofula, an older medical term	noun
wl_05149	窠臼	kē jiù	stereotyped pattern; rut	noun
wl_05150	河汊	hé chà	branch of a river	noun
wl_05151	伢子	yá zi	child, dialect usage	noun
wl_05152	迎迓	yíng yà	to welcome arriving guests	verb
wl_05153	犁铧	lí huá	plowshare	noun
wl_05154	嗉囊	sù náng	crop, an animal's food-storage pouch	noun
wl_05155	牯牛	gǔ niú	bull or ox	noun
wl_05156	褚	chǔ	Chu, a surname	proper noun
wl_05157	箸	zhù	chopsticks, literary usage	noun
wl_05158	跗骨	fū gǔ	tarsal bones	noun
wl_05159	恺悌	kǎi tì	kind and easygoing	adjective
wl_05160	稗官野史	bài guān yě shǐ	unofficial or anecdotal historical accounts.	idiom
wl_05161	钗子	chāi zi	hairpin with prongs	noun
wl_05162	刈草	yì cǎo	to cut grass	verb phrase
wl_05163	碓臼	duì jiù	a pestle-and-mortar grain pounding device	noun
wl_05164	煨汤	wēi tāng	to simmer soup gently	verb phrase
wl_05165	豕	shǐ	pig; swine, literary usage	noun
wl_05166	秕糠	bǐ kāng	chaff; empty husks	noun
wl_05167	糍粑	cí bā	glutinous rice cake	noun
wl_05168	鸱鸮	chī xiāo	owl, literary usage	noun
wl_05169	祁	qí	Qi, a surname	proper noun
wl_05170	俟候	sì hòu	to wait, literary usage	verb
wl_05171	沂水	yí shuǐ	Yishui, a county in Shandong	proper noun
wl_05172	夔	kuí	Kui, a mythical creature	proper noun
wl_05173	榧子	fěi zi	Chinese torreya nuts	noun
wl_05174	薅草	hāo cǎo	to pull out weeds	verb phrase
wl_05175	铙钹	náo bó	cymbals	noun
wl_05176	鱼鳔	yú biào	swim bladder	noun
wl_05177	打醮	dǎ jiào	to perform a Taoist ritual offering	verb phrase
wl_05178	粜米	tiào mǐ	to sell rice	verb phrase
wl_05179	耧车	lóu chē	traditional seed drill	noun
wl_05180	沤肥	òu féi	to make fertilizer by soaking organic matter	verb
wl_05181	泅水	qiú shuǐ	to swim	verb
wl_05182	良莠不齐	liáng yǒu bù qí	good and bad people or things mixed together.	idiom
wl_05183	錾子	zàn zi	chisel	noun
wl_05184	蚶子	hān zi	blood clam	noun
wl_05185	袷衣	jiá yī	lined garment	noun
wl_05186	奁妆	lián zhuāng	dowry, literary usage	noun
wl_05187	佥	qiān	all, classical usage	pronoun
wl_05188	暹罗	xiān luó	Siam, the former name of Thailand	proper noun
wl_05189	酽茶	yàn chá	strong tea	noun
wl_05190	檩条	lǐn tiáo	roof purlin	noun
wl_05191	仓廪	cāng lǐn	granary, literary usage	noun
wl_05192	揿铃	qìn líng	to press a doorbell	verb phrase
wl_05193	窨井	yìn jǐng	inspection chamber; manhole	noun
wl_05194	苋菜	xiàn cài	amaranth greens	noun
wl_05195	辇车	niǎn chē	imperial carriage	noun
wl_05196	膻味	shān wèi	strong mutton-like odor	noun
wl_05197	犍牛	jiān niú	bullock; castrated male bovine	noun
wl_05198	犍为	qián wéi	Qianwei, a county in Sichuan	proper noun
wl_05199	骈文	pián wén	parallel prose	noun
wl_05200	椴木	duàn mù	linden wood	noun
wl_05201	皖	wǎn	Anhui, abbreviated province name	proper noun
wl_05202	镟床	xuàn chuáng	lathe	noun
wl_05203	篆书	zhuàn shū	seal script	noun
wl_05204	兖州	yǎn zhōu	Yanzhou, a district in Shandong	proper noun
wl_05205	孑孓	jié jué	mosquito larva	noun
wl_05206	牝鸡	pìn jī	hen, classical usage	noun
wl_05207	杌子	wù zi	small backless stool	noun
wl_05208	荀子	xún zǐ	Xunzi, a Chinese philosopher	proper noun
wl_05209	秫秸	shú jie	sorghum stalk	noun
wl_05210	臧	zāng	Zang, a surname	proper noun
wl_05211	柞木	zuò mù	oak wood	noun
wl_05212	焯水	chāo shuǐ	to blanch; to parboil	verb
wl_05213	芍药	sháo yào	herbaceous peony	noun
wl_05214	镢	jué	mattock; hoe, dialect usage	noun
wl_05215	涿州	zhuō zhōu	Zhuozhou, a city in Hebei	proper noun
wl_05216	夯实	hāng shí	to tamp down; to compact	verb
wl_05217	严饬	yán chì	to impose strict discipline; to admonish sternly	verb
wl_05218	田塍	tián chéng	ridge between fields	noun
wl_05219	牛虻	niú méng	horsefly	noun
wl_05220	粳米	jīng mǐ	japonica rice	noun
wl_05221	黄檗	huáng bò	Amur cork tree	noun
wl_05222	疔疮	dīng chuāng	furuncle or boil, traditional terminology	noun
wl_05223	佞人	nìng rén	flatterer	noun
wl_05224	磬	qìng	stone chime	noun
wl_05225	井陉	jǐng xíng	Jingxing, a county in Hebei	proper noun
wl_05226	虢国	guó guó	the ancient state of Guo	proper noun
wl_05227	茔地	yíng dì	burial ground	noun
wl_05228	荥阳	xíng yáng	Xingyang, a city in Henan	proper noun
wl_05229	蠓虫	měng chóng	midge	noun
wl_05230	痈疮	yōng chuāng	carbuncle or abscess, traditional terminology	noun
wl_05231	瑷珲	ài huī	Aigun, a historical place name	proper noun
wl_05232	舢舨	shān bǎn	sampan	noun
wl_05233	陂塘	bēi táng	pond; reservoir	noun
wl_05234	畀予	bì yǔ	to give or grant, classical usage	verb
wl_05235	髀骨	bì gǔ	hip bone, an older anatomical term	noun
wl_05236	邠县	bīn xiàn	Bin County, an old county name	proper noun
wl_05237	逋逃	bū táo	to flee; to go into hiding	verb
wl_05238	鲳鱼	chāng yú	pomfret	noun
wl_05239	娣姒	dì sì	sisters-in-law, historical usage	noun
wl_05240	睇见	dì jiàn	to see, in Cantonese	verb
wl_05241	碲元素	dì yuán sù	the chemical element tellurium	noun phrase
wl_05242	倥侗	kōng tóng	ignorant; unenlightened	adjective
wl_05243	侗侗	tǒng tǒng	tall and large, literary usage	adjective
wl_05244	侗族	dòng zú	Dong ethnic group	proper noun
wl_05245	屙屎	ē shǐ	to defecate, dialect usage	verb
wl_05246	谔谔	è è	to speak frankly and critically	verb
wl_05247	鲂鱼	fáng yú	bream	noun
wl_05248	画舫	huà fǎng	decorated pleasure boat	noun
wl_05249	雨雪霏霏	yù xuě fēi fēi	snow falling thickly in many flakes.	idiom
wl_05250	赣州	gàn zhōu	Ganzhou, a city in Jiangxi	proper noun
wl_05251	赣江	gàn jiāng	Gan River	proper noun
wl_05252	天罡	tiān gāng	Big Dipper, old usage	proper noun
wl_05253	轮毂	lún gǔ	wheel hub	noun
wl_05254	瞽者	gǔ zhě	blind person, literary usage	noun
wl_05255	莞草	guān cǎo	bulrush used for weaving	noun
wl_05256	莞尔	wǎn ěr	to smile, literary usage	verb
wl_05257	衮衮诸公	gǔn gǔn zhū gōng	high-ranking officials who accomplish little, often ironically.	idiom
wl_05258	濠沟	háo gōu	moat	noun
wl_05259	薨逝	hōng shì	to die, of a prince or noble (historical usage)	verb
wl_05260	天祜	tiān hù	Heaven's blessing	noun
wl_05261	不遑	bù huáng	to have no time to	verb
wl_05262	珲春	hún chūn	Hunchun, a city in Jilin	proper noun
wl_05263	嵇康	jī kāng	Ji Kang, a historical writer and musician	proper noun
wl_05264	偈语	jì yǔ	Buddhist verse	noun
wl_05265	胡笳	hú jiā	hu jia, an ancient reed wind instrument	noun
wl_05266	症瘕	zhēng jiǎ	abdominal masses in traditional Chinese medicine	noun
wl_05267	碑碣	bēi jié	inscribed stone tablets	noun
wl_05268	墓碣	mù jié	small stone grave marker	noun
wl_05269	饥馑	jī jǐn	famine	noun
wl_05270	衣裾	yī jū	hem or skirt of a garment	noun
wl_05271	谲诡	jué guǐ	strange and unpredictable	adjective
wl_05272	锟铻	kūn wú	a treasured sword, classical usage	noun
wl_05273	鲲鹏	kūn péng	Kun and Peng, mythological creatures	proper noun
wl_05274	瘌痢	là lì	favus or scalp ringworm, colloquial terminology	noun
wl_05275	崂山	láo shān	Mount Lao	proper noun
wl_05276	管蠡窥测	guǎn lí kuī cè	judging a whole matter from narrow and limited evidence.	idiom
wl_05277	醴酒	lǐ jiǔ	sweet ritual wine	noun
wl_05278	鲢鱼	lián yú	silver carp	noun
wl_05279	廪仓	lǐn cāng	granary	noun
wl_05280	酒垆	jiǔ lú	wine shop or serving counter	noun
wl_05281	玳瑁	dài mào	hawksbill turtle	noun
wl_05282	乘幂	chéng mì	power; exponentiation	noun
wl_05283	沔水	miǎn shuǐ	Mian River, a historical river name	proper noun
wl_05284	邈远	miǎo yuǎn	distant; remote	adjective
wl_05285	殁世	mò shì	to pass away	verb
wl_05286	老衲	lǎo nà	I, a humble self-reference of an elderly monk	pronoun
wl_05287	恁地	nèn dì	so; in this way, older vernacular	adverb
wl_05288	貔貅	pí xiū	pixiu, a mythical auspicious animal	noun
wl_05289	莆田	pú tián	Putian, a city in Fujian	proper noun
wl_05290	溥博	pǔ bó	extensive and all-embracing	adjective
wl_05291	蛴螬	qí cáo	beetle grub	noun
wl_05292	沙碛	shā qì	sandy desert; sandy expanse	noun
wl_05293	愆期	qiān qī	to miss an appointed time	verb
wl_05294	茕茕	qióng qióng	lonely and without support	adjective
wl_05295	荏苒	rěn rǎn	to slip away, of time	verb
wl_05296	发轫	fā rèn	to originate; to begin	verb
wl_05297	衽席	rèn xí	bedding or sleeping mat	noun
wl_05298	汕头	shàn tóu	Shantou, a city in Guangdong	proper noun
wl_05299	汕尾	shàn wěi	Shanwei, a city in Guangdong	proper noun
wl_05300	莘莘	shēn shēn	numerous, literary usage	adjective
wl_05301	覃思	tán sī	to think deeply	verb
wl_05302	覃姓	qín xìng	the surname Qin, written 'qín'	noun phrase
wl_05303	倜傥	tì tǎng	(literary) (of a man) dashing; suave; free-spirited	adjective
wl_05304	佟姓	tóng xìng	the surname Tong, written 'tóng'	noun phrase
wl_05305	邬姓	wū xìng	the surname Wu, written 'wū'	noun phrase
wl_05306	巫觋	wū xí	shaman, ancient usage	noun
wl_05307	檄文	xí wén	proclamation; call to arms	noun
wl_05308	铣床	xǐ chuáng	milling machine	noun
wl_05309	冼姓	xiǎn xìng	the surname Xian, written 'xiǎn'	noun phrase
wl_05310	萱草	xuān cǎo	daylily	noun
wl_05311	璇玑	xuán jī	ancient astronomical instrument	noun
wl_05312	浔阳	xún yáng	Xunyang, a historical place name	proper noun
wl_05313	餍足	yàn zú	satisfied; satiated	adjective
wl_05314	商鞅	shāng yāng	Shang Yang, a statesman of ancient Qin	proper noun
wl_05315	爻辞	yáo cí	line statement in the I Ching	noun
wl_05316	彝族	yí zú	Yi ethnic group	proper noun
wl_05317	翳障	yì zhàng	obstruction or opacity affecting the eye, old medical terminology	noun
wl_05318	阴翳	yīn yì	shady and covered by foliage	adjective
wl_05319	瀛寰	yíng huán	the world	noun
wl_05320	邕宁	yōng níng	Yongning, a district in Guangxi	proper noun
wl_05321	壅塞	yōng sè	to become clogged; congested	verb
wl_05322	囿于	yòu yú	to be limited by	verb phrase
wl_05323	番禺	pān yú	Panyu, a district in Guangdong	proper noun
wl_05324	彧彧	yù yù	lush and flourishing, literary usage	adjective
wl_05325	煜煜	yù yù	bright; dazzling	adjective
wl_05326	钟灵毓秀	zhōng líng yù xiù	a naturally beautiful place that nurtures outstanding people.	idiom
wl_05327	仄声	zè shēng	oblique tone in classical prosody	noun
wl_05328	翟羽	dí yǔ	pheasant tail feathers	noun
wl_05329	翟姓	zhái xìng	the surname Zhai	noun phrase
wl_05330	李钊	lǐ zhāo	Li Zhao, a personal name	proper noun
wl_05331	白芷	bái zhǐ	Dahurian angelica	noun
wl_05332	秭归	zǐ guī	Zigui, a county in Hubei	proper noun
wl_05333	谶语	chèn yǔ	prophecy; prophetic remark	noun
wl_05334	縻系	mí xì	to bind or tether	verb
wl_05335	鏊子	ào zi	griddle	noun
wl_05336	狍子	páo zi	Siberian roe deer	noun
wl_05337	莼菜	chún cài	water shield, an edible aquatic plant	noun
wl_05338	穰穰	ráng ráng	abundant and ripe, of crops	adjective
wl_05339	壅闭	yōng bì	to block or clog up	verb
wl_05340	狴犴	bì àn	bi'an, a mythical beast	proper noun
wl_05341	老媪	lǎo ǎo	elderly woman	noun
wl_05342	捭阖	bǎi hé	opening and closing; strategic persuasion	noun
wl_05343	荸荠	bí qí	Chinese water chestnut	noun
wl_05344	惩毖	chéng bì	to learn a lesson and exercise caution	verb
wl_05345	襞积	bì jī	folds or pleats in clothing	noun
wl_05346	鳊鱼	biān yú	bream	noun
wl_05347	马弁	mǎ biàn	an officer's attendant, historical usage	noun
wl_05348	骠骑	piào qí	Piaoqi, an ancient military title	noun
wl_05349	亳州	bó zhōu	Bozhou, a city in Anhui	proper noun
wl_05350	粲然	càn rán	brightly; with a broad smile	adverb
wl_05351	漕运	cáo yùn	transport of grain by water	noun
wl_05352	侪辈	chái bèi	one's peers	noun
wl_05353	蜂虿	fēng chài	bees and scorpions; venomous creatures	noun
wl_05354	市廛	shì chán	market area or shops	noun
wl_05355	巉岩	chán yán	steep, rugged rocks	noun
wl_05356	大氅	dà chǎng	cloak; cape	noun
wl_05357	嗔怒	chēn nù	to become angry	verb
wl_05358	谌姓	chén xìng	the surname Chen, written 'chén'	noun phrase
wl_05359	柽柳	chēng liǔ	tamarisk	noun
wl_05360	琤琤	chēng chēng	a clear ringing sound of struck jade or strings	onomatopoeia
wl_05361	茌平	chí píng	Chiping, a district in Shandong	proper noun
wl_05362	丹墀	dān chí	red steps before a palace	noun
wl_05363	褫夺	chǐ duó	to strip of; to deprive	verb
wl_05364	滁州	chú zhōu	Chuzhou, a city in Anhui	proper noun
wl_05365	手钏	shǒu chuàn	bracelet	noun
wl_05366	玉琮	yù cóng	cong, an ancient ritual jade tube	noun
wl_05367	腠理	còu lǐ	interstices of the skin, traditional medical terminology	noun
wl_05368	徂徕	cú lái	Mount Culai	proper noun
wl_05369	分爨	fēn cuàn	to maintain separate households and cooking arrangements	verb
wl_05370	怛伤	dá shāng	to grieve; to feel deep sorrow	verb
wl_05371	糖甙	táng dài	glycoside, dated spelling	noun
wl_05372	迨至	dài zhì	by the time of; until reaching	expression
wl_05373	土埭	tǔ dài	earthen embankment or dam	noun
wl_05374	箪食	dān shí	food in a bamboo basket	noun
wl_05375	啖食	dàn shí	to eat or consume food	verb
wl_05376	大啖	dà dàn	to eat heartily	verb phrase
wl_05377	砀山	dàng shān	Dangshan, a county in Anhui	proper noun
wl_05378	咯噔	gē dēng	clunk; thump	onomatopoeia
wl_05379	石磴	shí dèng	stone steps	noun
wl_05380	棠棣	táng dì	a flowering tree symbolizing brotherhood in classical poetry	noun
wl_05381	滇池	diān chí	Lake Dianchi	proper noun
wl_05382	金钿	jīn diàn	gold hair ornament	noun
wl_05383	城堞	chéng dié	battlements of a city wall	noun
wl_05384	蹀躞	dié xiè	to walk in small steps	verb
wl_05385	下碇	xià dìng	to drop anchor	verb phrase
wl_05386	崆峒	kōng tóng	Kongtong, a district in Gansu	proper noun
wl_05387	树蔸	shù dōu	tree stump or root base, regional usage	noun
wl_05388	竹篼	zhú dōu	bamboo basket	noun
wl_05389	阇梨	shé lí	Buddhist teacher; monk	noun
wl_05390	阇台	dū tái	platform above a city gate	noun
wl_05391	穷兵黩武	qióng bīng dú wǔ	recklessly using military force and waging wars.	idiom
wl_05392	惇厚	dūn hòu	honest and kind	adjective
wl_05393	阏氏	yān zhī	wife of a Xiongnu ruler, historical title	noun
wl_05394	花萼	huā è	calyx	noun
wl_05395	鱼鹗	yú è	osprey	noun
wl_05396	鲕鱼	ér yú	small immature fish, older usage	noun
wl_05397	洱海	ěr hǎi	Erhai Lake	proper noun
wl_05398	钒元素	fán yuán sù	the chemical element vanadium	noun phrase
wl_05399	燔烧	fán shāo	to burn or consume by fire	verb
wl_05400	蘩蒿	fán hāo	white mugwort	noun
wl_05401	匚部	fāng bù	the 'fāng' radical section in a dictionary	noun phrase
wl_05402	蜚蠊	fěi lián	cockroach	noun
wl_05403	汾河	fén hé	Fen River	proper noun
wl_05404	跏趺	jiā fū	to sit with legs crossed in lotus posture	verb
wl_05405	凫水	fú shuǐ	to swim, regional usage	verb
wl_05406	茀郁	fú yù	dense and overgrown, of vegetation	adjective
wl_05407	茯苓	fú líng	fu ling; tuckahoe fungus	noun
wl_05408	芝罘	zhī fú	Zhifu, a district in Shandong	proper noun
wl_05409	青蚨	qīng fú	money, literary allusion	noun
wl_05410	涪陵	fú líng	Fuling, a district of Chongqing	proper noun
wl_05411	拊掌	fǔ zhǎng	to clap one's hands	verb
wl_05412	垓下	gāi xià	Gaixia, an ancient place name	proper noun
wl_05413	琅玕	láng gān	fine jade-like stone	noun
wl_05414	酸酐	suān gān	acid anhydride	noun
wl_05415	旰食	gàn shí	to eat late in the day	verb
wl_05416	赣县	gàn xiàn	Ganxian, a district in Jiangxi	proper noun
wl_05417	戆直	zhuàng zhí	bluntly honest	adjective
wl_05418	杲杲	gǎo gǎo	bright and shining	adjective
wl_05419	缟素	gǎo sù	white mourning clothes	noun
wl_05420	诰命	gào mìng	imperial edict granting rank or honor	noun
wl_05421	圪垯	gē da	lump, regional usage	noun
wl_05422	鼎鬲	dǐng lì	ding and li cooking vessels	noun
wl_05423	鬲国	gé guó	the ancient state of Ge	proper noun
wl_05424	赓续	gēng xù	to continue; to carry on	verb
wl_05425	龚姓	gōng xìng	the surname Gong, written 'gōng'	noun phrase
wl_05426	珙桐	gǒng tóng	dove tree	noun
wl_05427	鱼笱	yú gǒu	basket trap for catching fish	noun
wl_05428	蝼蛄	lóu gū	mole cricket	noun
wl_05429	鹘	hú	falcon, literary usage	noun
wl_05430	鹘仑	hú lún	whole; without breaking it up, older usage	adverb
wl_05431	臌胀	gǔ zhàng	abdominal swelling; tympanites	noun
wl_05432	痼疾	gù jí	chronic ailment	noun
wl_05433	鸹	guā	crow, in compounds	bound noun
wl_05434	老鸹	lǎo gua	crow; raven, dialect usage	noun
wl_05435	炅	jiǒng	bright; shining, literary usage	adjective
wl_05436	晗	hán	dawn about to break	noun
wl_05437	菡萏	hàn dàn	lotus flower	noun
wl_05438	颢	hào	white and shining	adjective
wl_05439	颌	hé	jaw, in compounds	bound noun
wl_05440	翮	hé	quill; feather shaft	noun
wl_05441	珩	héng	upper jade piece in a pendant	noun
wl_05442	蘅芜	héng wú	hengwu, an aromatic plant	noun
wl_05443	齁	hōu	to feel thirsty from overly sweet or salty food	verb
wl_05444	骨骺	gǔ hóu	epiphysis, the end region of a bone	noun
wl_05445	箜篌	kōng hóu	konghou, a Chinese harp	noun
wl_05446	滹沱	hū tuó	Hutuo, a river name	proper noun
wl_05447	砉然	xū rán	with a sudden cracking or swishing sound	adverb
wl_05448	骅骝	huá liú	fine red or bay horse with a dark mane	noun
wl_05449	洹水	huán shuǐ	Huan River, a historical name	proper noun
wl_05450	洹河	huán hé	Huan River	proper noun
wl_05451	城隍	chéng huáng	City God	proper noun
wl_05452	湟水	huáng shuǐ	Huangshui River	proper noun
wl_05453	篁竹	huáng zhú	bamboo grove or bamboo	noun
wl_05454	咭	jī	giggle; chatter, in 'jī jī guā guā'	onomatopoeia
wl_05455	蒺藜	jí lí	puncture vine; caltrop plant	noun
wl_05456	舟楫	zhōu jí	boats and oars; water transport	noun
wl_05457	霁	jì	to clear after rain	verb
wl_05458	袈裟	jiā shā	Buddhist monk's robe; kasaya	noun
wl_05459	缣	jiān	closely woven silk	noun
wl_05460	茭白	jiāo bái	water bamboo; edible wild-rice stem	noun
wl_05461	鲛	jiāo	shark, in literary compounds	bound noun
wl_05462	秸秆	jiē gǎn	crop stalks; straw	noun
wl_05463	讦	jié	to expose or accuse	bound verb
wl_05464	婕妤	jié yú	Jieyu, an imperial consort's title	noun
wl_05465	蛤蚧	gé jiè	tokay gecko	noun
wl_05466	烬	jìn	ashes; cinders, in compounds	bound noun
wl_05467	缙绅	jìn shēn	gentry; scholar-officials	noun
wl_05468	噤声	jìn shēng	to fall silent	verb
wl_05469	噤若寒蝉	jìn ruò hán chán	keeping silent because of fear or concern.	idiom
wl_05470	璟	jǐng	luster of jade	noun
wl_05471	踽踽	jǔ jǔ	lonely and alone	adverb
wl_05472	踽踽独行	jǔ jǔ dú xíng	walking or acting alone in loneliness.	idiom
wl_05473	倨傲	jù ào	arrogant; haughty	adjective
wl_05474	蠲免	juān miǎn	to exempt; to remit	verb
wl_05475	鄄城	juàn chéng	Juancheng, a county in Shandong	proper noun
wl_05476	珏	jué	paired jade pieces	noun
wl_05477	桷	jué	rafter	noun
wl_05478	筠竹	yún zhú	bamboo	noun
wl_05479	闿	kǎi	to open, literary usage	verb
wl_05480	锴	kǎi	high-quality iron	noun
wl_05481	戡乱	kān luàn	to suppress a rebellion	verb
wl_05482	阚	kàn	Kan, a surname	proper noun
wl_05483	颏	kē	chin, in 'xià kē'	bound noun
wl_05484	岢岚	kě lán	Kelan, a county in Shanxi	proper noun
wl_05485	缂丝	kè sī	kesi, a silk tapestry technique	noun
wl_05486	倥偬	kǒng zǒng	busy; pressing	adjective
wl_05487	哙	kuài	Kuai, a personal-name character	proper noun
wl_05488	狯	kuài	crafty; cunning, in 'jiǎo kuài'	bound adjective
wl_05489	髋	kuān	hip; pelvic region	bound noun
wl_05490	邝	kuàng	Kuang, a surname	proper noun
wl_05491	圹	kuàng	grave pit; tomb	noun
wl_05492	岿然	kuī rán	firm and unmoving	adjective
wl_05493	馗	kuí	Kui, a personal-name character	proper noun
wl_05494	堃	kūn	variant of 'kūn', earth	noun
wl_05495	琨	kūn	fine jade	noun
wl_05496	髡刑	kūn xíng	punishment by shaving the head	noun
wl_05497	砬	lá	large rock; boulder	noun
wl_05498	崃山	lái shān	Lai Mountains, an old name of the Qionglai Mountains	proper noun
wl_05499	崃	lái	Lai, in the Qionglai mountain name	proper noun
wl_05500	涞	lái	Lai, a river-name character; stream	noun
wl_05501	赉	lài	to bestow; to reward	verb
wl_05502	谰言	lán yán	false and slanderous statements	noun
wl_05503	谰	lán	to make a false charge, in compounds	bound verb
wl_05504	啷当	lāng dāng	or so, of age	suffix
wl_05505	阆	làng	vast; spacious	adjective
wl_05506	阆中	làng zhōng	Langzhong, a city in Sichuan	proper noun
wl_05507	醪糟	láo zāo	sweet fermented rice	noun
wl_05508	澧水	lǐ shuǐ	Li River in Hunan	proper noun
wl_05509	疠	lì	plague; epidemic disease, ancient usage	noun
wl_05510	栎树	lì shù	oak tree	noun
wl_05511	俪	lì	paired; spouses, in 'kàng lì'	bound noun
wl_05512	唳	lì	cry of a crane or wild goose	noun
wl_05513	傈僳	lì sù	Lisu ethnic group	proper noun
wl_05514	溧水	lì shuǐ	Lishui, a district in Jiangsu	proper noun
wl_05515	梿	lián	flail, in 'lián jiā'	bound noun
wl_05516	濂	lián	Lian, a personal-name character	proper noun
wl_05517	潋滟	liàn yàn	shimmering with ripples	adjective
wl_05518	蓼蓝	liǎo lán	Japanese indigo plant	noun
wl_05519	啉	lín	used in the transliteration of the names of organic compounds such as porphyrin and quinoline	bound morpheme
wl_05520	璘	lín	luster of jade	noun
wl_05521	瓴	líng	roof-tile channel	noun
wl_05522	棂	líng	window lattice	bound noun
wl_05523	嘌呤	piào lìng	purine	noun
wl_05524	镠	liú	fine gold	noun
wl_05525	茏	lóng	lush, in 'cōng lóng'	bound adjective
wl_05526	茏葱	lóng cōng	lush and green	adjective
wl_05527	栊	lóng	window, literary usage	bound noun
wl_05528	砻	lóng	rice-hulling mill	noun
wl_05529	砻糠	lóng kāng	rice husks	noun
wl_05530	偻	lǚ	hunched; stooped, in 'yǔ lǚ'	bound adjective
wl_05531	蒌	lóu	mugwort, in 'lóu hāo'	bound noun
wl_05532	蒌蒿	lóu hāo	a kind of mugwort	noun
wl_05533	轳	lú	windlass component, in 'lù lu'	bound noun
wl_05534	胪	lú	to state; to set out	verb
wl_05535	箓	lù	Taoist written charm	bound noun
wl_05536	栾	luán	golden rain tree	noun
wl_05537	滦	luán	Luan, a river-name character	proper noun
wl_05538	銮	luán	imperial, in compounds	bound adjective
wl_05539	猡	luó	pig, in dialect compounds	bound noun
wl_05540	珞	luò	neck ornament, in 'yīng luò'	bound noun
wl_05541	褛	lǚ	ragged, in 'lán lǚ'	bound adjective
wl_05542	墁	màn	to pave; to plaster	verb
wl_05543	邙山	máng shān	Mount Mang near Luoyang	proper noun
wl_05544	北邙	běi máng	North Mang, a mountain near Luoyang	proper noun
wl_05545	铓	máng	sharp point; blade edge	noun
wl_05546	眊	mào	dim-sighted	adjective
wl_05547	眊眊	mào mào	dim-sighted and confused	adjective
wl_05548	懋	mào	to work diligently	verb
wl_05549	懑	mèn	distressed; resentful, in compounds	bound adjective
wl_05550	勐	měng	meng, a Dai-region place-name element	noun
wl_05551	嘧啶	mì dìng	pyrimidine	noun
wl_05552	淼	miǎo	vast, of water	adjective
wl_05553	溟	míng	sea, literary usage	noun
wl_05554	秣马	mò mǎ	to feed horses	verb
wl_05555	赧然	nǎn rán	blushing; embarrassed	adjective
wl_05556	呶呶	náo náo	to talk endlessly	verb
wl_05557	淖	nào	mud; mire	bound noun
wl_05558	讷	nè	inarticulate; slow in speech	bound adjective
wl_05559	鲵	ní	salamander	bound noun
wl_05560	睨视	nì shì	to look askance	verb
wl_05561	茑	niǎo	mistletoe	noun
wl_05562	茑萝	niǎo luó	cypress vine	noun
wl_05563	袅	niǎo	to curl or rise gently, in reduplication	bound verb
wl_05564	乜斜	miē xie	to squint; to look with narrowed eyes	verb
wl_05565	乜	miē	squinting, in 'miē xie'	bound verb
wl_05566	哝	nong	to mutter, in compounds	bound verb
wl_05567	傩	nuó	ritual exorcism, in compounds	bound noun
wl_05568	搦	nuò	to hold in the hand	verb
wl_05569	衄	nǜ	to bleed, especially from the nose	bound verb
wl_05570	衄血	nǜ xuè	nosebleeding	noun
wl_05571	耪地	pǎng dì	to hoe a field	verb
wl_05572	鼙鼓	pí gǔ	small military drum	noun
wl_05573	睥睨	pì nì	to look disdainfully at	verb
wl_05574	嫔	pín	imperial concubine	bound noun
wl_05575	鄱阳	pó yáng	Poyang, in Lake Poyang	proper noun
wl_05576	濮阳	pú yáng	Puyang, a place in Henan	proper noun
wl_05577	圻	qí	boundary; border	noun
wl_05578	黄芪	huáng qí	milk vetch root; huangqi	noun
wl_05579	颀	qí	tall; slender	bound adjective
wl_05580	綦	qí	Qi, a surname	proper noun
wl_05581	蕲	qí	Qi, a place-name character	proper noun
wl_05582	扦插	qiān chā	to propagate from cuttings	verb
wl_05583	钤	qián	to affix a seal	verb
wl_05584	嫱	qiáng	Qiang, a personal-name character	proper noun
wl_05585	羟	qiǎng	hydroxyl, in 'qiǎng jī'	bound noun
wl_05586	橇	qiāo	sled; sleigh	bound noun
wl_05587	峤	jiào	high pointed peak	noun
wl_05588	诮	qiào	ridicule; to reproach	bound verb
wl_05589	趄	qiè	to slant; to incline	verb
wl_05590	衾	qīn	quilt; coverlet	noun
wl_05591	黄芩	huáng qín	Chinese skullcap	noun
wl_05592	邛崃	qióng lái	Qionglai, a mountain or place name	proper noun
wl_05593	湫	jiǎo	low-lying marsh	noun
wl_05594	虬	qiú	young horned dragon	bound noun
wl_05595	蛐蛐	qū qu	cricket, dialect usage	noun
wl_05596	癯	qú	thin; emaciated	bound adjective
wl_05597	衢	qú	thoroughfare; crossroads	noun
wl_05598	蠼螋	qú sōu	earwig	noun
wl_05599	阒	qù	quiet; deserted	adjective
wl_05600	荃	quán	fragrant plant, ancient usage	noun
wl_05601	筌	quán	bamboo fish trap	noun
wl_05602	阕	què	classifier for songs or ci poems	classifier
wl_05603	禳灾	ráng zāi	to ritually avert calamity	verb
wl_05604	娆	ráo	graceful, in 'yāo ráo'	bound adjective
wl_05605	噻唑	sāi zuò	thiazole	noun
wl_05606	缫丝	sāo sī	to reel silk	verb
wl_05607	穑	sè	to gather the harvest	verb
wl_05608	痧	shā	sha, an old illness-name element	bound noun
wl_05609	芟除	shān chú	to cut away; to remove	verb
wl_05610	鄯善	shàn shàn	Shanshan, an ancient kingdom name	proper noun
wl_05611	筲箕	shāo jī	bamboo rice-washing basket	noun
wl_05612	艄公	shāo gōng	boatman; helmsman	noun
wl_05613	猞猁	shē lì	lynx	noun
wl_05614	畲族	shē zú	She ethnic group	proper noun
wl_05615	诜	shēn	numerous, in 'shēn shēn'	bound adjective
wl_05616	嵊州	shèng zhōu	Shengzhou, a city in Zhejiang	proper noun
wl_05617	谥号	shì hào	posthumous title	noun
wl_05618	奭	shì	Shi, a personal-name character	proper noun
wl_05619	绶	shòu	ribbon; seal cord	bound noun
wl_05620	疋	pǐ	bolt, a classifier for cloth	classifier
wl_05621	菽	shū	beans; legumes	noun
wl_05622	澍	shù	timely rain	bound noun
wl_05623	媒妁	méi shuò	marriage go-between	noun
wl_05624	妁	shuò	matchmaker, in 'méi shuò'	bound noun
wl_05625	蛳	sī	snail, in 'luó sī'	bound noun
wl_05626	汜水	sì shuǐ	the Si River	proper noun
wl_05627	泗水	sì shuǐ	Si River	proper noun
wl_05628	淞	sōng	Song, in the Wusong River name	proper noun
wl_05629	溲	sōu	to urinate, literary usage	verb
wl_05630	簌簌	sù sù	rustling	onomatopoeia
wl_05631	睢	suī	to gaze; to look up	verb
wl_05632	羧基	suō jī	carboxyl group	noun
wl_05633	趿拉	tā la	to shuffle in loosely worn shoes	verb
wl_05634	挞	tà	to whip; to flog	bound verb
wl_05635	郯城	tán chéng	Tancheng, a county in Shandong	proper noun
wl_05636	羰基	tāng jī	carbonyl group	noun
wl_05637	国帑	guó tǎng	state treasury; public funds	noun
wl_05638	傥	tǎng	unrestrained, in 'tì tǎng'	bound adjective
wl_05639	焘	dào	to cover; to envelop	verb
wl_05640	焘	tāo	Tao, a given-name character	proper noun
wl_05641	韬	tāo	to conceal, in compounds	bound verb
wl_05642	饕餮	tāo tiè	taotie, a bronze-mask motif	noun
wl_05643	洮河	táo hé	the Tao River	proper noun
wl_05644	孝悌	xiào tì	filial and fraternal duty	noun
wl_05645	悌	tì	respect for older siblings	bound noun
wl_05646	佻	tiāo	frivolous, in 'qīng tiāo'	bound adjective
wl_05647	苕	sháo	sweet potato, regional usage	bound noun
wl_05648	潼关	tóng guān	Tongguan, a place in Shaanxi	proper noun
wl_05649	恸	tòng	deep grief	bound noun
wl_05650	柁	tuó	main roof beam	noun
wl_05651	柝	tuò	watchman's wooden clapper	noun
wl_05652	箨	tuò	bamboo sheath	noun
wl_05653	佤族	wǎ zú	Wa ethnic group	proper noun
wl_05654	绾	wǎn	to tie or coil up	verb
wl_05655	罔	wǎng	to disregard, in 'wǎng gù'	bound verb
wl_05656	葳蕤	wēi ruí	lush, of vegetation	adjective
wl_05657	帏	wéi	curtain; drapery	bound noun
wl_05658	潍	wéi	Wei, a river-name character	proper noun
wl_05659	诿	wěi	to shirk responsibility	bound verb
wl_05660	韪	wěi	right; proper	adjective
wl_05661	挝	wō	Wo, a component of Laos ('lǎo wō')	proper noun
wl_05662	挝	zhuā	to strike; to beat	verb
wl_05663	幄	wò	tent; canopy	bound noun
wl_05664	庑	wǔ	side rooms; veranda	noun
wl_05665	牾	wǔ	to conflict; to contradict	bound verb
wl_05666	骛	wù	to strive after, in compounds	bound verb
wl_05667	郗	chī	Chi, a surname	proper noun
wl_05668	翕	xī	to close, in opening-and-closing descriptions	verb
wl_05669	皙	xī	fair-skinned, in 'bái xī'	bound adjective
wl_05670	豨莶	xī xiān	Indian weed; St. Paul's wort	noun
wl_05671	豨	xī	Xi, in the plant name 'xī xiān'	bound noun
wl_05672	僖	xī	Xi, a posthumous-title character	proper noun
wl_05673	木樨	mù xī	sweet osmanthus	noun
wl_05674	觋	xí	male shaman, historical usage	noun
wl_05675	酰基	xiān jī	acyl group	noun
wl_05676	痫	xián	epilepsy, in 'diān xián'	bound noun
wl_05677	蚬	xiǎn	basket clam	noun
wl_05678	骧	xiāng	to bound or raise, of a horse	verb
wl_05679	枭	xiāo	ambitious and formidable, in 'xiāo xióng'	bound adjective
wl_05680	哓	xiāo	querulous, in reduplication	bound adjective
wl_05681	撷	xié	to pick; to gather	bound verb
wl_05682	勰	xié	harmonious	adjective
wl_05683	缬	xié	tie-dyed silk, in compounds	bound noun
wl_05684	廨	xiè	government office, in compounds	bound noun
wl_05685	躞蹀	xiè dié	to walk with small steps	verb
wl_05686	忻	xīn	happy; pleased	adjective
wl_05687	昕	xīn	dawn	noun
wl_05688	歆羡	xīn xiàn	to admire and envy	verb
wl_05689	荇菜	xìng cài	yellow floating heart	noun
wl_05690	悻然	xìng rán	resentfully; angrily	adverb
wl_05691	岫	xiù	mountain cave or peak	noun
wl_05692	盱眙	xū yí	Xuyi, a county in Jiangsu	proper noun
wl_05693	洫	xù	ditch; moat	bound noun
wl_05694	洵	xún	truly; indeed	adverb
wl_05695	汛期	xùn qī	flood season	noun
wl_05696	潮汛	cháo xùn	spring tide; tidal period	noun
wl_05697	防汛	fáng xùn	flood prevention and control	noun
wl_05698	巽	xùn	Xun, the wind trigram	proper noun
wl_05699	琅琊	láng yá	Langya, a historical place name	proper noun
wl_05700	琰	yǎn	fine jade	noun
wl_05701	滟	yàn	rippling; shimmering, in 'liàn yàn'	bound adjective
wl_05702	炀	yáng	to smelt; to melt	verb
wl_05703	徭役	yáo yì	forced labor	noun
wl_05704	繇	yáo	compulsory labor; corvée, ancient usage	noun
wl_05705	邺城	yè chéng	Yecheng (ancient city)	proper noun
wl_05706	晔然	yè rán	bright and splendid	adjective
wl_05707	涟猗	lián yī	ripples on water	noun
wl_05708	猗	yī	oh; ah, a classical particle	interjection
wl_05709	噫嘻	yī xī	ah!; alas!	interjection
wl_05710	诒训	yí xùn	instructions left to descendants	noun
wl_05711	不怿	bù yì	displeased	adjective
wl_05712	悒悒	yì yì	gloomy and troubled	adjective
wl_05713	喑哑	yīn yǎ	hoarse; raspy	adjective
wl_05714	狺狺	yín yín	growling or barking sound	onomatopoeia
wl_05715	鄞州	yín zhōu	Yinzhou, a district in Zhejiang	proper noun
wl_05716	璎珞	yīng luò	jade or pearl neck ornament	noun
wl_05717	楹联	yíng lián	couplet hung on hall pillars	noun
wl_05718	郢都	yǐng dū	Ying, ancient Chu capital	proper noun
wl_05719	瘿瘤	yǐng liú	a swelling called yingliu in old medicine	noun
wl_05720	鳙鱼	yōng yú	bighead carp	noun
wl_05721	鸿猷	hóng yóu	grand plan	noun
wl_05722	户牖	hù yǒu	doors and windows	noun
wl_05723	玙璠	yú fán	precious jade	noun
wl_05724	喁喁	yú yú	murmuring softly	onomatopoeia
wl_05725	伛偻	yǔ lǚ	hunched or stooped	adjective
wl_05726	聿皇	yù huáng	swift and light	adjective
wl_05727	钰	yù	treasure	noun
wl_05728	爰书	yuán shū	judicial record in ancient China	noun
wl_05729	鼋鼍	yuán tuó	large turtles and crocodilians	noun
wl_05730	婵媛	chán yuán	graceful, literary usage	adjective
wl_05731	瑗	yuàn	large jade ring	noun
wl_05732	斧钺	fǔ yuè	axes and battle-axes	noun
wl_05733	郓城	yùn chéng	Yuncheng, a county in Shandong	proper noun
wl_05734	姓恽	xìng yùn	to have the surname Yun	phrase
wl_05735	韫玉	yùn yù	to conceal talent, like hidden jade	verb
wl_05736	韫藏	yùn cáng	to store away; to conceal	verb
wl_05737	圭瓒	guī zàn	jade-handled ritual ladle	noun
wl_05738	探赜	tàn zé	to investigate hidden complexities	verb
wl_05739	瓦甑	wǎ zèng	earthenware steamer	noun
wl_05740	旃檀	zhān tán	sandalwood	noun
wl_05741	谵语	zhān yǔ	delirious speech	noun
wl_05742	寿幛	shòu zhàng	birthday congratulatory hanging	noun
wl_05743	锗元素	zhě yuán sù	germanium	noun
wl_05744	柘木	zhè mù	wood of the zhe tree	noun
wl_05745	畛域	zhěn yù	boundary; scope	noun
wl_05746	沙沚	shā zhǐ	sandbar in a river	noun
wl_05747	卷帙	juàn zhì	volumes of books	noun
wl_05748	鸷鸟	zhì niǎo	bird of prey	noun
wl_05749	颛顼	zhuān xū	Zhuanxu, a legendary ruler	proper noun
wl_05750	鸟啭	niǎo zhuàn	birdsong; warbling	noun
wl_05751	盛馔	shèng zhuàn	splendid food; rich feast	noun
wl_05752	酒馔	jiǔ zhuàn	wine and food	noun
wl_05753	斫木	zhuó mù	to chop wood	verb
wl_05754	赀财	zī cái	assets; wealth	noun
wl_05755	淄博	zī bó	Zibo, a city in Shandong	proper noun
wl_05756	箭镞	jiàn zú	arrowhead	noun
wl_05757	国祚	guó zuò	duration of a dynasty or state	noun
wl_05758	咔唑	kā zuò	carbazole	noun
wl_05759	獐子	zhāng zi	water deer	noun
wl_05760	寒伧	hán chen	shabby; poor-looking	adjective
wl_05761	铷元素	rú yuán sù	rubidium	noun
wl_05762	钼钢	mù gāng	molybdenum steel	noun
wl_05763	铟元素	yīn yuán sù	indium	noun
wl_05764	铌元素	ní yuán sù	niobium	noun
wl_05765	钽元素	tǎn yuán sù	tantalum	noun
wl_05766	钫元素	fāng yuán sù	francium	noun
wl_05767	苄基	biàn jī	benzyl group	noun
wl_05768	锕元素	ā yuán sù	actinium	noun
wl_05769	氘核	dāo hé	deuteron	noun
wl_05770	蒽油	ēn yóu	anthracene oil	noun
wl_05771	砜基	fēng jī	sulfone group	noun
wl_05772	胍基	guā jī	guanidino group	noun
wl_05773	焓值	hán zhí	enthalpy value	noun
wl_05774	醌类	kūn lèi	quinones	noun
wl_05775	脒基	mǐ jī	amidine group	noun
wl_05776	脲醛	niào quán	urea formaldehyde	noun
wl_05777	巯基	qiú jī	thiol group	noun
wl_05778	吲哚	yǐn duǒ	indole	noun
wl_05779	仂语	lè yǔ	phrase	noun
wl_05780	佧佤	kǎ wǎ	old name for the Wa people	proper noun
wl_05781	赤倮	chì luǒ	naked	adjective
wl_05782	氚核	chuān hé	tritium nucleus	noun
wl_05783	雾凇	wù sōng	rime ice	noun
wl_05784	诳语	kuáng yǔ	lie; false statement	noun
wl_05785	马谡	mǎ sù	Ma Su	proper noun
wl_05786	坌土	bèn tǔ	loosen soil	verb
wl_05787	圩田	wéi tián	polder field	noun
wl_05788	垸子	yuàn zǐ	protective embankment (regional term)	noun
wl_05789	垸	yuàn	embanked tract of land	noun
wl_05790	地塄	dì léng	field ridge	noun
wl_05791	芋艿	yù nǎi	taro	noun
wl_05792	葶苈	tíng lì	pepperweed	noun
wl_05793	芗剧	xiāng jù	Xiang opera	noun
wl_05794	菘蓝	sōng lán	woad	noun
wl_05795	蒴果	shuò guǒ	capsule fruit	noun
wl_05796	大夼	dà kuǎng	Dakuang	proper noun
wl_05797	芨芨草	jī jī cǎo	Achnatherum grass	noun
wl_05798	搠刺	shuò cì	thrust or stab	verb
wl_05799	卟啉	bǔ lín	porphyrin	noun
wl_05800	囝囝	jiǎn jiǎn	child, in regional usage	noun
wl_05801	茅圊	máo qīng	latrine	noun
wl_05802	霞帔	xiá pèi	ceremonial cape	noun
wl_05803	大岙	dà ào	Da'ao	proper noun
wl_05804	岣嵝	gǒu lǒu	Goulou, a mountain name	proper noun
wl_05805	山峁	shān mǎo	rounded hill	noun
wl_05806	峄山	yì shān	Mount Yi	proper noun
wl_05807	孟良崮	mèng liáng gù	Mount Menglianggu	proper noun
wl_05808	噙泪	qín lèi	to have tears welling in one’s eyes	verb
wl_05809	惝恍	chǎng huǎng	hazy; indistinct	adjective
wl_05810	沣河	fēng hé	Feng River	proper noun
wl_05811	謇谔	jiǎn è	speak frankly in criticism	verb
wl_05812	沅江	yuán jiāng	Yuan River, one of the largest rivers in Hunan	proper noun
wl_05813	潴留	zhū liú	retention of fluid	noun
wl_05814	羼杂	chàn zá	to mix in; to mingle	verb
wl_05815	缦衣	màn yī	plain, unpatterned robe	noun
wl_05816	玢	bīn	fine pattern in jade	noun
wl_05817	江珧	jiāng yáo	pen shell	noun
wl_05818	棹歌	zhào gē	boatman's song	noun
wl_05819	棰楚	chuí chǔ	punishment with a rod	noun
wl_05820	樯橹	qiáng lǔ	masts and oars; warships	noun
wl_05821	枸橼	jǔ yuán	citron	noun
wl_05822	赕佛	dǎn fó	to make offerings to Buddha	verb
wl_05823	胃脘	wèi wǎn	stomach region	noun
wl_05824	腧穴	shù xué	acupuncture point	noun
wl_05825	媵妾	yìng qiè	accompanying concubine	noun
wl_05826	歙砚	shè yàn	She inkstone	noun
wl_05827	歙县	shè xiàn	She County	proper noun
wl_05828	飑风	biāo fēng	squall	noun
wl_05829	欹器	qī qì	ancient tilting vessel	noun
wl_05830	焱	yàn	flame; blaze	noun
wl_05831	砭石	biān shí	stone needle	noun
wl_05832	鹿砦	lù zhài	abatis	noun
wl_05833	北碚	běi bèi	Beibei	proper noun
wl_05834	田畈	tián fàn	open fields	noun
wl_05835	稃壳	fū ké	grain husk	noun
wl_05836	稹密	zhěn mì	dense and closely packed	adjective
wl_05837	冻瘃	dòng zhú	chilblains	noun
wl_05838	衣袢	yī pàn	garment fastening loop	noun
wl_05839	裱褙	biǎo bèi	to mount a painting	verb
wl_05840	襦裙	rú qún	short jacket and skirt ensemble	noun
wl_05841	顸实	hān shi	thick and sturdy	adjective
wl_05842	颞颥	niè rú	temple of the head	noun
wl_05843	颟顸	mān hān	muddleheaded and careless	adjective
wl_05844	蚰蜒	yóu yán	house centipede	noun
wl_05845	毛蚴	máo yòu	miracidium; ciliated larva	noun
wl_05846	蛱蝶	jiá dié	nymphalid butterfly	noun
wl_05847	笸箩	pǒ luó	shallow woven basket	noun
wl_05848	书箧	shū qiè	book chest	noun
wl_05849	鱼簖	yú duàn	fishing weir	noun
wl_05850	踅摸	xué mo	to look around for	verb
wl_05851	蹁跹	pián xiān	dance lightly and gracefully	verb
wl_05852	鳓鱼	lè yú	ilisha fish	noun
wl_05853	鞣制	róu zhì	to tan leather	verb
wl_05854	麇集	qún jí	to gather in large numbers	verb
wl_05855	麇至	qún zhì	arrive in crowds	verb
wl_05856	黧黑	lí hēi	(literary) dark	adjective
wl_05857	钼矿	mù kuàng	molybdenum ore	noun
wl_05858	铌合金	ní hé jīn	niobium alloy	noun
wl_05859	脲酶	niào méi	urease	noun
wl_05860	氚水	chuān shuǐ	tritiated water	noun
wl_05861	铪元素	hā yuán sù	hafnium	noun
wl_05862	土埯	tǔ ǎn	small planting hole	noun
wl_05863	馃子	guǒ zi	deep-fried dough stick	noun
wl_05864	鐾刀	bèi dāo	hone a knife	verb
wl_05865	眵	chī	dried eye discharge	noun
wl_05866	靴靿	xuē yào	boot shaft	noun
wl_05867	噍类	jiào lèi	living beings	noun
wl_05868	尥蹶子	liào juě zi	to kick backward with the hind legs	verb
wl_05869	瘊子	hóu zi	wart	noun
wl_05870	溻湿	tā shī	soak wet	verb
wl_05871	鹐啄	qiān zhuó	peck	verb
wl_05872	鹐	qiān	to peck	verb
wl_05873	水笕	shuǐ jiǎn	water conduit	noun
wl_05874	撙节	zǔn jié	economize	verb
wl_05875	砹元素	ài yuán sù	astatine	noun
wl_05876	嗌喉	ài hóu	die by hanging oneself, in old writing	verb
wl_05877	唵嘛	ǎn ma	opening mantra syllables	phrase
wl_05878	云璈	yún áo	yun'ao, an ancient gong instrument	noun
wl_05879	聱牙	áo yá	awkward and hard to read	adjective
wl_05880	旱魃	hàn bá	drought demon	noun
wl_05881	灞桥	bà qiáo	Ba Bridge near Xi'an	proper noun
wl_05882	趵突泉	bào tū quán	Baotu Spring	proper noun
wl_05883	邶风	bèi fēng	Bei Airs, a section of the Book of Songs	proper noun
wl_05884	警跸	jǐng bì	clear the road for a ruler	verb
wl_05885	嬖人	bì rén	favored courtier	noun
wl_05886	笾豆	biān dòu	ritual food vessels	noun
wl_05887	煸炒	biān chǎo	to stir-fry in a little oil	verb
wl_05888	褊急	biǎn jí	narrow-minded and impatient	adjective
wl_05889	欣忭	xīn biàn	delighted	adjective
wl_05890	摽梅	biāo méi	falling ripe plums; marriageable age	noun
wl_05891	豳风	bīn fēng	Bin Airs, a section of the Book of Songs	proper noun
wl_05892	邴邑	bǐng yì	ancient settlement of Bing	proper noun
wl_05893	晡时	bū shí	late afternoon	noun
wl_05894	骖乘	cān chéng	right-side chariot attendant	noun
wl_05895	锸锹	chā qiāo	spade	noun
wl_05896	嵖岈	chá yá	Chaya, a mountain name	proper noun
wl_05897	觇视	chān shì	watch secretly	verb
wl_05898	澶渊	chán yuān	Chanyuan	proper noun
wl_05899	镵针	chán zhēn	ancient pointed needle	noun
wl_05900	镵	chán	digging implement	noun
wl_05901	伥鬼	chāng guǐ	ghost serving a tiger	noun
wl_05902	阊阖	chāng hé	palace gate	noun
wl_05903	苌弘	cháng hóng	Chang Hong	proper noun
wl_05904	童龀	tóng chèn	young child	noun
wl_05905	始龀	shǐ chèn	begin to lose baby teeth	verb
wl_05906	门枨	mén chéng	doorpost	noun
wl_05907	裸裎	luǒ chéng	to be naked	verb
wl_05908	蚩尤	chī yóu	Chiyou	proper noun
wl_05909	妍媸	yán chī	beauty and ugliness	noun
wl_05910	螭龙	chī lóng	hornless dragon	noun
wl_05911	埙篪	xūn chí	xun and chi, two ancient wind instruments	noun
wl_05912	艨艟	méng chōng	ancient warship	noun
wl_05913	俦侣	chóu lǚ	companion	noun
wl_05914	樗栎	chū lì	ailanthus and oak trees	noun
wl_05915	楮纸	chǔ zhǐ	paper made from paper-mulberry fiber	noun
wl_05916	俶装	chù zhuāng	prepare one's luggage	verb
wl_05917	搋面	chuāi miàn	to knead dough	verb
wl_05918	遄行	chuán xíng	travel swiftly	verb
wl_05919	踔厉	chuō lì	vigorous and resolute	adjective
wl_05920	跐溜	cī liū	slide or slip along	verb
wl_05921	骢马	cōng mǎ	gray-and-white horse	noun
wl_05922	璁	cōng	jade-like stone	noun
wl_05923	殂落	cú luò	die, in literary usage	verb
wl_05924	蚕蔟	cán cù	silkworm cocooning frame	noun
wl_05925	榱栋	cuī dòng	rafters and main beams	noun
wl_05926	毳毛	cuì máo	fine downy hair	noun
wl_05927	嵯峨	cuó é	towering and rugged	adjective
wl_05928	竹笪	zhú dá	bamboo mat	noun
wl_05929	姓笪	xìng dá	have the surname Da	phrase
wl_05930	老聃	lǎo dān	Lao Dan; another name for Laozi	proper noun
wl_05931	儋州	dān zhōu	Danzhou	proper noun
wl_05932	亶	dǎn	sincere; truthful	adjective
wl_05933	珰珥	dāng ěr	ear ornaments	noun
wl_05934	谠论	dǎng lùn	upright and candid opinion	noun
wl_05935	大纛	dà dào	large ceremonial banner	noun
wl_05936	纛	dào	big banner	noun
wl_05937	鸣镝	míng dí	whistling arrow	noun
wl_05938	氐族	dī zú	Di people, an ancient ethnic group	proper noun
wl_05939	宝坻	bǎo dǐ	Baodi	proper noun
wl_05940	反坫	fǎn diàn	ancient wine-cup stand	noun
wl_05941	坫	diàn	earthen stand for vessels	noun
wl_05942	铫子	diào zi	small handled pot	noun
wl_05943	蚁垤	yǐ dié	anthill	noun
wl_05944	耄耋	mào dié	of very advanced age	adjective
wl_05945	鲽鱼	dié yú	flounder	noun
wl_05946	玎珰	dīng dāng	tinkle	onomatopoeia
wl_05947	田垌	tián dòng	paddy fields	noun
wl_05948	买椟	mǎi dú	buy a box	verb
wl_05949	怨怼	yuàn duì	resentment	noun
wl_05950	石礅	shí dūn	stone block	noun
wl_05951	栏楯	lán shǔn	railing	noun
wl_05952	土埵	tǔ duǒ	mound of earth	noun
wl_05953	莪术	é zhú	zedoary	noun
wl_05954	枋材	fāng cái	squared timber	noun
wl_05955	昉始	fǎng shǐ	begin	verb
wl_05956	淝水	féi shuǐ	Fei River	proper noun
wl_05957	棻	fēn	aromatic wood	noun
wl_05958	棼乱	fén luàn	confused and disordered	adjective
wl_05959	鼢鼠	fén shǔ	zokor	noun
wl_05960	偾事	fèn shì	ruin an undertaking	verb
wl_05961	沨沨	fēng fēng	full, resonant musical sound	adjective
wl_05962	葑菲	fēng fěi	turnips and radish-like greens	noun
wl_05963	酆都	fēng dū	Fengdu; an old place-name spelling	proper noun
wl_05964	击缶	jī fǒu	to beat time on a pottery vessel	verb
wl_05965	朱绂	zhū fú	red silk ribbon of an official	noun
wl_05966	城郛	chéng fú	city walls	noun
wl_05967	祓除	fú chú	to purify through ritual	verb
wl_05968	葭莩	jiā fú	thin membrane inside a reed stem	noun
wl_05969	桴鼓	fú gǔ	drumstick and drum	noun
wl_05970	幞头	fú tóu	ancient men's headwrap	noun
wl_05971	黼黻	fǔ fú	ceremonial embroidered patterns	noun
wl_05972	鲋鱼	fù yú	crucian carp, in old usage	noun
wl_05973	赙仪	fù yí	condolence gift for a funeral	noun
wl_05974	矸石	gān shí	gangue; waste rock	noun
wl_05975	疳积	gān jī	childhood nutritional disorder in TCM	noun
wl_05976	淦水	gàn shuǐ	Gan River	proper noun
wl_05977	郜国	gào guó	ancient state of Gao	proper noun
wl_05978	姓郜	xìng gào	have the surname Gao	phrase
wl_05979	回纥	huí hé	Huihe; an ancient people	proper noun
wl_05980	百舸	bǎi gě	many boats	noun
wl_05981	绠短	gěng duǎn	the well rope is short	phrase
wl_05982	缑山	gōu shān	Mount Gou	proper noun
wl_05983	鞲鹰	gōu yīng	prepare a hawk for hunting	verb
wl_05984	觏见	gòu jiàn	see or encounter	verb
wl_05985	酤酒	gū jiǔ	buy wine	verb
wl_05986	觚棱	gū léng	roof corner ridge	noun
wl_05987	罟网	gǔ wǎng	fishing net	noun
wl_05988	诖误	guà wù	be implicated in wrongdoing	verb
wl_05989	瓘	guàn	a kind of jade	noun
wl_05990	妫水	guī shuǐ	Gui River	proper noun
wl_05991	庋置	guǐ zhì	place in storage	verb
wl_05992	庋藏	guǐ cáng	store and preserve	verb
wl_05993	票匦	piào guǐ	ballot box	noun
wl_05994	绲边	gǔn biān	edging on clothing	noun
wl_05995	鲧禹	gǔn yǔ	Gun and Yu	proper noun
wl_05996	玉琯	yù guǎn	jade musical pipe	noun
wl_05997	棺椁	guān guǒ	inner and outer coffins	noun
wl_05998	醢酱	hǎi jiàng	minced-meat sauce	noun
wl_05999	绗缝	háng féng	to quilt	verb
wl_06000	颉颃	xié háng	rise and fall in flight	verb
wl_06001	灏瀚	hào hàn	vast expanse of water	noun
wl_06002	饸饹	hé le	hele noodles	noun
wl_06003	青盉	qīng hé	green he wine-mixing vessel	noun
wl_06004	盉	hé	ancient vessel for mixing wine and water	noun
wl_06005	靺鞨	mò hé	Mohe people	proper noun
wl_06006	菜蕻	cài hòng	vegetable stalk	noun
wl_06007	鲎鱼	hòu yú	horseshoe crab	noun
wl_06008	烧煳	shāo hú	burn or scorch	verb
wl_06009	觳觫	hú sù	to tremble with fear	verb
wl_06010	怙恃	hù shì	parents	noun
wl_06011	笏板	hù bǎn	court ceremonial tablet	noun
wl_06012	鳇鱼	huáng yú	kaluga sturgeon	noun
wl_06013	虺蛇	huǐ shé	venomous snake	noun
wl_06014	虺颓	huī tuí	exhausted and dispirited	adjective
wl_06015	虺蜴	huǐ yì	venomous creatures (classical term)	noun
wl_06016	翚飞	huī fēi	eaves rising like a pheasant in flight	phrase
wl_06017	隳突	huī tū	charge about recklessly	verb
wl_06018	沟浍	gōu huì	field drainage channels	noun
wl_06019	恚怒	huì nù	anger and resentment	noun
wl_06020	蟪蛄	huì gū	a kind of cicada	noun
wl_06021	阍人	hūn rén	gatekeeper	noun
wl_06022	溷浊	hùn zhuó	muddy; turbid	adjective
wl_06023	攉土	huō tǔ	to shovel soil aside	verb
wl_06024	扶乩	fú jī	spirit writing with a planchette	noun
wl_06025	剞劂	jī jué	carving knife; graver	noun
wl_06026	赍志	jī zhì	to carry an unfulfilled ambition	verb
wl_06027	齑粉	jī fěn	fine powder	noun
wl_06028	佶屈	jí qū	difficult and awkward to read	adjective
wl_06029	雷殛	léi jí	to be struck by lightning	verb
wl_06030	戢兵	jí bīng	to lay down arms	verb
wl_06031	虮虱	jǐ shī	nits and lice	noun
wl_06032	虮子	jǐ zi	nit; louse egg	noun
wl_06033	洎乎	jì hū	by the time that	conjunction
wl_06034	鲚鱼	jì yú	anchovy	noun
wl_06035	罽毯	jì tǎn	woolen carpet	noun
wl_06036	湔洗	jiān xǐ	to wash clean	verb
wl_06037	枧水	jiǎn shuǐ	alkaline water used in baking	noun
wl_06038	戬谷	jiǎn gǔ	blessings and good fortune	noun
wl_06039	蹇驴	jiǎn lǘ	lame donkey	noun
wl_06040	命蹇	mìng jiǎn	to have an unfortunate fate	verb
wl_06041	秦艽	qín jiāo	large-leaf gentian	noun
wl_06042	鹪鹩	jiāo liáo	Eurasian wren	noun
wl_06043	藠头	jiào tou	Chinese onion	noun
wl_06044	喈喈	jiē jiē	melodiously chirping	onomatopoeia
wl_06045	圭玠	guī jiè	ceremonial jade tablets	noun
wl_06046	青衿	qīng jīn	scholar or student	noun
wl_06047	堇菜	jǐn cài	violet	noun
wl_06048	堇堇	jǐn jǐn	only a very small amount	adverb
wl_06049	荩草	jìn cǎo	Japanese jointgrass	noun
wl_06050	婧女	jìng nǚ	beautiful woman	noun
wl_06051	门扃	mén jiōng	door bolt	noun
wl_06052	苴麻	jū má	female hemp plant	noun
wl_06053	苴杖	jū zhàng	bamboo mourning staff	noun
wl_06054	琚瑀	jū yǔ	jade pendant ornaments	noun
wl_06055	椐木	jū mù	wood of the ju tree	noun
wl_06056	雎鸠	jū jiū	osprey in classical poetry	noun
wl_06057	蒟酱	jǔ jiàng	betel pepper plant	noun
wl_06058	蒟蒻	jǔ ruò	konjac	noun
wl_06059	讵料	jù liào	who could have expected	expression
wl_06060	讵知	jù zhī	how could one know	expression
wl_06061	屦履	jù lǚ	shoes in classical usage	noun
wl_06062	狷介	juàn jiè	aloof and unwilling to compromise one's principles	adjective
wl_06063	夬	guài	Guai, a hexagram in the I Ching	proper noun
wl_06064	玉玦	yù jué	notched ring-shaped jade pendant	noun
wl_06065	爝火	jué huǒ	torchlight	noun
wl_06066	爝炬	jué jù	torch	noun
wl_06067	剀切	kǎi qiè	pertinent; earnest	adjective
wl_06068	剀导	kǎi dǎo	to guide with earnest advice	verb
wl_06069	栲栳	kǎo lǎo	round wicker basket	noun
wl_06070	沉疴	chén kē	deep-rooted problem	noun
wl_06071	痼疴	gù kē	persistent chronic illness	noun
wl_06072	刳木	kū mù	to hollow out wood	verb
wl_06073	帝喾	dì kù	Emperor Ku	proper noun
wl_06074	贶赠	kuàng zèng	to present a gift	verb
wl_06075	悝	kuī	to ridicule	verb
wl_06076	悝	lǐ	worried; afflicted	adjective
wl_06077	暌违	kuí wéi	to be separated for a long time	verb
wl_06078	跬步	kuǐ bù	half a step	noun
wl_06079	愦乱	kuì luàn	confused and disordered	adjective
wl_06080	焜煌	kūn huáng	bright and splendid	adjective
wl_06081	阃内	kǔn nèi	inside the household	noun
wl_06082	蛞蝓	kuò yú	slug	noun
wl_06083	罱泥	lǎn ní	to dredge mud from a river	verb
wl_06084	稂莠	láng yǒu	weeds harmful to crops	noun
wl_06085	蒗蕖	làng qú	Langqu, a historical place name	proper noun
wl_06086	手泐	shǒu lè	written by one's own hand	expression
wl_06087	嫘祖	léi zǔ	Leizu, a legendary figure associated with silk production	proper noun
wl_06088	缧绁	léi xiè	imprisonment in literary usage	noun
wl_06089	诔文	lěi wén	eulogy for the dead	noun
wl_06090	酹酒	lèi jiǔ	to pour wine as a ritual offering	verb
wl_06091	酹祭	lèi jì	ritual offering by pouring wine	noun
wl_06092	结缡	jié lí	to marry	verb
wl_06093	嫠妇	lí fù	widow	noun
wl_06094	鳢鱼	lǐ yú	snakehead fish	noun
wl_06095	伏枥	fú lì	to rest at a manger	verb
wl_06096	郦邑	lì yì	Li, an ancient settlement name	proper noun
wl_06097	粝食	lì shí	coarse food	noun
wl_06098	卓跞	zhuó lì	outstanding and exceptional	adjective
wl_06099	跞动	lì dòng	to walk or move	verb
wl_06100	觱篥	bì lì	bili; an ancient reed instrument	noun
wl_06101	琏瑚	liǎn hú	ancient ritual vessels	noun
wl_06102	等埒	děng liè	equal in standing or value	adjective
wl_06103	躐等	liè děng	to skip grades or ranks	verb
wl_06104	辚辚	lín lín	rumbling of carriage wheels	onomatopoeia
wl_06105	冕旒	miǎn liú	ceremonial crown with hanging bead strings	noun
wl_06106	鎏金	liú jīn	gilding	noun
wl_06107	癃闭	lóng bì	urinary retention in Chinese medicine	noun
wl_06108	玉辂	yù lù	jade-adorned imperial carriage	noun
wl_06109	渌水	lù shuǐ	clear water in literary usage	noun
wl_06110	桫椤	suō luó	tree fern	noun
wl_06111	泺水	luò shuǐ	Luo River in Shandong	proper noun
wl_06112	荦荦	luò luò	conspicuous and clearly evident	adjective
wl_06113	雒水	luò shuǐ	Luo River, an old spelling	proper noun
wl_06114	漯河	luò hé	Luohe	proper noun
wl_06115	膂力	lǚ lì	physical strength	noun
wl_06116	勉劢	miǎn mài	to exert oneself diligently	verb
wl_06117	镘刀	màn dāo	plastering trowel	noun
wl_06118	镘板	màn bǎn	plastering float	noun
wl_06119	硭硝	máng xiāo	sodium sulfate mineral	noun
wl_06120	茆屋	máo wū	thatched cottage	noun
wl_06121	茅茆	máo máo	thatching grass	noun
wl_06122	旄节	máo jié	ceremonial staff decorated with yak hair	noun
wl_06123	旄旗	máo qí	banner decorated with yak hair	noun
wl_06124	斑蝥	bān máo	blister beetle	noun
wl_06125	芼羹	mào gēng	soup with vegetables and meat	noun
wl_06126	芼菜	mào cài	to select vegetables	verb
wl_06127	瞀乱	mào luàn	confused and mentally disordered	adjective
wl_06128	郿县	méi xiàn	Mei County, a historical spelling	proper noun
wl_06129	瞢腾	méng téng	drowsy and muddled	adjective
wl_06130	艨冲	méng chōng	ancient warship	noun
wl_06131	宓妃	fú fēi	Fufei, the legendary goddess of the Luo River	proper noun
wl_06132	宓穆	mì mù	quiet and peaceful	adjective
wl_06133	黾勉	mǐn miǎn	to work diligently	verb
wl_06134	黾塞	mǐn sài	Minsai, an ancient pass name	proper noun
wl_06135	黾池	miǎn chí	Mianchi, an old spelling	proper noun
wl_06136	眄视	miàn shì	to glance sideways	verb
wl_06137	眄睨	miàn nì	to look askance	verb
wl_06138	岁杪	suì miǎo	end of the year	noun
wl_06139	旻天	mín tiān	autumn sky in classical usage	noun
wl_06140	嫫母	mó mǔ	Momo, a woman in ancient Chinese legend	proper noun
wl_06141	貊人	mò rén	the ancient Mo people	noun
wl_06142	民瘼	mín mò	people's suffering and hardships	noun
wl_06143	相侔	xiāng móu	to be equal or comparable	verb
wl_06144	兜鍪	dōu móu	ancient battle helmet	noun
wl_06145	仫佬族	mù lǎo zú	Mulao ethnic group	proper noun
wl_06146	鼎鼐	dǐng nài	ancient cooking cauldrons	noun
wl_06147	鼐鼎	nài dǐng	large cauldron	noun
wl_06148	牛腩	niú nǎn	beef brisket or belly meat	noun
