id	word	pinyin	meaning	pos
wl_06149	馕饼	náng bǐng	naan; round baked bread	noun
wl_06150	齉鼻	nàng bí	to speak with a blocked nose	verb
wl_06151	硇砂	náo shā	sal ammoniac	noun
wl_06152	坭土	ní tǔ	soil or mud in regional usage	noun
wl_06153	杻械	chǒu xiè	ancient hand restraints	noun
wl_06154	秾纤	nóng xiān	fullness and slenderness of a figure	noun
wl_06155	秾华	nóng huá	lush blossoms	noun
wl_06156	妻孥	qī nú	one's wife and children	noun
wl_06157	驽马	nú mǎ	inferior or weak horse	noun
wl_06158	姓逄	xìng páng	to have the surname Pang	verb
wl_06159	尿脬	suī pāo	bladder	noun
wl_06160	匏瓜	páo guā	bottle gourd	noun
wl_06161	旌旆	jīng pèi	military banners	noun
wl_06162	霈霖	pèi lín	abundant rain	noun
wl_06163	蟛蜞	péng qí	a small shore crab	noun
wl_06164	熊罴	xióng pí	valiant warriors	noun
wl_06165	谝言	pián yán	glib or exaggerated words	noun
wl_06166	谝佞	pián nìng	glib and flattering	adjective
wl_06167	谝口	pián kǒu	to boast glibly	verb
wl_06168	螵蛸	piāo xiāo	mantis egg case	noun
wl_06169	饿殍	è piǎo	people who have died of starvation	noun
wl_06170	殍殣	piǎo jìn	people dead from starvation	noun
wl_06171	流殍	liú piǎo	famine victims dead while wandering	noun
wl_06172	娉婷	pīng tíng	graceful	adjective
wl_06173	娉娉	pīng pīng	light and graceful in bearing	adjective
wl_06174	棋枰	qí píng	board for a chess game	noun
wl_06175	皤皤	pó pó	snowy white in appearance	adjective
wl_06176	皤然	pó rán	white in appearance	adjective
wl_06177	一抔	yī póu	one handful	quantity phrase
wl_06178	抔土	póu tǔ	a handful of earth	noun
wl_06179	掊击	pǒu jī	to attack or strongly criticize	verb
wl_06180	裒辑	póu jí	to collect and compile	verb
wl_06181	恓惶	xī huáng	anxious and unsettled	adjective
wl_06182	豆萁	dòu qí	dried beanstalks	noun
wl_06183	萁草	qí cǎo	qi grass, a classical plant name	noun
wl_06184	鼎锜	dǐng qí	ancient cooking vessels	noun
wl_06185	芑草	qǐ cǎo	qi, a classical plant name	noun
wl_06186	屺山	qǐ shān	barren mountain without vegetation	noun
wl_06187	肯綮	kěn qìng	crux of a problem	noun
wl_06188	芊芊	qiān qiān	lush and green	adjective
wl_06189	芊绵	qiān mián	dense and luxuriant	adjective
wl_06190	悭吝	qiān lìn	miserly; stingy	adjective
wl_06191	搴旗	qiān qí	to capture an enemy flag	verb
wl_06192	搴取	qiān qǔ	to pluck or gather	verb
wl_06193	褰裳	qiān cháng	to lift the lower part of one's robe	verb
wl_06194	椠本	qiàn běn	woodblock-printed edition	noun
wl_06195	慊慊	qiàn qiàn	dissatisfied or troubled	adjective
wl_06196	慊意	qiè yì	to feel satisfied	verb
wl_06197	桅樯	wéi qiáng	ship masts	noun
wl_06198	镪水	qiāng shuǐ	strong acid	noun
wl_06199	硗瘠	qiāo jí	stony and infertile	adjective
wl_06200	谯楼	qiáo lóu	watchtower above a city gate	noun
wl_06201	愀然	qiǎo rán	to become grave in expression	verb
wl_06202	骎骎	qīn qīn	swiftly galloping	adjective
wl_06203	骎寻	qīn xún	gradually in literary usage	adverb
wl_06204	溱水	zhēn shuǐ	Zhen River in classical poetry	proper noun
wl_06205	林檎	lín qín	Chinese crabapple	noun
wl_06206	灯檠	dēng qíng	lamp stand	noun
wl_06207	弓檠	gōng qíng	frame used to straighten a bow	noun
wl_06208	檠架	qíng jià	to support or assist, figuratively	verb
wl_06209	黥刑	qíng xíng	ancient punishment of facial tattooing	noun
wl_06210	筇竹	qióng zhú	qiong bamboo used for walking sticks	noun
wl_06211	蛩声	qióng shēng	sound of crickets	noun
wl_06212	犰狳	qiú yú	armadillo	noun
wl_06213	高俅	gāo qiú	Gao Qiu, a historical figure and novel character	proper noun
wl_06214	好逑	hǎo qiú	good marriage partner	noun
wl_06215	赇赂	qiú lù	bribery	noun
wl_06216	劬劳	qú láo	hard work and toil	noun
wl_06217	临朐	lín qú	Linqu	proper noun
wl_06218	芙蕖	fú qú	lotus	noun
wl_06219	砗磲	chē qú	giant clam	noun
wl_06220	姓璩	xìng qú	to have the surname Qu	verb
wl_06221	蘧然	qú rán	pleasantly surprised	adjective
wl_06222	蘧蘧	qú qú	carefree and content	adjective
wl_06223	悛改	quān gǎi	to repent and reform	verb
wl_06224	畎亩	quǎn mǔ	farmland in classical usage	noun
wl_06225	绻绻	quǎn quǎn	sincere and affectionate	adjective
wl_06226	诚悫	chéng què	sincere and honest	adjective
wl_06227	洳湿	rù shī	low-lying and damp	adjective
wl_06228	蓁蓁	zhēn zhēn	luxuriant and thickly growing	adjective
wl_06229	溽暑	rù shǔ	hot and humid summer weather	noun
wl_06230	靸鞋	sǎ xié	old-style woven or open-heeled shoe	noun
wl_06231	靸拉	sǎ lā	to shuffle with the backs of one's shoes down	verb
wl_06232	馓子	sǎn zi	fried noodle twist snack	noun
wl_06233	稽颡	qǐ sǎng	to kowtow	verb
wl_06234	埽帚	sào zhǒu	broom, an older spelling	noun
wl_06235	堤埽	dī sào	brushwood bundles used to protect a riverbank	noun
wl_06236	铩翮	shā hé	defeated and frustrated, figuratively	adjective
wl_06237	骟马	shàn mǎ	gelding	noun
wl_06238	觞咏	shāng yǒng	to drink wine and compose poetry	verb
wl_06239	蛸虫	shāo chóng	long-legged spider	noun
wl_06240	哂笑	shěn xiào	to sneer	verb
wl_06241	谂知	shěn zhī	to learn or know	verb
wl_06242	蓍草	shī cǎo	yarrow used in traditional divination	noun
wl_06243	鸡埘	jī shí	chicken roost	noun
wl_06244	湜湜	shí shí	clear and transparent	adjective
wl_06245	贳酒	shì jiǔ	to buy wine on credit	verb
wl_06246	贳贷	shì dài	to borrow or obtain on credit	verb
wl_06247	占筮	zhān shì	divination using yarrow stalks	noun
wl_06248	摅陈	shū chén	to express one's thoughts	verb
wl_06249	沭阳	shù yáng	Shuyang	proper noun
wl_06250	横槊	héng shuò	to hold a long spear horizontally	verb
wl_06251	澌灭	sī miè	to fade away or vanish	verb
wl_06252	书笥	shū sì	box for storing books	noun
wl_06253	竦立	sǒng lì	to tower upright	verb
wl_06254	谡谡	sù sù	upright and vigorous	adjective
wl_06255	姓眭	xìng suī	to have the surname Sui	verb
wl_06256	猴狲	hóu sūn	monkey, an older or regional word	noun
wl_06257	睃看	suō kàn	to glance or look sideways	verb
wl_06258	嗍奶	suō nǎi	to suckle milk	verb
wl_06259	门闼	mén tà	palace gate	noun
wl_06260	姓邰	xìng tái	to have the surname Tai	verb
wl_06261	蒜薹	suàn tái	garlic shoots	noun
wl_06262	骀荡	dài dàng	pleasant and gently stirring	adjective
wl_06263	骀骀	dài dài	slow and sluggish	adjective
wl_06264	煤炱	méi tái	soot	noun
wl_06265	剑镡	jiàn xín	sword guard	noun
wl_06266	镡首	xín shǒu	sword guard or hilt fitting	noun
wl_06267	刀镡	dāo xín	blade guard	noun
wl_06268	邪慝	xié tè	wickedness	noun
wl_06269	绨袍	tí páo	robe made of thick silk	noun
wl_06270	畋猎	tián liè	to hunt	verb
wl_06271	湉湉	tián tián	calm and smoothly flowing	adjective
wl_06272	蜩螗	tiáo táng	cicadas	noun
wl_06273	髫年	tiáo nián	childhood	noun
wl_06274	梃子	tǐng zi	wooden bar or handle	noun
wl_06275	抟风	tuán fēng	to soar on the wind	verb
wl_06276	酡颜	tuó yán	flushed face after drinking	noun
wl_06277	橐驼	tuó tuó	camel	noun
wl_06278	鼍龙	tuó lóng	Chinese alligator	noun
wl_06279	庹	tuǒ	armspan as a unit of length	measure word
wl_06280	芄兰	wán lán	metaplexis vine	noun
wl_06281	紫菀	zǐ wǎn	Tatarian aster	noun
wl_06282	菀柳	yù liǔ	lush willow in classical poetry	noun
wl_06283	琬琰	wǎn yǎn	fine jade	noun
wl_06284	山隈	shān wēi	bend or recess in the mountains	noun
wl_06285	水隈	shuǐ wēi	bend in a waterway	noun
wl_06286	宫闱	gōng wéi	inner palace	noun
wl_06287	洧水	wěi shuǐ	Wei River in Henan	proper noun
wl_06288	圬工	wū gōng	mason or plasterer	noun
wl_06289	仵作	wǔ zuò	traditional coroner	noun
wl_06290	迕逆	wù nì	to defy or disobey	verb
wl_06291	怃然	wǔ rán	dejected or distressed	adjective
wl_06292	鋈金	wù jīn	to plate with metal	verb
wl_06293	晞发	xī fà	to dry one's hair	verb
wl_06294	粞米	xī mǐ	broken rice grains	noun
wl_06295	粞粉	xī fěn	rice meal or flour	noun
wl_06296	醯醢	xī hǎi	vinegar and meat sauce	noun
wl_06297	隰地	xí dì	low damp land	noun
wl_06298	畏葸	wèi xǐ	to shrink back in fear	verb
wl_06299	饩羊	xì yáng	live sheep provided for a ritual	noun
wl_06300	郤穴	xì xué	xi-cleft acupuncture point, an older spelling	noun
wl_06301	阋墙	xì qiáng	quarrel between brothers	noun
wl_06302	舄	xì	ancient shoe	noun
wl_06303	槛柙	jiàn xiá	cage for a wild animal	noun
wl_06304	挦毛	xián máo	to pluck hair or feathers	verb
wl_06305	挦扯	xián chě	to tug or pull	verb
wl_06306	挦拔	xián bá	to pluck or pull out	verb
wl_06307	白鹇	bái xián	silver pheasant	noun
wl_06308	跣足	xiǎn zú	barefoot	adjective
wl_06309	兵燹	bīng xiǎn	ravages of war	noun
wl_06310	缃帙	xiāng zhì	yellow cloth book cover	noun
wl_06311	向日	xiàng rì	former days in classical usage	noun
wl_06312	绡帐	xiāo zhàng	silk gauze curtain	noun
wl_06313	崤山	xiáo shān	Mount Xiao	proper noun
wl_06314	揳入	xiē rù	to hammer or wedge into	verb
wl_06315	渫水	xiè shuǐ	to drain water	verb
wl_06316	渫除	xiè chú	to clear away or remove	verb
wl_06317	薤白	xiè bái	Chinese onion	noun
wl_06318	獬豸	xiè zhì	Xiezhi, a mythical beast	proper noun
wl_06319	新硎	xīn xíng	newly sharpened (of a blade)	adjective
wl_06320	川芎	chuān xiōng	chuanxiong rhizome	noun
wl_06321	荫庥	yìn xiū	protective shelter or patronage	noun
wl_06322	髹漆	xiū qī	to lacquer	verb
wl_06323	谖草	xuān cǎo	daylily, an old spelling	noun
wl_06324	谖言	xuān yán	deceptive words	noun
wl_06325	瑄玉	xuān yù	large jade disc used in ancient rituals	noun
wl_06326	烜赫	xuǎn hè	illustrious; prominent	adjective
wl_06327	泫然	xuàn rán	tearfully	adverb
wl_06328	朝曛	zhāo xūn	morning sunlight in literary usage	noun
wl_06329	恂恂	xún xún	modest and courteous	adjective
wl_06330	珣	xún	a kind of jade	noun
wl_06331	鄢陵	yān líng	Yanling	proper noun
wl_06332	剡溪	shàn xī	Shan River in Zhejiang	proper noun
wl_06333	剡锐	yǎn ruì	sharp and pointed	adjective
wl_06334	谳狱	yàn yù	to examine and decide a court case	verb
wl_06335	谳案	yàn àn	to review a court case	verb
wl_06336	鳐鱼	yáo yú	ray; skate	noun
wl_06337	烨烨	yè yè	bright and shining	adjective
wl_06338	祎祎	yī yī	beautiful and graceful	adjective
wl_06339	匜	yí	ancient vessel for water or wine	noun
wl_06340	圯桥	yí qiáo	Yi Bridge in a historical story	proper noun
wl_06341	瞠眙	chēng yí	to stare in astonishment	verb
wl_06342	九嶷	jiǔ yí	Jiuyi Mountain	proper noun
wl_06343	嶷嶷	nì nì	lofty and towering	adjective
wl_06344	乂安	yì ān	peace and order	noun
wl_06345	仡仡	yì yì	strong and brave	adjective
wl_06346	仡勇	yì yǒng	courageous and strong	adjective
wl_06347	八佾	bā yì	ritual dance of eight rows of eight dancers	noun
wl_06348	挹注	yì zhù	to pour liquid from one vessel into another	verb
wl_06349	浥润	yì rùn	to moisten	verb
wl_06350	翊戴	yì dài	to support a ruler	verb
wl_06351	镒	yì	yi, an ancient unit of weight	measure word
wl_06352	殪杀	yì shā	to kill	verb
wl_06353	劓刑	yì xíng	ancient punishment of cutting off the nose	noun
wl_06354	堙塞	yīn sè	to block or fill up	verb
wl_06355	愔愔	yīn yīn	quiet and peaceful	adjective
wl_06356	訚訚	yín yín	gentle yet upright in speech	adjective
wl_06357	夤缘	yín yuán	to advance through currying favor	verb
wl_06358	撄锋	yīng fēng	to confront an enemy's weapons	verb
wl_06359	华蓥山	huá yíng shān	Mount Huaying	proper noun
wl_06360	城墉	chéng yōng	city wall	noun
wl_06361	饔飧	yōng sūn	daily meals; breakfast and supper	noun
wl_06362	薰莸	xūn yóu	good and evil symbolized by fragrant and foul plants	noun
wl_06363	卣	yǒu	ancient wine vessel	noun
wl_06364	羑里	yǒu lǐ	Youli, a historical site name	proper noun
wl_06365	侑食	yòu shí	to attend a meal and encourage someone to eat	verb
wl_06366	雩祭	yú jì	rain-seeking ritual	noun
wl_06367	山嵎	shān yú	recess in a mountain	noun
wl_06368	颙颙	yóng yóng	looking eagerly and expectantly	adjective
wl_06369	俣俣	yǔ yǔ	tall and imposing	adjective
wl_06370	仓庾	cāng yǔ	grain storehouses	noun
wl_06371	窳陋	yǔ lòu	crude and shabby	adjective
wl_06372	饫饱	yù bǎo	to eat one's fill	verb
wl_06373	鹦鹆	yīng yù	parrots and mynas in older writing	noun
wl_06374	滟滪	yàn yù	Yanyu Rock, a historical river hazard	proper noun
wl_06375	蜮射	yù shè	to harm someone secretly, figuratively	verb
wl_06376	刖刑	yuè xíng	ancient punishment of cutting off feet	noun
wl_06377	刖足	yuè zú	to cut off the feet as an ancient punishment	verb
wl_06378	刖趾	yuè zhǐ	to sever the toes or feet as an ancient punishment	verb
wl_06379	玥	yuè	legendary divine pearl	noun
wl_06380	龠	yuè	ancient flute	noun
wl_06381	赟	yūn	beautiful; fine	adjective
wl_06382	芸薹	yún tái	rape plant; Brassica rapa	noun
wl_06383	昀	yún	sunlight	noun
wl_06384	猃狁	xiǎn yǔn	Xianyun, an ancient northern people	proper noun
wl_06385	腌臜	ā zā	dirty; filthy	adjective
wl_06386	姓昝	xìng zǎn	to have the surname Zan	verb
wl_06387	趱路	zǎn lù	hurry on a journey	verb
wl_06388	牂牁	zāng kē	Zangke, an ancient place name	proper noun
wl_06389	玉璪	yù zǎo	jade bead strands on a ceremonial crown	noun
wl_06390	帻巾	zé jīn	headcloth	noun
wl_06391	竹笮	zhú zuó	bamboo rope	noun
wl_06392	舴艋	zé měng	small boat	noun
wl_06393	竹箦	zhú zé	bamboo mat	noun
wl_06394	日昃	rì zè	the sun declining westward	phrase
wl_06395	谮言	zèn yán	slanderous statement	noun
wl_06396	鱼罾	yú zēng	fishing net	noun
wl_06397	缯帛	zēng bó	silk fabrics	noun
wl_06398	痨瘵	láo zhài	tuberculosis, in older usage	noun
wl_06399	鸡胗	jī zhēn	chicken gizzard	noun
wl_06400	轸念	zhěn niàn	remember with deep concern	verb
wl_06401	鸩毒	zhèn dú	deadly poison	noun
wl_06402	钲鼓	zhēng gǔ	military gongs and drums	noun
wl_06403	埴土	zhí tǔ	clay	noun
wl_06404	埴壤	zhí rǎng	clayey soil	noun
wl_06405	摭拾	zhí shí	collect scattered material	verb
wl_06406	虫豸	chóng zhì	insect or small creeping creature	noun
wl_06407	豸冠	zhì guān	a historical law officer's ceremonial cap	noun
wl_06408	郅治	zhì zhì	excellent governance	noun
wl_06409	陟罚	zhì fá	promotion and punishment	noun
wl_06410	轩轾	xuān zhì	relative superiority and inferiority	noun
wl_06411	阴骘	yīn zhì	hidden good deeds	noun
wl_06412	犬彘	quǎn zhì	dogs and pigs	noun
wl_06413	颠踬	diān zhì	suffer setbacks	verb
wl_06414	觯杯	zhì bēi	an ancient drinking cup	noun
wl_06415	碌碡	liù zhóu	stone roller	noun
wl_06416	籀文	zhòu wén	large seal script; Zhou script	noun
wl_06417	邾国	zhū guó	the ancient state of Zhu	proper noun
wl_06418	麈尾	zhǔ wěi	a deer-tail whisk	noun
wl_06419	苧	níng	tangled; in disarray	adjective
wl_06420	翔翥	xiáng zhù	soar in flight	verb
wl_06421	缒	zhuì	to lower with a rope	verb
wl_06422	缁衣	zī yī	black robes	noun
wl_06423	趑趄	zī jū	to hesitate to advance	verb
wl_06424	锱铢	zī zhū	a very small amount	noun
wl_06425	訾议	zǐ yì	disparage	verb
wl_06426	谘诹	zī zōu	consult for advice	verb
wl_06427	陬	zōu	foot or secluded corner of a mountain	noun
wl_06428	菹	zū	pickled vegetables	noun
wl_06429	赓缵	gēng zuǎn	carry on predecessors' work	verb
wl_06430	蕞尔	zuì ěr	very small	adjective
wl_06431	惭怍	cán zuò	feel ashamed	verb
wl_06432	胙	zuò	sacrificial meat	noun
wl_06433	酢	zuò	guest's return toast to the host	noun
wl_06434	姓仉	xìng zhǎng	have the surname Zhang ('zhǎng')	phrase
wl_06435	魈	xiāo	bound character in shān xiāo (mandrill)	bound form
wl_06436	徼	jiào	boundary; frontier	noun
wl_06437	伧	cāng	rustic or uncouth person	noun
wl_06438	馇粥	chā zhōu	cook and stir porridge	verb
wl_06439	钇	yǐ	yttrium	noun
wl_06440	苄	biàn	benzyl (chemistry)	noun
wl_06441	胨	dòng	peptone	noun
wl_06442	蒽	ēn	anthracene	noun
wl_06443	焓	hán	enthalpy	noun
wl_06444	脒	mǐ	amidine	noun
wl_06445	铒	ěr	erbium	noun
wl_06446	姓亓	xìng qí	have the surname Qi ('qí')	phrase
wl_06447	姓厍	xìng shè	have the surname She ('shè')	phrase
wl_06448	刭	jǐng	to cut the throat	verb
wl_06449	刿	guì	to cut or injure	verb
wl_06450	劁	qiāo	to castrate livestock	verb
wl_06451	仂	lè	remainder; surplus	noun
wl_06452	佧	kǎ	character in the older ethnic name Kawa	bound morpheme
wl_06453	倮	luǒ	naked	adjective
wl_06454	谇	suì	to scold; to rebuke	verb
wl_06455	卮	zhī	wine goblet	noun
wl_06456	陔	gāi	ridge or terrace of earth	noun
wl_06457	姓隗	xìng wěi	to have the surname Wei	phrase
wl_06458	邗江	hán jiāng	Hanjiang	proper noun
wl_06459	郏	jiá	Jia, a component of Jia County ('jiá xiàn')	bound form
wl_06460	郇国	xún guó	the ancient state of Xun	proper noun
wl_06461	郾城	yǎn chéng	Yancheng	proper noun
wl_06462	酃县	líng xiàn	Ling County, a former county name	proper noun
wl_06463	勖	xù	to encourage; to exhort	verb
wl_06464	郫县	pí xiàn	Pi County, a former county name	proper noun
wl_06465	坌	bèn	clumsy; slow-witted	adjective
wl_06466	墼	jī	unfired clay brick	noun
wl_06467	圩	wéi	dike	noun
wl_06468	诼	zhuó	slanderous rumor	noun
wl_06469	堋	péng	archery target support	noun
wl_06470	堍	tù	end of a bridge	noun
wl_06471	塄	léng	elevated bank around a field	noun
wl_06472	肉苁蓉	ròu cōng róng	desert cistanche	noun
wl_06473	苘	qǐng	velvetleaf; Indian mallow	noun
wl_06474	苤蓝	piě lán	kohlrabi	noun
wl_06475	莛	tíng	grass stalk	noun
wl_06476	芗城	xiāng chéng	Xiangcheng	proper noun
wl_06477	苦荬菜	kǔ mǎi cài	a kind of bitter wild herb	noun
wl_06478	菘	sōng	Chinese cabbage	noun
wl_06479	萑	huán	a kind of reed	noun
wl_06480	萝菔	luó fú	radish	noun
wl_06481	蓥	yíng	to polish	verb
wl_06482	甍	méng	roof ridge	noun
wl_06483	蕺	jí	Houttuynia cordata	noun
wl_06484	江蓠	jiāng lí	Gracilaria; red algae	noun
wl_06485	薜	bì	bi, a component of creeping fig ('bì lì')	bound form
wl_06486	香薷	xiāng rú	Elsholtzia ciliata	noun
wl_06487	夼	kuǎng	low hollow in the ground	noun
wl_06488	捃	jùn	to gather; to collect	verb
wl_06489	草蓐	cǎo rù	straw bedding	noun
wl_06490	芨	jī	bound character in the Chinese name for Bletilla striata	bound form
wl_06491	揸	zhā	to spread the fingers	verb
wl_06492	搠	shuò	to thrust into	verb
wl_06493	荮	zhòu	to wrap in straw	verb
wl_06494	唛头	mài tóu	shipping mark	noun
wl_06495	啰唣	luō zào	to make trouble; to fuss noisily	verb
wl_06496	唼	shà	gobbling sound made by ducks	onomatopoeia
wl_06497	嗾	sǒu	to incite; to urge on	verb
wl_06498	嚆矢	hāo shǐ	whistling arrow	noun
wl_06499	囝	jiǎn	child	noun
wl_06500	圊	qīng	latrine	noun
wl_06501	帔	pèi	cape	noun
wl_06502	岘	xiàn	Xian, a component of Mount Xianshou ('xiàn shǒu shān')	bound form
wl_06503	岙	ào	hollow or plain among mountains	noun
wl_06504	岣	gǒu	Gou, a component of Mount Goulou ('gǒu lǒu')	bound form
wl_06505	峁	mǎo	rounded loess hill	noun
wl_06506	峄	yì	Yi, a component of Mount Yi ('yì shān')	bound form
wl_06507	崮	gù	flat-topped, steep-sided mountain	noun
wl_06508	嵝	lǒu	component of the name Goulou Mountain	bound morpheme
wl_06509	崦嵫	yān zī	Yanzi, a mountain associated with sunset	proper noun
wl_06510	嶝	dèng	path or steps up a mountain	noun
wl_06511	猃	xiǎn	long-snouted dog	noun
wl_06512	猱	náo	a kind of gibbon in old texts	noun
wl_06513	饧	táng	maltose syrup	noun
wl_06514	猹	chá	badger-like wild animal	noun
wl_06515	怫然	fú rán	angry; enraged	adjective
wl_06516	恹	yān	weak and listless, in 'yān yān'	bound form
wl_06517	惝	chǎng	distraught or disoriented, in 'chǎng huǎng'	bound form
wl_06518	汔	qì	nearly; close to	adverb
wl_06519	沣	fēng	Feng River in Shaanxi , tributary of Wei River	proper noun
wl_06520	沩	wéi	Wei, a river-name character in Wéi Shuǐ (Wei River)	bound form
wl_06521	泖	mǎo	still water	noun
wl_06522	涑	sù	Su, a component of the Su River ('sù shuǐ')	bound form
wl_06523	浯	wú	Wu, a river-name character	bound form
wl_06524	涠	wéi	Wei, a component of Weizhou Island ('wéi zhōu dǎo')	bound form
wl_06525	浠	xī	Xi, a component of the Xi River ('xī shuǐ')	bound form
wl_06526	淠	pèi	luxuriant, of water plants	adjective
wl_06527	涫	guàn	to boil	verb
wl_06528	溆	xù	Xu, a component of the Xu River ('xù shuǐ')	bound form
wl_06529	溘然	kè rán	suddenly	adverb
wl_06530	漭	mǎng	vast; expansive, of water	adjective
wl_06531	滏	fǔ	Fu, a river-name character	bound form
wl_06532	漶	huàn	blurred or worn away	adjective
wl_06533	澉	gǎn	Gan, a component of Ganpu ('gǎn pǔ')	bound form
wl_06534	濉	suī	Sui, a component of the Sui River ('suī hé')	bound form
wl_06535	謇	jiǎn	to speak frankly and boldly	verb
wl_06536	潴	zhū	to accumulate or hold water	verb
wl_06537	逯	lù	Lu, a surname	proper noun
wl_06538	迮	zé	narrow	adjective
wl_06539	漾濞	yàng bì	Yangbi	proper noun
wl_06540	妫	guī	surname Gui	proper noun
wl_06541	羼	chàn	to mix in; to adulterate	verb
wl_06542	胬肉	nǔ ròu	pterygium	noun
wl_06543	令嫒	lìng ài	your daughter, politely	noun
wl_06544	尜	gá	pointed spindle-shaped toy	noun
wl_06545	骒	kè	female, of certain livestock	adjective
wl_06546	骣	chǎn	to ride bareback	verb
wl_06547	缌	sī	fine linen or hemp cloth	noun
wl_06548	缦	màn	plain unpatterned silk	noun
wl_06549	珧	yáo	yao, a component of pen shell ('jiāng yáo')	bound form
wl_06550	栝	guā	bound character in guā lóu (Chinese cucumber)	bound form
wl_06551	桤	qī	alder	noun
wl_06552	棹	zhào	oar (archaic)	noun
wl_06553	桔槔	jié gāo	well sweep	noun
wl_06554	椋	liáng	liang, a component of starling ('liáng niǎo')	bound form
wl_06555	楂	zhā	component of hawthorn	bound morpheme
wl_06556	樾	yuè	shade beneath trees	noun
wl_06557	槠	zhū	a kind of evergreen oak	noun
wl_06558	香橼	xiāng yuán	citron	noun
wl_06559	瓿	bù	ancient jar	noun
wl_06560	暾	tūn	rising sun	noun
wl_06561	赍	jī	to carry; to take along	verb
wl_06562	赕	dǎn	to pay compensation or a fine	verb
wl_06563	犋	jù	team of draft animals as a unit	measure word
wl_06564	犏牛	piān niú	cattle-yak hybrid	noun
wl_06565	毪	mú	Tibetan woolen fabric	noun
wl_06566	毡毹	zhān shū	felt carpet	noun
wl_06567	氇	lu	lu, a component of Tibetan woolen cloth ('pǔ lu')	bound form
wl_06568	氆氇	pǔ lu	Tibetan woolen cloth	noun
wl_06569	氍毹	qú shū	stage carpet	noun
wl_06570	敫	jiǎo	Jiao, a surname	proper noun
wl_06571	胂	shèn	arsine	noun
wl_06572	脘	wǎn	stomach region	noun
wl_06573	媵	yìng	maid accompanying a bride	noun
wl_06574	飑	biāo	squall	noun
wl_06575	欹	yī	exclamation of surprise	interjection
wl_06576	炻	shí	stoneware	noun
wl_06577	烀	hū	to cook with a little water	verb
wl_06578	焐	wù	to warm up	verb
wl_06579	煊	xuān	warm; genial	adjective
wl_06580	炝	qiàng	to blanch and dress, in cooking	verb
wl_06581	祆教	xiān jiào	Zoroastrianism	noun
wl_06582	禊	xì	purification rite	noun
wl_06583	悫	què	honest; sincere	adjective
wl_06584	砘	dùn	stone soil roller	noun
wl_06585	砼	tóng	concrete	noun
wl_06586	硖	xiá	Xia, a component of Xiashi ('xiá shí')	bound form
wl_06587	砦	zhài	stockade; fortified camp	noun
wl_06588	畈	fàn	field	noun
wl_06589	畹	wǎn	ancient unit of farmland area	classifier
wl_06590	罨	yǎn	to apply a compress, in 'yǎn fū'	bound form
wl_06591	磔	zhé	right-falling calligraphy stroke	noun
wl_06592	锞	kè	small metal ingot	noun
wl_06593	锩	juǎn	to bend metal	verb
wl_06594	镏	liù	finger ring, in 'liù zi'	bound form
wl_06595	镔铁	bīn tiě	refined iron	noun
wl_06596	镦	dūn	to upset forged metal	verb
wl_06597	镩	cuān	ice chisel	noun
wl_06598	镲	chǎ	small cymbals	noun
wl_06599	稃	fū	husk	noun
wl_06600	稹	zhěn	dense; closely packed	adjective
wl_06601	鸲	qú	qu, a component of redstart names	bound form
wl_06602	鹁鸽	bó gē	pigeon	noun
wl_06603	鹋	miáo	miao, a component of emu ('ér miáo')	bound form
wl_06604	鹛	méi	babbler	noun
wl_06605	瘃	zhú	chilblain	noun
wl_06606	瘐	yǔ	to mistreat prisoners	verb
wl_06607	瘛疭	chì zòng	clonic convulsions	noun
wl_06608	袢	pàn	button loop	noun
wl_06609	裉	kèn	side seam of an upper garment	noun
wl_06610	裰	duō	to mend clothing	verb
wl_06611	褙	bèi	to paste backing onto a painting	verb
wl_06612	襦	rú	jacket	noun
wl_06613	耖	chào	harrow for breaking soil clods	noun
wl_06614	耠	huō	hoe	noun
wl_06615	耢	lào	field-leveling implement	noun
wl_06616	耥	tǎng	weed and loosen soil in a rice field	verb
wl_06617	耱	mò	field-leveling implement	noun
wl_06618	顸	hān	thick; large in diameter	adjective
wl_06619	虼蚤	gè zǎo	flea	noun
wl_06620	蛘	yáng	grain weevil	noun
wl_06621	蝽	chūn	true bug; stink bug	noun
wl_06622	蚯蟮	qiū shàn	earthworm	noun
wl_06623	笄	jī	hairpin for a bun	noun
wl_06624	筢	pá	bamboo rake	noun
wl_06625	箧	qiè	chest	noun
wl_06626	箢箕	yuān ji	woven bamboo basket	noun
wl_06627	簖	duàn	bamboo fish trap	noun
wl_06628	籼米	xiān mǐ	long-grained rice	noun
wl_06629	醅	pēi	unfiltered wine	noun
wl_06630	踅	xué	to wander or turn around	verb
wl_06631	踺子	jiàn zi	roundoff, in gymnastics	noun
wl_06632	蹁	pián	uneven or limping gait	noun
wl_06633	躜	zuān	to squeeze or move through	verb
wl_06634	鲅	bà	Spanish mackerel	noun
wl_06635	鲐	tái	mackerel	noun
wl_06636	鲡	lí	li, a component of eel ('mán lí')	bound form
wl_06637	鲼	fèn	ray of the order Myliobatiformes	noun
wl_06638	鳓	lè	Chinese herring (Ilisha elongata)	noun
wl_06639	鞒	qiáo	raised ends of a saddle	noun
wl_06640	鞯	jiān	saddle blanket	noun
wl_06641	鞫	jū	to interrogate	verb
wl_06642	鞲	gōu	leather armguard	noun
wl_06643	麇	jūn	hornless deer	noun
wl_06644	黪	cǎn	dark; dim	adjective
wl_06645	疴	kē	disease; illness	noun
wl_06646	黟县	yī xiàn	Yi County in Anhui	proper noun
wl_06647	蹽	liāo	to run or stride away	verb
wl_06648	斌	bīn	Bin, a given-name character	proper noun
wl_06649	难以置信	nán yǐ zhì xìn	being difficult to believe	idiom
wl_06650	不可思议	bù kě sī yì	being beyond ordinary understanding	idiom
wl_06651	无论如何	wú lùn rú hé	something holding true regardless of the circumstances	idiom
wl_06652	谢天谢地	xiè tiān xiè dì	relief and gratitude after a difficulty is resolved	idiom
wl_06653	一无所知	yī wú suǒ zhī	not knowing anything at all	idiom
wl_06654	与众不同	yǔ zhòng bù tóng	standing out from the crowd	idiom
wl_06655	无能为力	wú néng wéi lì	being powerless to do anything about it	idiom
wl_06656	一模一样	yī mú yī yàng	being exactly alike	idiom
wl_06657	以防万一	yǐ fáng wàn yī	guarding against the unexpected	idiom
wl_06658	乱七八糟	luàn qī bā zāo	being chaotic	idiom
wl_06659	一无所有	yī wú suǒ yǒu	not having anything at all	idiom
wl_06660	迫不及待	pò bù jí dài	being too impatient to wait	idiom
wl_06661	独一无二	dú yī wú èr	being unique	idiom
wl_06662	成千上万	chéng qiān shàng wàn	very large numbers of people or things	idiom
wl_06663	说来话长	shuō lái huà cháng	a complicated story that takes time to explain	idiom
wl_06664	无家可归	wú jiā kě guī	being homeless	idiom
wl_06665	逍遥法外	xiāo yáo fǎ wài	an offender remaining free without legal punishment	idiom
wl_06666	大吃一惊	dà chī yī jīng	being astounded	idiom
wl_06667	大喊大叫	dà hǎn dà jiào	shouting and screaming	idiom
wl_06668	显而易见	xiǎn ér yì jiàn	something being clear and easy to recognize	idiom
wl_06669	自以为是	zì yǐ wéi shì	believing oneself infallible	idiom
wl_06670	竭尽全力	jié jìn quán lì	sparing no effort	idiom
wl_06671	全力以赴	quán lì yǐ fù	making an all-out effort	idiom
wl_06672	一塌糊涂	yī tā hú tu	a thoroughly confused or disastrous state	idiom
wl_06673	各就各位	gè jiù gè wèi	everyone taking their assigned position	idiom
wl_06674	大惊小怪	dà jīng xiǎo guài	making a fuss about nothing	idiom
wl_06675	一无是处	yī wú shì chù	having no good or correct points at all	idiom
wl_06676	袖手旁观	xiù shǒu páng guān	watching from the sidelines without helping	idiom
wl_06677	莫名其妙	mò míng qí miào	being baffling	idiom
wl_06678	随心所欲	suí xīn suǒ yù	following one's heart's desires	idiom
wl_06679	不知所措	bù zhī suǒ cuò	not knowing what to do	idiom
wl_06680	长话短说	cháng huà duǎn shuō	making a long story short	idiom
wl_06681	诸如此类	zhū rú cǐ lèi	other things of the same kind	idiom
wl_06682	无缘无故	wú yuán wú gù	something happening without any apparent reason	idiom
wl_06683	千真万确	qiān zhēn wàn què	being absolutely true	idiom
wl_06684	理所当然	lǐ suǒ dāng rán	something being proper and naturally expected	idiom
wl_06685	偷偷摸摸	tōu tōu mō mō	being surreptitious	idiom
wl_06686	精疲力尽	jīng pí lì jìn	total mental and physical exhaustion	idiom
wl_06687	前所未有	qián suǒ wèi yǒu	being unprecedented	idiom
wl_06688	无所事事	wú suǒ shì shì	having nothing to do	idiom
wl_06689	胡言乱语	hú yán luàn yǔ	babbling nonsense	idiom
wl_06690	为所欲为	wéi suǒ yù wéi	acting wilfully without restraint or regard for rules	idiom
wl_06691	感激不尽	gǎn jī bù jìn	feeling more gratitude than words can express	idiom
wl_06692	彻头彻尾	chè tóu chè wěi	something being complete and thorough	idiom
wl_06693	一清二楚	yī qīng èr chǔ	being very clear about something	idiom
wl_06694	了如指掌	liǎo rú zhǐ zhǎng	knowing something like the back of one's hand	idiom
wl_06695	一如既往	yī rú jì wǎng	continuing in the same way as before	idiom
wl_06696	无可奉告	wú kě fèng gào	refusing or being unable to provide information	idiom
wl_06697	不可避免	bù kě bì miǎn	being inevitable	idiom
wl_06698	不可理喻	bù kě lǐ yù	being impervious to reason	idiom
wl_06699	情不自禁	qíng bù zì jīn	being unable to hold back one's feelings or an emotional reaction	idiom
wl_06700	出乎意料	chū hū yì liào	being unexpected	idiom
wl_06701	想方设法	xiǎng fāng shè fǎ	thinking up every possible method	idiom
wl_06702	视而不见	shì ér bù jiàn	deliberately ignoring something one can see	idiom
wl_06703	一举一动	yī jǔ yī dòng	every action or movement a person makes	idiom
wl_06704	一路顺风	yī lù shùn fēng	a safe and pleasant journey	idiom
wl_06705	指手画脚	zhǐ shǒu huà jiǎo	giving unwanted instructions or criticizing how others do things	idiom
wl_06706	平安无事	píng ān wú shì	being safe and sound	idiom
wl_06707	鬼鬼祟祟	guǐ guǐ suì suì	being sneaky	idiom
wl_06708	开诚布公	kāi chéng bù gōng	speaking openly and sincerely without concealment	idiom
wl_06709	发号施令	fā hào shī lìng	issuing orders or directing other people	idiom
wl_06710	微不足道	wēi bù zú dào	being negligible	idiom
wl_06711	全心全意	quán xīn quán yì	complete dedication without reservation	idiom
wl_06712	一见钟情	yī jiàn zhōng qíng	falling in love at first sight	idiom
wl_06713	众所周知	zhòng suǒ zhōu zhī	something being widely known	idiom
wl_06714	不顾一切	bù gù yī qiè	acting regardless of the consequences or personal risk	idiom
wl_06715	出人意料	chū rén yì liào	being unexpected	idiom
wl_06716	破门而入	pò mén ér rù	forcing open a door and entering	idiom
wl_06717	改过自新	gǎi guò zì xīn	correcting one's mistakes and making a fresh start	idiom
wl_06718	虚张声势	xū zhāng shēng shì	bluffing	idiom
wl_06719	自言自语	zì yán zì yǔ	talking to oneself	idiom
wl_06720	无时无刻	wú shí wú kè	at no time; with bù (not): always	idiom
wl_06721	身无分文	shēn wú fēn wén	being penniless	idiom
wl_06722	筋疲力尽	jīn pí lì jìn	total physical and mental exhaustion	idiom
wl_06723	脱颖而出	tuō yǐng ér chū	standing out by showing exceptional talent	idiom
wl_06724	安然无恙	ān rán wú yàng	remaining safe and unharmed	idiom
wl_06725	自然而然	zì rán ér rán	something happening naturally without deliberate intervention	idiom
wl_06726	惊慌失措	jīng huāng shī cuò	losing one's head out of fear	idiom
wl_06727	从天而降	cóng tiān ér jiàng	something appearing suddenly and unexpectedly	idiom
wl_06728	感情用事	gǎn qíng yòng shì	letting personal feelings rather than reason guide one's actions	idiom
wl_06729	蒙在鼓里	méng zài gǔ lǐ	being kept completely unaware of what is happening	idiom
wl_06730	说到做到	shuō dào zuò dào	being as good as one's word	idiom
wl_06731	小题大做	xiǎo tí dà zuò	making an excessive fuss over a minor issue	idiom
wl_06732	小心翼翼	xiǎo xīn yì yì	acting with great care to avoid any mistake	idiom
wl_06733	走投无路	zǒu tóu wú lù	being trapped in a desperate situation with no way out	idiom
wl_06734	守口如瓶	shǒu kǒu rú píng	keeping a secret and refusing to reveal it	idiom
wl_06735	起死回生	qǐ sǐ huí shēng	reviving someone or something that seemed beyond saving	idiom
wl_06736	并肩作战	bìng jiān zuò zhàn	working closely together toward a shared goal	idiom
wl_06737	货真价实	huò zhēn jià shí	being genuine	idiom
wl_06738	束手无策	shù shǒu wú cè	being helpless in the face of a crisis	idiom
wl_06739	一事无成	yī shì wú chéng	having achieved nothing	idiom
wl_06740	不知不觉	bù zhī bù jué	something happening without one's noticing or realizing it	idiom
wl_06741	改头换面	gǎi tóu huàn miàn	changing the appearance while leaving the substance unchanged	idiom
wl_06742	开门见山	kāi mén jiàn shān	speaking or writing directly about the main point	idiom
wl_06743	齐心协力	qí xīn xié lì	working with a common purpose	idiom
wl_06744	万无一失	wàn wú yī shī	being surefire	idiom
wl_06745	无济于事	wú jì yú shì	making no useful difference to a problem	idiom
wl_06746	置之不理	zhì zhī bù lǐ	deliberately ignoring a person or matter	idiom
wl_06747	自相残杀	zì xiāng cán shā	massacring one another	idiom
wl_06748	耿耿于怀	gěng gěng yú huái	taking troubles to heart	idiom
wl_06749	轻举妄动	qīng jǔ wàng dòng	acting blindly without thinking	idiom
wl_06750	焕然一新	huàn rán yī xīn	looking completely new	idiom
wl_06751	甜言蜜语	tián yán mì yǔ	sweet talk used to flatter, persuade, or deceive	idiom
wl_06752	相提并论	xiāng tí bìng lùn	to put on a par; treat as comparable	idiom
wl_06753	光天化日	guāng tiān huà rì	something happening openly in broad daylight	idiom
wl_06754	远走高飞	yuǎn zǒu gāo fēi	leaving for a distant place, often to escape one's circumstances	idiom
wl_06755	无懈可击	wú xiè kě jī	being impossible to fault	idiom
wl_06756	难以启齿	nán yǐ qǐ chǐ	being too embarrassed to mention something	idiom
wl_06757	危在旦夕	wēi zài dàn xī	being in immediate danger	idiom
wl_06758	罪魁祸首	zuì kuí huò shǒu	the chief culprit behind wrongdoing or a misfortune	idiom
wl_06759	不可收拾	bù kě shōu shi	being irremediable	idiom
wl_06760	一窍不通	yī qiào bù tōng	having no understanding of a subject	idiom
wl_06761	自作聪明	zì zuò cōng míng	thinking oneself clever	idiom
wl_06762	无影无踪	wú yǐng wú zōng	disappearing without leaving any trace	idiom
wl_06763	水落石出	shuǐ luò shí chū	the truth becoming fully clear	idiom
wl_06764	有生以来	yǒu shēng yǐ lái	the period from one's birth until now	idiom
wl_06765	言归正传	yán guī zhèng zhuàn	returning to the topic	idiom
wl_06766	千载难逢	qiān zǎi nán féng	being extremely rare	idiom
wl_06767	合情合理	hé qíng hé lǐ	being reasonable	idiom
wl_06768	重蹈覆辙	chóng dǎo fù zhé	repeating a mistake that previously led to failure	idiom
wl_06769	高高在上	gāo gāo zài shàng	being aloof, superior, and out of touch with ordinary people	idiom
wl_06770	死路一条	sǐ lù yī tiáo	a course with no viable way forward	idiom
wl_06771	天衣无缝	tiān yī wú fèng	something being seamless and without detectable flaws	idiom
wl_06772	一干二净	yī gān èr jìng	something being completely cleared away with nothing left	idiom
wl_06773	直截了当	zhí jié liǎo dàng	being direct and plainspoken	idiom
wl_06774	忘恩负义	wàng ēn fù yì	betraying someone who has shown one kindness	idiom
wl_06775	坐以待毙	zuò yǐ dài bì	passively awaiting disaster instead of trying to escape it	idiom
wl_06776	自作主张	zì zuò zhǔ zhāng	to make decisions without consulting others	idiom
wl_06777	全神贯注	quán shén guàn zhù	concentrating one's attention completely	idiom
wl_06778	大开眼界	dà kāi yǎn jiè	broadening one's horizons greatly	idiom
wl_06779	精疲力竭	jīng pí lì jié	complete mental and physical exhaustion	idiom
wl_06780	非同寻常	fēi tóng xún cháng	being extraordinary	idiom
wl_06781	史无前例	shǐ wú qián lì	being unprecedented in history	idiom
wl_06782	应有尽有	yīng yǒu jìn yǒu	having everything that could be needed	idiom
wl_06783	出类拔萃	chū lèi bá cuì	standing out through exceptional ability or achievement	idiom
wl_06784	真相大白	zhēn xiàng dà bái	the full truth becoming known	idiom
wl_06785	出人头地	chū rén tóu dì	standing out among one's peers	idiom
wl_06786	半途而废	bàn tú ér fèi	giving up halfway	idiom
wl_06787	无名小卒	wú míng xiǎo zú	a person with no fame or important position	idiom
wl_06788	与世隔绝	yǔ shì gé jué	being cut off from the rest of the world	idiom
wl_06789	支离破碎	zhī lí pò suì	being fragmented, broken, or incomplete	idiom
wl_06790	小心谨慎	xiǎo xīn jǐn shèn	being careful and prudent in words or actions	idiom
wl_06791	名副其实	míng fù qí shí	a reputation or name matching reality	idiom
wl_06792	循规蹈矩	xún guī dǎo jǔ	following established rules or conventions closely	idiom
wl_06793	深信不疑	shēn xìn bù yí	believing firmly without any doubt	idiom
wl_06794	装模作样	zhuāng mú zuò yàng	putting on an act	idiom
wl_06795	力所能及	lì suǒ néng jí	what someone is capable of doing	idiom
wl_06796	措手不及	cuò shǒu bù jí	being caught unprepared with no time to respond	idiom
wl_06797	置身事外	zhì shēn shì wài	staying outside a matter and avoiding involvement	idiom
wl_06798	大庭广众	dà tíng guǎng zhòng	a public setting with many people present	idiom
wl_06799	井井有条	jǐng jǐng yǒu tiáo	being neatly arranged and well organized	idiom
wl_06800	求之不得	qiú zhī bù dé	eagerly welcoming something one has long wanted	idiom
wl_06801	自生自灭	zì shēng zì miè	developing and dying out without outside care or intervention	idiom
wl_06802	流言蜚语	liú yán fēi yǔ	rumors and slanders	idiom
wl_06803	若无其事	ruò wú qí shì	remaining composed as if nothing had happened	idiom
wl_06804	进退两难	jìn tuì liǎng nán	being caught in a dilemma with no easy way forward or back	idiom
wl_06805	忍无可忍	rěn wú kě rěn	something exceeding the limits of one's patience	idiom
wl_06806	一帆风顺	yī fān fēng shùn	something proceeding smoothly without obstacles	idiom
wl_06807	取而代之	qǔ ér dài zhī	one person or thing replacing another	idiom
wl_06808	尽心尽力	jìn xīn jìn lì	making an all-out effort	idiom
wl_06809	自始至终	zì shǐ zhì zhōng	the whole period from beginning to end	idiom
wl_06810	来龙去脉	lái lóng qù mài	the causes, background, and full sequence of events	idiom
wl_06811	容光焕发	róng guāng huàn fā	a healthy, radiant appearance	idiom
wl_06812	欣喜若狂	xīn xǐ ruò kuáng	being wild with joy	idiom
wl_06813	无忧无虑	wú yōu wú lǜ	being carefree	idiom
wl_06814	适可而止	shì kě ér zhǐ	refraining from going too far	idiom
wl_06815	念念不忘	niàn niàn bù wàng	something remaining continually in one's mind	idiom
wl_06816	无理取闹	wú lǐ qǔ nào	making trouble without reason	idiom
wl_06817	拐弯抹角	guǎi wān mò jiǎo	expressing a point indirectly and evasively	idiom
wl_06818	一言不发	yī yán bù fā	not saying a single word	idiom
wl_06819	烟消云散	yān xiāo yún sàn	something disappearing completely	idiom
wl_06820	单枪匹马	dān qiāng pǐ mǎ	acting alone without help or support	idiom
wl_06821	滔滔不绝	tāo tāo bù jué	producing a torrent of words	idiom
wl_06822	按部就班	àn bù jiù bān	following the prescribed order	idiom
wl_06823	不可告人	bù kě gào rén	that must be kept secret, often because it is shameful	idiom
wl_06824	不由自主	bù yóu zì zhǔ	acting involuntarily or without conscious control	idiom
wl_06825	出其不意	chū qí bù yì	doing something when least expected	idiom
wl_06826	迫不得已	pò bù dé yǐ	having no alternative	idiom
wl_06827	有生之年	yǒu shēng zhī nián	the period while a person is still alive	idiom
wl_06828	善解人意	shàn jiě rén yì	being good at understanding others	idiom
wl_06829	得寸进尺	dé cùn jìn chǐ	demanding more after gaining an initial concession	idiom
wl_06830	一成不变	yī chéng bù biàn	being immutable	idiom
wl_06831	一败涂地	yī bài tú dì	suffering a crushing defeat	idiom
wl_06832	天翻地覆	tiān fān dì fù	a sweeping transformation or a state of complete upheaval	idiom
wl_06833	东山再起	dōng shān zài qǐ	making a comeback after failure or loss of position	idiom
wl_06834	幸灾乐祸	xìng zāi lè huò	rejoicing in other people's misfortune	idiom
wl_06835	自由自在	zì yóu zì zài	being free and easy	idiom
wl_06836	易如反掌	yì rú fǎn zhǎng	a task being extremely easy	idiom
wl_06837	卷土重来	juǎn tǔ chóng lái	returning with renewed force after a defeat or setback	idiom
wl_06838	说三道四	shuō sān dào sì	making thoughtless remarks	idiom
wl_06839	脱胎换骨	tuō tāi huàn gǔ	a thorough transformation; becoming markedly different or better	idiom
wl_06840	当务之急	dāng wù zhī jí	the most urgent task requiring attention	idiom
wl_06841	担惊受怕	dān jīng shòu pà	being apprehensive	idiom
wl_06842	不速之客	bù sù zhī kè	an unexpected or uninvited guest	idiom
wl_06843	脱口而出	tuō kǒu ér chū	blurting something out without thinking	idiom
wl_06844	同心协力	tóng xīn xié lì	working with a common purpose	idiom
wl_06845	独来独往	dú lái dú wǎng	going about alone and keeping to oneself	idiom
wl_06846	惨不忍睹	cǎn bù rěn dǔ	a scene so terrible that one can hardly bear to look	idiom
wl_06847	一网打尽	yī wǎng dǎ jìn	catching or eliminating an entire group at once	idiom
wl_06848	逃之夭夭	táo zhī yāo yāo	making a hasty escape	idiom
wl_06849	无计可施	wú jì kě shī	being out of ideas	idiom
wl_06850	有所作为	yǒu suǒ zuò wéi	achieving something worthwhile	idiom
wl_06851	格格不入	gé gé bù rù	being incompatible or failing to fit in	idiom
wl_06852	白手起家	bái shǒu qǐ jiā	building up from nothing	idiom
wl_06853	亲密无间	qīn mì wú jiàn	having a very close relationship with each other	idiom
wl_06854	提心吊胆	tí xīn diào dǎn	being nervous	idiom
wl_06855	雪上加霜	xuě shàng jiā shuāng	making an already difficult situation even worse	idiom
wl_06856	混为一谈	hùn wéi yī tán	confusing one thing with another	idiom
wl_06857	异想天开	yì xiǎng tiān kāi	imagining unrealistic or wildly fanciful possibilities	idiom
wl_06858	死里逃生	sǐ lǐ táo shēng	escaping alive from mortal danger	idiom
wl_06859	尽如人意	jìn rú rén yì	being everything one could wish for	idiom
wl_06860	焦头烂额	jiāo tóu làn é	being overwhelmed by problems or urgent work	idiom
wl_06861	大海捞针	dà hǎi lāo zhēn	a search being extremely difficult	idiom
wl_06862	年复一年	nián fù yī nián	year after year over a long period	idiom
wl_06863	无价之宝	wú jià zhī bǎo	a priceless treasure	idiom
wl_06864	手足无措	shǒu zú wú cuò	being bewildered and unsure how to act	idiom
wl_06865	坐立不安	zuò lì bù ān	being restless	idiom
wl_06866	遮遮掩掩	zhē zhē yǎn yǎn	being secretive	idiom
wl_06867	坚持不懈	jiān chí bù xiè	persevering unremittingly	idiom
wl_06868	赴汤蹈火	fù tāng dǎo huǒ	braving any hardship or danger for a cause	idiom
wl_06869	大吵大闹	dà chǎo dà nào	making a loud and disruptive fuss	idiom
wl_06870	战无不胜	zhàn wú bù shèng	being invincible and winning every contest	idiom
wl_06871	华而不实	huá ér bù shí	an attractive appearance lacking real substance	idiom
wl_06872	自食其果	zì shí qí guǒ	suffering the bad consequences of one's own actions	idiom
wl_06873	活蹦乱跳	huó bèng luàn tiào	being lively and full of energy	idiom
wl_06874	无法无天	wú fǎ wú tiān	behaving lawlessly and without restraint	idiom
wl_06875	通情达理	tōng qíng dá lǐ	being sensible and willing to listen to reason	idiom
wl_06876	打草惊蛇	dǎ cǎo jīng shé	carelessly alerting an opponent before taking action	idiom
wl_06877	寻欢作乐	xún huān zuò lè	pleasure seeking	idiom
wl_06878	如释重负	rú shì zhòng fù	feeling great relief after a worry or burden is removed	idiom
wl_06879	后会有期	hòu huì yǒu qī	the expectation of meeting again in the future	idiom
wl_06880	身不由己	shēn bù yóu jǐ	being unable to control one's circumstances or actions	idiom
wl_06881	心满意足	xīn mǎn yì zú	being perfectly contented	idiom
wl_06882	心平气和	xīn píng qì hé	being tranquil and even-tempered	idiom
wl_06883	融为一体	róng wéi yī tǐ	blending or working together as a unified whole	idiom
wl_06884	孤军奋战	gū jūn fèn zhàn	struggling alone without support from others	idiom
wl_06885	蠢蠢欲动	chǔn chǔn yù dòng	restlessly preparing to act, especially to cause trouble	idiom
wl_06886	针锋相对	zhēn fēng xiāng duì	opposing each other sharply in arguments or actions	idiom
wl_06887	改邪归正	gǎi xié guī zhèng	mending one's ways	idiom
wl_06888	长生不老	cháng shēng bù lǎo	living forever without growing old	idiom
wl_06889	赏心悦目	shǎng xīn yuè mù	something being delightful to look at	idiom
wl_06890	近在咫尺	jìn zài zhǐ chǐ	being very close	idiom
wl_06891	紧要关头	jǐn yào guān tóu	a critical moment that can decide the outcome	idiom
wl_06892	销声匿迹	xiāo shēng nì jì	vanishing without trace	idiom
wl_06893	鸡毛蒜皮	jī máo suàn pí	trivial matters of little importance	idiom
wl_06894	昏昏欲睡	hūn hūn yù shuì	feeling drowsy and ready to fall asleep	idiom
wl_06895	当之无愧	dāng zhī wú kuì	fully deserving an honor or reputation	idiom
wl_06896	刀枪不入	dāo qiāng bù rù	being invulnerable to harm	idiom
wl_06897	重操旧业	chóng cāo jiù yè	resuming one's old trade	idiom
wl_06898	土生土长	tǔ shēng tǔ zhǎng	being born, raised, or developed locally	idiom
wl_06899	前功尽弃	qián gōng jìn qì	wasting all one's previous efforts	idiom
wl_06900	水深火热	shuǐ shēn huǒ rè	extreme hardship and suffering	idiom
wl_06901	翻天覆地	fān tiān fù dì	a huge and thorough transformation or upheaval	idiom
wl_06902	事与愿违	shì yǔ yuàn wéi	an outcome being contrary to what was hoped for	idiom
wl_06903	打成一片	dǎ chéng yī piàn	mixing closely with others and getting along as one group	idiom
wl_06904	如鱼得水	rú yú dé shuǐ	thriving in a setting or relationship that suits one perfectly	idiom
wl_06905	千里迢迢	qiān lǐ tiáo tiáo	a very long journey from far away	idiom
wl_06906	乳臭未干	rǔ xiù wèi gān	being immature and inexperienced	idiom
wl_06907	无拘无束	wú jū wú shù	being free and unconstrained	idiom
wl_06908	据为己有	jù wéi jǐ yǒu	taking another person's belongings for oneself	idiom
wl_06909	面目全非	miàn mù quán fēi	something's appearance being completely changed	idiom
wl_06910	背道而驰	bèi dào ér chí	directions or aims being completely opposed	idiom
wl_06911	无精打采	wú jīng dǎ cǎi	being dispirited and downcast	idiom
wl_06912	新陈代谢	xīn chén dài xiè	metabolism; replacement of the old by the new	idiom
wl_06913	不计其数	bù jì qí shù	being countless	idiom
wl_06914	两手空空	liǎng shǒu kōng kōng	being empty-handed	idiom
wl_06915	坚不可摧	jiān bù kě cuī	being invulnerable	idiom
wl_06916	毁于一旦	huǐ yú yī dàn	being ruined in a short time	idiom
wl_06917	默默无闻	mò mò wú wén	being unknown	idiom
wl_06918	公事公办	gōng shì gōng bàn	doing things in a strictly businesslike manner	idiom
wl_06919	不闻不问	bù wén bù wèn	showing no concern and making no attempt to find out	idiom
wl_06920	倾家荡产	qīng jiā dàng chǎn	losing a family fortune	idiom
wl_06921	听天由命	tīng tiān yóu mìng	leaving events to fate instead of trying to influence them	idiom
wl_06922	破镜重圆	pò jìng chóng yuán	a separated couple being reunited	idiom
wl_06923	人之常情	rén zhī cháng qíng	human nature	idiom
wl_06924	出生入死	chū shēng rù sǐ	risking one's life repeatedly; facing mortal danger	idiom
wl_06925	大相径庭	dà xiāng jìng tíng	a very large difference between two things	idiom
wl_06926	操之过急	cāo zhī guò jí	acting with undue haste	idiom
wl_06927	机不可失	jī bù kě shī	an opportunity that must not be missed	idiom
wl_06928	冷嘲热讽	lěng cháo rè fěng	sharp and sarcastic mockery	idiom
wl_06929	吹毛求疵	chuī máo qiú cī	deliberately searching for minor faults in others	idiom
wl_06930	火上浇油	huǒ shàng jiāo yóu	making anger or an already serious situation worse	idiom
wl_06931	一丝不苟	yī sī bù gǒu	being meticulous and never careless about details	idiom
wl_06932	一年一度	yī nián yī dù	being annual	idiom
wl_06933	忠心耿耿	zhōng xīn gěng gěng	being loyal and devoted	idiom
wl_06934	恨之入骨	hèn zhī rù gǔ	hating someone to the bone	idiom
wl_06935	悲痛欲绝	bēi tòng yù jué	being overcome with grief	idiom
wl_06936	关门大吉	guān mén dà jí	a business closing down permanently	idiom
wl_06937	有条不紊	yǒu tiáo bù wěn	things proceeding in a clear and orderly way	idiom
wl_06938	误入歧途	wù rù qí tú	taking a wrong step in life	idiom
wl_06939	灰飞烟灭	huī fēi yān miè	complete disappearance or destruction	idiom
wl_06940	遥遥领先	yáo yáo lǐng xiān	being far ahead of others	idiom
wl_06941	一刀两断	yī dāo liǎng duàn	cutting off a relationship decisively	idiom
wl_06942	叹为观止	tàn wéi guān zhǐ	being filled with admiration for something outstanding	idiom
wl_06943	众矢之的	zhòng shǐ zhī dì	a target of criticism from everyone	idiom
wl_06944	一言难尽	yī yán nán jìn	being hard to explain in a few words	idiom
wl_06945	家喻户晓	jiā yù hù xiǎo	something widely known in every household	idiom
wl_06946	微乎其微	wēi hū qí wēi	being extremely small or insignificant	idiom
wl_06947	无地自容	wú dì zì róng	being ashamed and unable to show one's face	idiom
wl_06948	所向披靡	suǒ xiàng pī mǐ	overcoming opposition wherever one advances	idiom
wl_06949	敲诈勒索	qiāo zhà lè suǒ	extortion and blackmail	idiom
wl_06950	炙手可热	zhì shǒu kě rè	having intimidating power or influence	idiom
wl_06951	记忆犹新	jì yì yóu xīn	remaining fresh in one's memory	idiom
wl_06952	随机应变	suí jī yìng biàn	changing according to the situation	idiom
wl_06953	不遗余力	bù yí yú lì	sparing no pains or effort	idiom
wl_06954	生吞活剥	shēng tūn huó bō	mechanically copying ideas without understanding them	idiom
wl_06955	赤手空拳	chì shǒu kōng quán	being unarmed or starting with no resources or support	idiom
wl_06956	不足为奇	bù zú wéi qí	something being unsurprising	idiom
wl_06957	手忙脚乱	shǒu máng jiǎo luàn	acting with confusion or in a disorderly manner	idiom
wl_06958	相依为命	xiāng yī wéi mìng	being mutually dependent for life	idiom
wl_06959	无中生有	wú zhōng shēng yǒu	inventing something with no basis in fact	idiom
wl_06960	拿手好戏	ná shǒu hǎo xì	a skill or activity someone does especially well	idiom
wl_06961	畅所欲言	chàng suǒ yù yán	speaking freely and saying everything one wishes to say	idiom
wl_06962	先发制人	xiān fā zhì rén	gaining the initiative by striking first	idiom
wl_06963	垂死挣扎	chuí sǐ zhēng zhá	a desperate final struggle to avoid destruction	idiom
wl_06964	自力更生	zì lì gēng shēng	relying on one's own efforts to improve or succeed	idiom
wl_06965	始作俑者	shǐ zuò yǒng zhě	the first person to initiate a harmful practice	idiom
wl_06966	死于非命	sǐ yú fēi mìng	dying unnaturally through violence or an unexpected disaster	idiom
wl_06967	我行我素	wǒ xíng wǒ sù	continuing in one's own way	idiom
wl_06968	在所难免	zài suǒ nán miǎn	being unavoidable	idiom
wl_06969	天造地设	tiān zào dì shè	naturally ideal or perfectly matched	idiom
wl_06970	一意孤行	yī yì gū xíng	obstinately clinging to one's course	idiom
wl_06971	三思而后行	sān sī ér hòu xíng	thinking carefully before acting	idiom
wl_06972	暴跳如雷	bào tiào rú léi	stamping with fury	idiom
wl_06973	相安无事	xiāng ān wú shì	living together in harmony	idiom
wl_06974	乌合之众	wū hé zhī zhòng	a disorderly group with no effective organization	idiom
wl_06975	你死我活	nǐ sǐ wǒ huó	a struggle in which only one side can survive	idiom
wl_06976	左右为难	zuǒ yòu wéi nán	being trapped between two difficult choices	idiom
wl_06977	悬而未决	xuán ér wèi jué	a matter remaining unresolved or undecided	idiom
wl_06978	一本正经	yī běn zhèng jīng	maintaining a solemn and serious manner	idiom
wl_06979	子虚乌有	zǐ xū wū yǒu	having no basis in fact	idiom
wl_06980	横冲直撞	héng chōng zhí zhuàng	barging through, jostling and elbowing	idiom
wl_06981	病入膏肓	bìng rù gāo huāng	being beyond cure or beyond remedy	idiom
wl_06982	绝无仅有	jué wú jǐn yǒu	something exceptionally rare or unique	idiom
wl_06983	自私自利	zì sī zì lì	caring only for one's own interests	idiom
wl_06984	迫在眉睫	pò zài méi jié	an urgent matter that demands immediate attention	idiom
wl_06985	源源不断	yuán yuán bù duàn	something continuing in an unbroken stream	idiom
wl_06986	兴高采烈	xìng gāo cǎi liè	being cheerful, excited, and in high spirits	idiom
wl_06987	十全十美	shí quán shí měi	perfection without any flaws	idiom
wl_06988	生龙活虎	shēng lóng huó hǔ	being vigorous and lively	idiom
wl_06989	骨瘦如柴	gǔ shòu rú chái	being extremely thin and emaciated	idiom
wl_06990	先下手为强	xiān xià shǒu wéi qiáng	gaining an advantage by acting before an opponent	idiom
wl_06991	夸夸其谈	kuā kuā qí tán	talking big	idiom
wl_06992	四面八方	sì miàn bā fāng	all directions	idiom
wl_06993	脚踏实地	jiǎo tà shí dì	working in a practical and conscientious way	idiom
wl_06994	无所适从	wú suǒ shì cóng	not knowing which course to follow	idiom
wl_06995	口口声声	kǒu kǒu shēng shēng	repeatedly and insistently saying something	idiom
wl_06996	一目了然	yī mù liǎo rán	being obvious at a glance	idiom
wl_06997	一视同仁	yī shì tóng rén	treating everyone equally	idiom
wl_06998	落井下石	luò jǐng xià shí	taking advantage of someone's misfortune to harm them further	idiom
wl_06999	贪得无厌	tān dé wú yàn	being avaricious and insatiable	idiom
wl_07000	铺天盖地	pū tiān gài dì	arriving in overwhelming quantities	idiom
wl_07001	寸步不离	cùn bù bù lí	staying close to someone without leaving their side	idiom
wl_07002	诡计多端	guǐ jì duō duān	being deceitful in many ways	idiom
wl_07003	苟延残喘	gǒu yán cán chuǎn	barely surviving or prolonging a failing situation	idiom
wl_07004	令人发指	lìng rén fà zhǐ	behavior that arouses extreme anger	idiom
wl_07005	沉默寡言	chén mò guǎ yán	being habitually silent	idiom
wl_07006	评头论足	píng tóu lùn zú	making judgmental or nitpicking comments about others	idiom
wl_07007	息息相关	xī xī xiāng guān	things being very closely connected	idiom
wl_07008	捷足先登	jié zú xiān dēng	gaining an advantage by acting before others	idiom
wl_07009	死去活来	sǐ qù huó lái	suffering or feeling something with extreme intensity	idiom
wl_07010	自讨苦吃	zì tǎo kǔ chī	asking for trouble	idiom
wl_07011	自食其力	zì shí qí lì	supporting oneself through one’s own work	idiom
wl_07012	不堪一击	bù kān yī jī	being unable to withstand a single blow	idiom
wl_07013	不屑一顾	bù xiè yī gù	regarding something as unworthy of even a glance	idiom
wl_07014	多此一举	duō cǐ yī jǔ	taking an unnecessary extra action	idiom
wl_07015	绰绰有余	chuò chuò yǒu yú	having more than enough of something	idiom
wl_07016	高枕无忧	gāo zhěn wú yōu	feeling secure and free from worry	idiom
wl_07017	青梅竹马	qīng méi zhú mǎ	childhood intimacy between future sweethearts	idiom
wl_07018	举足轻重	jǔ zú qīng zhòng	playing a critical role	idiom
wl_07019	打得火热	dǎ de huǒ rè	being on very good terms with each other	idiom
wl_07020	自知之明	zì zhī zhī míng	self-knowledge	idiom
wl_07021	停滞不前	tíng zhì bù qián	being stuck and not moving forward	idiom
wl_07022	天长地久	tiān cháng dì jiǔ	lasting for a very long time or forever	idiom
wl_07023	平淡无奇	píng dàn wú qí	being ordinary and mediocre	idiom
wl_07024	牢不可破	láo bù kě pò	being unbreakable	idiom
wl_07025	锦上添花	jǐn shàng tiān huā	adding an extra benefit to something already good	idiom
wl_07026	众目睽睽	zhòng mù kuí kuí	being watched openly by many people	idiom
wl_07027	忍气吞声	rěn qì tūn shēng	enduring humiliation without protesting	idiom
wl_07028	掩人耳目	yǎn rén ěr mù	using a cover or deception to hide what is really happening	idiom
wl_07029	迎刃而解	yíng rèn ér jiě	a problem being easily resolved once the key is found	idiom
wl_07030	守株待兔	shǒu zhū dài tù	waiting passively for luck instead of making an effort	idiom
wl_07031	心狠手辣	xīn hěn shǒu là	being vicious	idiom
wl_07032	游刃有余	yóu rèn yǒu yú	handling a task skillfully and with ease	idiom
wl_07033	轻描淡写	qīng miáo dàn xiě	treating an important matter briefly or as less serious than it is	idiom
wl_07034	粉身碎骨	fěn shēn suì gǔ	sacrificing one's life or suffering utter destruction	idiom
wl_07035	背信弃义	bèi xìn qì yì	breaking promises and betraying trust	idiom
wl_07036	胸有成竹	xiōng yǒu chéng zhú	having a clear, well-prepared plan and confidence in success	idiom
wl_07037	势均力敌	shì jūn lì dí	being evenly matched	idiom
wl_07038	本来面目	běn lái miàn mù	the original appearance or the true nature of something	idiom
wl_07039	目瞪口呆	mù dèng kǒu dāi	being dumbstruck	idiom
wl_07040	一了百了	yī liǎo bǎi liǎo	resolving one key matter so that related matters are settled too	idiom
wl_07041	无穷无尽	wú qióng wú jìn	being endless	idiom
wl_07042	淋漓尽致	lín lí jìn zhì	expressing or portraying something vividly and thoroughly	idiom
wl_07043	费尽心机	fèi jìn xīn jī	racking one's brains for schemes	idiom
wl_07044	不同凡响	bù tóng fán xiǎng	being brilliant	idiom
wl_07045	代代相传	dài dài xiāng chuán	being passed on from generation to generation	idiom
wl_07046	无依无靠	wú yī wú kào	having nothing to rely on	idiom
wl_07047	无声无息	wú shēng wú xī	happening silently and without drawing attention	idiom
wl_07048	杀身之祸	shā shēn zhī huò	a danger or disaster that could cost someone their life	idiom
wl_07049	亡羊补牢	wáng yáng bǔ láo	correcting a problem after a loss to prevent further harm	idiom
wl_07050	如影随形	rú yǐng suí xíng	following someone closely or being inseparably linked	idiom
wl_07051	跃跃欲试	yuè yuè yù shì	being eager to give something a try	idiom
wl_07052	一生一世	yī shēng yī shì	a whole lifetime	idiom
wl_07053	顺手牵羊	shùn shǒu qiān yáng	opportunistically stealing something within easy reach	idiom
wl_07054	掉以轻心	diào yǐ qīng xīn	treating something lightly	idiom
wl_07055	狐朋狗友	hú péng gǒu yǒu	disreputable companions who encourage bad behavior	idiom
wl_07056	目不转睛	mù bù zhuǎn jīng	staring fixedly at something	idiom
wl_07057	翻云覆雨	fān yún fù yǔ	acting unpredictably or manipulating events through tricks	idiom
wl_07058	长命百岁	cháng mìng bǎi suì	living to be a hundred years old	idiom
wl_07059	信口开河	xìn kǒu kāi hé	talking irresponsibly without regard for the facts	idiom
wl_07060	一针见血	yī zhēn jiàn xiě	identifying the essential point directly and precisely	idiom
wl_07061	不言而喻	bù yán ér yù	something being obvious without explanation	idiom
wl_07062	尘埃落定	chén āi luò dìng	a situation being settled with the outcome clear	idiom
wl_07063	水到渠成	shuǐ dào qú chéng	success coming naturally once the conditions are ready	idiom
wl_07064	万事大吉	wàn shì dà jí	everything going well	idiom
wl_07065	怒气冲冲	nù qì chōng chōng	being visibly furious	idiom
wl_07066	稀奇古怪	xī qí gǔ guài	something strange or unusual	idiom
wl_07067	胆战心惊	dǎn zhàn xīn jīng	trembling with fear	idiom
wl_07068	驾轻就熟	jià qīng jiù shú	handling a familiar task easily through experience	idiom
wl_07069	差强人意	chā qiáng rén yì	being reasonably satisfactory despite some shortcomings	idiom
wl_07070	志同道合	zhì tóng dào hé	being devoted to a common cause	idiom
wl_07071	手舞足蹈	shǒu wǔ zú dǎo	gesturing or moving excitedly with joy	idiom
wl_07072	玩世不恭	wán shì bù gōng	treating life and others with flippant disrespect	idiom
wl_07073	自吹自擂	zì chuī zì léi	boasting about oneself	idiom
wl_07074	胡作非为	hú zuò fēi wéi	running amok	idiom
wl_07075	鹤立鸡群	hè lì jī qún	standing out from others through appearance or ability	idiom
wl_07076	一贫如洗	yī pín rú xǐ	being penniless	idiom
wl_07077	想入非非	xiǎng rù fēi fēi	indulging in fantasy	idiom
wl_07078	打退堂鼓	dǎ tuì táng gǔ	backing out of a shared undertaking midway	idiom
wl_07079	用武之地	yòng wǔ zhī dì	an opportunity to put one's abilities to use	idiom
wl_07080	真心实意	zhēn xīn shí yì	genuine sincerity	idiom
wl_07081	赞不绝口	zàn bù jué kǒu	praising someone or something continuously	idiom
wl_07082	赶尽杀绝	gǎn jìn shā jué	persecuting or eliminating opponents without leaving any escape	idiom
wl_07083	身临其境	shēn lín qí jìng	experiencing it for oneself	idiom
wl_07084	同流合污	tóng liú hé wū	joining others in wrongdoing	idiom
wl_07085	得心应手	dé xīn yìng shǒu	performing a task smoothly and skillfully	idiom
wl_07086	老生常谈	lǎo shēng cháng tán	familiar remarks with nothing new to offer	idiom
wl_07087	重整旗鼓	chóng zhěng qí gǔ	regrouping after failure to make another attempt	idiom
wl_07088	随遇而安	suí yù ér ān	adapting calmly to whatever circumstances arise	idiom
wl_07089	连锁反应	lián suǒ fǎn yìng	a chain of changes triggered by an initial event	idiom
wl_07090	稳操胜券	wěn cāo shèng quàn	being fully confident of victory or success	idiom
wl_07091	物归原主	wù guī yuán zhǔ	returning something to its rightful owner	idiom
wl_07092	大难临头	dà nàn lín tóu	facing an imminent disaster	idiom
wl_07093	阿谀奉承	ē yú fèng chéng	flattering and fawning	idiom
wl_07094	尽善尽美	jìn shàn jìn měi	being perfect	idiom
wl_07095	爱莫能助	ài mò néng zhù	being unable to help however much one would like to	idiom
wl_07096	相亲相爱	xiāng qīn xiāng ài	being very close to each other	idiom
wl_07097	乌烟瘴气	wū yān zhàng qì	a disorderly, unhealthy, or corrupt atmosphere	idiom
wl_07098	大街小巷	dà jiē xiǎo xiàng	streets and alleys throughout a town	idiom
wl_07099	风平浪静	fēng píng làng jìng	calm and uneventful conditions	idiom
wl_07100	冠冕堂皇	guān miǎn táng huáng	a respectable-sounding justification that conceals ulterior motives	idiom
wl_07101	千辛万苦	qiān xīn wàn kǔ	suffering untold hardships	idiom
wl_07102	历历在目	lì lì zài mù	being vivid in one's mind	idiom
wl_07103	只字不提	zhī zì bù tí	deliberately not mentioning something at all	idiom
wl_07104	司空见惯	sī kōng jiàn guàn	something so common that it is no longer surprising	idiom
wl_07105	惊天动地	jīng tiān dòng dì	an event of overwhelming force or immense significance	idiom
wl_07106	接二连三	jiē èr lián sān	events coming one after another	idiom
wl_07107	束手就擒	shù shǒu jiù qín	surrendering or allowing capture without resistance	idiom
wl_07108	空空如也	kōng kōng rú yě	being completely empty or having nothing left	idiom
wl_07109	欢欣鼓舞	huān xīn gǔ wǔ	being elated and excited	idiom
wl_07110	力不从心	lì bù cóng xīn	lacking the ability to do what one would wish	idiom
wl_07111	神出鬼没	shén chū guǐ mò	appearing and disappearing unpredictably	idiom
wl_07112	罪大恶极	zuì dà è jí	being guilty of terrible crimes	idiom
wl_07113	害群之马	hài qún zhī mǎ	a person whose behavior harms the whole group	idiom
wl_07114	斩草除根	zhǎn cǎo chú gēn	removing the root cause of trouble completely	idiom
wl_07115	半死不活	bàn sǐ bù huó	being half-dead	idiom
wl_07116	如履薄冰	rú lǚ bó bīng	acting with extreme caution in a risky situation	idiom
wl_07117	庞然大物	páng rán dà wù	something enormous and imposing	idiom
wl_07118	昂首阔步	áng shǒu kuò bù	striding forward with head high	idiom
wl_07119	条条框框	tiáo tiáo kuàng kuàng	rigid rules and conventions that restrict action	idiom
wl_07120	耸人听闻	sǒng rén tīng wén	sensationalizing	idiom
wl_07121	钻牛角尖	zuān niú jiǎo jiān	obsessively pursuing a minor detail or an unhelpful line of thought	idiom
wl_07122	乐于助人	lè yú zhù rén	being willing to help others	idiom
wl_07123	天花乱坠	tiān huā luàn zhuì	extravagant embellishments	idiom
wl_07124	良师益友	liáng shī yì yǒu	a teacher or friend who provides valuable guidance and help	idiom
wl_07125	过眼云烟	guò yǎn yún yān	something fleeting that soon disappears or loses importance	idiom
wl_07126	风吹草动	fēng chuī cǎo dòng	a slight change or the smallest sign of activity	idiom
wl_07127	安分守己	ān fèn shǒu jǐ	behaving properly and keeping within accepted limits	idiom
wl_07128	永无止境	yǒng wú zhǐ jìng	something continuing without end	idiom
wl_07129	刨根问底	páo gēn wèn dǐ	persistently investigating a matter to its roots	idiom
wl_07130	原封不动	yuán fēng bù dòng	something remaining exactly as it was	idiom
wl_07131	听之任之	tīng zhī rèn zhī	taking a laissez-faire attitude	idiom
wl_07132	一落千丈	yī luò qiān zhàng	a sudden and severe decline	idiom
wl_07133	义无反顾	yì wú fǎn gù	acting resolutely for a just cause without hesitation	idiom
wl_07134	人间地狱	rén jiān dì yù	a place or situation of extreme cruelty and suffering	idiom
wl_07135	功成名就	gōng chéng míng jiù	winning success and recognition	idiom
wl_07136	千篇一律	qiān piān yī lǜ	being mechanically repetitive and lacking variety	idiom
wl_07137	品头论足	pǐn tóu lùn zú	making picky or disparaging comments about others	idiom
wl_07138	急转直下	jí zhuǎn zhí xià	taking a sudden, sharp turn for the worse	idiom
wl_07139	按兵不动	àn bīng bù dòng	holding back and waiting before taking action	idiom
wl_07140	卿卿我我	qīng qīng wǒ wǒ	lovers behaving very affectionately toward each other	idiom
wl_07141	变本加厉	biàn běn jiā lì	a bad situation or behavior becoming still worse	idiom
wl_07142	恰如其分	qià rú qí fèn	being appropriate	idiom
wl_07143	数不胜数	shǔ bù shèng shǔ	a number being too large to count	idiom
wl_07144	木已成舟	mù yǐ chéng zhōu	something being already decided and impossible to undo	idiom
wl_07145	网开一面	wǎng kāi yī miàn	showing leniency and allowing a way out	idiom
wl_07146	心心相印	xīn xīn xiāng yìn	having a deep mutual understanding	idiom
wl_07147	倾盆大雨	qīng pén dà yǔ	a downpour	idiom
wl_07148	时来运转	shí lái yùn zhuǎn	one's fortune changing for the better	idiom
wl_07149	平易近人	píng yì jìn rén	being amiable and approachable	idiom
wl_07150	一鸣惊人	yī míng jīng rén	suddenly achieving striking success after previously being unnoticed	idiom
wl_07151	丧心病狂	sàng xīn bìng kuáng	utterly cruel and devoid of conscience	idiom
wl_07152	同病相怜	tóng bìng xiāng lián	mutual sympathy between people with similar troubles	idiom
wl_07153	一钱不值	yī qián bù zhí	something having no value at all	idiom
wl_07154	冒名顶替	mào míng dǐng tì	impersonating another person to take their place	idiom
wl_07155	崭露头角	zhǎn lù tóu jiǎo	revealing outstanding talent	idiom
wl_07156	错综复杂	cuò zōng fù zá	being tangled and complicated	idiom
wl_07157	一尘不染	yī chén bù rǎn	being entirely free from dirt or corrupting influences	idiom
wl_07158	化为乌有	huà wéi wū yǒu	going up in smoke	idiom
wl_07159	无关痛痒	wú guān tòng yǎng	being irrelevant or of little consequence	idiom
wl_07160	痴心妄想	chī xīn wàng xiǎng	being carried away by one's wishful thinking	idiom
wl_07161	目中无人	mù zhōng wú rén	considering everyone else beneath one	idiom
wl_07162	千千万万	qiān qiān wàn wàn	being innumerable	idiom
wl_07163	天壤之别	tiān rǎng zhī bié	a vast difference between two things	idiom
wl_07164	如坐针毡	rú zuò zhēn zhān	being in an uncomfortable situation	idiom
wl_07165	居高临下	jū gāo lín xià	occupying a commanding position	idiom
wl_07166	所见所闻	suǒ jiàn suǒ wén	what one hears and sees	idiom
wl_07167	招摇过市	zhāo yáo guò shì	parading oneself ostentatiously about town	idiom
wl_07168	数一数二	shǔ yī shǔ èr	being reckoned to be best or second best	idiom
wl_07169	熟能生巧	shú néng shēng qiǎo	skill improving through repeated practice	idiom
wl_07170	神清气爽	shén qīng qì shuǎng	being full of vitality	idiom
wl_07171	雄心勃勃	xióng xīn bó bó	being full of ambition and determination	idiom
wl_07172	咬紧牙关	yǎo jǐn yá guān	enduring pain or hardship with determination	idiom
wl_07173	标新立异	biāo xīn lì yì	making a show of being original or unconventional	idiom
wl_07174	怒不可遏	nù bù kě è	being unable to restrain one's anger	idiom
wl_07175	入乡随俗	rù xiāng suí sú	adapting to the customs of a place one visits	idiom
wl_07176	危机四伏	wēi jī sì fú	danger or threats on every side	idiom
wl_07177	惊心动魄	jīng xīn dòng pò	a frightening or intensely dramatic experience	idiom
wl_07178	扭转乾坤	niǔ zhuǎn qián kūn	changing an entire situation fundamentally	idiom
wl_07179	杀人不眨眼	shā rén bù zhǎ yǎn	killing ruthlessly without hesitation or remorse	idiom
wl_07180	来之不易	lái zhī bù yì	being hard to come by	idiom
wl_07181	荒无人烟	huāng wú rén yān	being desolate and uninhabited	idiom
wl_07182	两肋插刀	liǎng lèi chā dāo	being willing to make great sacrifices for a friend	idiom
wl_07183	体无完肤	tǐ wú wán fū	being severely criticized or completely refuted	idiom
wl_07184	刻骨铭心	kè gǔ míng xīn	being etched in one's memory	idiom
wl_07185	呼风唤雨	hū fēng huàn yǔ	wielding great power or influence over events	idiom
wl_07186	小巫见大巫	xiǎo wū jiàn dà wū	looking insignificant beside something much greater	idiom
wl_07187	度日如年	dù rì rú nián	time passing so slowly that one day feels like a year	idiom
wl_07188	形单影只	xíng dān yǐng zhī	being alone and lonely without companions	idiom
wl_07189	有始有终	yǒu shǐ yǒu zhōng	carrying something through from beginning to end	idiom
wl_07190	漏洞百出	lòu dòng bǎi chū	being full of flaws	idiom
wl_07191	精神焕发	jīng shén huàn fā	being lively and full of energy	idiom
wl_07192	夜以继日	yè yǐ jì rì	continuous activity through day and night	idiom
wl_07193	谈情说爱	tán qíng shuō ài	engaging in romantic talk or pursuing a romantic relationship	idiom
wl_07194	一举成名	yī jǔ chéng míng	becoming famous through one notable success	idiom
wl_07195	千言万语	qiān yán wàn yǔ	thousands of words	idiom
wl_07196	有备无患	yǒu bèi wú huàn	avoiding trouble through preparation	idiom
wl_07197	纨绔子弟	wán kù zǐ dì	a privileged young person who idles away in luxury	idiom
wl_07198	不劳而获	bù láo ér huò	reaping without sowing	idiom
wl_07199	亡命之徒	wáng mìng zhī tú	a reckless lawbreaker with little concern for life	idiom
wl_07200	力挽狂澜	lì wǎn kuáng lán	saving a dangerous situation through determined effort	idiom
wl_07201	权宜之计	quán yí zhī jì	a temporary measure chosen for convenience	idiom
wl_07202	背井离乡	bèi jǐng lí xiāng	leaving one's native place, esp. against one's will	idiom
wl_07203	面面俱到	miàn miàn jù dào	covering all aspects of a matter without omissions	idiom
wl_07204	一门心思	yī mén xīn si	setting one's heart on something	idiom
wl_07205	助人为乐	zhù rén wéi lè	finding joy in helping others	idiom
wl_07206	自寻烦恼	zì xún fán nǎo	bringing trouble on oneself	idiom
wl_07207	议论纷纷	yì lùn fēn fēn	many people expressing varied opinions	idiom
wl_07208	饥肠辘辘	jī cháng lù lù	being extremely hungry	idiom
wl_07209	一线生机	yī xiàn shēng jī	a chance of survival	idiom
wl_07210	今非昔比	jīn fēi xī bǐ	present conditions being very different from the past	idiom
wl_07211	出谋划策	chū móu huà cè	putting forward plans and ideas	idiom
wl_07212	前无古人	qián wú gǔ rén	being unprecedented	idiom
wl_07213	功亏一篑	gōng kuī yī kuì	failing at the final stage after nearly completing the task	idiom
wl_07214	化险为夷	huà xiǎn wéi yí	turning a dangerous situation into a safe one	idiom
wl_07215	可想而知	kě xiǎng ér zhī	something being obvious without further explanation	idiom
wl_07216	同舟共济	tóng zhōu gòng jì	cooperating to overcome a shared difficulty	idiom
wl_07217	左膀右臂	zuǒ bǎng yòu bì	a trusted and capable assistant	idiom
wl_07218	引以为荣	yǐn yǐ wéi róng	regarding it as an honor	idiom
wl_07219	渐入佳境	jiàn rù jiā jìng	gradually reaching a better state or becoming more engaging	idiom
wl_07220	生机勃勃	shēng jī bó bó	being vibrant	idiom
wl_07221	逍遥自在	xiāo yáo zì zai	being free and at leisure	idiom
wl_07222	锒铛入狱	láng dāng rù yù	being put behind bars	idiom
wl_07223	先入为主	xiān rù wéi zhǔ	early impressions dominating later judgment	idiom
wl_07224	空头支票	kōng tóu zhī piào	an empty promise that will not be fulfilled	idiom
wl_07225	心慈手软	xīn cí shǒu ruǎn	being softhearted	idiom
wl_07226	满不在乎	mǎn bù zài hu	being entirely unconcerned	idiom
wl_07227	大显身手	dà xiǎn shēn shǒu	fully displaying one's abilities	idiom
wl_07228	惨无人道	cǎn wú rén dào	being inhuman	idiom
wl_07229	朝思暮想	zhāo sī mù xiǎng	yearning for something day and night	idiom
wl_07230	熟视无睹	shú shì wú dǔ	ignoring a problem despite frequently seeing it	idiom
wl_07231	黑白分明	hēi bái fēn míng	a clear and sharp contrast	idiom
wl_07232	无所作为	wú suǒ zuò wéi	attempting nothing and accomplishing nothing	idiom
wl_07233	来者不拒	lái zhě bù jù	refusing nobody	idiom
wl_07234	直言不讳	zhí yán bù huì	speaking bluntly	idiom
wl_07235	能说会道	néng shuō huì dào	being fluent and persuasive in speech	idiom
wl_07236	自圆其说	zì yuán qí shuō	making a story or theory consistent	idiom
wl_07237	见怪不怪	jiàn guài bù guài	not being alarmed or surprised by something unusual	idiom
wl_07238	不毛之地	bù máo zhī dì	barren land where plants do not grow	idiom
wl_07239	两全其美	liǎng quán qí měi	achieving a result that benefits both sides or satisfies both needs	idiom
wl_07240	事无巨细	shì wú jù xì	all matters, whether large or small	idiom
wl_07241	作茧自缚	zuò jiǎn zì fù	trapping oneself through one's own actions	idiom
wl_07242	充耳不闻	chōng ěr bù wén	deliberately refusing to listen to others	idiom
wl_07243	别有用心	bié yǒu yòng xīn	having an ulterior motive	idiom
wl_07244	勾心斗角	gōu xīn dòu jiǎo	scheming and competing against others for advantage	idiom
wl_07245	堆积如山	duī jī rú shān	piling up like a mountain	idiom
wl_07246	墨守成规	mò shǒu chéng guī	being hidebound by convention	idiom
wl_07247	开足马力	kāi zú mǎ lì	working at full capacity or with maximum effort	idiom
wl_07248	慷慨解囊	kāng kǎi jiě náng	generously providing financial help	idiom
wl_07249	无人问津	wú rén wèn jīn	attracting no interest or attention	idiom
wl_07250	无微不至	wú wēi bù zhì	giving meticulous care in every detail	idiom
wl_07251	既往不咎	jì wǎng bù jiù	letting go of blame for past mistakes	idiom
wl_07252	欢呼雀跃	huān hū què yuè	cheering excitedly	idiom
wl_07253	泪流满面	lèi liú mǎn miàn	tears streaming down one's face	idiom
wl_07254	浑浑噩噩	hún hún è è	being muddleheaded and lacking awareness or purpose	idiom
wl_07255	满城风雨	mǎn chéng fēng yǔ	an incident becoming the subject of widespread discussion	idiom
wl_07256	生老病死	shēng lǎo bìng sǐ	the unavoidable stages of birth, aging, illness, and death	idiom
wl_07257	瞬息万变	shùn xī wàn biàn	changing rapidly and repeatedly within a short time	idiom
wl_07258	颐指气使	yí zhǐ qì shǐ	being arrogant and bossy	idiom
wl_07259	时过境迁	shí guò jìng qiān	circumstances changing as time passes	idiom
wl_07260	公诸于世	gōng zhū yú shì	making something publicly known	idiom
wl_07261	不管不顾	bù guǎn bù gù	acting without regard for consequences or circumstances	idiom
wl_07262	反败为胜	fǎn bài wéi shèng	turning defeat into victory	idiom
wl_07263	大张旗鼓	dà zhāng qí gǔ	actions taken openly with great fanfare	idiom
wl_07264	忐忑不安	tǎn tè bù ān	being anxious	idiom
wl_07265	略知一二	lüè zhī yī èr	knowing just a little	idiom
wl_07266	乐此不疲	lè cǐ bù pí	never tiring of an activity one enjoys	idiom
wl_07267	奇耻大辱	qí chǐ dà rǔ	a great humiliation	idiom
wl_07268	惨绝人寰	cǎn jué rén huán	being extremely tragic	idiom
wl_07269	旗鼓相当	qí gǔ xiāng dāng	two sides being evenly matched	idiom
wl_07270	杂乱无章	zá luàn wú zhāng	being disordered and in a mess	idiom
wl_07271	点石成金	diǎn shí chéng jīn	making dull or ordinary writing excellent through skillful revision	idiom
wl_07272	足不出户	zú bù chū hù	staying at home without going out	idiom
wl_07273	随波逐流	suí bō zhú liú	following others without independent judgment	idiom
wl_07274	万事如意	wàn shì rú yì	everything going as one wishes	idiom
wl_07275	专心致志	zhuān xīn zhì zhì	focusing all one's attention on a single task	idiom
wl_07276	东奔西跑	dōng bēn xī pǎo	running this way and that	idiom
wl_07277	义不容辞	yì bù róng cí	being duty-bound to act and unable to shirk the responsibility	idiom
wl_07278	人来人往	rén lái rén wǎng	people coming and going	idiom
wl_07279	付之一炬	fù zhī yī jù	being completely destroyed by fire	idiom
wl_07280	任人宰割	rèn rén zǎi gē	being powerless to resist other people's oppression	idiom
wl_07281	名不虚传	míng bù xū chuán	living up to one's famous name	idiom
wl_07282	吞吞吐吐	tūn tūn tǔ tǔ	speaking hesitantly or evasively	idiom
wl_07283	并驾齐驱	bìng jià qí qū	keeping pace with someone of equal ability	idiom
wl_07284	弱肉强食	ruò ròu qiáng shí	the strong exploiting or overpowering the weak	idiom
wl_07285	有机可乘	yǒu jī kě chéng	having an opportunity that one can exploit	idiom
wl_07286	热泪盈眶	rè lèi yíng kuàng	having one's eyes fill with tears from strong emotion	idiom
wl_07287	爱不释手	ài bù shì shǒu	liking something so much that one is reluctant to put it down	idiom
wl_07288	置若罔闻	zhì ruò wǎng wén	deliberately ignoring what others say	idiom
wl_07289	行之有效	xíng zhī yǒu xiào	being effective	idiom
wl_07290	天生丽质	tiān shēng lì zhì	being naturally beautiful	idiom
wl_07291	全军覆没	quán jūn fù mò	a complete defeat or the loss of everything committed	idiom
wl_07292	独树一帜	dú shù yī zhì	creating an original style or approach	idiom
wl_07293	一望无际	yī wàng wú jì	a view extending as far as the eye can see	idiom
wl_07294	剑拔弩张	jiàn bá nǔ zhāng	a tense confrontation close to erupting	idiom
wl_07295	怨天尤人	yuàn tiān yóu rén	blaming fate and other people for one's difficulties	idiom
wl_07296	情同手足	qíng tóng shǒu zú	being as close to each other as siblings	idiom
wl_07297	捕风捉影	bǔ fēng zhuō yǐng	claims or accusations made without factual evidence	idiom
wl_07298	无恶不作	wú è bù zuò	being willing to commit any kind of wrongdoing	idiom
wl_07299	两败俱伤	liǎng bài jù shāng	both sides being harmed by a conflict	idiom
wl_07300	固若金汤	gù ruò jīn tāng	being well fortified	idiom
wl_07301	始终如一	shǐ zhōng rú yī	remaining consistent from beginning to end	idiom
wl_07302	成群结队	chéng qún jié duì	people or animals gathering in groups	idiom
wl_07303	污言秽语	wū yán huì yǔ	filthy speech	idiom
wl_07304	活灵活现	huó líng huó xiàn	a portrayal that seems vividly lifelike	idiom
wl_07305	百发百中	bǎi fā bǎi zhòng	hitting the target or succeeding every time	idiom
wl_07306	聪明伶俐	cōng ming líng lì	being bright	idiom
wl_07307	装疯卖傻	zhuāng fēng mài shǎ	playing the fool	idiom
wl_07308	人心惶惶	rén xīn huáng huáng	widespread anxiety among people	idiom
wl_07309	仁至义尽	rén zhì yì jìn	having offered all the kindness and help one reasonably can	idiom
wl_07310	坐享其成	zuò xiǎng qí chéng	reaping where one has not sown	idiom
wl_07311	处心积虑	chǔ xīn jī lǜ	plotting something for a long time	idiom
wl_07312	捧腹大笑	pěng fù dà xiào	laughing uncontrollably	idiom
wl_07313	称心如意	chèn xīn rú yì	something perfectly matching one's wishes	idiom
wl_07314	言不由衷	yán bù yóu zhōng	saying something one does not sincerely mean	idiom
wl_07315	重见天日	chóng jiàn tiān rì	escaping oppression or concealment and returning to the light	idiom
wl_07316	震耳欲聋	zhèn ěr yù lóng	an almost deafening noise	idiom
wl_07317	人命关天	rén mìng guān tiān	a matter of life and death that must be treated with utmost seriousness	idiom
wl_07318	年轻力壮	nián qīng lì zhuàng	being young and vigorous	idiom
wl_07319	偷工减料	tōu gōng jiǎn liào	cutting corners in labor or materials at the expense of quality	idiom
wl_07320	实至名归	shí zhì míng guī	a reputation being deserved by real achievement	idiom
wl_07321	诚心诚意	chéng xīn chéng yì	wholehearted sincerity and good intentions	idiom
wl_07322	逆来顺受	nì lái shùn shòu	resigning oneself to adversity	idiom
wl_07323	一往无前	yī wǎng wú qián	advancing courageously	idiom
wl_07324	以身作则	yǐ shēn zuò zé	setting an example	idiom
wl_07325	冷眼旁观	lěng yǎn páng guān	observing with an indifferent attitude	idiom
wl_07326	危言耸听	wēi yán sǒng tīng	exaggerated alarming claims intended to frighten others	idiom
wl_07327	徒劳无功	tú láo wú gōng	working to no avail	idiom
wl_07328	放荡不羁	fàng dàng bù jī	being wanton and unrestrained	idiom
wl_07329	江郎才尽	jiāng láng cái jìn	having exhausted one's creative talent	idiom
wl_07330	灭顶之灾	miè dǐng zhī zāi	a devastating disaster	idiom
wl_07331	生气勃勃	shēng qì bó bó	being vibrant	idiom
wl_07332	神通广大	shén tōng guǎng dà	having extraordinary abilities or remarkable resourcefulness	idiom
wl_07333	纸上谈兵	zhǐ shàng tán bīng	empty theorizing without practical knowledge	idiom
wl_07334	表里如一	biǎo lǐ rú yī	consistency between outward behavior and inner thoughts	idiom
wl_07335	遍体鳞伤	biàn tǐ lín shāng	being covered all over with cuts and bruises	idiom
wl_07336	风云人物	fēng yún rén wù	a prominent person with major influence at a particular time	idiom
wl_07337	冲锋陷阵	chōng fēng xiàn zhèn	taking the lead in a difficult or dangerous task	idiom
wl_07338	前车之鉴	qián chē zhī jiàn	a lesson or warning drawn from an earlier failure	idiom
wl_07339	声嘶力竭	shēng sī lì jié	shouting oneself hoarse	idiom
wl_07340	天马行空	tiān mǎ xíng kōng	bold, imaginative, and unconstrained thinking or expression	idiom
wl_07341	异口同声	yì kǒu tóng shēng	several people saying the same thing in unison	idiom
wl_07342	挑拨离间	tiǎo bō lí jiàn	sowing dissension	idiom
wl_07343	添油加醋	tiān yóu jiā cù	adding invented details to exaggerate an account	idiom
wl_07344	素不相识	sù bù xiāng shí	being total strangers	idiom
wl_07345	难言之隐	nán yán zhī yǐn	a hidden trouble hard to mention	idiom
wl_07346	鲜为人知	xiǎn wéi rén zhī	something known to very few people	idiom
wl_07347	合而为一	hé ér wéi yī	merging together	idiom
wl_07348	再接再厉	zài jiē zài lì	continuing to work hard after each achievement	idiom
wl_07349	破口大骂	pò kǒu dà mà	letting out a torrent of abuse	idiom
wl_07350	呕心沥血	ǒu xīn lì xuè	devoting immense thought and effort to a task	idiom
wl_07351	喜出望外	xǐ chū wàng wài	being pleased beyond one's expectations	idiom
wl_07352	恼羞成怒	nǎo xiū chéng nù	becoming enraged over a perceived humiliation	idiom
wl_07353	流芳百世	liú fāng bǎi shì	a good reputation remembered for many generations	idiom
wl_07354	举世闻名	jǔ shì wén míng	being world-famous	idiom
wl_07355	争分夺秒	zhēng fēn duó miǎo	making every second count	idiom
wl_07356	五体投地	wǔ tǐ tóu dì	feeling profound admiration for someone's ability	idiom
wl_07357	冲昏头脑	chōng hūn tóu nǎo	losing rational judgment through excitement or pride	idiom
wl_07358	唯利是图	wéi lì shì tú	being bent solely on profit	idiom
wl_07359	头晕目眩	tóu yūn mù xuàn	having a dizzy spell	idiom
wl_07360	如痴如醉	rú chī rú zuì	being enthralled	idiom
wl_07361	意气风发	yì qì fēng fā	being high-spirited	idiom
wl_07362	断章取义	duàn zhāng qǔ yì	quoting out of context	idiom
wl_07363	温文尔雅	wēn wén ěr yǎ	being cultured and refined	idiom
wl_07364	纹丝不动	wén sī bù dòng	remaining completely still or unchanged	idiom
wl_07365	胡搅蛮缠	hú jiǎo mán chán	pestering endlessly	idiom
wl_07366	轻重缓急	qīng zhòng huǎn jí	the relative importance and urgency of different matters	idiom
wl_07367	不以为然	bù yǐ wéi rán	disagreeing with a view or refusing to accept it as correct	idiom
wl_07368	不动声色	bù dòng shēng sè	remaining calm without revealing one's feelings	idiom
wl_07369	东张西望	dōng zhāng xī wàng	looking in all directions	idiom
wl_07370	丰功伟绩	fēng gōng wěi jì	great achievements and contributions	idiom
wl_07371	争先恐后	zhēng xiān kǒng hòu	competing to be first	idiom
wl_07372	双管齐下	shuāng guǎn qí xià	using two approaches or tackling two aspects at the same time	idiom
wl_07373	发人深省	fā rén shēn xǐng	providing food for thought	idiom
wl_07374	善始善终	shàn shǐ shàn zhōng	beginning well and carrying the task through to a good finish	idiom
wl_07375	埋头苦干	mái tóu kǔ gàn	burying oneself in work	idiom
wl_07376	大动干戈	dà dòng gān gē	making a major fuss or taking excessive action over something	idiom
wl_07377	天文数字	tiān wén shù zì	an extremely large number or amount	idiom
wl_07378	实事求是	shí shì qiú shì	being practical and realistic	idiom
wl_07379	层出不穷	céng chū bù qióng	new things appearing one after another without end	idiom
wl_07380	峰回路转	fēng huí lù zhuǎn	an unexpected favorable turn in a difficult situation	idiom
wl_07381	张牙舞爪	zhāng yá wǔ zhǎo	behaving fiercely and threateningly	idiom
wl_07382	心力交瘁	xīn lì jiāo cuì	being both mentally and physically exhausted	idiom
wl_07383	有目共睹	yǒu mù gòng dǔ	something clearly visible and obvious to everyone	idiom
wl_07384	死有余辜	sǐ yǒu yú gū	being so evil that even death would be insufficient punishment	idiom
wl_07385	狼狈为奸	láng bèi wéi jiān	colluding with others to commit wrongdoing	idiom
wl_07386	翻箱倒柜	fān xiāng dǎo guì	searching through everything thoroughly and often messily	idiom
wl_07387	耀武扬威	yào wǔ yáng wēi	showing off power or status to intimidate or impress others	idiom
wl_07388	蓬荜生辉	péng bì shēng huī	a visitor bringing honor and joy to one's home	idiom
wl_07389	如饥似渴	rú jī sì kě	hungering for something	idiom
wl_07390	载歌载舞	zài gē zài wǔ	singing and dancing	idiom
wl_07391	情投意合	qíng tóu yì hé	having an affinity with each other	idiom
wl_07392	血气方刚	xuè qì fāng gāng	being young, vigorous, and prone to strong impulses	idiom
wl_07393	齐头并进	qí tóu bìng jìn	going forward together	idiom
wl_07394	乘虚而入	chéng xū ér rù	entering by exploiting a weak spot	idiom
wl_07395	以泪洗面	yǐ lèi xǐ miàn	bathing one's face in tears	idiom
wl_07396	开天辟地	kāi tiān pì dì	something groundbreaking and unprecedented	idiom
wl_07397	急不可待	jí bù kě dài	being impatient	idiom
wl_07398	意气用事	yì qì yòng shì	letting emotions affect one's decisions	idiom
wl_07399	言外之意	yán wài zhī yì	an implied meaning beyond the words actually spoken	idiom
wl_07400	不偏不倚	bù piān bù yǐ	being even-handed	idiom
wl_07401	不近人情	bù jìn rén qíng	being unreasonable or showing little consideration for human needs	idiom
wl_07402	作威作福	zuò wēi zuò fú	abusing one's position and power	idiom
wl_07403	同甘共苦	tóng gān gòng kǔ	sharing both happiness and hardship	idiom
wl_07404	名垂青史	míng chuí qīng shǐ	a reputation or achievement remembered for generations	idiom
wl_07405	循序渐进	xún xù jiàn jìn	making steady progress in the proper order	idiom
wl_07406	昏昏沉沉	hūn hūn chén chén	feeling mentally foggy, drowsy, or dazed	idiom
wl_07407	流离失所	liú lí shī suǒ	being destitute and homeless	idiom
wl_07408	灵机一动	líng jī yī dòng	suddenly thinking of a clever idea	idiom
wl_07409	腰缠万贯	yāo chán wàn guàn	being very wealthy	idiom
wl_07410	一举两得	yī jǔ liǎng dé	achieving two useful results with one action	idiom
wl_07411	事不关己	shì bù guān jǐ	a matter of no concern to oneself	idiom
wl_07412	二话不说	èr huà bù shuō	acting promptly without further words or objections	idiom
wl_07413	从长计议	cóng cháng jì yì	taking one's time making a decision	idiom
wl_07414	天经地义	tiān jīng dì yì	being right and proper	idiom
wl_07415	开花结果	kāi huā jiē guǒ	an effort developing successfully and producing results	idiom
wl_07416	忘乎所以	wàng hū suǒ yǐ	getting carried away	idiom
wl_07417	欲罢不能	yù bà bù néng	being unable to stop despite wanting to	idiom
wl_07418	洋洋得意	yáng yáng dé yì	being immensely pleased with oneself	idiom
wl_07419	浓妆艳抹	nóng zhuāng yàn mǒ	applying makeup conspicuously	idiom
wl_07420	祸不单行	huò bù dān xíng	several misfortunes happening in succession	idiom
wl_07421	言过其实	yán guò qí shí	exaggerating beyond the actual facts	idiom
wl_07422	万众一心	wàn zhòng yī xīn	many people united in a common purpose	idiom
wl_07423	一览无余	yī lǎn wú yú	being visible in full at a single glance	idiom
wl_07424	不厌其烦	bù yàn qí fán	taking repeated trouble willingly and patiently	idiom
wl_07425	井然有序	jǐng rán yǒu xù	things being neatly arranged and well organized	idiom
wl_07426	光明磊落	guāng míng lěi luò	being open and candid	idiom
wl_07427	出神入化	chū shén rù huà	reaching perfection	idiom
wl_07428	后悔莫及	hòu huǐ mò jí	regret coming too late to change the outcome	idiom
wl_07429	咬牙切齿	yǎo yá qiè chǐ	gnashing one's teeth	idiom
wl_07430	德高望重	dé gāo wàng zhòng	a person of virtue and prestige	idiom
wl_07431	非分之想	fēi fèn zhī xiǎng	a presumptuous desire	idiom
wl_07432	一掷千金	yī zhì qiān jīn	spending a huge amount of money extravagantly	idiom
wl_07433	勃然大怒	bó rán dà nù	flying into a rage	idiom
wl_07434	富丽堂皇	fù lì táng huáng	being splendid, luxurious, and imposing in appearance	idiom
wl_07435	心惊胆战	xīn jīng dǎn zhàn	being scared witless	idiom
wl_07436	恍然大悟	huǎng rán dà wù	suddenly coming to a clear understanding	idiom
wl_07437	捉摸不定	zhuō mō bù dìng	being unpredictable	idiom
wl_07438	掌上明珠	zhǎng shàng míng zhū	a dearly cherished child, especially a daughter	idiom
wl_07439	无边无际	wú biān wú jì	being boundless	idiom
wl_07440	朝夕相处	zhāo xī xiāng chǔ	spending all one's time together	idiom
wl_07441	遗臭万年	yí chòu wàn nián	having one's name go down in history as a byword for infamy	idiom
wl_07442	为非作歹	wéi fēi zuò dǎi	doing evil and committing wrongdoing	idiom
wl_07443	举世无双	jǔ shì wú shuāng	being unrivaled	idiom
wl_07444	乌七八糟	wū qī bā zāo	a state of total disorder	idiom
wl_07445	人山人海	rén shān rén hǎi	a vast crowd of people	idiom
wl_07446	以假乱真	yǐ jiǎ luàn zhēn	passing off the fake as genuine	idiom
wl_07447	伤天害理	shāng tiān hài lǐ	being outrageously cruel or contrary to basic morality	idiom
wl_07448	兴致勃勃	xìng zhì bó bó	being full of keen interest and enthusiasm	idiom
wl_07449	养精蓄锐	yǎng jīng xù ruì	resting and conserving strength for a coming effort	idiom
wl_07450	分秒必争	fēn miǎo bì zhēng	making urgent use of every moment	idiom
wl_07451	初出茅庐	chū chū máo lú	being new to a field and lacking experience	idiom
wl_07452	各奔东西	gè bèn dōng xī	going separate ways	idiom
wl_07453	各得其所	gè dé qí suǒ	everyone or everything being suitably placed or accommodated	idiom
wl_07454	喜怒哀乐	xǐ nù āi lè	the range of human feelings, from joy to grief	idiom
wl_07455	屈指可数	qū zhǐ kě shǔ	being very few	idiom
wl_07456	执迷不悟	zhí mí bù wù	stubbornly clinging to an error and refusing to recognize it	idiom
wl_07457	拖泥带水	tuō ní dài shuǐ	speaking or acting in a messy, indirect, or inefficient way	idiom
wl_07458	指日可待	zhǐ rì kě dài	something desirable being expected to happen soon	idiom
wl_07459	推波助澜	tuī bō zhù lán	encouraging and intensifying a trend, often a harmful one	idiom
wl_07460	敬而远之	jìng ér yuǎn zhī	keeping a polite distance rather than becoming close	idiom
wl_07461	有过之而无不及	yǒu guò zhī ér wú bù jí	matching and even exceeding what is being compared	idiom
wl_07462	泰然自若	tài rán zì ruò	being cool and collected	idiom
wl_07463	美中不足	měi zhōng bù zú	a minor flaw in something otherwise good	idiom
wl_07464	花枝招展	huā zhī zhāo zhǎn	being gorgeously dressed	idiom
wl_07465	见多识广	jiàn duō shí guǎng	being experienced and knowledgeable	idiom
wl_07466	豁然开朗	huò rán kāi lǎng	suddenly gaining a clear understanding	idiom
wl_07467	醍醐灌顶	tí hú guàn dǐng	gaining profound insight from illuminating advice	idiom
wl_07468	急功近利	jí gōng jìn lì	seeking instant benefit	idiom
wl_07469	荷枪实弹	hè qiāng shí dàn	being armed with loaded firearms and ready for action	idiom
wl_07470	有志者事竟成	yǒu zhì zhě shì jìng chéng	determination and perseverance leading to success	idiom
wl_07471	狂风暴雨	kuáng fēng bào yǔ	a violent and dangerous storm	idiom
wl_07472	独立自主	dú lì zì zhǔ	being independent and autonomous	idiom
wl_07473	饥寒交迫	jī hán jiāo pò	being beset by hunger and cold	idiom
wl_07474	凶神恶煞	xiōng shén è shà	someone with a fierce, frightening, or vicious manner	idiom
wl_07475	后顾之忧	hòu gù zhī yōu	worries about responsibilities left behind that hinder action	idiom
wl_07476	奋不顾身	fèn bù gù shēn	dashing on bravely with no thought of personal safety	idiom
wl_07477	妖魔鬼怪	yāo mó guǐ guài	evil or frightening supernatural beings	idiom
wl_07478	心有余悸	xīn yǒu yú jì	having lingering fears	idiom
wl_07479	敷衍了事	fū yǎn liǎo shì	doing things half-heartedly	idiom
wl_07480	昙花一现	tán huā yī xiàn	a beautiful or impressive thing appearing only briefly	idiom
wl_07481	有去无回	yǒu qù wú huí	being gone forever	idiom
wl_07482	画蛇添足	huà shé tiān zú	adding something unnecessary that spoils the result	idiom
wl_07483	骑虎难下	qí hǔ nán xià	being unable to continue comfortably or stop safely	idiom
wl_07484	齐心合力	qí xīn hé lì	working as one	idiom
wl_07485	一丝一毫	yī sī yī háo	even the tiniest amount or detail	idiom
wl_07486	三缄其口	sān jiān qí kǒu	remaining very tight-lipped and refusing to disclose anything	idiom
wl_07487	丰衣足食	fēng yī zú shí	having ample food and clothing	idiom
wl_07488	九霄云外	jiǔ xiāo yún wài	being far out of one's mind or entirely forgotten	idiom
wl_07489	事半功倍	shì bàn gōng bèi	achieving twice the result with half the effort	idiom
wl_07490	付之东流	fù zhī dōng liú	efforts or achievements being lost and coming to nothing	idiom
wl_07491	千丝万缕	qiān sī wàn lǚ	many close and complicated connections	idiom
wl_07492	大放厥词	dà fàng jué cí	making arrogant, irresponsible, or unfounded pronouncements	idiom
wl_07493	大有可为	dà yǒu kě wéi	something having considerable potential and being worth pursuing	idiom
wl_07494	头昏脑胀	tóu hūn nǎo zhàng	feeling dizzy and mentally overwhelmed	idiom
wl_07495	好景不长	hǎo jǐng bù cháng	a pleasant situation not lasting long	idiom
wl_07496	孤苦伶仃	gū kǔ líng dīng	being lonely, helpless, and without anyone to rely on	idiom
wl_07497	密不可分	mì bù kě fēn	being inextricably linked	idiom
wl_07498	弱不禁风	ruò bù jīn fēng	being physically frail or too weak to withstand hardship	idiom
wl_07499	打抱不平	dǎ bào bù píng	aiding someone suffering an injustice	idiom
wl_07500	招摇撞骗	zhāo yáo zhuàng piàn	duping people by passing oneself off as a well-connected individual or a figure of authority	idiom
wl_07501	晴天霹雳	qíng tiān pī lì	a sudden and shocking piece of bad news or misfortune	idiom
wl_07502	残酷无情	cán kù wú qíng	being cruel and unfeeling	idiom
wl_07503	毛遂自荐	máo suì zì jiàn	volunteering oneself for a task or position	idiom
wl_07504	浴血奋战	yù xuè fèn zhàn	fighting bravely amid bloodshed and great sacrifice	idiom
wl_07505	深恶痛绝	shēn wù tòng jué	detesting bitterly	idiom
wl_07506	物是人非	wù shì rén fēi	familiar surroundings remaining while the people have changed	idiom
wl_07507	翻江倒海	fān jiāng dǎo hǎi	violent turbulence, powerful upheaval, or intense churning	idiom
wl_07508	若隐若现	ruò yǐn ruò xiàn	being intermittently or faintly visible	idiom
wl_07509	裹足不前	guǒ zú bù qián	standing still without advancing	idiom
wl_07510	轰动一时	hōng dòng yī shí	causing a sensation	idiom
wl_07511	进退维谷	jìn tuì wéi gǔ	being trapped in a difficult dilemma	idiom
wl_07512	闻风丧胆	wén fēng sàng dǎn	being terrified at the mere mention of a threat	idiom
wl_07513	首屈一指	shǒu qū yī zhǐ	being ranked first or considered the best	idiom
wl_07514	高瞻远瞩	gāo zhān yuǎn zhǔ	having a broad perspective and far-sighted judgment	idiom
wl_07515	魂飞魄散	hún fēi pò sàn	being frightened stiff	idiom
wl_07516	名利双收	míng lì shuāng shōu	gaining both fame and financial rewards	idiom
wl_07517	失而复得	shī ér fù dé	recovering something previously lost	idiom
wl_07518	强词夺理	qiǎng cí duó lǐ	using forced arguments to defend an unreasonable position	idiom
wl_07519	星星之火	xīng xīng zhī huǒ	a small beginning with the potential to grow into a major force	idiom
wl_07520	一马当先	yī mǎ dāng xiān	taking the lead and being the first to act	idiom
wl_07521	众望所归	zhòng wàng suǒ guī	enjoying popular support	idiom
wl_07522	十拿九稳	shí ná jiǔ wěn	being very likely to succeed or almost certain	idiom
wl_07523	奇形怪状	qí xíng guài zhuàng	unusual or odd shapes	idiom
wl_07524	一板一眼	yī bǎn yī yǎn	speaking or acting in an orderly, precise, regular manner	idiom
wl_07525	事不过三	shì bù guò sān	limiting repeated action rather than trying endlessly	idiom
wl_07526	势在必行	shì zài bì xíng	an action being necessary under the circumstances	idiom
wl_07527	后来居上	hòu lái jū shàng	newcomers surpassing those who came before them	idiom
wl_07528	搔首弄姿	sāo shǒu nòng zī	striking a coquettish pose	idiom
wl_07529	无坚不摧	wú jiān bù cuī	being powerful enough to overcome every obstacle	idiom
wl_07530	来历不明	lái lì bù míng	having an unknown origin	idiom
wl_07531	空穴来风	kōng xué lái fēng	an unfounded rumor or unsupported claim	idiom
wl_07532	虎头蛇尾	hǔ tóu shé wěi	starting strongly but ending weakly or failing to follow through	idiom
wl_07533	触目惊心	chù mù jīng xīn	a horrifying sight	idiom
wl_07534	除暴安良	chú bào ān liáng	suppressing violent wrongdoers and protecting innocent people	idiom
wl_07535	一扫而空	yī sǎo ér kōng	clearing something away completely	idiom
wl_07536	三言两语	sān yán liǎng yǔ	expressing something in only a few words	idiom
wl_07537	不修边幅	bù xiū biān fú	being careless about one's dress or appearance	idiom
wl_07538	不声不响	bù shēng bù xiǎng	acting quietly, without announcing it or making a fuss	idiom
wl_07539	不虚此行	bù xū cǐ xíng	a visit or journey proving worthwhile	idiom
wl_07540	仗势欺人	zhàng shì qī rén	taking advantage of one's position to bully people	idiom
wl_07541	以身试法	yǐ shēn shì fǎ	knowingly risking punishment by breaking the law	idiom
wl_07542	似是而非	sì shì ér fēi	being apparently right but actually wrong	idiom
wl_07543	凭空捏造	píng kōng niē zào	making up claims without any factual basis	idiom
wl_07544	凶多吉少	xiōng duō jí shǎo	a bad outcome being more likely than a good one	idiom
wl_07545	在所不辞	zài suǒ bù cí	being willing to accept a difficult task without refusing	idiom
wl_07546	头晕眼花	tóu yūn yǎn huā	feeling dizzy with blurred or dazzled vision	idiom
wl_07547	如日中天	rú rì zhōng tiān	being at the height of prosperity or influence	idiom
wl_07548	家破人亡	jiā pò rén wáng	a family being ruined and its members dying	idiom
wl_07549	寥寥无几	liáo liáo wú jǐ	being very few	idiom
wl_07550	寸步难行	cùn bù nán xíng	being unable to make any progress because of severe difficulties	idiom
wl_07551	对症下药	duì zhèng xià yào	choosing an effective solution for the specific problem	idiom
wl_07552	巧舌如簧	qiǎo shé rú huáng	having a glib tongue	idiom
wl_07553	得不偿失	dé bù cháng shī	losses outweighing the gains	idiom
wl_07554	心急如焚	xīn jí rú fén	burning with anxiety	idiom
wl_07555	感人至深	gǎn rén zhì shēn	being deeply touching	idiom
wl_07556	拳打脚踢	quán dǎ jiǎo tī	beating someone by punching and kicking	idiom
wl_07557	摩拳擦掌	mó quán cā zhǎng	eagerly preparing to get into action	idiom
wl_07558	昂首挺胸	áng shǒu tǐng xiōng	a confident and spirited bearing	idiom
wl_07559	洁身自好	jié shēn zì hào	keeping oneself honest and free from corrupt influences	idiom
wl_07560	浑水摸鱼	hún shuǐ mō yú	profiting from a confused or chaotic situation	idiom
wl_07561	灵丹妙药	líng dān miào yào	a supposed cure-all or universal solution to problems	idiom
wl_07562	瓢泼大雨	piáo pō dà yǔ	very heavy rain	idiom
wl_07563	畏首畏尾	wèi shǒu wèi wěi	being timid and overcautious because of many worries	idiom
wl_07564	硕大无比	shuò dà wú bǐ	being very big	idiom
wl_07565	简明扼要	jiǎn míng è yào	being brief and to the point	idiom
wl_07566	精打细算	jīng dǎ xì suàn	meticulous planning and careful accounting	idiom
wl_07567	纷至沓来	fēn zhì tà lái	coming thick and fast	idiom
wl_07568	老调重弹	lǎo diào chóng tán	repeating an old argument or familiar proposal yet again	idiom
wl_07569	聚精会神	jù jīng huì shén	focusing one's full attention	idiom
wl_07570	行云流水	xíng yún liú shuǐ	a natural and effortlessly flowing style	idiom
wl_07571	趁火打劫	chèn huǒ dǎ jié	exploiting another person's crisis for personal gain	idiom
wl_07572	过关斩将	guò guān zhǎn jiàng	overcoming successive obstacles or opponents	idiom
wl_07573	后起之秀	hòu qǐ zhī xiù	a talented newcomer or rising star	idiom
wl_07574	诚惶诚恐	chéng huáng chéng kǒng	feeling deeply anxious and respectfully apprehensive	idiom
wl_07575	安居乐业	ān jū lè yè	living peacefully and working contentedly	idiom
wl_07576	顶天立地	dǐng tiān lì dì	having an indomitable spirit	idiom
wl_07577	妄自尊大	wàng zì zūn dà	ridiculous self-importance	idiom
wl_07578	狐狸尾巴	hú li wěi ba	a revealing clue that exposes hidden bad intentions	idiom
wl_07579	疲于奔命	pí yú bēn mìng	being exhausted from constantly rushing to meet demands	idiom
wl_07580	瞒天过海	mán tiān guò hǎi	secretly achieving an aim through deception	idiom
wl_07581	翻山越岭	fān shān yuè lǐng	the hardship of a long journey through mountainous terrain	idiom
wl_07582	一知半解	yī zhī bàn jiě	having a superficial knowledge of a subject	idiom
wl_07583	不假思索	bù jiǎ sī suǒ	acting without taking time to think	idiom
wl_07584	世代相传	shì dài xiāng chuán	being passed on from generation to generation	idiom
wl_07585	举棋不定	jǔ qí bù dìng	being unable to make a decision	idiom
wl_07586	吃喝玩乐	chī hē wán lè	abandoning oneself to a life of pleasure	idiom
wl_07587	周而复始	zhōu ér fù shǐ	repeating in an ongoing cycle	idiom
wl_07588	当机立断	dāng jī lì duàn	making prompt decisions	idiom
wl_07589	油然而生	yóu rán ér shēng	arising involuntarily	idiom
wl_07590	泰然处之	tài rán chǔ zhī	handling the situation calmly	idiom
wl_07591	瘦骨嶙峋	shòu gǔ lín xún	being emaciated, with bones visibly prominent	idiom
wl_07592	约法三章	yuē fǎ sān zhāng	agreeing on a few clear basic rules in advance	idiom
wl_07593	背水一战	bèi shuǐ yī zhàn	making a determined final effort with no option to retreat	idiom
wl_07594	三生有幸	sān shēng yǒu xìng	being exceptionally fortunate	idiom
wl_07595	不可同日而语	bù kě tóng rì ér yǔ	being too different in level to compare on equal terms	idiom
wl_07596	举手投足	jǔ shǒu tóu zú	one's every movement	idiom
wl_07597	乔迁之喜	qiáo qiān zhī xǐ	congratulations on moving to a new home or gaining promotion	idiom
wl_07598	井底之蛙	jǐng dǐ zhī wā	a person whose limited experience gives them a narrow outlook	idiom
wl_07599	伶牙俐齿	líng yá lì chǐ	being clever and eloquent	idiom
wl_07600	偷梁换柱	tōu liáng huàn zhù	secretly substituting something false or inferior for the genuine	idiom
wl_07601	前因后果	qián yīn hòu guǒ	the causes and consequences of an event	idiom
wl_07602	千奇百怪	qiān qí bǎi guài	fantastic oddities of every description	idiom
wl_07603	变化无常	biàn huà wú cháng	changing unpredictably	idiom
wl_07604	哭笑不得	kū xiào bù dé	feeling torn between amusement and exasperation	idiom
wl_07605	喝西北风	hē xī běi fēng	going hungry	idiom
wl_07606	垂涎欲滴	chuí xián yù dī	strong desire for something highly tempting	idiom
wl_07607	大手大脚	dà shǒu dà jiǎo	spending money or using resources extravagantly	idiom
wl_07608	大起大落	dà qǐ dà luò	undergoing major ups and downs or sharp fluctuations	idiom
wl_07609	天下太平	tiān xià tài píng	a peaceful world free from disorder	idiom
wl_07610	天罗地网	tiān luó dì wǎng	a tight net of capture with no route of escape	idiom
wl_07611	字里行间	zì lǐ háng jiān	meaning suggested indirectly throughout a piece of writing	idiom
wl_07612	安于现状	ān yú xiàn zhuàng	being content with the present situation and unwilling to change	idiom
wl_07613	寸草不生	cùn cǎo bù shēng	being barren	idiom
wl_07614	对簿公堂	duì bù gōng táng	facing an opponent or answering accusations in court	idiom
wl_07615	居心叵测	jū xīn pǒ cè	harboring hidden, sinister motives	idiom
wl_07616	山穷水尽	shān qióng shuǐ jìn	being in a desperate situation with no way forward	idiom
wl_07617	左右开弓	zuǒ yòu kāi gōng	using both hands or striking from both sides	idiom
wl_07618	引经据典	yǐn jīng jù diǎn	citing authoritative texts to support an argument	idiom
wl_07619	引蛇出洞	yǐn shé chū dòng	luring a hidden opponent into the open	idiom
wl_07620	弹尽粮绝	dàn jìn liáng jué	running out of ammunition and essential supplies	idiom
wl_07621	心服口服	xīn fú kǒu fú	accepting wholeheartedly	idiom
wl_07622	忠贞不渝	zhōng zhēn bù yú	unwavering loyalty	idiom
wl_07623	息事宁人	xī shì níng rén	settling a dispute so that people can live in peace	idiom
wl_07624	恶贯满盈	è guàn mǎn yíng	having committed countless serious wrongs	idiom
wl_07625	感人肺腑	gǎn rén fèi fǔ	being deeply touching	idiom
wl_07626	推心置腹	tuī xīn zhì fù	treating someone with complete sincerity and trust	idiom
wl_07627	搬弄是非	bān nòng shì fēi	inciting a quarrel	idiom
wl_07628	敲门砖	qiāo mén zhuān	a credential or means that opens the way to an opportunity	idiom
wl_07629	无情无义	wú qíng wú yì	being cold-hearted and lacking loyalty or affection	idiom
wl_07630	时不我待	shí bù wǒ dài	time passing without waiting for anyone	idiom
wl_07631	明辨是非	míng biàn shì fēi	distinguishing right and wrong	idiom
wl_07632	昏天黑地	hūn tiān hēi dì	being extremely dark and difficult to see through	idiom
wl_07633	柳暗花明	liǔ àn huā míng	a hopeful turning point after difficulty	idiom
wl_07634	瓮中之鳖	wèng zhōng zhī biē	someone already trapped and unable to escape	idiom
wl_07635	目空一切	mù kōng yī qiè	extreme arrogance and contempt for everyone else	idiom
wl_07636	省吃俭用	shěng chī jiǎn yòng	living frugally	idiom
wl_07637	繁荣昌盛	fán róng chāng shèng	being prosperous and flourishing	idiom
wl_07638	缩手缩脚	suō shǒu suō jiǎo	holding back timidly because of excessive worries	idiom
wl_07639	老当益壮	lǎo dāng yì zhuàng	being old but vigorous	idiom
wl_07640	花天酒地	huā tiān jiǔ dì	spending one's time in drinking and pleasure	idiom
wl_07641	装神弄鬼	zhuāng shén nòng guǐ	using deceptive tricks to mislead others	idiom
wl_07642	负隅顽抗	fù yú wán kàng	putting up fierce resistance despite being surrounded	idiom
wl_07643	身经百战	shēn jīng bǎi zhàn	being highly experienced and seasoned by many challenges	idiom
wl_07644	车到山前必有路	chē dào shān qián bì yǒu lù	trusting that a solution will appear when the difficulty is reached	idiom
wl_07645	追悔莫及	zhuī huǐ mò jí	regret coming too late to change anything	idiom
wl_07646	风和日丽	fēng hé rì lì	pleasant sunny weather with a gentle breeze	idiom
wl_07647	不三不四	bù sān bù sì	being dubious, improper, or disreputable	idiom
wl_07648	大声疾呼	dà shēng jí hū	making an urgent, emphatic appeal to attract public attention	idiom
wl_07649	三心二意	sān xīn èr yì	being indecisive or unfocused.	idiom
wl_07650	四通八达	sì tōng bā dá	transport routes reaching in every direction.	idiom
wl_07651	六神无主	liù shén wú zhǔ	panicking and not knowing what to do.	idiom
wl_07652	九牛一毛	jiǔ niú yī máo	a tiny amount compared with a much larger whole.	idiom
wl_07653	掩耳盗铃	yǎn ěr dào líng	deceiving oneself about an obvious fact.	idiom
wl_07654	刻舟求剑	kè zhōu qiú jiàn	using an outdated method after circumstances change.	idiom
wl_07655	狐假虎威	hú jiǎ hǔ wēi	intimidating others through someone else's power.	idiom
wl_07656	叶公好龙	yè gōng hào lóng	professing to like something while fearing the real thing.	idiom
wl_07657	对牛弹琴	duì niú tán qín	explaining something to an unreceptive audience.	idiom
wl_07658	愚公移山	yú gōng yí shān	overcoming difficulties through persistent effort.	idiom
wl_07659	望梅止渴	wàng méi zhǐ kě	comforting oneself with an imagined solution.	idiom
wl_07660	闻鸡起舞	wén jī qǐ wǔ	rising early to practise diligently.	idiom
wl_07661	一言为定	yī yán wéi dìng	an agreement that is settled and will be kept.	idiom
wl_07662	不约而同	bù yuē ér tóng	people doing the same thing without arranging it.	idiom
wl_07663	百折不挠	bǎi zhé bù náo	remaining determined despite repeated setbacks.	idiom
wl_07664	本末倒置	běn mò dào zhì	treating minor details as more important than essentials.	idiom
wl_07665	别出心裁	bié chū xīn cái	coming up with an original idea or design.	idiom
wl_07666	车水马龙	chē shuǐ mǎ lóng	streets crowded with a steady flow of traffic.	idiom
wl_07667	川流不息	chuān liú bù xī	a continuous flow without interruption.	idiom
wl_07668	返老还童	fǎn lǎo huán tóng	an older person regaining youthful energy.	idiom
wl_07669	举一反三	jǔ yī fǎn sān	applying what one learns to other similar cases.	idiom
wl_07670	任劳任怨	rèn láo rèn yuàn	working hard without complaining.	idiom
wl_07671	言而有信	yán ér yǒu xìn	keeping one's promises.	idiom
wl_07672	因人而异	yīn rén ér yì	something varying from person to person.	idiom
wl_07673	自作自受	zì zuò zì shòu	suffering the consequences of one's own actions.	idiom
wl_07674	心烦意乱	xīn fán yì luàn	feeling upset and unable to think calmly.	idiom
wl_07675	拭目以待	shì mù yǐ dài	waiting expectantly to see what happens.	idiom
wl_07676	千方百计	qiān fāng bǎi jì	trying every possible means.	idiom
wl_07677	问心无愧	wèn xīn wú kuì	having a clear conscience.	idiom
wl_07678	一五一十	yī wǔ yī shí	recounting something fully and accurately.	idiom
wl_07679	心惊肉跳	xīn jīng ròu tiào	feeling frightened that something bad may happen.	idiom
wl_07680	日新月异	rì xīn yuè yì	rapid and continuous development.	idiom
wl_07681	欣欣向荣	xīn xīn xiàng róng	flourishing and thriving.	idiom
wl_07682	深不可测	shēn bù kě cè	something too deep or mysterious to understand.	idiom
wl_07683	一盘散沙	yī pán sǎn shā	a group lacking unity or organisation.	idiom
wl_07684	东倒西歪	dōng dǎo xī wāi	leaning or swaying unsteadily in different directions.	idiom
wl_07685	各取所需	gè qǔ suǒ xū	everyone taking what they need.	idiom
wl_07686	耳熟能详	ěr shú néng xiáng	something heard so often that one knows it well.	idiom
wl_07687	转危为安	zhuǎn wēi wéi ān	changing a dangerous situation into a safe one.	idiom
wl_07688	雪中送炭	xuě zhōng sòng tàn	giving help when someone urgently needs it.	idiom
wl_07689	一拍即合	yī pāi jí hé	reaching agreement immediately.	idiom
wl_07690	一言一行	yī yán yī xíng	every word and every action.	idiom
wl_07691	不寒而栗	bù hán ér lì	shuddering with intense fear.	idiom
wl_07692	不慌不忙	bù huāng bù máng	staying calm and unhurried.	idiom
wl_07693	不明不白	bù míng bù bái	something unclear or unexplained.	idiom
wl_07694	乘风破浪	chéng fēng pò làng	advancing bravely through difficulties.	idiom
wl_07695	勉为其难	miǎn wéi qí nán	reluctantly doing something difficult or unwanted.	idiom
wl_07696	单刀直入	dān dāo zhí rù	getting straight to the point.	idiom
wl_07697	只言片语	zhī yán piàn yǔ	a few isolated words or fragments of speech.	idiom
wl_07698	唉声叹气	āi shēng tàn qì	sighing in sadness or frustration.	idiom
wl_07699	喜新厌旧	xǐ xīn yàn jiù	preferring the new and becoming tired of the old.	idiom
wl_07700	好事多磨	hǎo shì duō mó	a worthwhile goal meeting many setbacks.	idiom
wl_07701	学以致用	xué yǐ zhì yòng	applying what one has learned.	idiom
wl_07702	平心而论	píng xīn ér lùn	judging something fairly and objectively.	idiom
wl_07703	应接不暇	yìng jiē bù xiá	having more to handle or enjoy than one can manage.	idiom
wl_07704	应运而生	yìng yùn ér shēng	arising in response to a timely need or opportunity.	idiom
wl_07705	废寝忘食	fèi qǐn wàng shí	being so absorbed in work that one neglects sleep and meals.	idiom
wl_07706	得过且过	dé guò qiě guò	doing just enough to get by without aiming higher.	idiom
wl_07707	心旷神怡	xīn kuàng shén yí	feeling relaxed and refreshed.	idiom
wl_07708	心花怒放	xīn huā nù fàng	being filled with great joy.	idiom
wl_07709	成家立业	chéng jiā lì yè	marrying and establishing a career.	idiom
wl_07710	持之以恒	chí zhī yǐ héng	continuing an effort steadily over a long time.	idiom
wl_07711	接连不断	jiē lián bù duàn	things happening one after another without a break.	idiom
wl_07712	水泄不通	shuǐ xiè bù tōng	a crowd so dense that nothing can get through.	idiom
wl_07713	热情洋溢	rè qíng yáng yì	openly showing warmth and enthusiasm.	idiom
wl_07714	破釜沉舟	pò fǔ chén zhōu	committing fully by cutting off the option of retreat.	idiom
wl_07715	笑里藏刀	xiào lǐ cáng dāo	hiding harmful intentions behind friendly behaviour.	idiom
wl_07716	答非所问	dá fēi suǒ wèn	answering something other than the question asked.	idiom
wl_07717	美不胜收	měi bù shèng shōu	more beautiful things than one can take in.	idiom
wl_07718	能言善辩	néng yán shàn biàn	speaking eloquently and arguing skilfully.	idiom
wl_07719	自顾不暇	zì gù bù xiá	being too busy with one's own problems to help others.	idiom
wl_07720	话不投机	huà bù tóu jī	being unable to find common ground in conversation.	idiom
wl_07721	轻手轻脚	qīng shǒu qīng jiǎo	moving quietly and gently.	idiom
wl_07722	露马脚	lòu mǎ jiǎo	accidentally revealing a hidden truth.	idiom
wl_07723	高不可攀	gāo bù kě pān	being too high or distant to reach.	idiom
wl_07724	这样	zhè yàng	like this	adverb
wl_07725	你们	nǐ men	you (plural)	pronoun
wl_07726	时候	shí hou	time; moment	noun
wl_07727	这么	zhè me	so; this much	adverb
wl_07728	还有	hái yǒu	also; in addition	conjunction
wl_07729	为什么	wèi shén me	why	interrogative pronoun
wl_07730	谢谢	xiè xie	thank you	interjection
wl_07731	可能	kě néng	perhaps; may	adverb
wl_07732	东西	dōng xi	things; stuff	noun
wl_07733	觉得	jué de	to think; to feel	verb
wl_07734	这些	zhè xiē	these	demonstrative pronoun
wl_07735	那么	nà me	that; so	adverb
wl_07736	一样	yī yàng	the same	adjective
wl_07737	这里	zhè lǐ	here	location word
wl_07738	一起	yī qǐ	together	adverb
wl_07739	一直	yī zhí	continuously; all along	adverb
wl_07740	看看	kàn kan	to take a look	verb
wl_07741	相信	xiāng xìn	to believe	verb
wl_07742	看到	kàn dào	to see; to catch sight of	verb
wl_07743	还是	hái shi	or (in a question)	conjunction
wl_07744	那些	nà xiē	those	demonstrative pronoun
wl_07745	是的	shì de	yes; that is right	expression
wl_07746	出来	chū lái	to come out	verb
wl_07747	明白	míng bai	to understand	verb
wl_07748	发生	fā shēng	to happen	verb
wl_07749	只是	zhǐ shì	only; just	adverb
wl_07750	一点	yī diǎn	a little	quantity phrase
wl_07751	怎么样	zěn me yàng	how; how about	interrogative expression
wl_07752	离开	lí kāi	to leave	verb
wl_07753	先生	xiān sheng	Mr.; sir	noun
wl_07754	以为	yǐ wéi	to suppose; to mistakenly think	verb
wl_07755	认为	rèn wéi	to consider; to think	verb
wl_07756	找到	zhǎo dào	to find	verb
wl_07757	之前	zhī qián	before	time word
wl_07758	感觉	gǎn jué	to feel	verb
wl_07759	抱歉	bào qiàn	sorry	adjective
wl_07760	发现	fā xiàn	to discover; to notice	verb
wl_07761	那样	nà yàng	like that	adverb
wl_07762	不要	bù yào	do not	expression
wl_07763	不错	bù cuò	quite good	adjective
wl_07764	这种	zhè zhǒng	this kind of	demonstrative phrase
wl_07765	高兴	gāo xìng	happy; glad	adjective
wl_07766	任何	rèn hé	any	determiner
wl_07767	担心	dān xīn	to worry	verb
wl_07768	对不起	duì bu qǐ	sorry; excuse me	expression
wl_07769	过去	guò qù	the past	time noun
wl_07770	记得	jì de	to remember	verb
wl_07771	下来	xià lai	to come down	verb
wl_07772	不过	bù guò	however; but	conjunction
wl_07773	等等	děng děng	and so on	expression
wl_07774	那里	nà lǐ	there	location word
wl_07775	以前	yǐ qián	before; formerly	time word
wl_07776	大家	dà jiā	everyone	pronoun
wl_07777	别人	bié ren	other people	pronoun
wl_07778	只要	zhǐ yào	as long as	conjunction
wl_07779	出去	chū qù	to go out	verb
wl_07780	小时	xiǎo shí	hour	noun
wl_07781	有人	yǒu rén	someone; there is someone	expression
wl_07782	不能	bù néng	cannot; must not	modal verb
wl_07783	到底	dào dǐ	on earth; exactly	adverb
wl_07784	真是	zhēn shì	really; indeed	adverb
wl_07785	没什么	méi shén me	it is nothing	expression
wl_07786	女人	nǚ rén	woman	noun
wl_07787	见到	jiàn dào	to see; to meet	verb
wl_07788	分钟	fēn zhōng	minute	noun
wl_07789	有些	yǒu xiē	some	determiner
wl_07790	成为	chéng wéi	to become	verb
wl_07791	今晚	jīn wǎn	tonight	time noun
wl_07792	打电话	dǎ diàn huà	to make a phone call	verb phrase
wl_07793	回家	huí jiā	to go home	verb phrase
wl_07794	每个	měi ge	every; each	determiner
wl_07795	原因	yuán yīn	reason; cause	noun
wl_07796	可是	kě shì	but; however	conjunction
wl_07797	晚上	wǎn shang	evening; night	time noun
wl_07798	谈谈	tán tan	to have a talk	verb
wl_07799	从来	cóng lái	ever; always (often with a negative)	adverb
wl_07800	以后	yǐ hòu	after; later	time word
wl_07801	听说	tīng shuō	to hear that	verb
wl_07802	再见	zài jiàn	goodbye	interjection
wl_07803	好好	hǎo hǎo	properly; carefully	adverb
wl_07804	办法	bàn fǎ	way; solution	noun
wl_07805	不管	bù guǎn	no matter; regardless of	conjunction
wl_07806	回去	huí qu	to go back	verb
wl_07807	亲爱	qīn ài	dear; beloved	adjective
wl_07808	身上	shēn shang	on one's body	location word
wl_07809	保证	bǎo zhèng	to guarantee; to promise	verb
wl_07810	消息	xiāo xi	news; message	noun
wl_07811	怎样	zěn yàng	how	interrogative pronoun
wl_07812	女孩	nǚ hái	girl	noun
wl_07813	看来	kàn lai	it seems; apparently	adverb
wl_07814	下去	xià qù	to go down	verb
wl_07815	进来	jìn lái	to come in	verb
wl_07816	真正	zhēn zhèng	genuine; real	adjective
wl_07817	人们	rén men	people	noun
wl_07818	怎么办	zěn me bàn	what should be done	interrogative expression
wl_07819	女士	nǚ shì	Ms.; madam; lady	noun
wl_07820	整个	zhěng gè	whole; entire	determiner
wl_07821	听到	tīng dào	to hear	verb
wl_07822	正在	zhèng zài	in the process of	adverb
wl_07823	其实	qí shí	actually; in fact	adverb
wl_07824	第二	dì èr	second	ordinal number
wl_07825	进去	jìn qù	to go in	verb
wl_07826	打算	dǎ suàn	to plan; to intend	verb
wl_07827	别的	bié de	other	determiner
wl_07828	结果	jié guǒ	result; outcome	noun
wl_07829	之间	zhī jiān	between; among	location word
wl_07830	刚刚	gāng gāng	just now	adverb
wl_07831	除了	chú le	apart from; except for	preposition
wl_07832	主意	zhǔ yi	idea; plan	noun
wl_07833	有点	yǒu diǎn	a little; somewhat	adverb
wl_07834	那边	nà bian	over there	location word
wl_07835	感到	gǎn dào	to feel	verb
wl_07836	变成	biàn chéng	to become; to turn into	verb
wl_07837	想到	xiǎng dào	to think of	verb
wl_07838	最近	zuì jìn	recently; lately	time word
wl_07839	帮忙	bāng máng	to help; to lend a hand	verb
wl_07840	当时	dāng shí	at that time	time word
wl_07841	难道	nán dào	could it be that; surely...	adverb
wl_07842	样子	yàng zi	appearance; manner	noun
wl_07843	房间	fáng jiān	room	noun
wl_07844	直到	zhí dào	until	preposition
wl_07845	同意	tóng yì	to agree	verb
wl_07846	真的	zhēn de	really; truly	adverb
wl_07847	没关系	méi guān xi	it is all right; no problem	expression
wl_07848	讨厌	tǎo yàn	to dislike	verb
wl_07849	玩笑	wán xiào	joke	noun
wl_07850	而已	ér yǐ	that is all; merely	particle
wl_07851	房子	fáng zi	house; home	noun
wl_07852	理解	lǐ jiě	to understand	verb
wl_07853	不同	bù tóng	different	adjective
wl_07854	开心	kāi xīn	happy; delighted	adjective
wl_07855	留下	liú xià	to leave behind; to keep	verb
wl_07856	早上	zǎo shang	morning	time noun
wl_07857	本来	běn lái	originally	adverb
wl_07858	除非	chú fēi	unless	conjunction
wl_07859	不行	bù xíng	not possible; not acceptable	expression
wl_07860	有趣	yǒu qù	interesting; amusing	adjective
wl_07861	其中	qí zhōng	among them	pronoun
wl_07862	不好	bù hǎo	not good	adjective
wl_07863	带来	dài lái	to bring	verb
wl_07864	可爱	kě ài	cute; lovable	adjective
wl_07865	多久	duō jiǔ	how long	interrogative phrase
wl_07866	家里	jiā lǐ	at home; in the home	location word
wl_07867	终于	zhōng yú	finally; at last	adverb
wl_07868	回到	huí dào	to return to	verb
wl_07869	想法	xiǎng fǎ	idea; opinion	noun
wl_07870	小姐	xiǎo jie	Miss; young lady	noun
wl_07871	不再	bù zài	no longer	adverb
wl_07872	极了	jí le	extremely	degree complement
wl_07873	进入	jìn rù	to enter	verb
wl_07874	或许	huò xǔ	perhaps; maybe	adverb
wl_07875	不用	bù yòng	need not; no need to	modal verb
wl_07876	随便	suí biàn	as one wishes	adverb
wl_07877	办公室	bàn gōng shì	office	noun
wl_07878	昨晚	zuó wǎn	last night	time noun
wl_07879	那种	nà zhǒng	that kind of	demonstrative phrase
wl_07880	这边	zhè biān	over here; this side	location word
wl_07881	方法	fāng fǎ	method; way	noun
wl_07882	介意	jiè yì	to mind; to object	verb
wl_07883	从没	cóng méi	never before	adverb
wl_07884	看上去	kàn shang qu	to look; to appear	verb phrase
wl_07885	否则	fǒu zé	otherwise	conjunction
wl_07886	建议	jiàn yì	suggestion; recommendation	noun
wl_07887	不好意思	bù hǎo yì si	sorry; excuse me	expression
wl_07888	正常	zhèng cháng	normal	adjective
wl_07889	身边	shēn biān	beside someone; nearby	location word
wl_07890	来自	lái zì	to come from	verb
wl_07891	到处	dào chù	everywhere	adverb
wl_07892	差不多	chà bu duō	about; nearly	adverb
wl_07893	那天	nà tiān	that day	time noun
wl_07894	安排	ān pái	to arrange	verb
wl_07895	遇到	yù dào	to meet; to encounter	verb
wl_07896	收到	shōu dào	to receive	verb
wl_07897	年轻	nián qīng	young	adjective
wl_07898	生气	shēng qì	to get angry	verb
wl_07899	幸运	xìng yùn	lucky; fortunate	adjective
wl_07900	父母	fù mǔ	parents	noun
wl_07901	全部	quán bù	all; the whole	pronoun
wl_07902	放松	fàng sōng	to relax	verb
wl_07903	记住	jì zhu	to remember; to keep in mind	verb
wl_07904	经常	jīng cháng	often	adverb
wl_07905	约会	yuē huì	date	noun
wl_07906	冷静	lěng jìng	calm	adjective
wl_07907	坚持	jiān chí	to persist; to keep doing	verb
wl_07908	哪个	nǎ ge	which	interrogative pronoun
wl_07909	那时	nà shí	at that time	time word
wl_07910	做到	zuò dào	to manage to do; to achieve	verb
wl_07911	同时	tóng shí	at the same time	adverb
wl_07912	星期	xīng qī	week	noun
wl_07913	剩下	shèng xià	to be left; to remain	verb
wl_07914	见面	jiàn miàn	to meet	verb
wl_07915	足够	zú gòu	enough; sufficient	adjective
wl_07916	值得	zhí de	to be worth	verb
wl_07917	男孩	nán hái	boy	noun
wl_07918	什么样	shén me yàng	what kind	interrogative phrase
wl_07919	干什么	gàn shén me	to do what	interrogative phrase
wl_07920	就要	jiù yào	to be about to	adverb phrase
wl_07921	正确	zhèng què	correct	adjective
wl_07922	日子	rì zi	day; days	noun
wl_07923	只能	zhǐ néng	can only	modal verb
wl_07924	同样	tóng yàng	the same; equally	adjective
wl_07925	认真	rèn zhēn	careful; earnest	adjective
wl_07926	医院	yī yuàn	hospital	noun
wl_07927	好运	hǎo yùn	good luck	noun
wl_07928	比如	bǐ rú	for example	conjunction
wl_07929	来到	lái dào	to arrive at; to come to	verb
wl_07930	答应	dā ying	to agree; to promise	verb
wl_07931	加入	jiā rù	to join	verb
wl_07932	有意思	yǒu yì si	interesting; enjoyable	adjective phrase
wl_07933	浪费	làng fèi	to waste	verb
wl_07934	多么	duō me	how; so	adverb
wl_07935	不得不	bù dé bù	to have to	modal phrase
wl_07936	小孩	xiǎo hái	child	noun
wl_07937	大学	dà xué	university	noun
wl_07938	下午	xià wǔ	afternoon	time noun
wl_07939	晚安	wǎn ān	good night	interjection
wl_07940	后来	hòu lái	later; afterwards	time word
wl_07941	舒服	shū fu	comfortable	adjective
wl_07942	反正	fǎn zhèng	anyway	adverb
wl_07943	受伤	shòu shāng	to be injured	verb
wl_07944	不然	bù rán	otherwise	conjunction
wl_07945	失望	shī wàng	disappointed	adjective
wl_07946	各位	gè wèi	everyone; you all (polite)	pronoun
wl_07947	通知	tōng zhī	to notify	verb
wl_07948	开玩笑	kāi wán xiào	to joke	verb phrase
wl_07949	路上	lù shang	on the way; on the road	location word
wl_07950	有时候	yǒu shí hou	sometimes	adverb
wl_07951	意见	yì jiàn	opinion; suggestion	noun
wl_07952	答案	dá àn	answer	noun
wl_07953	再说	zài shuō	to discuss later	expression
wl_07954	要是	yào shi	if	conjunction
wl_07955	通常	tōng cháng	usually	adverb
wl_07956	合适	hé shì	suitable; appropriate	adjective
wl_07957	活动	huó dòng	activity; event	noun
wl_07958	厉害	lì hai	very capable; impressive	adjective
wl_07959	放下	fàng xià	to put down	verb
wl_07960	下次	xià cì	next time	time word
wl_07961	一边	yī biān	while; at the same time	adverb
wl_07962	不够	bù gòu	not enough	adjective phrase
wl_07963	不必	bù bì	need not	modal verb
wl_07964	飞机	fēi jī	airplane	noun
wl_07965	越来越	yuè lái yuè	more and more	adverb pattern
wl_07966	听见	tīng jiàn	to hear	verb
wl_07967	提醒	tí xǐng	to remind	verb
wl_07968	客气	kè qi	polite; courteous	adjective
wl_07969	正好	zhèng hǎo	just right; exactly	adverb
wl_07970	手机	shǒu jī	mobile phone	noun
wl_07971	而是	ér shì	but rather	conjunction
wl_07972	恐怕	kǒng pà	I am afraid; probably	adverb
wl_07973	带走	dài zǒu	to take away	verb
wl_07974	随时	suí shí	at any time	adverb
wl_07975	只不过	zhǐ bu guò	merely; only	adverb
wl_07976	兴奋	xīng fèn	excited	adjective
wl_07977	老婆	lǎo pó	wife (informal)	noun
wl_07978	恭喜	gōng xǐ	congratulations; to congratulate	verb
wl_07979	太太	tài tai	Mrs.; wife	noun
wl_07980	节目	jié mù	program; show	noun
wl_07981	服务	fú wù	service	noun
wl_07982	错过	cuò guò	to miss	verb
wl_07983	好事	hǎo shì	good thing; good deed	noun
wl_07984	顺便	shùn biàn	in passing; while one is at it	adverb
wl_07985	女朋友	nǚ péng you	girlfriend	noun
wl_07986	接着	jiē zhe	then; next	adverb
wl_07987	不少	bù shǎo	quite a few; a lot	quantity phrase
wl_07988	拿走	ná zǒu	to take away	verb
wl_07989	多谢	duō xiè	many thanks	expression
wl_07990	出发	chū fā	to set off	verb
wl_07991	叫做	jiào zuò	to be called	verb
wl_07992	放开	fàng kāi	to let go	verb
wl_07993	喝酒	hē jiǔ	to drink alcohol	verb phrase
wl_07994	想起	xiǎng qǐ	to remember; to think of	verb
wl_07995	好几	hǎo jǐ	several; quite a few	quantity phrase
wl_07996	上班	shàng bān	to go to work	verb
wl_07997	乐意	lè yì	to be willing; to be happy to	verb
wl_07998	男朋友	nán péng you	boyfriend	noun
wl_07999	收拾	shōu shi	to tidy up; to pack	verb
wl_08000	加油	jiā yóu	keep going; come on	expression
wl_08001	停下	tíng xià	to stop	verb
wl_08002	晚餐	wǎn cān	dinner	noun
wl_08003	慢慢	màn màn	slowly; gradually	adverb
wl_08004	每次	měi cì	every time	time phrase
wl_08005	派对	pài duì	party	noun
wl_08006	心里	xīn li	in one's mind; in one's heart	location word
wl_08007	单独	dān dú	alone; separately	adverb
wl_08008	好人	hǎo rén	good person	noun
wl_08009	故意	gù yì	on purpose	adverb
wl_08010	惊喜	jīng xǐ	pleasant surprise	noun
wl_08011	上次	shàng cì	last time	time word
wl_08012	交给	jiāo gěi	to hand over to	verb
wl_08013	生日	shēng rì	birthday	noun
wl_08014	许多	xǔ duō	many; much	determiner
wl_08015	不许	bù xǔ	must not; not allowed	modal verb
wl_08016	尽快	jǐn kuài	as soon as possible	adverb
wl_08017	无聊	wú liáo	bored; boring	adjective
wl_08018	期待	qī dài	to look forward to	verb
wl_08019	学生	xué sheng	student	noun
wl_08020	开车	kāi chē	to drive	verb
wl_08021	说实话	shuō shí huà	to tell the truth; honestly	expression
wl_08022	出生	chū shēng	to be born	verb
wl_08023	老实	lǎo shi	honest; well behaved	adjective
wl_08024	电脑	diàn nǎo	computer	noun
wl_08025	手里	shǒu lǐ	in one's hand	location word
wl_08026	伤心	shāng xīn	sad; heartbroken	adjective
wl_08027	取消	qǔ xiāo	to cancel	verb
wl_08028	难过	nán guò	sad; upset	adjective
wl_08029	跳舞	tiào wǔ	to dance	verb phrase
wl_08030	接到	jiē dào	to receive	verb
wl_08031	碰到	pèng dào	to run into; to encounter	verb
wl_08032	心情	xīn qíng	mood	noun
wl_08033	全都	quán dōu	all; every one	adverb
wl_08034	十分	shí fēn	very; extremely	adverb
wl_08035	回头	huí tóu	to turn one's head	verb
wl_08036	地点	dì diǎn	place; location	noun
wl_08037	免费	miǎn fèi	free of charge	adjective
wl_08038	屋子	wū zi	room; house	noun
wl_08039	晚饭	wǎn fàn	dinner; evening meal	noun
wl_08040	今年	jīn nián	this year	time noun
wl_08041	有的	yǒu de	some	pronoun
wl_08042	好多	hǎo duō	many; a lot	quantity phrase
wl_08043	同事	tóng shì	colleague; coworker	noun
wl_08044	地上	dì shang	on the ground; on the floor	location word
wl_08045	午饭	wǔ fàn	lunch	noun
wl_08046	街上	jiē shang	on the street	location word
wl_08047	吃惊	chī jīng	surprised; startled	adjective
wl_08048	广告	guǎng gào	advertisement	noun
wl_08049	好看	hǎo kàn	nice looking; enjoyable to watch	adjective
wl_08050	大约	dà yuē	about; approximately	adverb
wl_08051	空气	kōng qì	air	noun
wl_08052	好玩	hǎo wán	fun; enjoyable	adjective
wl_08053	分享	fēn xiǎng	to share	verb
wl_08054	婚礼	hūn lǐ	wedding	noun
wl_08055	午餐	wǔ cān	lunch	noun
wl_08056	上周	shàng zhōu	last week	time noun
wl_08057	酒店	jiǔ diàn	hotel	noun
wl_08058	赶紧	gǎn jǐn	quickly; without delay	adverb
wl_08059	整天	zhěng tiān	all day	time phrase
wl_08060	清理	qīng lǐ	to clean up; to clear away	verb
wl_08061	大街	dà jiē	main street; street	noun
wl_08062	停车	tíng chē	to park; to stop a vehicle	verb
wl_08063	接下来	jiē xià lái	next; from now on	time phrase
wl_08064	巧克力	qiǎo kè lì	chocolate	noun
wl_08065	旅馆	lǚ guǎn	inn; hotel	noun
wl_08066	上学	shàng xué	to go to school	verb phrase
wl_08067	早餐	zǎo cān	breakfast	noun
wl_08068	小时候	xiǎo shí hou	when one was a child	time phrase
wl_08069	干活	gàn huó	to work; to do tasks	verb phrase
wl_08070	送给	sòng gěi	to give as a gift	verb
wl_08071	开门	kāi mén	to open the door	verb phrase
wl_08072	话题	huà tí	topic of conversation	noun
wl_08073	留言	liú yán	to leave a message	verb
wl_08074	司机	sī jī	driver	noun
wl_08075	机场	jī chǎng	airport	noun
wl_08076	干杯	gān bēi	cheers	interjection
wl_08077	现金	xiàn jīn	cash	noun
wl_08078	好吃	hǎo chī	delicious; tasty	adjective
wl_08079	方便	fāng biàn	convenient	adjective
wl_08080	女生	nǚ shēng	female student; girl	noun
wl_08081	好笑	hǎo xiào	funny; amusing	adjective
wl_08082	年级	nián jí	school grade; year	noun
wl_08083	好久	hǎo jiǔ	a long time	time phrase
wl_08084	请问	qǐng wèn	excuse me; may I ask	expression
wl_08085	没事	méi shì	it is all right; nothing is wrong	expression
wl_08086	关掉	guān diào	to turn off	verb
wl_08087	奶奶	nǎi nai	grandmother (father's mother)	noun
wl_08088	面包	miàn bāo	bread	noun
wl_08089	在家	zài jiā	at home	verb phrase
wl_08090	楼上	lóu shàng	upstairs	location word
wl_08091	礼貌	lǐ mào	politeness; manners	noun
wl_08092	提前	tí qián	ahead of time; in advance	adverb
wl_08093	玩具	wán jù	toy	noun
wl_08094	左边	zuǒ bian	left side	location word
wl_08095	地板	dì bǎn	floor	noun
wl_08096	有空	yǒu kòng	to have free time	verb phrase
wl_08097	门口	mén kǒu	doorway; entrance	location noun
wl_08098	楼下	lóu xià	downstairs	location word
wl_08099	饮料	yǐn liào	drink; beverage	noun
wl_08100	每年	měi nián	every year	time phrase
wl_08101	下班	xià bān	to finish work	verb
wl_08102	行李	xíng li	luggage	noun
wl_08103	便宜	pián yi	cheap; inexpensive	adjective
wl_08104	网上	wǎng shàng	online; on the internet	location word
wl_08105	生病	shēng bìng	to be ill	verb
wl_08106	三明治	sān míng zhì	sandwich	noun
wl_08107	钱包	qián bāo	wallet	noun
wl_08108	戒指	jiè zhi	ring	noun
wl_08109	洗手间	xǐ shǒu jiān	restroom; toilet	noun
wl_08110	火车	huǒ chē	train	noun
wl_08111	同学	tóng xué	classmate	noun
wl_08112	商量	shāng liang	to discuss; to consult	verb
wl_08113	睡着	shuì zháo	to fall asleep	verb
wl_08114	常常	cháng cháng	often	adverb
wl_08115	餐馆	cān guǎn	restaurant	noun
wl_08116	沙发	shā fā	sofa	noun
wl_08117	右边	yòu bian	right side	location word
wl_08118	每周	měi zhōu	every week	time phrase
wl_08119	密码	mì mǎ	password; passcode	noun
wl_08120	起床	qǐ chuáng	to get up	verb phrase
wl_08121	保重	bǎo zhòng	to take care of oneself	verb
wl_08122	美味	měi wèi	delicious	adjective
wl_08123	通话	tōng huà	to talk by telephone	verb
wl_08124	饼干	bǐng gān	biscuit; cookie	noun
wl_08125	老公	lǎo gōng	husband (informal)	noun
wl_08126	顾客	gù kè	customer	noun
wl_08127	地图	dì tú	map	noun
wl_08128	明早	míng zǎo	tomorrow morning	time noun
wl_08129	外套	wài tào	coat; outer jacket	noun
wl_08130	偶尔	ǒu ěr	occasionally	adverb
wl_08131	浴室	yù shì	bathroom	noun
wl_08132	购物	gòu wù	to shop	verb
wl_08133	冰箱	bīng xiāng	refrigerator	noun
wl_08134	停车场	tíng chē chǎng	parking lot	noun
wl_08135	宝宝	bǎo bao	baby (affectionate)	noun
wl_08136	发型	fà xíng	hairstyle	noun
wl_08137	关上	guān shàng	to close; to shut	verb
wl_08138	出门	chū mén	to go out	verb phrase
wl_08139	平时	píng shí	usually; in everyday life	time word
wl_08140	上课	shàng kè	to attend class; to teach class	verb phrase
wl_08141	出租车	chū zū chē	taxi	noun
wl_08142	电梯	diàn tī	elevator; lift	noun
wl_08143	晚点	wǎn diǎn	a little later	time phrase
wl_08144	对面	duì miàn	opposite; across from	location word
wl_08145	慢慢来	màn màn lái	take your time	expression
wl_08146	袋子	dài zi	bag	noun
wl_08147	度假	dù jià	to go on vacation	verb
wl_08148	当心	dāng xīn	be careful; to take care	verb
wl_08149	保温杯	bǎo wēn bēi	insulated cup; thermos mug	noun
wl_08150	电饭煲	diàn fàn bāo	rice cooker	noun
wl_08151	充电宝	chōng diàn bǎo	power bank	noun
wl_08152	床单	chuáng dān	bed sheet	noun
wl_08153	门铃	mén líng	doorbell	noun
wl_08154	拖把	tuō bǎ	mop	noun
wl_08155	扫地	sǎo dì	to sweep the floor	verb phrase
wl_08156	洗碗	xǐ wǎn	to wash dishes	verb phrase
wl_08157	洗手	xǐ shǒu	to wash one's hands	verb phrase
wl_08158	洗脸	xǐ liǎn	to wash one's face	verb phrase
wl_08159	刷牙	shuā yá	to brush one's teeth	verb phrase
wl_08160	洗头	xǐ tóu	to wash one's hair	verb phrase
wl_08161	理发店	lǐ fà diàn	barbershop; hair salon	noun
wl_08162	饺子	jiǎo zi	dumpling	noun
wl_08163	炒饭	chǎo fàn	fried rice	noun
wl_08164	油条	yóu tiáo	fried dough stick	noun
wl_08165	酸奶	suān nǎi	yogurt	noun
wl_08166	矿泉水	kuàng quán shuǐ	mineral water	noun
wl_08167	鸡汤	jī tāng	chicken soup	noun
wl_08168	火锅	huǒ guō	hot pot	noun
wl_08169	土豆	tǔ dòu	potato	noun
wl_08170	黄瓜	huáng guā	cucumber	noun
wl_08171	西红柿	xī hóng shì	tomato	noun
wl_08172	胡萝卜	hú luó bo	carrot	noun
wl_08173	生菜	shēng cài	lettuce	noun
wl_08174	西兰花	xī lán huā	broccoli	noun
wl_08175	红薯	hóng shǔ	sweet potato	noun
wl_08176	洋葱	yáng cōng	onion	noun
wl_08177	香菇	xiāng gū	shiitake mushroom	noun
wl_08178	梨	lí	pear	noun
wl_08179	菠萝	bō luó	pineapple	noun
wl_08180	火龙果	huǒ lóng guǒ	dragon fruit	noun
wl_08181	葡萄干	pú tao gān	raisin	noun
wl_08182	面包片	miàn bāo piàn	slice of bread	noun
wl_08183	汉堡	hàn bǎo	hamburger	noun
wl_08184	沙拉	shā lā	salad	noun
wl_08185	零钱	líng qián	small change	noun
wl_08186	找零	zhǎo líng	to give change	verb
wl_08187	收银台	shōu yín tái	checkout counter	noun
wl_08188	发票	fā piào	invoice; official receipt	noun
wl_08189	打包	dǎ bāo	to pack for takeaway	verb
wl_08190	点餐	diǎn cān	to order food	verb phrase
wl_08191	点菜	diǎn cài	to order dishes	verb phrase
wl_08192	保质期	bǎo zhì qī	shelf life	noun
wl_08193	剩饭	shèng fàn	leftover rice; leftover food	noun
wl_08194	牛仔裤	niú zǎi kù	jeans	noun
wl_08195	短袖	duǎn xiù	short sleeves; short-sleeved top	noun
wl_08196	运动鞋	yùn dòng xié	sports shoes; sneakers	noun
wl_08197	拖鞋	tuō xié	slippers	noun
wl_08198	围巾	wéi jīn	scarf	noun
wl_08199	雨衣	yǔ yī	raincoat	noun
wl_08200	上车	shàng chē	to get on; to get into a vehicle	verb phrase
wl_08201	下车	xià chē	to get off; to get out of a vehicle	verb phrase
wl_08202	换乘	huàn chéng	to transfer (transport)	verb
wl_08203	地铁站	dì tiě zhàn	subway station	noun
wl_08204	公交站	gōng jiāo zhàn	bus stop	noun
wl_08205	红绿灯	hóng lǜ dēng	traffic lights	noun
wl_08206	斑马线	bān mǎ xiàn	pedestrian crossing; crosswalk	noun
wl_08207	人行道	rén xíng dào	sidewalk; pavement	noun
wl_08208	安全带	ān quán dài	seat belt	noun
wl_08209	自行车	zì xíng chē	bicycle	noun
wl_08210	电动车	diàn dòng chē	electric bike; electric vehicle	noun
wl_08211	晕车	yùn chē	to get carsick	verb
wl_08212	外婆	wài pó	grandmother (mother's mother)	noun
wl_08213	外公	wài gōng	grandfather (mother's father)	noun
wl_08214	一家人	yī jiā rén	one family; the whole family	noun phrase
wl_08215	过生日	guò shēng rì	to celebrate a birthday	verb phrase
wl_08216	药店	yào diàn	pharmacy; drugstore	noun
wl_08217	发烧	fā shāo	to have a fever	verb
wl_08218	打喷嚏	dǎ pēn tì	to sneeze	verb phrase
wl_08219	拉肚子	lā dù zi	to have diarrhea	verb phrase
wl_08220	睡午觉	shuì wǔ jiào	to take an afternoon nap	verb phrase
wl_08221	不客气	bù kè qi	you are welcome	expression
wl_08222	欢迎光临	huān yíng guāng lín	welcome (to a business)	expression
wl_08223	好久不见	hǎo jiǔ bù jiàn	long time no see	expression
wl_08224	研讨	yán tǎo	discuss in depth	verb
wl_08225	选修	xuǎn xiū	take an elective course	verb
wl_08226	必修	bì xiū	required for study	adjective
wl_08227	辅修	fǔ xiū	minor in a subject	verb
wl_08228	进修	jìn xiū	pursue further studies	verb
wl_08229	自修	zì xiū	study independently	verb
wl_08230	学科	xué kē	academic discipline	noun
wl_08231	学术	xué shù	scholarship and research	noun
wl_08232	学业	xué yè	academic studies	noun
wl_08233	学历	xué lì	educational qualification	noun
wl_08234	学位	xué wèi	academic degree	noun
wl_08235	学制	xué zhì	length of a study program	noun
wl_08236	学分	xué fēn	academic credit	noun
wl_08237	学时	xué shí	instructional hour	noun
wl_08238	学籍	xué jí	student enrollment status	noun
wl_08239	校规	xiào guī	school rules	noun
wl_08240	校训	xiào xùn	school motto	noun
wl_08241	校风	xiào fēng	school ethos	noun
wl_08242	专业	zhuān yè	field of specialization	noun
wl_08243	教务	jiào wù	academic administration	noun
wl_08244	教材	jiào cái	teaching textbook	noun
wl_08245	教辅	jiào fǔ	supplementary teaching material	noun
wl_08246	教案	jiào àn	lesson plan	noun
wl_08247	课件	kè jiàn	course presentation materials	noun
wl_08248	课题	kè tí	research topic	noun
wl_08249	课时	kè shí	lesson period	noun
wl_08250	课业	kè yè	school coursework	noun
wl_08251	讲义	jiǎng yì	lecture notes	noun
wl_08252	讲座	jiǎng zuò	public lecture	noun
wl_08253	讲授	jiǎng shòu	teach by explanation	verb
wl_08254	讲评	jiǎng píng	explain and evaluate	verb
wl_08255	批改	pī gǎi	mark and correct	verb
wl_08256	点评	diǎn píng	comment on and assess	verb
wl_08257	评语	píng yǔ	written evaluation	noun
wl_08258	评审	píng shěn	expert review	noun
wl_08259	评估	píng gū	evaluate	verb
wl_08260	考核	kǎo hé	assess performance	verb
wl_08261	考评	kǎo píng	performance evaluation	noun
wl_08262	考查	kǎo chá	examine learning	verb
wl_08263	考证	kǎo zhèng	verify through research	verb
wl_08264	考研	kǎo yán	take postgraduate entrance exams	verb
wl_08265	考勤	kǎo qín	attendance checking	noun
wl_08266	考点	kǎo diǎn	exam topic	noun
wl_08267	试题	shì tí	exam question	noun
wl_08268	题意	tí yì	meaning of a question	noun
wl_08269	题解	tí jiě	worked solution	noun
wl_08270	解题	jiě tí	solve a problem	verb
wl_08271	命题	mìng tí	set an exam question	verb
wl_08272	选题	xuǎn tí	choose a research topic	verb
wl_08273	论题	lùn tí	topic of discussion	noun
wl_08274	论点	lùn diǎn	central argument	noun
wl_08275	论据	lùn jù	supporting evidence	noun
wl_08276	论证	lùn zhèng	justify an argument	verb
wl_08277	论述	lùn shù	discuss systematically	verb
wl_08278	论文	lùn wén	academic paper	noun
wl_08279	提纲	tí gāng	outline	noun
wl_08280	大纲	dà gāng	syllabus	noun
wl_08281	概述	gài shù	give an overview	verb
wl_08282	概论	gài lùn	introductory survey	noun
wl_08283	概念	gài niàn	concept	noun
wl_08284	定义	dìng yì	definition	noun
wl_08285	定理	dìng lǐ	theorem	noun
wl_08286	定律	dìng lǜ	scientific law	noun
wl_08287	原理	yuán lǐ	underlying principle	noun
wl_08288	规律	guī lǜ	regular pattern	noun
wl_08289	公式	gōng shì	formula	noun
wl_08290	公理	gōng lǐ	axiom	noun
wl_08291	假说	jiǎ shuō	hypothesis	noun
wl_08292	推论	tuī lùn	inference	noun
wl_08293	推理	tuī lǐ	reason logically	verb
wl_08294	推导	tuī dǎo	derive logically	verb
wl_08295	归纳	guī nà	draw a general conclusion	verb
wl_08296	类比	lèi bǐ	reason by analogy	verb
wl_08297	联想	lián xiǎng	make a mental association	verb
wl_08298	反思	fǎn sī	reflect critically	verb
wl_08299	质疑	zhì yí	question the validity of	verb
wl_08300	辨析	biàn xī	distinguish through analysis	verb
wl_08301	剖析	pōu xī	analyze in depth	verb
wl_08302	解析	jiě xī	analyze and explain	verb
wl_08303	举例	jǔ lì	give an example	verb
wl_08304	例证	lì zhèng	illustrative evidence	noun
wl_08305	实证	shí zhèng	empirical evidence	noun
wl_08306	求证	qiú zhèng	seek verification	verb
wl_08307	核查	hé chá	check for accuracy	verb
wl_08308	查证	chá zhèng	investigate and verify	verb
wl_08309	文献	wén xiàn	scholarly source	noun
wl_08310	参照	cān zhào	refer to as a guide	verb
wl_08311	引用	yǐn yòng	quote or cite	verb
wl_08312	注解	zhù jiě	explanatory note	noun
wl_08313	附录	fù lù	appendix	noun
wl_08314	索引	suǒ yǐn	index	noun
wl_08315	目录	mù lù	table of contents	noun
wl_08316	检索	jiǎn suǒ	search for information	verb
wl_08317	调研	diào yán	conduct research	verb
wl_08318	访谈	fǎng tán	research interview	noun
wl_08319	问卷	wèn juàn	questionnaire	noun
wl_08320	抽样	chōu yàng	take a sample	verb
wl_08321	样本	yàng běn	sample	noun
wl_08322	变量	biàn liàng	variable	noun
wl_08323	定量	dìng liàng	quantitative	adjective
wl_08324	定性	dìng xìng	qualitative	adjective
wl_08325	量化	liàng huà	quantify	verb
wl_08326	指标	zhǐ biāo	indicator	noun
wl_08327	参数	cān shù	parameter	noun
wl_08328	模型	mó xíng	model	noun
wl_08329	模拟	mó nǐ	simulate	verb
wl_08330	拟合	nǐ hé	fit a model to data	verb
wl_08331	偏差	piān chā	deviation	noun
wl_08332	误差	wù chā	measurement error	noun
wl_08333	精度	jīng dù	precision	noun
wl_08334	可信	kě xìn	credible	adjective
wl_08335	统筹	tǒng chóu	coordinate overall planning	verb
wl_08336	协调	xié tiáo	coordinate	verb
wl_08337	协作	xié zuò	work collaboratively	verb
wl_08338	合资	hé zī	joint investment	noun
wl_08339	合营	hé yíng	operate jointly	verb
wl_08340	兼职	jiān zhí	part-time employment	noun
wl_08341	专职	zhuān zhí	dedicated to one job	adjective
wl_08342	全职	quán zhí	full-time	adjective
wl_08343	在职	zài zhí	currently employed	adjective
wl_08344	入职	rù zhí	start employment	verb
wl_08345	离职	lí zhí	leave a job	verb
wl_08346	调岗	diào gǎng	change job assignment	verb
wl_08347	职位	zhí wèi	job position	noun
wl_08348	职务	zhí wù	official role	noun
wl_08349	职能	zhí néng	organizational function	noun
wl_08350	职责	zhí zé	job responsibilities	noun
wl_08351	任职	rèn zhí	hold a position	verb
wl_08352	任期	rèn qī	term of office	noun
wl_08353	任命	rèn mìng	appoint to a position	verb
wl_08354	聘用	pìn yòng	hire	verb
wl_08355	应聘	yìng pìn	apply for a job	verb
wl_08356	求职	qiú zhí	seek employment	verb
wl_08357	简历	jiǎn lì	resume	noun
wl_08358	履历	lǚ lì	record of experience	noun
wl_08359	面试	miàn shì	job or admission interview	noun
wl_08360	笔试	bǐ shì	written examination	noun
wl_08361	复试	fù shì	second-stage examination	noun
wl_08362	培训	péi xùn	provide training	verb
wl_08363	轮岗	lún gǎng	rotate between positions	verb
wl_08364	实习	shí xí	internship	noun
wl_08365	见习	jiàn xí	observe and learn on the job	verb
wl_08366	试用	shì yòng	use on a trial basis	verb
wl_08367	转正	zhuǎn zhèng	become a regular employee	verb
wl_08368	绩效	jì xiào	work performance	noun
wl_08369	业绩	yè jì	business results	noun
wl_08370	效益	xiào yì	benefit produced	noun
wl_08371	产能	chǎn néng	production capacity	noun
wl_08372	产值	chǎn zhí	value of output	noun
wl_08373	产量	chǎn liàng	quantity produced	noun
wl_08374	产出	chǎn chū	output	noun
wl_08375	营收	yíng shōu	business revenue	noun
wl_08376	利润	lì rùn	profit	noun
wl_08377	毛利	máo lì	gross profit	noun
wl_08378	净利	jìng lì	net profit	noun
wl_08379	负债	fù zhài	financial liabilities	noun
wl_08380	资产	zī chǎn	assets	noun
wl_08381	资本	zī běn	capital	noun
wl_08382	股份	gǔ fèn	shares in a company	noun
wl_08383	股权	gǔ quán	equity ownership	noun
wl_08384	股息	gǔ xī	share dividend	noun
wl_08385	分红	fēn hóng	distribute profits	verb
wl_08386	融资	róng zī	raise financing	verb
wl_08387	投资	tóu zī	invest	verb
wl_08388	注资	zhù zī	inject capital	verb
wl_08389	出资	chū zī	contribute funds	verb
wl_08390	募资	mù zī	raise investment funds	verb
wl_08391	筹资	chóu zī	raise funds	verb
wl_08392	贷款	dài kuǎn	loan	noun
wl_08393	本金	běn jīn	principal sum	noun
wl_08394	利率	lì lǜ	interest rate	noun
wl_08395	利息	lì xī	interest payment	noun
wl_08396	复利	fù lì	compound interest	noun
wl_08397	汇率	huì lǜ	exchange rate	noun
wl_08398	结算	jié suàn	settle accounts	verb
wl_08399	清算	qīng suàn	liquidate a business; settle accounts	verb
wl_08400	对账	duì zhàng	reconcile accounts	verb
wl_08401	记账	jì zhàng	keep accounts	verb
wl_08402	报销	bào xiāo	claim reimbursement	verb
wl_08403	预算	yù suàn	budget	noun
wl_08404	决算	jué suàn	final financial account	noun
wl_08405	核算	hé suàn	calculate and account for	verb
wl_08406	估算	gū suàn	estimate numerically	verb
wl_08407	审计	shěn jì	audit	verb
wl_08408	财务	cái wù	financial affairs	noun
wl_08409	账目	zhàng mù	financial accounts	noun
wl_08410	应收账款	yīng shōu zhàng kuǎn	accounts receivable	noun
wl_08411	票据	piào jù	financial instrument or voucher	noun
wl_08412	税务	shuì wù	tax affairs	noun
wl_08413	税率	shuì lǜ	tax rate	noun
wl_08414	纳税	nà shuì	pay taxes	verb
wl_08415	征税	zhēng shuì	levy taxes	verb
wl_08416	减税	jiǎn shuì	reduce taxes	verb
wl_08417	免税	miǎn shuì	tax-exempt	adjective
wl_08418	退税	tuì shuì	tax refund	noun
wl_08419	关税	guān shuì	customs duty	noun
wl_08420	增值税	zēng zhí shuì	value-added tax	noun
wl_08421	所得税	suǒ dé shuì	income tax	noun
wl_08422	消费税	xiāo fèi shuì	consumption tax	noun
wl_08423	印花税	yìn huā shuì	stamp duty	noun
wl_08424	预案	yù àn	contingency plan	noun
wl_08425	备案	bèi àn	register for official record	verb
wl_08426	立项	lì xiàng	approve a project for initiation	verb
wl_08427	申报	shēn bào	submit a formal declaration	verb
wl_08428	审批	shěn pī	review and approve	verb
wl_08429	审核	shěn hé	review for compliance	verb
wl_08430	复核	fù hé	check again	verb
wl_08431	复审	fù shěn	review a decision again	verb
wl_08432	复议	fù yì	reconsider a decision	verb
wl_08433	策略	cè lüè	strategy	noun
wl_08434	对策	duì cè	countermeasure	noun
wl_08435	举措	jǔ cuò	practical measure	noun
wl_08436	流程	liú chéng	process sequence	noun
wl_08437	工序	gōng xù	production step	noun
wl_08438	工艺	gōng yì	production technique	noun
wl_08439	准则	zhǔn zé	guiding rule	noun
wl_08440	细则	xì zé	detailed regulations	noun
wl_08441	条例	tiáo lì	regulation	noun
wl_08442	条款	tiáo kuǎn	contractual clause	noun
wl_08443	规章	guī zhāng	rules and regulations	noun
wl_08444	机制	jī zhì	operating mechanism	noun
wl_08445	体系	tǐ xì	organized system	noun
wl_08446	架构	jià gòu	architecture	noun
wl_08447	布局	bù jú	layout	noun
wl_08448	配置	pèi zhì	configure	verb
wl_08449	设定	shè dìng	set a value or condition	verb
wl_08450	创意	chuàng yì	creative idea	noun
wl_08451	创新	chuàng xīn	innovate	verb
wl_08452	创业	chuàng yè	start a business	verb
wl_08453	建模	jiàn mó	build a model	verb
wl_08454	归档	guī dàng	file in an archive	verb
wl_08455	存档	cún dàng	keep on file	verb
wl_08456	纪要	jì yào	summary record	noun
wl_08457	日志	rì zhì	activity log	noun
wl_08458	文案	wén àn	promotional copy	noun
wl_08459	文稿	wén gǎo	written draft	noun
wl_08460	文档	wén dàng	document	noun
wl_08461	格式	gé shì	format	noun
wl_08462	排版	pái bǎn	typeset	verb
wl_08463	编排	biān pái	arrange in order	verb
wl_08464	编制	biān zhì	prepare systematically	verb
wl_08465	编写	biān xiě	write and compile	verb
wl_08466	编译	biān yì	compile computer code	verb
wl_08467	编码	biān mǎ	encode	verb
wl_08468	代码	dài mǎ	program code	noun
wl_08469	程序	chéng xù	computer program	noun
wl_08470	算法	suàn fǎ	algorithm	noun
wl_08471	运算	yùn suàn	computation	noun
wl_08472	数据	shù jù	data	noun
wl_08473	数据库	shù jù kù	database	noun
wl_08474	数据集	shù jù jí	data set	noun
wl_08475	大数据	dà shù jù	large-scale data	noun
wl_08476	云计算	yún jì suàn	cloud computing	noun
wl_08477	云端	yún duān	cloud environment	noun
wl_08478	服务器	fú wù qì	server	noun
wl_08479	客户端	kè hù duān	client application	noun
wl_08480	浏览器	liú lǎn qì	web browser	noun
wl_08481	搜索引擎	sōu suǒ yǐn qíng	search engine	noun
wl_08482	操作系统	cāo zuò xì tǒng	operating system	noun
wl_08483	人工智能	rén gōng zhì néng	artificial intelligence	noun
wl_08484	机器学习	jī qì xué xí	machine learning	noun
wl_08485	深度学习	shēn dù xué xí	deep learning	noun
wl_08486	神经网络	shén jīng wǎng luò	neural network	noun
wl_08487	物联网	wù lián wǎng	Internet of Things	noun
wl_08488	区块链	qū kuài liàn	blockchain	noun
wl_08489	数字化	shù zì huà	digitization	noun
wl_08490	自动化	zì dòng huà	automation	noun
wl_08491	信息化	xìn xī huà	use of information technology	noun
wl_08492	可视化	kě shì huà	visualization	noun
wl_08493	接口	jiē kǒu	interface	noun
wl_08494	端口	duān kǒu	port	noun
wl_08495	终端	zhōng duān	terminal device	noun
wl_08496	链路	liàn lù	communication link	noun
wl_08497	链接	liàn jiē	hyperlink	noun
wl_08498	域名	yù míng	domain name	noun
wl_08499	协议	xié yì	protocol	noun
wl_08500	加密	jiā mì	encrypt	verb
wl_08501	解密	jiě mì	decrypt	verb
wl_08502	密钥	mì yuè	cryptographic key	noun
wl_08503	权限	quán xiàn	access permission	noun
wl_08504	授权	shòu quán	grant authorization	verb
wl_08505	认证	rèn zhèng	verify identity or qualification	verb
wl_08506	隐私	yǐn sī	privacy	noun
wl_08507	保密	bǎo mì	keep confidential	verb
wl_08508	脱敏	tuō mǐn	remove sensitive identifiers	verb
wl_08509	备份	bèi fèn	make a backup	verb
wl_08510	兼容	jiān róng	compatible	adjective
wl_08511	适配	shì pèi	adapt for compatibility	verb
wl_08512	迭代	dié dài	iterate	verb
wl_08513	重构	chóng gòu	restructure existing code	verb
wl_08514	部署	bù shǔ	deploy	verb
wl_08515	运维	yùn wéi	operations and maintenance	noun
wl_08516	调试	tiáo shì	debug and adjust	verb
wl_08517	检测	jiǎn cè	detect through examination	verb
wl_08518	校验	jiào yàn	check against a standard	verb
wl_08519	验证	yàn zhèng	verify	verb
wl_08520	漏洞	lòu dòng	vulnerability	noun
wl_08521	补丁	bǔ ding	software patch	noun
wl_08522	优先级	yōu xiān jí	priority level	noun
wl_08523	里程碑	lǐ chéng bēi	milestone	noun
wl_08524	生态	shēng tài	ecology	noun
wl_08525	栖息地	qī xī dì	habitat	noun
wl_08526	湿地	shī dì	wetland	noun
wl_08527	草原	cǎo yuán	grassland	noun
wl_08528	雨林	yǔ lín	rainforest	noun
wl_08529	荒漠	huāng mò	arid wilderness	noun
wl_08530	戈壁	gē bì	Gobi desert landscape	noun
wl_08531	冻土	dòng tǔ	frozen ground	noun
wl_08532	岩层	yán céng	rock stratum	noun
wl_08533	岩浆	yán jiāng	magma	noun
wl_08534	火山	huǒ shān	volcano	noun
wl_08535	地壳	dì qiào	earth's crust	noun
wl_08536	地幔	dì màn	earth's mantle	noun
wl_08537	地核	dì hé	earth's core	noun
wl_08538	地貌	dì mào	landform	noun
wl_08539	地势	dì shì	terrain elevation and slope	noun
wl_08540	地质	dì zhì	geological conditions	noun
wl_08541	海拔	hǎi bá	elevation above sea level	noun
wl_08542	高原	gāo yuán	plateau	noun
wl_08543	盆地	pén dì	basin landform	noun
wl_08544	峡谷	xiá gǔ	canyon	noun
wl_08545	洋流	yáng liú	ocean current	noun
wl_08546	水位	shuǐ wèi	water level	noun
wl_08547	河床	hé chuáng	riverbed	noun
wl_08548	河口	hé kǒu	river mouth	noun
wl_08549	流域	liú yù	drainage basin	noun
wl_08550	支流	zhī liú	tributary	noun
wl_08551	干流	gàn liú	main river channel	noun
wl_08552	洪峰	hóng fēng	flood peak	noun
wl_08553	洪涝	hóng lào	flooding and waterlogging	noun
wl_08554	泥石流	ní shí liú	debris flow	noun
wl_08555	滑坡	huá pō	landslide	noun
wl_08556	气候	qì hòu	climate	noun
wl_08557	气象	qì xiàng	weather phenomena	noun
wl_08558	气温	qì wēn	air temperature	noun
wl_08559	湿度	shī dù	humidity	noun
wl_08560	气压	qì yā	air pressure	noun
wl_08561	季风	jì fēng	monsoon	noun
wl_08562	热浪	rè làng	heat wave	noun
wl_08563	暴雨	bào yǔ	torrential rain	noun
wl_08564	暴雪	bào xuě	heavy snowstorm	noun
wl_08565	霜冻	shuāng dòng	frost damage or freezing conditions	noun
wl_08566	雾霾	wù mái	haze pollution	noun
wl_08567	蒸发	zhēng fā	evaporate	verb
wl_08568	凝结	níng jié	condense	verb
wl_08569	液化	yè huà	liquefy a gas	verb
wl_08570	汽化	qì huà	vaporize	verb
wl_08571	降水	jiàng shuǐ	precipitation	noun
wl_08572	日照	rì zhào	sunshine exposure	noun
wl_08573	紫外线	zǐ wài xiàn	ultraviolet radiation	noun
wl_08574	温室效应	wēn shì xiào yìng	greenhouse effect	noun
wl_08575	全球变暖	quán qiú biàn nuǎn	global warming	noun
wl_08576	碳排放	tàn pái fàng	carbon emissions	noun
wl_08577	碳中和	tàn zhōng hé	carbon neutrality	noun
wl_08578	碳足迹	tàn zú jì	carbon footprint	noun
wl_08579	新能源	xīn néng yuán	new energy sources	noun
wl_08580	太阳能	tài yáng néng	solar energy	noun
wl_08581	风能	fēng néng	wind energy	noun
wl_08582	地热	dì rè	geothermal heat	noun
wl_08583	核能	hé néng	nuclear energy	noun
wl_08584	天然气	tiān rán qì	natural gas	noun
wl_08585	矿产	kuàng chǎn	mineral resources	noun
wl_08586	合金	hé jīn	alloy	noun
wl_08587	半导体	bàn dǎo tǐ	semiconductor	noun
wl_08588	导体	dǎo tǐ	electrical conductor	noun
wl_08589	绝缘体	jué yuán tǐ	electrical insulator	noun
wl_08590	电阻	diàn zǔ	electrical resistance	noun
wl_08591	电压	diàn yā	voltage	noun
wl_08592	电流	diàn liú	electric current	noun
wl_08593	电路	diàn lù	electric circuit	noun
wl_08594	电荷	diàn hè	electric charge	noun
wl_08595	磁场	cí chǎng	magnetic field	noun
wl_08596	波长	bō cháng	wavelength	noun
wl_08597	频率	pín lǜ	frequency	noun
wl_08598	光谱	guāng pǔ	spectrum of light	noun
wl_08599	原子	yuán zǐ	atom	noun
wl_08600	分子	fēn zǐ	molecule	noun
wl_08601	电子	diàn zǐ	electron	noun
wl_08602	质子	zhì zǐ	proton	noun
wl_08603	中子	zhōng zǐ	neutron	noun
wl_08604	离子	lí zǐ	ion	noun
wl_08605	元素	yuán sù	chemical element	noun
wl_08606	化合物	huà hé wù	chemical compound	noun
wl_08607	混合物	hùn hé wù	mixture	noun
wl_08608	溶液	róng yè	solution in chemistry	noun
wl_08609	溶剂	róng jì	solvent	noun
wl_08610	浓度	nóng dù	concentration	noun
wl_08611	密度	mì dù	density	noun
wl_08612	弹性	tán xìng	elasticity	noun
wl_08613	植被	zhí bèi	vegetation cover	noun
wl_08614	物种	wù zhǒng	species	noun
wl_08615	种群	zhǒng qún	biological population	noun
wl_08616	生物多样性	shēng wù duō yàng xìng	biodiversity	noun
wl_08617	生态系统	shēng tài xì tǒng	ecosystem	noun
wl_08618	食物链	shí wù liàn	food chain	noun
wl_08619	共生	gòng shēng	symbiosis	noun
wl_08620	寄生	jì shēng	parasitism	noun
wl_08621	进化	jìn huà	biological evolution	noun
wl_08622	遗传	yí chuán	heredity	noun
wl_08623	基因	jī yīn	gene	noun
wl_08624	文化	wén huà	culture	noun
wl_08625	文明	wén míng	civilization	noun
wl_08626	文艺	wén yì	literature and the arts	noun
wl_08627	文学	wén xué	literature	noun
wl_08628	文体	wén tǐ	text genre	noun
wl_08629	文风	wén fēng	writing style	noun
wl_08630	文笔	wén bǐ	skill in written expression	noun
wl_08631	文采	wén cǎi	literary elegance	noun
wl_08632	修辞	xiū cí	rhetorical expression	noun
wl_08633	语法	yǔ fǎ	grammar	noun
wl_08634	句法	jù fǎ	syntax	noun
wl_08635	词法	cí fǎ	word formation and word rules	noun
wl_08636	语义	yǔ yì	meaning in language	noun
wl_08637	语境	yǔ jìng	linguistic context	noun
wl_08638	语感	yǔ gǎn	intuitive feel for a language	noun
wl_08639	语音	yǔ yīn	speech sounds	noun
wl_08640	音韵	yīn yùn	sound and rhyme patterns	noun
wl_08641	韵律	yùn lǜ	rhythmic pattern	noun
wl_08642	节奏	jié zòu	rhythm	noun
wl_08643	节拍	jié pāi	musical beat	noun
wl_08644	旋律	xuán lǜ	melody	noun
wl_08645	和声	hé shēng	harmony in music	noun
wl_08646	音色	yīn sè	tone color	noun
wl_08647	音域	yīn yù	pitch range	noun
wl_08648	音阶	yīn jiē	musical scale	noun
wl_08649	乐理	yuè lǐ	music theory	noun
wl_08650	配乐	pèi yuè	add background music	verb
wl_08651	配音	pèi yīn	provide a recorded voice	verb
wl_08652	编曲	biān qǔ	arrange music	verb
wl_08653	作曲	zuò qǔ	compose music	verb
wl_08654	填词	tián cí	write song lyrics	verb
wl_08655	合奏	hé zòu	ensemble performance	noun
wl_08656	独奏	dú zòu	solo instrumental performance	noun
wl_08657	交响乐	jiāo xiǎng yuè	symphonic music	noun
wl_08658	民乐	mín yuè	traditional folk music	noun
wl_08659	爵士乐	jué shì yuè	jazz	noun
wl_08660	民谣	mín yáo	folk song	noun
wl_08661	戏曲	xì qǔ	traditional Chinese opera	noun
wl_08662	京剧	jīng jù	Peking opera	noun
wl_08663	昆曲	kūn qǔ	Kunqu opera	noun
wl_08664	话剧	huà jù	spoken drama	noun
wl_08665	歌剧	gē jù	opera	noun
wl_08666	舞剧	wǔ jù	dance drama	noun
wl_08667	音乐剧	yīn yuè jù	musical theater	noun
wl_08668	曲艺	qǔ yì	traditional narrative performance arts	noun
wl_08669	相声	xiàng sheng	crosstalk comedy	noun
wl_08670	摄影	shè yǐng	photography	noun
wl_08671	构图	gòu tú	visual composition	noun
wl_08672	曝光	bào guāng	photographic exposure	noun
wl_08673	光圈	guāng quān	camera aperture	noun
wl_08674	快门	kuài mén	camera shutter	noun
wl_08675	焦距	jiāo jù	focal length	noun
wl_08676	景深	jǐng shēn	depth of field	noun
wl_08677	像素	xiàng sù	pixel	noun
wl_08678	分辨率	fēn biàn lǜ	resolution	noun
wl_08679	剪辑	jiǎn jí	edit recorded material	verb
wl_08680	特写	tè xiě	close-up	noun
wl_08681	视角	shì jiǎo	viewing perspective	noun
wl_08682	素描	sù miáo	drawing in lines and tones	noun
wl_08683	水墨	shuǐ mò	ink painting	noun
wl_08684	抽象	chōu xiàng	abstract	adjective
wl_08685	具体	jù tǐ	specific and concrete	adjective
wl_08686	共性	gòng xìng	shared characteristic	noun
wl_08687	个性	gè xìng	individual character	noun
wl_08688	属性	shǔ xìng	attribute	noun
wl_08689	特性	tè xìng	distinctive property	noun
wl_08690	本质	běn zhì	essential nature	noun
wl_08691	实质	shí zhì	substance of a matter	noun
wl_08692	表象	biǎo xiàng	outward appearance	noun
wl_08693	迹象	jì xiàng	indication	noun
wl_08694	倾向	qīng xiàng	tendency	noun
wl_08695	态势	tài shì	overall developing situation	noun
wl_08696	动态	dòng tài	changing developments	noun
wl_08697	静态	jìng tài	static	adjective
wl_08698	常态	cháng tài	normal condition	noun
wl_08699	现状	xiàn zhuàng	current condition	noun
wl_08700	规模	guī mó	scale	noun
wl_08701	深度	shēn dù	depth	noun
wl_08702	广度	guǎng dù	breadth	noun
wl_08703	程度	chéng dù	degree or extent	noun
wl_08704	界限	jiè xiàn	dividing limit	noun
wl_08705	边界	biān jiè	boundary	noun
wl_08706	极限	jí xiàn	limit of capacity	noun
wl_08707	上限	shàng xiàn	upper limit	noun
wl_08708	下限	xià xiàn	lower limit	noun
wl_08709	底线	dǐ xiàn	minimum acceptable boundary	noun
wl_08710	基准	jī zhǔn	reference standard	noun
wl_08711	权重	quán zhòng	weighting factor	noun
wl_08712	比例	bǐ lì	proportion	noun
wl_08713	概率	gài lǜ	probability	noun
wl_08714	客观	kè guān	objective	adjective
wl_08715	主观	zhǔ guān	subjective	adjective
wl_08716	理性	lǐ xìng	rational	adjective
wl_08717	感性	gǎn xìng	based on feeling and perception	adjective
wl_08718	中立	zhōng lì	neutral	adjective
wl_08719	严谨	yán jǐn	rigorous	adjective
wl_08720	宏观	hóng guān	large-scale overall	adjective
wl_08721	微观	wēi guān	small-scale detailed	adjective
wl_08722	冗余	rǒng yú	redundancy	noun
wl_08723	同步	tóng bù	synchronize	verb
wl_08724	一以贯之	yī yǐ guàn zhī	to follow one consistent principle	verb phrase
wl_08725	一分一毫	yī fēn yī háo	even the smallest amount	noun phrase
wl_08726	一分为二	yī fēn wéi èr	to consider both sides	verb phrase
wl_08727	一切就绪	yī qiè jiù xù	everything is ready	clause
wl_08728	一反常态	yī fǎn cháng tài	to behave unusually	verb phrase
wl_08729	一呼百应	yī hū bǎi yìng	to receive widespread support	verb phrase
wl_08730	一哄而散	yī hòng ér sàn	to scatter in a rush	verb phrase
wl_08731	一唱一和	yī chàng yī hè	to echo each other	verb phrase
wl_08732	一团和气	yī tuán hé qì	superficial harmony	noun phrase
wl_08733	一孔之见	yī kǒng zhī jiàn	a narrow personal view	noun phrase
wl_08734	一字不差	yī zì bù chā	without a single word changed	adverb phrase
wl_08735	一字不提	yī zì bù tí	to say nothing about something	verb phrase
wl_08736	一字千金	yī zì qiān jīn	writing of exceptional value	noun phrase
wl_08737	一心二用	yī xīn èr yòng	to divide one's attention	verb phrase
wl_08738	一技之长	yī jì zhī cháng	a useful specialized skill	noun phrase
wl_08739	一拥而入	yī yōng ér rù	to rush in together	verb phrase
wl_08740	一文不值	yī wén bù zhí	completely worthless	adjective phrase
wl_08741	一日千里	yī rì qiān lǐ	to advance extremely rapidly	verb phrase
wl_08742	一时半刻	yī shí bàn kè	a short while	noun phrase
wl_08743	一曝十寒	yī pù shí hán	sporadic effort	verb phrase
wl_08744	一望而知	yī wàng ér zhī	obvious at a glance	adjective phrase
wl_08745	一朝一夕	yī zhāo yī xī	a very short time	noun phrase
wl_08746	一本万利	yī běn wàn lì	large profits from a small investment	adjective phrase
wl_08747	一枝独秀	yī zhī dú xiù	to stand out above the rest	verb phrase
wl_08748	一概而论	yī gài ér lùn	to judge everything in the same way	verb phrase
wl_08749	一步登天	yī bù dēng tiān	to achieve success in one leap	verb phrase
wl_08750	一毛不拔	yī máo bù bá	extremely stingy	adjective phrase
wl_08751	一清二白	yī qīng èr bái	completely innocent and honest	adjective phrase
wl_08752	一炮打响	yī pào dǎ xiǎng	to make an immediate successful debut	verb phrase
wl_08753	一目十行	yī mù shí háng	to read very quickly	verb phrase
wl_08754	一眼看穿	yī yǎn kàn chuān	to see through something immediately	verb phrase
wl_08755	一箭双雕	yī jiàn shuāng diāo	to achieve two goals with one action	verb phrase
wl_08756	一纸空文	yī zhǐ kōng wén	a document with no practical effect	noun phrase
wl_08757	一脉相承	yī mài xiāng chéng	to share a continuous tradition	verb phrase
wl_08758	一般见识	yī bān jiàn shi	to take a petty dispute seriously	verb phrase
wl_08759	一叶知秋	yī yè zhī qiū	to recognize a larger trend from a small sign	verb phrase
wl_08760	一叶障目	yī yè zhàng mù	to miss the whole picture through a narrow focus	verb phrase
wl_08761	一言九鼎	yī yán jiǔ dǐng	words that carry great weight	adjective phrase
wl_08762	一语道破	yī yǔ dào pò	to reveal the truth in one remark	verb phrase
wl_08763	一诺千金	yī nuò qiān jīn	to take a promise very seriously	adjective phrase
wl_08764	一蹴而就	yī cù ér jiù	to accomplish something in one easy step	verb phrase
wl_08765	一身是胆	yī shēn shì dǎn	extremely courageous	adjective phrase
wl_08766	一通百通	yī tōng bǎi tōng	understanding one principle unlocks many others	verb phrase
wl_08767	一雪前耻	yī xuě qián chǐ	to redeem an earlier defeat or humiliation	verb phrase
wl_08768	一面之缘	yī miàn zhī yuán	a single brief encounter	noun phrase
wl_08769	一饮而尽	yī yǐn ér jìn	to finish a drink in one go	verb phrase
wl_08770	一饱眼福	yī bǎo yǎn fú	to enjoy a visual treat	verb phrase
wl_08771	一马平川	yī mǎ píng chuān	a vast flat expanse	noun phrase
wl_08772	一骑绝尘	yī qí jué chén	to leave all competitors far behind	verb phrase
wl_08773	一鳞半爪	yī lín bàn zhǎo	fragmentary information	noun phrase
wl_08774	七弯八拐	qī wān bā guǎi	winding and full of turns	adjective phrase
wl_08775	七手八脚	qī shǒu bā jiǎo	many people bustling to help	adverb phrase
wl_08776	七扭八歪	qī niǔ bā wāi	crooked and uneven	adjective phrase
wl_08777	七窍生烟	qī qiào shēng yān	furious	adjective phrase
wl_08778	七零八落	qī líng bā luò	scattered and incomplete	adjective phrase
wl_08779	三五成群	sān wǔ chéng qún	in small groups	adverb phrase
wl_08780	三人成虎	sān rén chéng hǔ	repeated rumors can be mistaken for truth	clause
wl_08781	三令五申	sān lìng wǔ shēn	to issue repeated serious instructions	verb phrase
wl_08782	三思而行	sān sī ér xíng	to think carefully before acting	verb phrase
wl_08783	三番五次	sān fān wǔ cì	repeatedly	adverb
wl_08784	三足鼎立	sān zú dǐng lì	three rival powers in balance	verb phrase
wl_08785	三头六臂	sān tóu liù bì	extraordinary ability to handle many tasks	adjective phrase
wl_08786	三顾茅庐	sān gù máo lú	to make repeated sincere requests for help	verb phrase
wl_08787	上下其手	shàng xià qí shǒu	to secretly manipulate things for personal gain	verb phrase
wl_08788	上当受骗	shàng dàng shòu piàn	to be deceived	verb phrase
wl_08789	上行下效	shàng xíng xià xiào	those below imitate those above	clause
wl_08790	不依不饶	bù yī bù ráo	to refuse to let a matter drop	verb phrase
wl_08791	不分伯仲	bù fēn bó zhòng	evenly matched	adjective phrase
wl_08792	不分彼此	bù fēn bǐ cǐ	without distinguishing what belongs to whom	adverb phrase
wl_08793	不分皂白	bù fēn zào bái	without distinguishing right from wrong	adverb phrase
wl_08794	不卑不亢	bù bēi bù kàng	neither submissive nor arrogant	adjective phrase
wl_08795	不可一世	bù kě yī shì	extremely arrogant	adjective phrase
wl_08796	不可言喻	bù kě yán yù	beyond words	adjective phrase
wl_08797	不吐不快	bù tǔ bù kuài	to feel compelled to speak one's mind	verb phrase
wl_08798	不学无术	bù xué wú shù	ignorant and unskilled	adjective phrase
wl_08799	不容小觑	bù róng xiǎo qù	must not be underestimated	verb phrase
wl_08800	不念旧恶	bù niàn jiù è	to forgive past wrongs	verb phrase
wl_08801	不怒而威	bù nù ér wēi	commanding respect without showing anger	adjective phrase
wl_08802	不怀好意	bù huái hǎo yì	to have bad intentions	verb phrase
wl_08803	不成体统	bù chéng tǐ tǒng	improper and undignified	adjective phrase
wl_08804	不拘小节	bù jū xiǎo jié	unconcerned with minor formalities	adjective phrase
wl_08805	不敢恭维	bù gǎn gōng wei	hardly deserving praise	verb phrase
wl_08806	不敢苟同	bù gǎn gǒu tóng	to respectfully disagree	verb phrase
wl_08807	不求甚解	bù qiú shèn jiě	to settle for a superficial understanding	verb phrase
wl_08808	不理不睬	bù lǐ bù cǎi	to ignore someone completely	verb phrase
wl_08809	不甘人后	bù gān rén hòu	unwilling to fall behind others	adjective phrase
wl_08810	不甘示弱	bù gān shì ruò	unwilling to appear weaker	adjective phrase
wl_08811	不疾不徐	bù jí bù xú	at a calm and steady pace	adverb phrase
wl_08812	不痛不痒	bù tòng bù yǎng	weak and inconsequential	adjective phrase
wl_08813	不眠不休	bù mián bù xiū	without sleep or rest	adverb phrase
wl_08814	不知好歹	bù zhī hǎo dǎi	unable to appreciate what is good for oneself	adjective phrase
wl_08815	不知轻重	bù zhī qīng zhòng	unable to judge what matters or is appropriate	adjective phrase
wl_08816	不知进退	bù zhī jìn tuì	unable to judge when to advance or withdraw	adjective phrase
wl_08817	不紧不慢	bù jǐn bù màn	unhurried	adjective phrase
wl_08818	不自量力	bù zì liàng lì	to overestimate one's ability	verb phrase
wl_08819	不见不散	bù jiàn bù sàn	to promise to wait until someone arrives	verb phrase
wl_08820	不见天日	bù jiàn tiān rì	deprived of daylight or freedom	adjective phrase
wl_08821	不见经传	bù jiàn jīng zhuàn	relatively unknown	adjective phrase
wl_08822	不言自明	bù yán zì míng	self-evident	adjective
wl_08823	不计前嫌	bù jì qián xián	to put old grievances aside	verb phrase
wl_08824	不识大体	bù shí dà tǐ	unable to consider the wider interests	adjective phrase
wl_08825	不识时务	bù shí shí wù	unable to judge the current situation	adjective phrase
wl_08826	不负众望	bù fù zhòng wàng	to live up to everyone's expectations	verb phrase
wl_08827	不足挂齿	bù zú guà chǐ	not worth mentioning	adjective phrase
wl_08828	不离不弃	bù lí bù qì	to stay loyally by someone's side	verb phrase
wl_08829	世态炎凉	shì tài yán liáng	the fickleness of people's treatment of others	noun phrase
wl_08830	世风日下	shì fēng rì xià	declining social morals	verb phrase
wl_08831	丢盔弃甲	diū kuī qì jiǎ	to flee in utter defeat	verb phrase
wl_08832	中西合璧	zhōng xī hé bì	a combination of Chinese and Western elements	noun phrase
wl_08833	串通一气	chuàn tōng yī qì	to collude with each other	verb phrase
wl_08834	久仰大名	jiǔ yǎng dà míng	to have long admired someone's reputation	verb phrase
wl_08835	久经考验	jiǔ jīng kǎo yàn	proven over a long period	adjective phrase
wl_08836	乍暖还寒	zhà nuǎn huán hán	warm weather giving way to cold again	adjective phrase
wl_08837	乏善可陈	fá shàn kě chén	with little worth praising	adjective phrase
wl_08838	九死一生	jiǔ sǐ yī shēng	to narrowly survive extreme danger	verb phrase
wl_08839	了然于胸	liǎo rán yú xiōng	to understand something clearly	verb phrase
wl_08840	事倍功半	shì bèi gōng bàn	much effort for little result	verb phrase
wl_08841	事到临头	shì dào lín tóu	when the moment of action arrives	adverb phrase
wl_08842	事在人为	shì zài rén wéi	results depend on people's efforts	clause
wl_08843	事过境迁	shì guò jìng qiān	circumstances have changed with time	clause
wl_08844	互为因果	hù wéi yīn guǒ	to be both cause and effect of each other	verb phrase
wl_08845	互相推诿	hù xiāng tuī wěi	to shift responsibility onto each other	verb phrase
wl_08846	互通有无	hù tōng yǒu wú	to exchange what each side needs	verb phrase
wl_08847	五光十色	wǔ guāng shí sè	bright and richly varied in color	adjective phrase
wl_08848	五味杂陈	wǔ wèi zá chén	mixed and complicated feelings	adjective phrase
wl_08849	五彩缤纷	wǔ cǎi bīn fēn	colorful and vibrant	adjective phrase
wl_08850	交口称誉	jiāo kǒu chēng yù	to praise unanimously	verb phrase
wl_08851	交浅言深	jiāo qiǎn yán shēn	to speak too intimately to a new acquaintance	verb phrase
wl_08852	亦敌亦友	yì dí yì yǒu	both rival and friend	adjective phrase
wl_08853	亦步亦趋	yì bù yì qū	to follow someone blindly	verb phrase
wl_08854	亭亭玉立	tíng tíng yù lì	gracefully tall and slender	adjective phrase
wl_08855	人云亦云	rén yún yì yún	to repeat others' opinions unthinkingly	verb phrase
wl_08856	人仰马翻	rén yǎng mǎ fān	complete confusion after a disruption	adjective phrase
wl_08857	人去楼空	rén qù lóu kōng	a place left empty after people depart	clause
wl_08858	人困马乏	rén kùn mǎ fá	exhausted after prolonged exertion	adjective phrase
wl_08859	人多势众	rén duō shì zhòng	strength in numbers	adjective phrase
wl_08860	人微言轻	rén wēi yán qīng	having little influence because of low status	adjective phrase
wl_08861	人浮于事	rén fú yú shì	more staff than necessary	adjective phrase
wl_08862	人烟稀少	rén yān xī shǎo	sparsely populated	adjective phrase
wl_08863	人尽皆知	rén jìn jiē zhī	known to everyone	adjective phrase
wl_08864	人声鼎沸	rén shēng dǐng fèi	noisy with a crowd's voices	adjective phrase
wl_08865	人言可畏	rén yán kě wèi	public gossip can be intimidating	clause
wl_08866	人财两空	rén cái liǎng kōng	to lose both the person and the money	verb phrase
wl_08867	人走茶凉	rén zǒu chá liáng	influence and attention fade after someone leaves	clause
wl_08868	人迹罕至	rén jì hǎn zhì	rarely visited by people	adjective phrase
wl_08869	仗义执言	zhàng yì zhí yán	to speak up for justice	verb phrase
wl_08870	仗义疏财	zhàng yì shū cái	to give generously to help others	verb phrase
wl_08871	付之一笑	fù zhī yī xiào	to dismiss with a smile	verb phrase
wl_08872	付诸实施	fù zhū shí shī	to put into practice	verb phrase
wl_08873	令人瞩目	lìng rén zhǔ mù	attracting considerable attention	adjective phrase
wl_08874	令行禁止	lìng xíng jìn zhǐ	orders carried out and prohibitions obeyed	verb phrase
wl_08875	以儆效尤	yǐ jǐng xiào yóu	to punish as a warning to others	verb phrase
wl_08876	以卵击石	yǐ luǎn jī shí	to confront overwhelming strength hopelessly	verb phrase
wl_08877	以史为鉴	yǐ shǐ wéi jiàn	to learn lessons from history	verb phrase
wl_08878	以少胜多	yǐ shǎo shèng duō	to defeat a larger force with fewer people	verb phrase
wl_08879	以弱胜强	yǐ ruò shèng qiáng	to defeat a stronger opponent	verb phrase
wl_08880	以强凌弱	yǐ qiáng líng ruò	to bully the weak with superior strength	verb phrase
wl_08881	以德报怨	yǐ dé bào yuàn	to repay hostility with kindness	verb phrase
wl_08882	以柔克刚	yǐ róu kè gāng	to overcome force with flexibility	verb phrase
wl_08883	以权谋私	yǐ quán móu sī	to abuse power for personal gain	verb phrase
wl_08884	以正视听	yǐ zhèng shì tīng	to correct public misunderstanding	verb phrase
wl_08885	以讹传讹	yǐ é chuán é	to pass on increasingly distorted information	verb phrase
wl_08886	以貌取人	yǐ mào qǔ rén	to judge people by appearance	verb phrase
wl_08887	以逸待劳	yǐ yì dài láo	to conserve strength while an opponent tires	verb phrase
wl_08888	仰人鼻息	yǎng rén bí xī	to depend helplessly on someone else's favor	verb phrase
wl_08889	任人唯亲	rèn rén wéi qīn	to favor relatives and close associates in appointments	verb phrase
wl_08890	任人唯贤	rèn rén wéi xián	to appoint people according to merit	verb phrase
wl_08891	休戚相关	xiū qī xiāng guān	closely linked in interests and fortunes	adjective phrase
wl_08892	似笑非笑	sì xiào fēi xiào	with an ambiguous half-smile	adjective phrase
wl_08893	何乐不为	hé lè bù wéi	why not gladly do it	clause
wl_08894	你争我夺	nǐ zhēng wǒ duó	to compete fiercely with each other	verb phrase
wl_08895	来日方长	lái rì fāng cháng	there is plenty of time ahead	clause
wl_08896	依依不舍	yī yī bù shě	reluctant to part	adjective phrase
wl_08897	依然如故	yī rán rú gù	unchanged as before	adjective phrase
wl_08898	促膝谈心	cù xī tán xīn	to have an intimate heart-to-heart talk	verb phrase
wl_08899	保家卫国	bǎo jiā wèi guó	to defend one's homeland	verb phrase
wl_08900	保驾护航	bǎo jià hù háng	to provide protection and support	verb phrase
wl_08901	修心养性	xiū xīn yǎng xìng	to cultivate a calm and disciplined character	verb phrase
wl_08902	俯拾皆是	fǔ shí jiē shì	abundant and easy to find	adjective phrase
wl_08903	俯首帖耳	fǔ shǒu tiē ěr	completely obedient and submissive	adjective phrase
wl_08904	仓皇出逃	cāng huáng chū táo	to flee in panic	verb phrase
wl_08905	倒打一耙	dào dǎ yī pá	to turn an accusation against the victim	verb phrase
wl_08906	倒行逆施	dào xíng nì shī	to act against what is right or reasonable	verb phrase
wl_08907	倚老卖老	yǐ lǎo mài lǎo	to claim superiority merely through age	verb phrase
wl_08908	借刀杀人	jiè dāo shā rén	to use someone else to harm an opponent	verb phrase
wl_08909	借古讽今	jiè gǔ fěng jīn	to criticize the present through stories of the past	verb phrase
wl_08910	借花献佛	jiè huā xiàn fó	to give a gift obtained from someone else	verb phrase
wl_08911	借酒浇愁	jiè jiǔ jiāo chóu	to drink in an attempt to ease sorrow	verb phrase
wl_08912	假公济私	jiǎ gōng jì sī	to pursue private gain under a public pretext	verb phrase
wl_08913	做贼心虚	zuò zéi xīn xū	guilty and afraid of being exposed	adjective phrase
wl_08914	偶一为之	ǒu yī wéi zhī	to do something only occasionally	verb phrase
wl_08915	偷天换日	tōu tiān huàn rì	to carry out a major deception by substitution	verb phrase
wl_08916	债台高筑	zhài tái gāo zhù	deeply in debt	adjective phrase
wl_08917	伤心欲绝	shāng xīn yù jué	overwhelmed with grief	adjective phrase
wl_08918	伤筋动骨	shāng jīn dòng gǔ	to cause serious damage to the foundations	verb phrase
wl_08919	倾囊相授	qīng náng xiāng shòu	to teach everything one knows	verb phrase
wl_08920	倾巢而出	qīng cháo ér chū	to come out in full force	verb phrase
wl_08921	僧多粥少	sēng duō zhōu shǎo	too many claimants for too few resources	clause
wl_08922	价廉物美	jià lián wù měi	inexpensive and good quality	adjective phrase
wl_08923	优胜劣汰	yōu shèng liè tài	the better succeed and the weaker are eliminated	clause
wl_08924	先来后到	xiān lái hòu dào	priority according to arrival order	noun phrase
wl_08925	先斩后奏	xiān zhǎn hòu zòu	to act first and report afterward	verb phrase
wl_08926	先睹为快	xiān dǔ wéi kuài	to enjoy seeing something before others	verb phrase
wl_08927	先礼后兵	xiān lǐ hòu bīng	to try courtesy before stronger measures	verb phrase
wl_08928	光说不练	guāng shuō bù liàn	to talk without taking action	verb phrase
wl_08929	光阴似箭	guāng yīn sì jiàn	time passes very quickly	clause
wl_08930	克勤克俭	kè qín kè jiǎn	hardworking and frugal	adjective phrase
wl_08931	克己奉公	kè jǐ fèng gōng	self-disciplined and devoted to public duty	adjective phrase
wl_08932	入境问俗	rù jìng wèn sú	to learn local customs when entering a new place	verb phrase
wl_08933	入情入理	rù qíng rù lǐ	reasonable and well grounded	adjective phrase
wl_08934	内忧外患	nèi yōu wài huàn	internal problems and external threats	noun phrase
wl_08935	全身而退	quán shēn ér tuì	to withdraw without harm	verb phrase
wl_08936	两袖清风	liǎng xiù qīng fēng	honest and free from ill-gotten wealth	adjective phrase
wl_08937	两面三刀	liǎng miàn sān dāo	deceitful and double-dealing	adjective phrase
wl_08938	公之于众	gōng zhī yú zhòng	to make publicly known	verb phrase
wl_08939	公而忘私	gōng ér wàng sī	to put public duty entirely before self-interest	verb phrase
wl_08940	六亲不认	liù qīn bù rèn	to reject even one's closest relatives	verb phrase
wl_08941	兵不血刃	bīng bù xuè rèn	to win without bloodshed	verb phrase
wl_08942	兵临城下	bīng lín chéng xià	a serious threat at the doorstep	clause
wl_08943	兵荒马乱	bīng huāng mǎ luàn	chaotic and unsettled	adjective phrase
wl_08944	兵贵神速	bīng guì shén sù	speed is essential in taking action	clause
wl_08945	其貌不扬	qí mào bù yáng	unremarkable in appearance	adjective phrase
wl_08946	兼收并蓄	jiān shōu bìng xù	to absorb diverse useful elements	verb phrase
wl_08947	冤家路窄	yuān jiā lù zhǎi	opponents keep encountering each other	clause
wl_08948	冥顽不灵	míng wán bù líng	stubbornly resistant to reason	adjective phrase
wl_08949	冰释前嫌	bīng shì qián xián	to resolve past resentment	verb phrase
wl_08950	冷若冰霜	lěng ruò bīng shuāng	cold and unapproachable	adjective phrase
wl_08951	冷言冷语	lěng yán lěng yǔ	unfriendly or sarcastic remarks	noun phrase
wl_08952	凌乱不堪	líng luàn bù kān	extremely messy	adjective phrase
wl_08953	凹凸不平	āo tū bù píng	uneven and bumpy	adjective phrase
wl_08954	出口成章	chū kǒu chéng zhāng	to speak eloquently without preparation	verb phrase
wl_08955	出水芙蓉	chū shuǐ fú róng	fresh and natural beauty	noun phrase
wl_08956	出尔反尔	chū ěr fǎn ěr	to go back on one's word	verb phrase
wl_08957	出自肺腑	chū zì fèi fǔ	to come from the heart	verb phrase
wl_08958	分崩离析	fēn bēng lí xī	to disintegrate	verb phrase
wl_08959	分而治之	fēn ér zhì zhī	to divide and manage separately	verb phrase
wl_08960	分身乏术	fēn shēn fá shù	unable to be in several places at once	adjective phrase
wl_08961	分门别类	fēn mén bié lèi	to sort into categories	verb phrase
wl_08962	切中要害	qiè zhòng yào hài	to address the crucial point	verb phrase
wl_08963	初露头角	chū lù tóu jiǎo	to begin showing one's talent	verb phrase
wl_08964	别树一帜	bié shù yī zhì	to establish a distinctive approach	verb phrase
wl_08965	别无二致	bié wú èr zhì	essentially identical	adjective phrase
wl_08966	别开生面	bié kāi shēng miàn	fresh and original	adjective phrase
wl_08967	利令智昏	lì lìng zhì hūn	greed clouds one's judgment	clause
wl_08968	利欲熏心	lì yù xūn xīn	consumed by greed	adjective phrase
wl_08969	刻苦耐劳	kè kǔ nài láo	willing to work hard and endure hardship	adjective phrase
wl_08970	削足适履	xuē zú shì lǚ	to force facts to fit an unsuitable model	verb phrase
wl_08971	前倨后恭	qián jù hòu gōng	arrogant at first and respectful later	adjective phrase
wl_08972	前所未闻	qián suǒ wèi wén	never heard of before	adjective phrase
wl_08973	前赴后继	qián fù hòu jì	to advance in successive waves	verb phrase
wl_08974	刚柔并济	gāng róu bìng jì	to combine firmness with flexibility	verb phrase
wl_08975	劈头盖脸	pī tóu gài liǎn	abruptly and forcefully	adverb phrase
wl_08976	力排众议	lì pái zhòng yì	to insist despite widespread opposition	verb phrase
wl_08977	力争上游	lì zhēng shàng yóu	to strive to be among the best	verb phrase
wl_08978	功不可没	gōng bù kě mò	to deserve substantial credit	verb phrase
wl_08979	功成不居	gōng chéng bù jū	to avoid claiming credit for success	verb phrase
wl_08980	功败垂成	gōng bài chuí chéng	to fail just before success	verb phrase
wl_08981	助纣为虐	zhù zhòu wéi nüè	to help someone commit wrongdoing	verb phrase
wl_08982	劫后余生	jié hòu yú shēng	to survive a major disaster	verb phrase
wl_08983	动辄得咎	dòng zhé dé jiù	to be blamed at every turn	verb phrase
wl_08984	胜券在握	shèng quàn zài wò	confident of a likely victory	adjective phrase
wl_08985	劳师动众	láo shī dòng zhòng	to mobilize many people unnecessarily	verb phrase
wl_08986	劳民伤财	láo mín shāng cái	to burden people and waste money	verb phrase
wl_08987	劳逸结合	láo yì jié hé	to balance work with rest	verb phrase
wl_08988	势不两立	shì bù liǎng lì	unable to coexist peacefully	adjective phrase
wl_08989	势单力薄	shì dān lì bó	isolated and lacking strength	adjective phrase
wl_08990	势在必得	shì zài bì dé	determined to obtain something	adjective phrase
wl_08991	势如破竹	shì rú pò zhú	to advance with irresistible momentum	verb phrase
wl_08992	勤俭节约	qín jiǎn jié yuē	diligent and economical	adjective phrase
wl_08993	勤能补拙	qín néng bǔ zhuō	diligence can make up for limited talent	clause
wl_08994	励精图治	lì jīng tú zhì	to work diligently to improve governance	verb phrase
wl_08995	勾肩搭背	gōu jiān dā bèi	to put arms around each other's shoulders	verb phrase
wl_08996	包藏祸心	bāo cáng huò xīn	to harbor harmful intentions	verb phrase
wl_08997	包办代替	bāo bàn dài tì	to take over what others should do themselves	verb phrase
wl_08998	化整为零	huà zhěng wéi líng	to break a whole into smaller parts	verb phrase
wl_08999	化敌为友	huà dí wéi yǒu	to turn an enemy into a friend	verb phrase
wl_09000	化为泡影	huà wéi pào yǐng	to come to nothing	verb phrase
wl_09001	千姿百态	qiān zī bǎi tài	in many different forms and postures	adjective phrase
wl_09002	千家万户	qiān jiā wàn hù	countless households	noun phrase
wl_09003	千差万别	qiān chā wàn bié	widely different	adjective phrase
wl_09004	千恩万谢	qiān ēn wàn xiè	to express profuse gratitude	verb phrase
wl_09005	千锤百炼	qiān chuí bǎi liàn	refined through repeated trials	adjective phrase
wl_09006	半信半疑	bàn xìn bàn yí	half convinced and half doubtful	adjective phrase
wl_09007	半推半就	bàn tuī bàn jiù	to accept while showing some reluctance	verb phrase
wl_09008	半真半假	bàn zhēn bàn jiǎ	partly true and partly false	adjective phrase
wl_09009	半路出家	bàn lù chū jiā	to enter a profession without early formal training	verb phrase
wl_09010	卑躬屈膝	bēi gōng qū xī	servile and humiliatingly submissive	adjective phrase
wl_09011	卑鄙无耻	bēi bǐ wú chǐ	despicable and shameless	adjective phrase
wl_09012	卓尔不群	zhuó ěr bù qún	exceptional and distinguished	adjective phrase
wl_09013	南辕北辙	nán yuán běi zhé	to act in a way opposite to one's goal	verb phrase
wl_09014	博大精深	bó dà jīng shēn	broad and profound	adjective phrase
wl_09015	博学多才	bó xué duō cái	widely learned and talented	adjective phrase
wl_09016	卸磨杀驴	xiè mò shā lǘ	to discard a helper after using them	verb phrase
wl_09017	厚积薄发	hòu jī bó fā	to produce strong results after long preparation	verb phrase
wl_09018	原形毕露	yuán xíng bì lù	to reveal one's true undesirable nature	verb phrase
wl_09019	参差不齐	cēn cī bù qí	uneven in level or quality	adjective phrase
wl_09020	参差错落	cēn cī cuò luò	irregularly arranged at different heights	adjective phrase
wl_09021	及时行乐	jí shí xíng lè	to enjoy life while one can	verb phrase
wl_09022	反唇相讥	fǎn chún xiāng jī	to answer criticism with a taunt	verb phrase
wl_09023	反客为主	fǎn kè wéi zhǔ	to take control as a guest or newcomer	verb phrase
wl_09024	反目成仇	fǎn mù chéng chóu	to turn against each other and become enemies	verb phrase
wl_09025	取长补短	qǔ cháng bǔ duǎn	to learn from strengths and remedy weaknesses	verb phrase
wl_09026	口干舌燥	kǒu gān shé zào	dry-mouthed	adjective phrase
wl_09027	口是心非	kǒu shì xīn fēi	to say the opposite of what one feels	adjective phrase
wl_09028	口若悬河	kǒu ruò xuán hé	to speak fluently and at great length	verb phrase
wl_09029	口蜜腹剑	kǒu mì fù jiàn	pleasant words hiding harmful intentions	adjective phrase
wl_09030	口诛笔伐	kǒu zhū bǐ fá	to condemn publicly in speech and writing	verb phrase
wl_09031	口说无凭	kǒu shuō wú píng	words alone are not proof	clause
wl_09032	口齿伶俐	kǒu chǐ líng lì	clear and quick in speech	adjective phrase
wl_09033	古灵精怪	gǔ líng jīng guài	playfully eccentric and clever	adjective phrase
wl_09034	另请高明	lìng qǐng gāo míng	to ask someone more capable instead	verb phrase
wl_09035	另起炉灶	lìng qǐ lú zào	to start a separate undertaking	verb phrase
wl_09036	另辟蹊径	lìng pì xī jìng	to find an alternative approach	verb phrase
wl_09037	只争朝夕	zhǐ zhēng zhāo xī	to make the most of every moment	verb phrase
wl_09038	叫苦不迭	jiào kǔ bù dié	to keep complaining of hardship	verb phrase
wl_09039	可乘之机	kě chéng zhī jī	an opportunity to exploit a weakness	noun phrase
wl_09040	可歌可泣	kě gē kě qì	deeply moving and admirable	adjective phrase
wl_09041	吃苦耐劳	chī kǔ nài láo	able to endure hard work and hardship	adjective phrase
wl_09042	吃里扒外	chī lǐ pá wài	to betray the people who support oneself	verb phrase
wl_09043	各执一词	gè zhí yī cí	to maintain conflicting accounts	verb phrase
wl_09044	各奔前程	gè bèn qián chéng	to go separate ways in life	verb phrase
wl_09045	各有千秋	gè yǒu qiān qiū	each has its own merits	clause
wl_09046	各尽所能	gè jìn suǒ néng	to contribute according to one's ability	verb phrase
wl_09047	各行其是	gè xíng qí shì	to act independently without coordination	verb phrase
wl_09048	同室操戈	tóng shì cāo gē	conflict within one's own group	verb phrase
wl_09049	同床异梦	tóng chuáng yì mèng	sharing a situation but pursuing different aims	adjective phrase
wl_09050	同心同德	tóng xīn tóng dé	united in purpose and determination	adjective phrase
wl_09051	同日而语	tóng rì ér yǔ	to consider things equally comparable	verb phrase
wl_09052	名不副实	míng bù fù shí	to fail to live up to one's reputation	adjective phrase
wl_09053	名存实亡	míng cún shí wáng	existing only in name	adjective phrase
wl_09054	名扬四海	míng yáng sì hǎi	famous far and wide	adjective phrase
wl_09055	名落孙山	míng luò sūn shān	to fail an examination or selection	verb phrase
wl_09056	吐故纳新	tǔ gù nà xīn	to discard the old and bring in the new	verb phrase
wl_09057	含情脉脉	hán qíng mò mò	with tender affection	adjective phrase
wl_09058	含沙射影	hán shā shè yǐng	to criticize someone through indirect hints	verb phrase
wl_09059	含糊其词	hán hú qí cí	to speak evasively or unclearly	verb phrase
wl_09060	呆若木鸡	dāi ruò mù jī	stunned into motionlessness	adjective phrase
wl_09061	告一段落	gào yī duàn luò	to reach the end of a stage	verb phrase
wl_09062	味同嚼蜡	wèi tóng jiáo là	dull and uninteresting	adjective phrase
wl_09063	呼之欲出	hū zhī yù chū	vivid enough to seem ready to emerge	adjective phrase
wl_09064	呼天抢地	hū tiān qiāng dì	to cry out in extreme grief	verb phrase
wl_09065	命在旦夕	mìng zài dàn xī	in immediate danger of dying	adjective phrase
wl_09066	和气生财	hé qì shēng cái	courtesy helps business prosper	clause
wl_09067	咫尺天涯	zhǐ chǐ tiān yá	close in distance yet impossible to reach	adjective phrase
wl_09068	咬文嚼字	yǎo wén jiáo zì	to be overly fussy about wording	verb phrase
wl_09069	品学兼优	pǐn xué jiān yōu	outstanding in both character and studies	adjective phrase
wl_09070	哄堂大笑	hōng táng dà xiào	to burst into laughter as a group	verb phrase
wl_09071	唇亡齿寒	chún wáng chǐ hán	one partner's loss endangers the other	clause
wl_09072	唇枪舌剑	chún qiāng shé jiàn	sharp verbal conflict	noun phrase
wl_09073	唱对台戏	chàng duì tái xì	to oppose or undermine another's effort	verb phrase
wl_09074	问寒问暖	wèn hán wèn nuǎn	to show caring concern	verb phrase
wl_09075	哑口无言	yǎ kǒu wú yán	unable to answer or defend oneself	adjective phrase
wl_09076	啼笑皆非	tí xiào jiē fēi	unable to decide whether to laugh or cry	adjective phrase
wl_09077	善罢甘休	shàn bà gān xiū	to let a matter go willingly	verb phrase
wl_09078	喜形于色	xǐ xíng yú sè	to show happiness openly on one's face	verb phrase
wl_09079	喜极而泣	xǐ jí ér qì	to cry with overwhelming happiness	verb phrase
wl_09080	喜气洋洋	xǐ qì yáng yáng	full of festive happiness	adjective phrase
wl_09081	喜笑颜开	xǐ xiào yán kāi	beaming with happiness	adjective phrase
wl_09082	喜闻乐见	xǐ wén lè jiàn	widely enjoyed	adjective phrase
wl_09083	喧宾夺主	xuān bīn duó zhǔ	to let the secondary overshadow the main	verb phrase
wl_09084	乔装打扮	qiáo zhuāng dǎ bàn	to dress in disguise	verb phrase
wl_09085	单打独斗	dān dǎ dú dòu	to work or fight entirely alone	verb phrase
wl_09086	单调乏味	dān diào fá wèi	monotonous and dull	adjective phrase
wl_09087	啧啧称奇	zé zé chēng qí	to marvel aloud	verb phrase
wl_09088	嚎啕大哭	háo táo dà kū	to sob loudly and uncontrollably	verb phrase
wl_09089	严以律己	yán yǐ lǜ jǐ	to hold oneself to strict standards	verb phrase
wl_09090	严丝合缝	yán sī hé fèng	fitting together perfectly	adjective phrase
wl_09091	囊空如洗	náng kōng rú xǐ	without any money left	adjective phrase
wl_09092	四世同堂	sì shì tóng táng	four generations living together	clause
wl_09093	四分五裂	sì fēn wǔ liè	broken into disconnected parts	adjective phrase
wl_09094	四平八稳	sì píng bā wěn	steady and cautious	adjective phrase
wl_09095	四海为家	sì hǎi wéi jiā	to make one's home wherever one goes	verb phrase
wl_09096	四面楚歌	sì miàn chǔ gē	isolated amid opposition from all sides	adjective phrase
wl_09097	回天乏术	huí tiān fá shù	unable to reverse a disastrous situation	adjective phrase
wl_09098	回心转意	huí xīn zhuǎn yì	to change one's mind and attitude	verb phrase
wl_09099	因势利导	yīn shì lì dǎo	to guide a situation by working with its tendencies	verb phrase
wl_09100	因地制宜	yīn dì zhì yí	to adapt measures to local conditions	verb phrase
wl_09101	因小失大	yīn xiǎo shī dà	to lose something important for a small gain	verb phrase
wl_09102	因循守旧	yīn xún shǒu jiù	to cling to established old ways	verb phrase
wl_09103	因材施教	yīn cái shī jiào	to teach according to each learner's needs	verb phrase
wl_09104	因祸得福	yīn huò dé fú	to gain a benefit from a misfortune	verb phrase
wl_09105	因陋就简	yīn lòu jiù jiǎn	to make do with limited conditions	verb phrase
wl_09106	囫囵吞枣	hú lún tūn zǎo	to absorb information without understanding it	verb phrase
wl_09107	困兽犹斗	kùn shòu yóu dòu	to keep resisting even when cornered	verb phrase
wl_09108	国泰民安	guó tài mín ān	a peaceful country with secure lives	clause
wl_09109	国计民生	guó jì mín shēng	the national economy and people's livelihood	noun phrase
wl_09110	地动山摇	dì dòng shān yáo	the ground and mountains shaking violently	adjective phrase
wl_09111	地大物博	dì dà wù bó	vast in land and rich in resources	adjective phrase
wl_09112	坐井观天	zuò jǐng guān tiān	to judge the world from a narrow perspective	verb phrase
wl_09113	坐吃山空	zuò chī shān kōng	to exhaust savings without earning more	verb phrase
wl_09114	坐失良机	zuò shī liáng jī	to let a good opportunity slip away	verb phrase
wl_09115	坐收渔利	zuò shōu yú lì	to benefit from other people's conflict	verb phrase
wl_09116	坐而论道	zuò ér lùn dào	to discuss theory without taking practical action	verb phrase
wl_09117	坑蒙拐骗	kēng mēng guǎi piàn	to swindle and deceive by various means	verb phrase
wl_09118	垂涎三尺	chuí xián sān chǐ	to strongly covet something	verb phrase
wl_09119	垂头丧气	chuí tóu sàng qì	dejected	adjective phrase
wl_09120	执法如山	zhí fǎ rú shān	firm and impartial in enforcing the law	adjective phrase
wl_09121	坚如磐石	jiān rú pán shí	as firm as rock	adjective phrase
wl_09122	坚韧不拔	jiān rèn bù bá	persistent and resilient	adjective phrase
wl_09123	塞翁失马	sài wēng shī mǎ	a misfortune may turn into a blessing	clause
wl_09124	外强中干	wài qiáng zhōng gān	strong in appearance but weak within	adjective phrase
wl_09125	多事之秋	duō shì zhī qiū	a period of frequent troubles	noun phrase
wl_09126	多如牛毛	duō rú niú máo	extremely numerous	adjective phrase
wl_09127	多愁善感	duō chóu shàn gǎn	prone to sadness and strong emotion	adjective phrase
wl_09128	夜深人静	yè shēn rén jìng	late at night when all is quiet	adverb phrase
wl_09129	夜郎自大	yè láng zì dà	arrogant through ignorance of the wider world	adjective phrase
wl_09130	大动肝火	dà dòng gān huǒ	to become very angry	verb phrase
wl_09131	大势所趋	dà shì suǒ qū	the direction of an overall trend	clause
wl_09132	大包大揽	dà bāo dà lǎn	to take everything onto oneself	verb phrase
wl_09133	大喜过望	dà xǐ guò wàng	delighted beyond expectations	adjective phrase
wl_09134	大器晚成	dà qì wǎn chéng	to achieve distinction later in life	verb phrase
wl_09135	大大咧咧	dà dà liē liē	casual and inattentive to details	adjective phrase
wl_09136	大快朵颐	dà kuài duǒ yí	to enjoy eating heartily	verb phrase
wl_09137	大惑不解	dà huò bù jiě	deeply puzzled	adjective phrase
wl_09138	大排长龙	dà pái cháng lóng	to form a very long queue	verb phrase
wl_09139	大智若愚	dà zhì ruò yú	great wisdom hidden behind apparent simplicity	adjective phrase
wl_09140	大有裨益	dà yǒu bì yì	greatly beneficial	adjective phrase
wl_09141	大材小用	dà cái xiǎo yòng	to underuse a person's talents	verb phrase
wl_09142	大获全胜	dà huò quán shèng	to win a complete victory	verb phrase
wl_09143	大义凛然	dà yì lǐn rán	dignified and resolute in defending justice	adjective phrase
wl_09144	大义灭亲	dà yì miè qīn	to uphold justice despite family ties	verb phrase
wl_09145	大错特错	dà cuò tè cuò	completely wrong	adjective phrase
wl_09146	大惊失色	dà jīng shī sè	so alarmed that one's face changes	adjective phrase
wl_09147	天公作美	tiān gōng zuò měi	fortunate weather	clause
wl_09148	天南地北	tiān nán dì běi	far and wide	adverb phrase
wl_09149	天寒地冻	tiān hán dì dòng	bitterly cold weather	adjective phrase
wl_09150	天旋地转	tiān xuán dì zhuàn	to feel everything spinning	verb phrase
wl_09151	天灾人祸	tiān zāi rén huò	natural disasters and human-caused calamities	noun phrase
wl_09152	天真烂漫	tiān zhēn làn màn	innocently cheerful and uninhibited	adjective phrase
wl_09153	天长日久	tiān cháng rì jiǔ	over a long period of time	adverb phrase
wl_09154	失魂落魄	shī hún luò pò	dazed and deeply distressed	adjective phrase
wl_09155	奇珍异宝	qí zhēn yì bǎo	rare and precious treasures	noun phrase
wl_09156	奔走相告	bēn zǒu xiāng gào	to spread news eagerly among people	verb phrase
wl_09157	夺门而出	duó mén ér chū	to rush out through the doorway	verb phrase
wl_09158	好吃懒做	hào chī lǎn zuò	fond of eating but unwilling to work	adjective phrase
wl_09159	好整以暇	hào zhěng yǐ xiá	calm and unhurried under pressure	adjective phrase
wl_09160	好为人师	hào wéi rén shī	too eager to lecture others	adjective phrase
wl_09161	好逸恶劳	hào yì wù láo	to prefer ease and avoid hard work	verb phrase
wl_09162	好高骛远	hào gāo wù yuǎn	to pursue unrealistic ambitions	verb phrase
wl_09163	如数家珍	rú shǔ jiā zhēn	to recount details with intimate familiarity	verb phrase
wl_09164	如法炮制	rú fǎ páo zhì	to repeat an established method	verb phrase
wl_09165	如泣如诉	rú qì rú sù	plaintive and sorrowful	adjective phrase
wl_09166	如临大敌	rú lín dà dí	as if facing a formidable enemy	adverb phrase
wl_09167	如虎添翼	rú hǔ tiān yì	to become stronger with added support	verb phrase
wl_09168	如雷贯耳	rú léi guàn ěr	widely known and impressive in reputation	adjective phrase
wl_09169	如鲠在喉	rú gěng zài hóu	troubled by something one cannot comfortably say	adjective phrase
wl_09170	妄自菲薄	wàng zì fěi bó	to underestimate one's own worth	verb phrase
wl_09171	妖言惑众	yāo yán huò zhòng	to mislead the public with absurd claims	verb phrase
wl_09172	妙手回春	miào shǒu huí chūn	to restore health with exceptional medical skill	verb phrase
wl_09173	妙语连珠	miào yǔ lián zhū	one witty remark after another	verb phrase
wl_09174	妙趣横生	miào qù héng shēng	full of delightful humor and interest	adjective phrase
wl_09175	始料未及	shǐ liào wèi jí	unanticipated	adjective phrase
wl_09176	姑息养奸	gū xī yǎng jiān	to encourage wrongdoing by tolerating it	verb phrase
wl_09177	娓娓动听	wěi wěi dòng tīng	pleasant and engaging to listen to	adjective phrase
wl_09178	妇孺皆知	fù rú jiē zhī	known throughout a community	adjective phrase
wl_09179	嫁祸于人	jià huò yú rén	to shift blame onto someone else	verb phrase
wl_09180	嫉恶如仇	jí è rú chóu	to strongly detest wrongdoing	verb phrase
wl_09181	嫉贤妒能	jí xián dù néng	to envy others' talent and virtue	verb phrase
wl_09182	嫌贫爱富	xián pín ài fù	to favor the rich and despise the poor	verb phrase
wl_09183	字正腔圆	zì zhèng qiāng yuán	clear pronunciation and a full, well-formed voice	adjective phrase
wl_09184	孤芳自赏	gū fāng zì shǎng	to admire oneself in isolation	verb phrase
wl_09185	学富五车	xué fù wǔ chē	very widely learned	adjective phrase
wl_09186	学无止境	xué wú zhǐ jìng	learning has no final limit	clause
wl_09187	孺子可教	rú zǐ kě jiào	a young person shows promise for learning	clause
wl_09188	守望相助	shǒu wàng xiāng zhù	to look out for and help one another	verb phrase
wl_09189	安步当车	ān bù dàng chē	to walk leisurely instead of taking transport	verb phrase
wl_09190	安身立命	ān shēn lì mìng	to establish a secure place and purpose in life	verb phrase
wl_09191	家徒四壁	jiā tú sì bì	extremely poor with almost no possessions	adjective phrase
wl_09192	家道中落	jiā dào zhōng luò	a family's fortunes have declined	clause
wl_09193	寄人篱下	jì rén lí xià	to live dependently in someone else's home	verb phrase
wl_09194	察言观色	chá yán guān sè	to gauge someone through words and expressions	verb phrase
wl_09195	寡不敌众	guǎ bù dí zhòng	too few to overcome the many	clause
wl_09196	寝食难安	qǐn shí nán ān	too worried to sleep or eat peacefully	adjective phrase
wl_09197	宁缺毋滥	nìng quē wú làn	better fewer acceptable things than many poor ones	clause
wl_09198	宽宏大量	kuān hóng dà liàng	broad-minded and forgiving	adjective phrase
wl_09199	宝刀未老	bǎo dāo wèi lǎo	still highly capable despite age	adjective phrase
wl_09200	寸土寸金	cùn tǔ cùn jīn	land is extremely valuable	clause
wl_09201	将功补过	jiāng gōng bǔ guò	to make up for a mistake through good work	verb phrase
wl_09202	将心比心	jiāng xīn bǐ xīn	to put oneself in another's position	verb phrase
wl_09203	将计就计	jiāng jì jiù jì	to turn someone's scheme to one's own advantage	verb phrase
wl_09204	将错就错	jiāng cuò jiù cuò	to continue from a mistake instead of correcting it	verb phrase
wl_09205	对答如流	duì dá rú liú	to answer readily and fluently	verb phrase
wl_09206	小肚鸡肠	xiǎo dù jī cháng	petty and narrow-minded	adjective phrase
wl_09207	小菜一碟	xiǎo cài yī dié	an easy task	noun phrase
wl_09208	小试牛刀	xiǎo shì niú dāo	to give one's ability a modest first test	verb phrase
wl_09209	少见多怪	shǎo jiàn duō guài	to be surprised because of limited experience	verb phrase
wl_09210	居功自傲	jū gōng zì ào	to become arrogant about one's achievements	verb phrase
wl_09211	居安思危	jū ān sī wēi	to stay alert to danger in peaceful times	verb phrase
wl_09212	屡败屡战	lǚ bài lǚ zhàn	to keep trying after repeated defeats	verb phrase
wl_09213	山清水秀	shān qīng shuǐ xiù	beautiful mountains and clear waters	adjective phrase
wl_09214	崇山峻岭	chóng shān jùn lǐng	high, steep mountain ranges	noun phrase
wl_09215	左右逢源	zuǒ yòu féng yuán	to handle things smoothly from every side	verb phrase
wl_09216	左顾右盼	zuǒ gù yòu pàn	to look from side to side	verb phrase
wl_09217	席地而坐	xí dì ér zuò	to sit directly on the ground	verb phrase
wl_09218	平白无故	píng bái wú gù	for no apparent reason	adverb phrase
wl_09219	平铺直叙	píng pū zhí xù	to narrate plainly without dramatic variation	verb phrase
wl_09220	年久失修	nián jiǔ shī xiū	neglected and unrepaired for many years	adjective phrase
wl_09221	年富力强	nián fù lì qiáng	in the prime of life and full of energy	adjective phrase
wl_09222	庸人自扰	yōng rén zì rǎo	to worry unnecessarily	verb phrase
wl_09223	弄假成真	nòng jiǎ chéng zhēn	to turn a pretense into reality	verb phrase
