罕度,组词,拼音,简单例句,例句拼音,例句英语翻译
0,东方,dōng fāng,东方的天空出现一道彩虹。,dōng fāng de tiān kōng chū xiàn yī dào cǎi hóng.,A rainbow appeared in the eastern sky.
0,冷冻,lěng dòng,妈妈把冷冻牛肉拿出来准备晚饭。,mā ma bǎ lěng dòng niú ròu ná chū lái zhǔn bèi wǎn fàn.,Mom took out frozen beef to prepare dinner.
0,通过,tōng guò,工人最终通过了驾驶考试。,gōng rén zuì zhōng tōng guò le jià shǐ kǎo shì.,The worker finally passed his driving test.
2,兵俑,bīng yǒng,展厅里的兵俑排列整齐。,zhǎn tīng lǐ de bīng yǒng pái liè zhěng qí.,The clay soldiers stand neatly in the gallery.
0,梧桐,wú tóng,梧桐树旁的花丛很茂盛。,wú tóng shù páng de huā cóng hěn mào shèng.,The flowers beside the parasol tree are lush.
0,山洞,shān dòng,山洞入口有一条蜈蚣。,shān dòng rù kǒu yǒu yī tiáo wú gōng.,A centipede is at the cave entrance.
0,竹筒,zhú tǒng,他用竹筒从水桶里舀水。,tā yòng zhú tǒng cóng shuǐ tǒng lǐ yǎo shuǐ.,He scoops water from the bucket with a bamboo tube.
0,铜器,tóng qì,他在故宫看见精美铜器。,tā zài gù gōng kàn jiàn jīng měi tóng qì.,He sees beautiful bronze objects in the Forbidden City.
2,书僮,shū tóng,书僮陪他到私塾朗读古诗。,shū tóng péi tā dào sī shú lǎng dú gǔ shī.,The young attendant joins him at school to read poems aloud.
2,僮族,zhuàng zú,僮族是壮族过去的民族名称。,zhuàng zú shì zhuàng zú guò qù de mín zú míng chēng.,Zhuang people were formerly called Tong.
0,儿童,ér tóng,聪明的儿童爱观察小昆虫。,cōng ming de ér tóng ài guān chá xiǎo kūn chóng.,Bright children enjoy watching little insects.
0,共同,gòng tóng,大家为共同的梦想贡献力量。,dà jiā wèi gòng tóng de mèng xiǎng gòng xiàn lì liàng.,Everyone contributes to their shared dream.
0,聋哑,lóng yǎ,她用手语与聋哑学生交流。,tā yòng shǒu yǔ yǔ lóng yǎ xué sheng jiāo liú.,She uses sign language with deaf students who cannot speak.
1,朦胧,méng lóng,朦胧月光照亮夜色中的穹苍。,méng lóng yuè guāng zhào liàng yè sè zhōng de qióng cāng.,Dim moonlight lights the night sky.
0,喉咙,hóu lóng,我的喉咙疼痛，想坐下喝水。,"wǒ de hóu lóng téng tòng, xiǎng zuò xia hē shuǐ.","My throat hurts, and I would like to sit down and drink some water."
1,玲珑,líng lóng,这件玉雕小巧玲珑，十分精美。,"zhè jiàn yù diāo xiǎo qiǎo líng lóng, shí fēn jīng měi.",This small jade carving is delicate and beautiful.
0,鸟笼,niǎo lóng,角落的鸟笼里有一只鹦鹉。,jiǎo luò de niǎo lóng lǐ yǒu yī zhī yīng wǔ.,There is a parrot in the birdcage in the corner.
0,隆重,lóng zhòng,隆重的仪式显得格外肃穆。,lóng zhòng de yí shì xiǎn de gé wài sù mù.,The grand ceremony feels especially solemn.
1,窟窿,kū long,他发现衣袖上有一个窟窿。,tā fā xiàn yī xiù shàng yǒu yī ge kū long.,He finds a hole in his sleeve.
0,聪明,cōng ming,聪明的儿童爱观察小昆虫。,cōng ming de ér tóng ài guān chá xiǎo kūn chóng.,Bright children enjoy watching little insects.
1,烟囱,yān cōng,冬天，烟雾从烟囱里飘出来。,"dōng tiān, yān wù cóng yān cōng lǐ piāo chū lái.","In winter, smoke drifts out of the chimney."
0,青葱,qīng cōng,他把青葱切碎放进稀粥。,tā bǎ qīng cōng qiē suì fàng jìn xī zhōu.,He chops green onions into the thin porridge.
0,花丛,huā cóng,梧桐树旁的花丛很茂盛。,wú tóng shù páng de huā cóng hěn mào shèng.,The flowers beside the parasol tree are lush.
2,嵩山,sōng shān,嵩山山麓的树林十分蓊郁。,sōng shān shān lù de shù lín shí fēn wěng yù.,The woods at Mount Song's foot are lush.
1,热衷,rè zhōng,祖母热衷女红，常做刺绣。,"zǔ mǔ rè zhōng nǚ gōng, cháng zuò cì xiù.",Grandmother enjoys needlework and often embroiders.
0,忠心,zhōng xīn,他的忠心和功劳得到认可。,tā de zhōng xīn hé gōng láo dé dào rèn kě.,His loyalty and contributions are recognized.
0,中间,zhōng jiān,桌子中间放着两根蜡烛。,zhuō zi zhōng jiān fàng zhe liǎng gēn là zhú.,Two candles stand in the middle of the table.
0,中奖,zhòng jiǎng,他中奖后给父母送礼。,tā zhòng jiǎng hòu gěi fù mǔ sòng lǐ.,"After winning a prize, he gave his parents gifts."
2,忧心忡忡,yōu xīn chōng chōng,她蹙眉不语，一直忧心忡忡。,"tā cù méi bù yǔ, yī zhí yōu xīn chōng chōng.","She frowns silently, full of worry."
0,昆虫,kūn chóng,聪明的儿童爱观察小昆虫。,cōng ming de ér tóng ài guān chá xiǎo kūn chóng.,Bright children enjoy watching little insects.
0,冲洗,chōng xǐ,她轻轻冲洗玩偶的绒毛。,tā qīng qīng chōng xǐ wán ǒu de róng máo.,She gently washes the toy's soft fur.
0,崇高,chóng gāo,救助病人是他崇高的理想。,jiù zhù bìng rén shì tā chóng gāo de lǐ xiǎng.,His noble ambition is to help sick people.
0,群众,qún zhòng,群众簇拥着归来的运动员。,qún zhòng cù yōng zhe guī lái de yùn dòng yuán.,The crowd gathers around the returning athletes.
2,螽斯,zhōng sī,螽斯躲在草丛里轻声鸣叫。,zhōng sī duǒ zài cǎo cóng lǐ qīng shēng míng jiào.,A katydid chirps softly in the grass.
0,最终,zuì zhōng,工人最终通过了驾驶考试。,gōng rén zuì zhōng tōng guò le jià shǐ kǎo shì.,The worker finally passed his driving test.
0,充满,chōng mǎn,她的目光里充满幸福。,tā de mù guāng lǐ chōng mǎn xìng fú.,Her eyes were full of happiness.
0,绒毛,róng máo,她轻轻冲洗玩偶的绒毛。,tā qīng qīng chōng xǐ wán ǒu de róng máo.,She gently washes the toy's soft fur.
0,功劳,gōng láo,他的忠心和功劳得到认可。,tā de zhōng xīn hé gōng láo dé dào rèn kě.,His loyalty and contributions are recognized.
0,工人,gōng rén,工人最终通过了驾驶考试。,gōng rén zuì zhōng tōng guò le jià shǐ kǎo shì.,The worker finally passed his driving test.
1,蜈蚣,wú gōng,山洞入口有一条蜈蚣。,shān dòng rù kǒu yǒu yī tiáo wú gōng.,A centipede is at the cave entrance.
0,公平,gōng píng,公平的交易需要明确的规则。,gōng píng de jiāo yì xū yào míng què de guī zé.,Fair trading requires clear rules.
0,攻击,gōng jī,老虎突然攻击了附近的野兽。,lǎo hǔ tū rán gōng jī le fù jìn de yě shòu.,The tiger suddenly attacked an animal nearby.
0,鞠躬,jū gōng,她笑容可掬，向客人鞠躬。,"tā xiào róng kě jū, xiàng kè rén jū gōng.",She smiles warmly and bows to the guests.
0,故宫,gù gōng,他在故宫看见精美铜器。,tā zài gù gōng kàn jiàn jīng měi tóng qì.,He sees beautiful bronze objects in the Forbidden City.
0,弓箭,gōng jiàn,展柜里的弓箭旁放着火铳。,zhǎn guì lǐ de gōng jiàn páng fàng zhe huǒ chòng.,An old firearm lies beside the bow and arrows.
0,天空,tiān kōng,东方的天空出现一道彩虹。,dōng fāng de tiān kōng chū xiàn yī dào cǎi hóng.,A rainbow appeared in the eastern sky.
2,穹苍,qióng cāng,朦胧月光照亮夜色中的穹苍。,méng lóng yuè guāng zhào liàng yè sè zhōng de qióng cāng.,Dim moonlight lights the night sky.
2,内讧,nèi hòng,大家应和睦相处，避免内讧。,"dà jiā yīng hé mù xiāng chǔ, bì miǎn nèi hòng.",Everyone should get along and avoid internal conflict.
0,洪水,hóng shuǐ,洪水冲坏了村里的房屋。,hóng shuǐ chōng huài le cūn lǐ de fáng wū.,The flood damaged the houses in the village.
0,彩虹,cǎi hóng,东方的天空出现一道彩虹。,dōng fāng de tiān kōng chū xiàn yī dào cǎi hóng.,A rainbow appeared in the eastern sky.
0,烘干,hōng gān,她把湿漉漉的衣服烘干了。,tā bǎ shī lù lù de yī fu hōng gān le.,She dried the soaking clothes in the dryer.
0,红色,hóng sè,秋天，枫树长满红色叶子。,"qiū tiān, fēng shù zhǎng mǎn hóng sè yè zi.","In autumn, maple trees are covered with red leaves."
0,女红,nǚ gōng,祖母热衷女红，常做刺绣。,"zǔ mǔ rè zhōng nǚ gōng, cháng zuò cì xiù.",Grandmother enjoys needlework and often embroiders.
1,鸿雁,hóng yàn,一群鸿雁从湖面上飞过。,yī qún hóng yàn cóng hú miàn shàng fēi guò.,A flock of wild geese flies over the lake.
0,老翁,lǎo wēng,村里的老翁十分疼爱孙女。,cūn lǐ de lǎo wēng shí fēn téng ài sūn nǚ.,The old villager loves his granddaughter dearly.
2,蓊郁,wěng yù,嵩山山麓的树林十分蓊郁。,sōng shān shān lù de shù lín shí fēn wěng yù.,The woods at Mount Song's foot are lush.
0,英雄,yīng xióng,勇敢的英雄冲上去扑灭大火。,yǒng gǎn de yīng xióng chōng shàng qù pū miè dà huǒ.,The brave hero rushed forward to put out the fire.
0,熊猫,xióng māo,懵懂的孩子好奇地看着熊猫。,měng dǒng de hái zi hào qí de kàn zhe xióng māo.,The young child watches the panda curiously.
0,融化,róng huà,柠檬冰块慢慢融化，茶里透出清香。,"níng méng bīng kuài màn màn róng huà, chá lǐ tòu chū qīng xiāng.","The lemon ice cubes slowly melt, giving the tea a fresh scent."
1,枫树,fēng shù,秋天，枫树长满红色叶子。,"qiū tiān, fēng shù zhǎng mǎn hóng sè yè zi.","In autumn, maple trees are covered with red leaves."
0,台风,tái fēng,台风来了，我们把帐篷绑牢固。,"tái fēng lái le, wǒ men bǎ zhàng peng bǎng láo gù.","A typhoon is coming, so we secure the tent firmly."
0,蓬勃,péng bó,春天的小草显出蓬勃生机。,chūn tiān de xiǎo cǎo xiǎn chū péng bó shēng jī.,The spring grass is full of life.
0,帐篷,zhàng peng,台风来了，我们把帐篷绑牢固。,"tái fēng lái le, wǒ men bǎ zhàng peng bǎng láo gù.","A typhoon is coming, so we secure the tent firmly."
0,蜜蜂,mì fēng,蜜蜂可能会螫人，请别惊动它。,"mì fēng kě néng huì shì rén, qǐng bié jīng dòng tā.","Bees may sting people, so please do not disturb them."
2,梵文,fàn wén,他研究古代天竺的梵文书籍。,tā yán jiū gǔ dài tiān zhú de fàn wén shū jí.,He studies Sanskrit books from ancient India.
1,姓冯,xìng féng,新来的同学姓冯，住在隔壁。,"xīn lái de tóng xué xìng féng, zhù zài gé bì.",The new student's surname is Feng; he lives next door.
1,暴虎冯河,bào hǔ píng hé,遇事要冷静，不可暴虎冯河。,"yù shì yào lěng jìng, bù kě bào hǔ píng hé.",Stay calm instead of acting with reckless courage.
0,蒙眬,méng lóng,蒙蒙细雨中，她的双眼蒙眬。,"méng méng xì yǔ zhōng, tā de shuāng yǎn méng lóng.",Her vision is blurred in the fine rain.
0,蒙蒙,méng méng,蒙蒙细雨中，她的双眼蒙眬。,"méng méng xì yǔ zhōng, tā de shuāng yǎn méng lóng.",Her vision is blurred in the fine rain.
1,柠檬,níng méng,柠檬冰块慢慢融化，茶里透出清香。,"níng méng bīng kuài màn màn róng huà, chá lǐ tòu chū qīng xiāng.","The lemon ice cubes slowly melt, giving the tea a fresh scent."
0,蒙蔽,méng bì,别受谎言蒙蔽，也别受人怂恿。,"bié shòu huǎng yán méng bì, yě bié shòu rén sǒng yǒng.",Do not be misled by lies or goaded by others.
0,梦想,mèng xiǎng,大家为共同的梦想贡献力量。,dà jiā wèi gòng tóng de mèng xiǎng gòng xiàn lì liàng.,Everyone contributes to their shared dream.
0,丰富,fēng fù,咖喱里放了莴苣，颜色十分丰富。,"gā lí lǐ fàng le wō jù, yán sè shí fēn fēng fù.","Lettuce was added to the curry, giving it a colorful appearance."
0,贫穷,pín qióng,丰富的教育资源也应惠及贫穷家庭。,fēng fù de jiào yù zī yuán yě yīng huì jí pín qióng jiā tíng.,Families in poverty should also benefit from abundant educational resources.
0,董事,dǒng shì,企业的董事正在参加会议。,qǐ yè de dǒng shì zhèng zài cān jiā huì yì.,The company's directors are attending a meeting.
0,水桶,shuǐ tǒng,他用竹筒从水桶里舀水。,tā yòng zhú tǒng cóng shuǐ tǒng lǐ yǎo shuǐ.,He scoops water from the bucket with a bamboo tube.
0,动物,dòng wù,牧场的动物需要每天喂食。,mù chǎng de dòng wù xū yào měi tiān wèi shí.,The animals on the farm need feeding every day.
0,靠拢,kào lǒng,几只小羊渐渐向母羊靠拢。,jǐ zhī xiǎo yáng jiàn jiàn xiàng mǔ yáng kào lǒng.,The lambs slowly move closer to their mother.
0,总是,zǒng shì,叔叔总是忙碌，很少有空休息。,"shū shu zǒng shì máng lù, hěn shǎo yǒu kōng xiū xi.",My uncle is always busy and rarely has time to rest.
0,孔雀,kǒng què,红彤彤的花旁站着一只孔雀。,hóng tōng tōng de huā páng zhàn zhe yī zhī kǒng què.,A peacock stands beside bright red flowers.
2,俸禄,fèng lù,古人用俸禄养家，也祈求福禄。,"gǔ rén yòng fèng lù yǎng jiā, yě qí qiú fú lù.",People lived on official pay and prayed for blessings.
2,懵懂,měng dǒng,懵懂的孩子好奇地看着熊猫。,měng dǒng de hái zi hào qí de kàn zhe xióng māo.,The young child watches the panda curiously.
0,栋梁,dòng liáng,年轻工匠正在修补屋内栋梁。,nián qīng gōng jiàng zhèng zài xiū bǔ wū nèi dòng liáng.,The young carpenter repairs the roof beams.
0,疼痛,téng tòng,我的喉咙疼痛，想坐下喝水。,"wǒ de hóu lóng téng tòng, xiǎng zuò xia hē shuǐ.","My throat hurts, and I would like to sit down and drink some water."
0,玩弄,wán nòng,不可玩弄感情，更不能哄骗他人。,"bù kě wán nòng gǎn qíng, gèng bù néng hǒng piàn tā rén.",Do not toy with feelings or deceive others.
2,粽子,zòng zi,打开粽子，浓郁的香气扑鼻。,"dǎ kāi zòng zi, nóng yù de xiāng qì pū bí.",The rice dumpling releases a rich aroma.
0,送礼,sòng lǐ,他中奖后给父母送礼。,tā zhòng jiǎng hòu gěi fù mǔ sòng lǐ.,"After winning a prize, he gave his parents gifts."
1,仲裁,zhòng cái,双方同意通过仲裁解决争议。,shuāng fāng tóng yì tōng guò zhòng cái jiě jué zhēng yì.,Both sides agree to settle the dispute through arbitration.
2,火铳,huǒ chòng,展柜里的弓箭旁放着火铳。,zhǎn guì lǐ de gōng jiàn páng fàng zhe huǒ chòng.,An old firearm lies beside the bow and arrows.
0,贡献,gòng xiàn,大家为共同的梦想贡献力量。,dà jiā wèi gòng tóng de mèng xiǎng gòng xiàn lì liàng.,Everyone contributes to their shared dream.
0,哄骗,hǒng piàn,不可玩弄感情，更不能哄骗他人。,"bù kě wán nòng gǎn qíng, gèng bù néng hǒng piàn tā rén.",Do not toy with feelings or deceive others.
0,乱哄哄,luàn hōng hōng,下课铃响后，走廊里乱哄哄。,"xià kè líng xiǎng hòu, zǒu láng lǐ luàn hōng hōng.",The corridor gets noisy after the school bell.
1,瓮中捉鳖,wèng zhōng zhuō biē,逃犯已被包围，警方瓮中捉鳖。,"táo fàn yǐ bèi bāo wéi, jǐng fāng wèng zhōng zhuō biē.",The police surround the fugitive and catch him easily.
0,讽刺,fěng cì,这篇故事讽刺了贪心的人。,zhè piān gù shi fěng cì le tān xīn de rén.,This story mocks greedy people.
0,凤凰,fèng huáng,这座寺庙供奉着凤凰雕像。,zhè zuò sì miào gòng fèng zhe fèng huáng diāo xiàng.,This temple enshrines a statue of a phoenix.
0,啄食,zhuó shí,小鸟在院子里啄食散落的谷物。,xiǎo niǎo zài yuàn zi lǐ zhuó shí sàn luò de gǔ wù.,Birds peck at the grain scattered in the yard.
2,天竺,tiān zhú,他研究古代天竺的梵文书籍。,tā yán jiū gǔ dài tiān zhú de fàn wén shū jí.,He studies Sanskrit books from ancient India.
0,秃头,tū tóu,那位秃头裁缝正在量衣服。,nà wèi tū tóu cái feng zhèng zài liáng yī fu.,The bald tailor is measuring a garment.
2,牛犊,niú dú,刚出生的牛犊紧跟着母牛。,gāng chū shēng de niú dú jǐn gēn zhe mǔ niú.,The newborn calf follows its mother closely.
0,独立,dú lì,这个角色是一位独立的年轻人。,zhè ge jué sè shì yī wèi dú lì de nián qīng rén.,This character is an independent young person.
2,渎职,dú zhí,他因严重渎职而受到处分。,tā yīn yán zhòng dú zhí ér shòu dào chǔ fèn.,He is disciplined for serious neglect of duty.
0,朗读,lǎng dú,书僮陪他到私塾朗读古诗。,shū tóng péi tā dào sī shú lǎng dú gǔ shī.,The young attendant joins him at school to read poems aloud.
0,句读,jù dòu,老师用圆点标出古文的句读。,lǎo shī yòng yuán diǎn biāo chū gǔ wén de jù dòu.,The teacher marks pauses in the classical text.
2,山麓,shān lù,嵩山山麓的树林十分蓊郁。,sōng shān shān lù de shù lín shí fēn wěng yù.,The woods at Mount Song's foot are lush.
0,麋鹿,mí lù,麋鹿离开浅水，走到陆地上。,"mí lù lí kāi qiǎn shuǐ, zǒu dào lù dì shàng.",The deer leaves the shallow water for dry land.
2,湿漉漉,shī lù lù,她把湿漉漉的衣服烘干了。,tā bǎ shī lù lù de yī fu hōng gān le.,She dried the soaking clothes in the dryer.
0,忙碌,máng lù,叔叔总是忙碌，很少有空休息。,"shū shu zǒng shì máng lù, hěn shǎo yǒu kōng xiū xi.",My uncle is always busy and rarely has time to rest.
0,角落,jiǎo luò,角落的鸟笼里有一只鹦鹉。,jiǎo luò de niǎo lóng lǐ yǒu yī zhī yīng wǔ.,There is a parrot in the birdcage in the corner.
0,角色,jué sè,这个角色是一位独立的年轻人。,zhè ge jué sè shì yī wèi dú lì de nián qīng rén.,This character is an independent young person.
2,福禄,fú lù,古人用俸禄养家，也祈求福禄。,"gǔ rén yòng fèng lù yǎng jiā, yě qí qiú fú lù.",People lived on official pay and prayed for blessings.
0,陆地,lù dì,麋鹿离开浅水，走到陆地上。,"mí lù lí kāi qiǎn shuǐ, zǒu dào lù dì shàng.",The deer leaves the shallow water for dry land.
0,六月,liù yuè,六月，我们在院子里种植竹子。,"liù yuè, wǒ men zài yuàn zi lǐ zhòng zhí zhú zi.","In June, we plant bamboo in the yard."
2,蹙眉,cù méi,她蹙眉不语，一直忧心忡忡。,"tā cù méi bù yǔ, yī zhí yōu xīn chōng chōng.","She frowns silently, full of worry."
1,簇拥,cù yōng,群众簇拥着归来的运动员。,qún zhòng cù yōng zhe guī lái de yùn dòng yuán.,The crowd gathers around the returning athletes.
2,蹴鞠,cù jū,古代的蹴鞠类似踢足球。,gǔ dài de cù jū lèi sì tī zú qiú.,The ancient game of cuju resembles football.
0,民族,mín zú,僮族是壮族过去的民族名称。,zhuàng zú shì zhuàng zú guò qù de mín zú míng chēng.,Zhuang people were formerly called Tong.
1,确凿,què záo,这份记录提供了确凿的证据。,zhè fèn jì lù tí gōng le què záo de zhèng jù.,This record provides solid evidence.
0,速度,sù dù,他的跑步速度逐渐提高。,tā de pǎo bù sù dù zhú jiàn tí gāo.,His running speed is gradually improving.
0,严肃,yán sù,他严肃地提醒大家检查建筑安全。,tā yán sù de tí xǐng dà jiā jiǎn chá jiàn zhù ān quán.,He solemnly reminds everyone to check the building's safety.
2,夙愿,sù yuàn,重返故乡终于实现了他的夙愿。,chóng fǎn gù xiāng zhōng yú shí xiàn le tā de sù yuàn.,Returning home fulfills his long-held wish.
0,竹子,zhú zi,六月，我们在院子里种植竹子。,"liù yuè, wǒ men zài yuàn zi lǐ zhòng zhí zhú zi.","In June, we plant bamboo in the yard."
0,建筑,jiàn zhù,他严肃地提醒大家检查建筑安全。,tā yán sù de tí xǐng dà jiā jiǎn chá jiàn zhù ān quán.,He solemnly reminds everyone to check the building's safety.
0,逐渐,zhú jiàn,他的跑步速度逐渐提高。,tā de pǎo bù sù dù zhú jiàn tí gāo.,His running speed is gradually improving.
1,轴承,zhóu chéng,工人给机器的轴承添加润滑油。,gōng rén gěi jī qì de zhóu chéng tiān jiā rùn huá yóu.,The worker oils the machine's bearings.
0,击筑,jī zhù,古代乐师击筑，为客人演奏。,"gǔ dài yuè shī jī zhù, wèi kè rén yǎn zòu.",The musician plays the ancient zhu for his guests.
1,矗立,chù lì,高大的纪念碑矗立在广场上。,gāo dà de jì niàn bēi chù lì zài guǎng chǎng shàng.,A tall monument stands in the square.
0,压缩,yā suō,他把图片压缩，缩小幅度很大。,"tā bǎ tú piàn yā suō, suō xiǎo fú dù hěn dà.","He compresses the image, greatly reducing its size."
1,淑女,shū nǚ,这位淑女说话温柔，举止大方。,"zhè wèi shū nǚ shuō huà wēn róu, jǔ zhǐ dà fāng.",The lady speaks gently and behaves gracefully.
0,成熟,chéng shú,成熟的果实挂在树木上。,chéng shú de guǒ shí guà zài shù mù shàng.,Ripe fruit hangs on the trees.
2,私塾,sī shú,书僮陪他到私塾朗读古诗。,shū tóng péi tā dào sī shú lǎng dú gǔ shī.,The young attendant joins him at school to read poems aloud.
2,孰是孰非,shú shì shú fēi,先听双方解释，再判断孰是孰非。,"xiān tīng shuāng fāng jiě shì, zài pàn duàn shú shì shú fēi.",Hear both sides before deciding who is right.
2,倏忽,shū hū,天色倏忽变暗，大雨随即落下。,"tiān sè shū hū biàn àn, dà yǔ suí jí luò xià.",The sky suddenly darkens and rain follows.
0,叔叔,shū shu,叔叔总是忙碌，很少有空休息。,"shū shu zǒng shì máng lù, hěn shǎo yǒu kōng xiū xi.",My uncle is always busy and rarely has time to rest.
0,牛肉,niú ròu,妈妈把冷冻牛肉拿出来准备晚饭。,mā ma bǎ lěng dòng niú ròu ná chū lái zhǔn bèi wǎn fàn.,Mom took out frozen beef to prepare dinner.
0,谷物,gǔ wù,小鸟在院子里啄食散落的谷物。,xiǎo niǎo zài yuàn zi lǐ zhuó shí sàn luò de gǔ wù.,Birds peck at the grain scattered in the yard.
0,山谷,shān gǔ,我们在山谷发现了蝙蝠的踪迹。,wǒ men zài shān gǔ fā xiàn le biān fú de zōng jì.,We found traces of bats in the valley.
0,吐谷浑,tǔ yù hún,历史书介绍吐谷浑和谷蠡王。,lì shǐ shū jiè shào tǔ yù hún hé lù lí wáng.,The history book describes Tuyuhun and the Xiongnu title Luli Wang.
0,谷蠡王,lù lí wáng,历史书介绍吐谷浑和谷蠡王。,lì shǐ shū jiè shào tǔ yù hún hé lù lí wáng.,The history book describes Tuyuhun and the Xiongnu title Luli Wang.
2,笑容可掬,xiào róng kě jū,她笑容可掬，向客人鞠躬。,"tā xiào róng kě jū, xiàng kè rén jū gōng.",She smiles warmly and bows to the guests.
0,菊花,jú huā,院中的菊花散发馥郁香气。,yuàn zhōng de jú huā sàn fā fù yù xiāng qì.,The chrysanthemums fill the yard with fragrance.
0,哭泣,kū qì,孩子因恐惧而哭泣。,hái zi yīn kǒng jù ér kū qì.,The child cried out of fear.
0,酒曲,jiǔ qū,他用酒曲和一斛谷物酿酒。,tā yòng jiǔ qū hé yī hú gǔ wù niàng jiǔ.,He brews wine with yeast and a measure of grain.
0,储蓄,chǔ xù,她认为储蓄对未来很重要。,tā rèn wéi chǔ xù duì wèi lái hěn zhòng yào.,She thinks saving money is important for the future.
2,一斛,yī hú,他用酒曲和一斛谷物酿酒。,tā yòng jiǔ qū hé yī hú gǔ wù niàng jiǔ.,He brews wine with yeast and a measure of grain.
0,房屋,fáng wū,洪水冲坏了村里的房屋。,hóng shuǐ chōng huài le cūn lǐ de fáng wū.,The flood damaged the houses in the village.
1,浓郁,nóng yù,打开粽子，浓郁的香气扑鼻。,"dǎ kāi zòng zi, nóng yù de xiāng qì pū bí.",The rice dumpling releases a rich aroma.
0,稀粥,xī zhōu,他把青葱切碎放进稀粥。,tā bǎ qīng cōng qiē suì fàng jìn xī zhōu.,He chops green onions into the thin porridge.
2,卖儿鬻女,mài ér yù nǚ,旧时穷人无奈之下卖儿鬻女。,jiù shí qióng rén wú nài zhī xià mài ér yù nǚ.,Some poor people once had to sell their children.
0,教育,jiào yù,丰富的教育资源也应惠及贫穷家庭。,fēng fù de jiào yù zī yuán yě yīng huì jí pín qióng jiā tíng.,Families in poverty should also benefit from abundant educational resources.
2,蹼泳,pǔ yǒng,运动员穿好脚蹼，开始练习蹼泳。,"yùn dòng yuán chuān hǎo jiǎo pǔ, kāi shǐ liàn xí pǔ yǒng.",The athlete puts on fins and practices fin swimming.
0,占卜,zhān bǔ,古人常用龟甲进行占卜。,gǔ rén cháng yòng guī jiǎ jìn xíng zhān bǔ.,People once used turtle shells for divination.
0,腹部,fù bù,他贴着地面匍匐，腹部沾满泥。,"tā tiē zhe dì miàn pú fú, fù bù zhān mǎn ní.","He crawls along the ground, muddying his belly."
1,蝙蝠,biān fú,我们在山谷发现了蝙蝠的踪迹。,wǒ men zài shān gǔ fā xiàn le biān fú de zōng jì.,We found traces of bats in the valley.
0,幸福,xìng fú,她的目光里充满幸福。,tā de mù guāng lǐ chōng mǎn xìng fú.,Her eyes were full of happiness.
0,幅度,fú dù,他把图片压缩，缩小幅度很大。,"tā bǎ tú piàn yā suō, suō xiǎo fú dù hěn dà.","He compresses the image, greatly reducing its size."
0,仆人,pú rén,主人沐浴时，仆人在门外等候。,"zhǔ rén mù yù shí, pú rén zài mén wài děng hòu.","While the master bathed, the servant waited outside the door."
0,衣服,yī fu,这件衣服确实很适合他。,zhè jiàn yī fu què shí hěn shì hé tā.,This item of clothing really suits him.
2,匍匐,pú fú,他贴着地面匍匐，腹部沾满泥。,"tā tiē zhe dì miàn pú fú, fù bù zhān mǎn ní.","He crawls along the ground, muddying his belly."
2,馥郁,fù yù,院中的菊花散发馥郁香气。,yuàn zhōng de jú huā sàn fā fù yù xiāng qì.,The chrysanthemums fill the yard with fragrance.
0,树木,shù mù,成熟的果实挂在树木上。,chéng shú de guǒ shí guà zài shù mù shàng.,Ripe fruit hangs on the trees.
0,沐浴,mù yù,主人沐浴时，仆人在门外等候。,"zhǔ rén mù yù shí, pú rén zài mén wài děng hòu.","While the master bathed, the servant waited outside the door."
1,和睦,hé mù,大家应和睦相处，避免内讧。,"dà jiā yīng hé mù xiāng chǔ, bì miǎn nèi hòng.",Everyone should get along and avoid internal conflict.
1,肃穆,sù mù,隆重的仪式显得格外肃穆。,lóng zhòng de yí shì xiǎn de gé wài sù mù.,The grand ceremony feels especially solemn.
0,目光,mù guāng,她的目光里充满幸福。,tā de mù guāng lǐ chōng mǎn xìng fú.,Her eyes were full of happiness.
0,牧场,mù chǎng,牧场的动物需要每天喂食。,mù chǎng de dòng wù xū yào měi tiān wèi shí.,The animals on the farm need feeding every day.
0,扑灭,pū miè,勇敢的英雄冲上去扑灭大火。,yǒng gǎn de yīng xióng chōng shàng qù pū miè dà huǒ.,The brave hero rushed forward to put out the fire.
0,冬天,dōng tiān,冬天，烟雾从烟囱里飘出来。,"dōng tiān, yān wù cóng yān cōng lǐ piāo chū lái.","In winter, smoke drifts out of the chimney."
0,疼爱,téng ài,村里的老翁十分疼爱孙女。,cūn lǐ de lǎo wēng shí fēn téng ài sūn nǚ.,The old villager loves his granddaughter dearly.
1,红彤彤,hóng tōng tōng,红彤彤的花旁站着一只孔雀。,hóng tōng tōng de huā páng zhàn zhe yī zhī kǒng què.,A peacock stands beside bright red flowers.
0,冬冬,dōng dōng,远处的鼓声冬冬，节奏分明。,"yuǎn chù de gǔ shēng dōng dōng, jié zòu fēn míng.",The distant drum beats in a clear rhythm.
0,农业,nóng yè,新技术促进了当地农业的发展。,xīn jì shù cù jìn le dāng dì nóng yè de fā zhǎn.,New technology has helped local agriculture develop.
1,脓液,nóng yè,医生仔细清理伤口里的脓液。,yī shēng zǐ xì qīng lǐ shāng kǒu lǐ de nóng yè.,The doctor carefully cleans pus from the wound.
0,宗教,zōng jiào,这本书用统一格式介绍宗教节日。,zhè běn shū yòng tǒng yī gé shì jiè shào zōng jiào jié rì.,This book presents religious festivals in a consistent format.
2,淙淙,cóng cóng,溪水淙淙，小马的鬃毛随风飘。,"xī shuǐ cóng cóng, xiǎo mǎ de zōng máo suí fēng piāo.","The stream murmurs, and the pony's mane blows in the wind."
2,鬃毛,zōng máo,溪水淙淙，小马的鬃毛随风飘。,"xī shuǐ cóng cóng, xiǎo mǎ de zōng máo suí fēng piāo.","The stream murmurs, and the pony's mane blows in the wind."
0,轻松,qīng sōng,休息以后，她轻松地重新开始。,"xiū xi yǐ hòu, tā qīng sōng de chóng xīn kāi shǐ.","After a break, she started again with ease."
0,统一,tǒng yī,这本书用统一格式介绍宗教节日。,zhè běn shū yòng tǒng yī gé shì jiè shào zōng jiào jié rì.,This book presents religious festivals in a consistent format.
1,综合,zōng hé,他综合各项意见，监督施工事项。,"tā zōng hé gè xiàng yì jiàn, jiān dū shī gōng shì xiàng.",He considers everyone's views and oversees the construction work.
0,宋朝,sòng cháo,画家描绘宋朝庭院中的芙蓉。,huà jiā miáo huì sòng cháo tíng yuàn zhōng de fú róng.,The artist paints hibiscus flowers in a Song dynasty courtyard.
2,笃定,dǔ dìng,她神情笃定，从容回答问题。,"tā shén qíng dǔ dìng, cóng róng huí dá wèn tí.",She looks confident and answers calmly.
0,监督,jiān dū,他综合各项意见，监督施工事项。,"tā zōng hé gè xiàng yì jiàn, jiān dū shī gōng shì xiàng.",He considers everyone's views and oversees the construction work.
0,病毒,bìng dú,公共场所要注意预防病毒传播。,gōng gòng chǎng suǒ yào zhù yì yù fáng bìng dú chuán bō.,Take care to prevent the spread of viruses in public places.
1,被褥,bèi rù,他盖好被褥，屋外雾气浓厚。,"tā gài hǎo bèi rù, wū wài wù qì nóng hòu.",He pulls up his bedding as thick fog gathers outside.
0,残酷,cán kù,凶猛的恶兽露出凶狠残酷的本性。,xiōng měng de è shòu lù chū xiōng hěn cán kù de běn xìng.,"The fierce beast reveals its vicious, cruel nature."
0,肥沃,féi wò,肥沃的土壤适合种子生长。,féi wò de tǔ rǎng shì hé zhǒng zi shēng zhǎng.,Fertile soil helps seeds grow.
0,浓厚,nóng hòu,他盖好被褥，屋外雾气浓厚。,"tā gài hǎo bèi rù, wū wài wù qì nóng hòu.",He pulls up his bedding as thick fog gathers outside.
0,龙王,lóng wáng,传说中的龙王受到百姓歌颂。,chuán shuō zhōng de lóng wáng shòu dào bǎi xìng gē sòng.,The people praise the Dragon King in the legend.
0,纵横,zòng héng,岩石表面的裂缝纵横交错。,yán shí biǎo miàn de liè fèng zòng héng jiāo cuò.,Cracks crisscross the rock's surface.
0,放纵,fàng zòng,家长要约束孩子，不能放纵。,"jiā zhǎng yào yuē shù hái zi, bù néng fàng zòng.",Parents should guide their children instead of indulging them.
0,踪迹,zōng jì,我们在山谷发现了蝙蝠的踪迹。,wǒ men zài shān gǔ fā xiàn le biān fú de zōng jì.,We found traces of bats in the valley.
0,跟从,gēn cóng,他跟从师傅练习，巩固手艺。,"tā gēn cóng shī fu liàn xí, gǒng gù shǒu yì.",He follows his master's lessons to improve his craft.
0,从容,cóng róng,她神情笃定，从容回答问题。,"tā shén qíng dǔ dìng, cóng róng huí dá wèn tí.",She looks confident and answers calmly.
0,从兄弟,cóng xiōng dì,古文中的从兄弟指堂兄弟。,gǔ wén zhōng de cóng xiōng dì zhǐ táng xiōng dì.,"In classical Chinese, this term means paternal cousins."
0,松树,sōng shù,雪后的松树依然是绿色的。,xuě hòu de sōng shù yī rán shì lǜ sè de.,The pine trees remain green after the snowfall.
1,诉讼,sù sòng,双方因佣金争议提起诉讼。,shuāng fāng yīn yòng jīn zhēng yì tí qǐ sù sòng.,The two sides sue over a commission dispute.
0,重新,chóng xīn,听了劝告，他愿意重新尝试。,"tīng le quàn gào, tā yuàn yì chóng xīn cháng shì.","After listening to the advice, he was willing to try again."
0,重量,zhòng liàng,使用前先检查箱子的重量。,shǐ yòng qián xiān jiǎn chá xiāng zi de zhòng liàng.,Check the box's weight before using it.
0,重要,zhòng yào,她认为储蓄对未来很重要。,tā rèn wéi chǔ xù duì wèi lái hěn zhòng yào.,She thinks saving money is important for the future.
0,钟声,zhōng shēng,附近的钟声很容易听见。,fù jìn de zhōng shēng hěn róng yì tīng jiàn.,It is easy to hear the bells nearby.
2,怔忪,zhēng zhōng,惊悚的故事让孩子满脸怔忪。,jīng sǒng de gù shi ràng hái zi mǎn liǎn zhēng zhōng.,The frightening story leaves the child visibly alarmed.
2,惺忪,xīng sōng,旭日初升，他睡眼惺忪地起床。,"xù rì chū shēng, tā shuì yǎn xīng sōng de qǐ chuáng.",He rises sleepily as the sun comes up.
0,钟爱,zhōng ài,她一直钟爱这只银手镯。,tā yī zhí zhōng ài zhè zhǐ yín shǒu zhuó.,She has always treasured this silver bracelet.
2,憧憬,chōng jǐng,大家憧憬和平，期待新的局面。,"dà jiā chōng jǐng hé píng, qī dài xīn de jú miàn.",Everyone longs for peace and hopes for a new situation.
0,冲锋,chōng fēng,队员充满冲劲，向前冲锋。,"duì yuán chōng mǎn chòng jìn, xiàng qián chōng fēng.",The players charge forward with great energy.
0,冲劲,chòng jìn,队员充满冲劲，向前冲锋。,"duì yuán chōng mǎn chòng jìn, xiàng qián chōng fēng.",The players charge forward with great energy.
2,舂米,chōng mǐ,她站在木桩旁，用石臼舂米。,"tā zhàn zài mù zhuāng páng, yòng shí jiù chōng mǐ.",She pounds rice in a stone mortar beside a wooden post.
1,鹿茸,lù róng,鹿茸是雄鹿尚未骨化的嫩角。,lù róng shì xióng lù shàng wèi gǔ huà de nèn jiǎo.,"Velvet antlers are a male deer's young, unhardened antlers."
0,公共,gōng gòng,公共场所要注意预防病毒传播。,gōng gòng chǎng suǒ yào zhù yì yù fáng bìng dú chuán bō.,Take care to prevent the spread of viruses in public places.
0,恭敬,gōng jìng,她举止雍容，客人恭敬行礼。,"tā jǔ zhǐ yōng róng, kè rén gōng jìng xíng lǐ.","She carries herself gracefully, and the guests bow respectfully."
0,提供,tí gōng,宾馆提供面包和水果罐头。,bīn guǎn tí gōng miàn bāo hé shuǐ guǒ guàn tou.,The hotel provides bread and canned fruit.
0,供奉,gòng fèng,这座寺庙供奉着凤凰雕像。,zhè zuò sì miào gòng fèng zhe fèng huáng diāo xiàng.,This temple enshrines a statue of a phoenix.
0,凶狠,xiōng hěn,凶猛的恶兽露出凶狠残酷的本性。,xiōng měng de è shòu lù chū xiōng hěn cán kù de běn xìng.,"The fierce beast reveals its vicious, cruel nature."
0,汹涌,xiōng yǒng,长江水势汹涌，船只暂缓通行。,"cháng jiāng shuǐ shì xiōng yǒng, chuán zhī zàn huǎn tōng xíng.","The Yangtze is turbulent, so boats wait to pass."
0,凶猛,xiōng měng,凶猛的恶兽露出凶狠残酷的本性。,xiōng měng de è shòu lù chū xiōng hěn cán kù de běn xìng.,"The fierce beast reveals its vicious, cruel nature."
1,匈奴,xiōng nú,古代边塞燃起烽火，防备匈奴。,"gǔ dài biān sài rán qǐ fēng huǒ, fáng bèi xiōng nú.",Ancient frontier beacons warned of Xiongnu attacks.
2,雍容,yōng róng,她举止雍容，客人恭敬行礼。,"tā jǔ zhǐ yōng róng, kè rén gōng jìng xíng lǐ.","She carries herself gracefully, and the guests bow respectfully."
1,芙蓉,fú róng,画家描绘宋朝庭院中的芙蓉。,huà jiā miáo huì sòng cháo tíng yuàn zhōng de fú róng.,The artist paints hibiscus flowers in a Song dynasty courtyard.
1,溶解,róng jiě,他把盐倒进水缸，等它溶解。,"tā bǎ yán dào jìn shuǐ gāng, děng tā róng jiě.",He pours salt into the water jar and lets it dissolve.
0,容易,róng yì,附近的钟声很容易听见。,fù jìn de zhōng shēng hěn róng yì tīng jiàn.,It is easy to hear the bells nearby.
0,佣金,yòng jīn,双方因佣金争议提起诉讼。,shuāng fāng yīn yòng jīn zhēng yì tí qǐ sù sòng.,The two sides sue over a commission dispute.
2,镕铸,róng zhù,工匠镕铸铜像，再仔细雕琢。,"gōng jiàng róng zhù tóng xiàng, zài zǐ xì diāo zhuó.",The craftsman casts the bronze statue and finishes its details.
0,歌颂,gē sòng,传说中的龙王受到百姓歌颂。,chuán shuō zhōng de lóng wáng shòu dào bǎi xìng gē sòng.,The people praise the Dragon King in the legend.
0,平庸,píng yōng,勤奋使他从平庸走向卓越。,qín fèn shǐ tā cóng píng yōng zǒu xiàng zhuó yuè.,Hard work takes him from mediocrity to excellence.
0,封闭,fēng bì,道路封闭后，车站提供绕行信息。,"dào lù fēng bì hòu, chē zhàn tí gōng rào xíng xìn xī.","After the road closes, the station provides information about alternative routes."
0,相逢,xiāng féng,多年后，他们在故乡小巷相逢。,"duō nián hòu, tā men zài gù xiāng xiǎo xiàng xiāng féng.","Years later, they meet again in their hometown's alley."
0,裁缝,cái feng,那位秃头裁缝正在量衣服。,nà wèi tū tóu cái feng zhèng zài liáng yī fu.,The bald tailor is measuring a garment.
0,裂缝,liè fèng,岩石表面的裂缝纵横交错。,yán shí biǎo miàn de liè fèng zòng héng jiāo cuò.,Cracks crisscross the rock's surface.
0,锋利,fēng lì,这把锯子很锋利，请小心拿。,"zhè bǎ jù zi hěn fēng lì, qǐng xiǎo xīn ná.",This saw is sharp; please handle it carefully.
2,烽火,fēng huǒ,古代边塞燃起烽火，防备匈奴。,"gǔ dài biān sài rán qǐ fēng huǒ, fáng bèi xiōng nú.",Ancient frontier beacons warned of Xiongnu attacks.
0,丰采,fēng cǎi,照片留下了演员年轻时的丰采。,zhào piàn liú xià le yǎn yuán nián qīng shí de fēng cǎi.,The photograph captures the actor's youthful grace.
2,陇西,lǒng xī,朔风吹过陇西，山野十分寒冷。,"shuò fēng chuī guò lǒng xī, shān yě shí fēn hán lěng.","A north wind blows over Longxi, chilling the hills."
1,耸立,sǒng lì,五岳的雄峰在云雾中耸立。,wǔ yuè de xióng fēng zài yún wù zhōng sǒng lì.,The grand peaks of the Five Sacred Mountains rise through mist.
2,惊悚,jīng sǒng,惊悚的故事让孩子满脸怔忪。,jīng sǒng de gù shi ràng hái zi mǎn liǎn zhēng zhōng.,The frightening story leaves the child visibly alarmed.
2,怂恿,sǒng yǒng,别受谎言蒙蔽，也别受人怂恿。,"bié shòu huǎng yán méng bì, yě bié shòu rén sǒng yǒng.",Do not be misled by lies or goaded by others.
2,荒冢,huāng zhǒng,荒冢是久无人照管的坟冢。,huāng zhǒng shì jiǔ wú rén zhào guǎn de fén zhǒng.,An abandoned grave is one nobody has tended for years.
2,坟冢,fén zhǒng,荒冢是久无人照管的坟冢。,huāng zhǒng shì jiǔ wú rén zhào guǎn de fén zhǒng.,An abandoned grave is one nobody has tended for years.
1,宠爱,chǒng ài,他很宠爱女儿，每场演出都捧场。,"tā hěn chǒng ài nǚ ér, měi chǎng yǎn chū dōu pěng chǎng.",He adores his daughter and attends every performance.
2,接踵而来,jiē zhǒng ér lái,脚踝肿胀后，麻烦接踵而来。,"jiǎo huái zhǒng zhàng hòu, má fan jiē zhǒng ér lái.","After his ankle swells, problems follow one after another."
0,肿胀,zhǒng zhàng,脚踝肿胀后，麻烦接踵而来。,"jiǎo huái zhǒng zhàng hòu, má fan jiē zhǒng ér lái.","After his ankle swells, problems follow one after another."
0,种子,zhǒng zi,肥沃的土壤适合种子生长。,féi wò de tǔ rǎng shì hé zhǒng zi shēng zhǎng.,Fertile soil helps seeds grow.
0,种植,zhòng zhí,六月，我们在院子里种植竹子。,"liù yuè, wǒ men zài yuàn zi lǐ zhòng zhí zhú zi.","In June, we plant bamboo in the yard."
0,巩固,gǒng gù,他跟从师傅练习，巩固手艺。,"tā gēn cóng shī fu liàn xí, gǒng gù shǒu yì.",He follows his master's lessons to improve his craft.
1,拱桥,gǒng qiáo,新修的石拱桥格外引人瞩目。,xīn xiū de shí gǒng qiáo gé wài yǐn rén zhǔ mù.,The new stone arch bridge attracts much attention.
0,恐惧,kǒng jù,孩子因恐惧而哭泣。,hái zi yīn kǒng jù ér kū qì.,The child cried out of fear.
0,拥有,yōng yǒu,他拥有财富，也愿意奉献时间。,"tā yōng yǒu cái fù, yě yuàn yì fèng xiàn shí jiān.",He has wealth and is also willing to give his time.
1,蚕蛹,cán yǒng,蚕蛹藏在茧中，等待化为蛾。,"cán yǒng cáng zài jiǎn zhōng, děng dài huà wéi é.",The silkworm pupa stays in its cocoon before becoming a moth.
0,勇敢,yǒng gǎn,勇敢的英雄冲上去扑灭大火。,yǒng gǎn de yīng xióng chōng shàng qù pū miè dà huǒ.,The brave hero rushed forward to put out the fire.
0,奉献,fèng xiàn,他拥有财富，也愿意奉献时间。,"tā yōng yǒu cái fù, yě yuàn yì fèng xiàn shí jiān.",He has wealth and is also willing to give his time.
0,捧场,pěng chǎng,他很宠爱女儿，每场演出都捧场。,"tā hěn chǒng ài nǚ ér, měi chǎng yǎn chū dōu pěng chǎng.",He adores his daughter and attends every performance.
0,背诵,bèi sòng,学习这首诗时，要先理解再背诵。,"xué xí zhè shǒu shī shí, yào xiān lǐ jiě zài bèi sòng.","When studying this poem, understand it before reciting it from memory."
0,使用,shǐ yòng,使用前先检查箱子的重量。,shǐ yòng qián xiān jiǎn chá xiāng zi de zhòng liàng.,Check the box's weight before using it.
0,绿色,lǜ sè,雪后的松树依然是绿色的。,xuě hòu de sōng shù yī rán shì lǜ sè de.,The pine trees remain green after the snowfall.
0,记录,jì lù,这份记录提供了确凿的证据。,zhè fèn jì lù tí gōng le què záo de zhèng jù.,This record provides solid evidence.
0,促进,cù jìn,新技术促进了当地农业的发展。,xīn jì shù cù jìn le dāng dì nóng yè de fā zhǎn.,New technology has helped local agriculture develop.
1,沧海一粟,cāng hǎi yī sù,个人的力量如同沧海一粟。,gè rén de lì liàng rú tóng cāng hǎi yī sù.,One person's power is like a grain in the vast sea.
0,继续,jì xù,他没有辍学，而是继续努力学习。,"tā méi yǒu chuò xué, ér shì jì xù nǔ lì xué xí.",He did not drop out and kept studying hard.
0,风俗,fēng sú,岳父向我介绍当地的婚礼风俗。,yuè fù xiàng wǒ jiè shào dāng dì de hūn lǐ fēng sú.,My father-in-law explains the local wedding customs.
0,蜡烛,là zhú,这根蜡烛用蜂蜡制成。,zhè gēn là zhú yòng fēng là zhì chéng.,This candle is made from beeswax.
0,叮嘱,dīng zhǔ,出门前，妈妈叮嘱儿子带上钥匙。,"chū mén qián, mā ma dīng zhǔ ér zi dài shàng yào shi.","Before he left, Mom reminded her son to take his keys."
2,瞩目,zhǔ mù,新修的石拱桥格外引人瞩目。,xīn xiū de shí gǒng qiáo gé wài yǐn rén zhǔ mù.,The new stone arch bridge attracts much attention.
0,属文,zhǔ wén,他平日勤于属文，常去书局购书。,"tā píng rì qín yú zhǔ wén, cháng qù shū jú gòu shū.",He writes diligently and often buys books at a bookshop.
0,属于,shǔ yú,这片花园属于私人，不能随便进入。,"zhè piàn huā yuán shǔ yú sī rén, bù néng suí biàn jìn rù.","This garden is privately owned, so people cannot enter freely."
0,接触,jiē chù,别让手臂直接接触热水。,bié ràng shǒu bì zhí jiē jiē chù rè shuǐ.,Do not let your arm come into direct contact with hot water.
2,手镯,shǒu zhuó,她一直钟爱这只银手镯。,tā yī zhí zhōng ài zhè zhǐ yín shǒu zhuó.,She has always treasured this silver bracelet.
1,蜀汉,shǔ hàn,故事中的蜀汉将领立功赎罪。,gù shi zhōng de shǔ hàn jiàng lǐng lì gōng shú zuì.,The general in the Shu Han story redeems himself through service.
0,约束,yuē shù,家长要约束孩子，不能放纵。,"jiā zhǎng yào yuē shù hái zi, bù néng fàng zòng.",Parents should guide their children instead of indulging them.
1,赎罪,shú zuì,故事中的蜀汉将领立功赎罪。,gù shi zhōng de shǔ hàn jiàng lǐng lì gōng shú zuì.,The general in the Shu Han story redeems himself through service.
0,耻辱,chǐ rǔ,他认为作弊是一种耻辱，不能任由自己堕落。,"tā rèn wéi zuò bì shì yī zhǒng chǐ rǔ, bù néng rèn yóu zì jǐ duò luò.",He considers cheating disgraceful and refuses to let his morals decline.
0,弯曲,wān qū,厚厚积雪使树枝弯曲了。,hòu hòu jī xuě shǐ shù zhī wān qū le.,The thick snow bends the branches.
0,监狱,jiān yù,离开监狱后，他重新获得了自由。,"lí kāi jiān yù hòu, tā chóng xīn huò dé le zì yóu.","After leaving prison, he regained his freedom."
0,地狱,dì yù,传说用地狱的苦难警戒恶行。,chuán shuō yòng dì yù de kǔ nàn jǐng jiè è xíng.,The legend warns against evil through the torments of hell.
0,玉米,yù mǐ,我们在水池边种了一排玉米。,wǒ men zài shuǐ chí biān zhòng le yī pái yù mǐ.,We planted a row of corn beside the pond.
1,旭日,xù rì,旭日初升，他睡眼惺忪地起床。,"xù rì chū shēng, tā shuì yǎn xīng sōng de qǐ chuáng.",He rises sleepily as the sun comes up.
0,欲望,yù wàng,他学会了控制购买新衣的欲望。,tā xué huì le kòng zhì gòu mǎi xīn yī de yù wàng.,He learned to control his desire to buy new clothes.
0,局面,jú miàn,大家憧憬和平，期待新的局面。,"dà jiā chōng jǐng hé píng, qī dài xīn de jú miàn.",Everyone longs for peace and hopes for a new situation.
0,书局,shū jú,他平日勤于属文，常去书局购书。,"tā píng rì qín yú zhǔ wén, cháng qù shū jú gòu shū.",He writes diligently and often buys books at a bookshop.
1,木桩,mù zhuāng,她站在木桩旁，用石臼舂米。,"tā zhàn zài mù zhuāng páng, yòng shí jiù chōng mǐ.",She pounds rice in a stone mortar beside a wooden post.
0,碰撞,pèng zhuàng,两根木棒碰撞，发出撞击声。,"liǎng gēn mù bàng pèng zhuàng, fā chū zhuàng jī shēng.",The two wooden sticks collide with a sharp knock.
0,撞击,zhuàng jī,两根木棒碰撞，发出撞击声。,"liǎng gēn mù bàng pèng zhuàng, fā chū zhuàng jī shēng.",The two wooden sticks collide with a sharp knock.
1,幡幢,fān chuáng,海幢寺的殿前悬挂着幡幢。,hǎi chuáng sì de diàn qián xuán guà zhe fān chuáng.,Ceremonial banners hang before the hall at Haichuang Temple.
1,一栋楼,yī dòng lóu,一栋楼里的房间号全是双数。,yī dòng lóu lǐ de fáng jiān hào quán shì shuāng shù.,Every room number in one building is even.
1,海幢寺,hǎi chuáng sì,海幢寺的殿前悬挂着幡幢。,hǎi chuáng sì de diàn qián xuán guà zhe fān chuáng.,Ceremonial banners hang before the hall at Haichuang Temple.
0,双数,shuāng shù,一栋楼里的房间号全是双数。,yī dòng lóu lǐ de fáng jiān hào quán shì shuāng shù.,Every room number in one building is even.
0,长江,cháng jiāng,长江水势汹涌，船只暂缓通行。,"cháng jiāng shuǐ shì xiōng yǒng, chuán zhī zàn huǎn tōng xíng.","The Yangtze is turbulent, so boats wait to pass."
1,肛门,gāng mén,肛门是消化道末端的出口。,gāng mén shì xiāo huà dào mò duān de chū kǒu.,The anus is the opening at the end of the digestive tract.
0,扛起,káng qǐ,友邦的救援队扛起物资进村。,yǒu bāng de jiù yuán duì káng qǐ wù zī jìn cūn.,A friendly country's rescue team carries supplies into the village.
0,扛鼎,gāng dǐng,古书用扛鼎形容力气极大。,gǔ shū yòng gāng dǐng xíng róng lì qi jí dà.,Ancient books describe immense strength through lifting a cauldron.
0,控制,kòng zhì,他努力控制脾气，避免争吵。,"tā nǔ lì kòng zhì pí qi, bì miǎn zhēng chǎo.",He tries to control his temper and avoid arguments.
0,口腔,kǒu qiāng,每天刷牙有助于保持口腔清洁。,měi tiān shuā yá yǒu zhù yú bǎo chí kǒu qiāng qīng jié.,Brushing daily helps keep the mouth clean.
0,水缸,shuǐ gāng,他把盐倒进水缸，等它溶解。,"tā bǎ yán dào jìn shuǐ gāng, děng tā róng jiě.",He pours salt into the water jar and lets it dissolve.
0,投降,tóu xiáng,士兵放下武器，举手投降。,"shì bīng fàng xià wǔ qì, jǔ shǒu tóu xiáng.",The soldiers laid down their weapons and raised their hands to surrender.
0,降落,jiàng luò,鸟儿降落在屋顶，慢慢收起翅膀。,"niǎo r jiàng luò zài wū dǐng, màn màn shōu qǐ chì bǎng.",The bird lands on the roof and slowly folds its wings.
1,友邦,yǒu bāng,友邦的救援队扛起物资进村。,yǒu bāng de jiù yuán duì káng qǐ wù zī jìn cūn.,A friendly country's rescue team carries supplies into the village.
1,庞大,páng dà,庞大的货船驶进了港口。,páng dà de huò chuán shǐ jìn le gǎng kǒu.,The enormous cargo ship sailed into the port.
0,演讲,yǎn jiǎng,演讲的日期已经确定了。,yǎn jiǎng de rì qī yǐ jīng què dìng le.,The date for the speech has been set.
0,港口,gǎng kǒu,庞大的货船驶进了港口。,páng dà de huò chuán shǐ jìn le gǎng kǒu.,The enormous cargo ship sailed into the port.
0,事项,shì xiàng,他综合各项意见，监督施工事项。,"tā zōng hé gè xiàng yì jiàn, jiān dū shī gōng shì xiàng.",He considers everyone's views and oversees the construction work.
0,项链,xiàng liàn,她戴着一条紫色珠子的项链。,tā dài zhe yī tiáo zǐ sè zhū zi de xiàng liàn.,She is wearing a necklace with purple beads.
0,木棒,mù bàng,两根木棒碰撞，发出撞击声。,"liǎng gēn mù bàng pèng zhuàng, fā chū zhuàng jī shēng.",The two wooden sticks collide with a sharp knock.
1,蚌壳,bàng ké,孩子在河边捡到一片蚌壳。,hái zi zài hé biān jiǎn dào yī piàn bàng ké.,The child finds a mussel shell beside the river.
0,小巷,xiǎo xiàng,多年后，他们在故乡小巷相逢。,"duō nián hòu, tā men zài gù xiāng xiǎo xiàng xiāng féng.","Years later, they meet again in their hometown's alley."
0,街头巷尾,jiē tóu xiàng wěi,节日里，街头巷尾都挂着彩灯。,"jié rì lǐ, jiē tóu xiàng wěi dōu guà zhe cǎi dēng.",Festive lights hang along every street and alley.
0,桌子,zhuō zi,桌子中间放着两根蜡烛。,zhuō zi zhōng jiān fàng zhe liǎng gēn là zhú.,Two candles stand in the middle of the table.
1,雕琢,diāo zhuó,工匠镕铸铜像，再仔细雕琢。,"gōng jiàng róng zhù tóng xiàng, zài zǐ xì diāo zhuó.",The craftsman casts the bronze statue and finishes its details.
1,卓越,zhuó yuè,勤奋使他从平庸走向卓越。,qín fèn shǐ tā cóng píng yōng zǒu xiàng zhuó yuè.,Hard work takes him from mediocrity to excellence.
2,擢升,zhuó shēng,他获擢升后，待遇更为优渥。,"tā huò zhuó shēng hòu, dài yù gèng wéi yōu wò.","After his promotion, his benefits become more generous."
0,浑浊,hún zhuó,河水浑浊，渔民难以捕捉小鱼。,"hé shuǐ hún zhuó, yú mín nán yǐ bǔ zhuō xiǎo yú.",The muddy river makes small fish difficult to catch.
0,捕捉,bǔ zhuō,河水浑浊，渔民难以捕捉小鱼。,"hé shuǐ hún zhuó, yú mín nán yǐ bǔ zhuō xiǎo yú.",The muddy river makes small fish difficult to catch.
0,捉弄,zhuō nòng,他被朋友捉弄后，笑着反驳。,"tā bèi péng you zhuō nòng hòu, xiào zhe fǎn bó.","After his friends teased him, he laughed and argued back."
2,朔风,shuò fēng,朔风吹过陇西，山野十分寒冷。,"shuò fēng chuī guò lǒng xī, shān yě shí fēn hán lěng.","A north wind blows over Longxi, chilling the hills."
0,确定,què dìng,演讲的日期已经确定了。,yǎn jiǎng de rì qī yǐ jīng què dìng le.,The date for the speech has been set.
0,的确,dí què,这两张图片的确值得仔细比较。,zhè liǎng zhāng tú piàn dí què zhí de zǐ xì bǐ jiào.,These two pictures really deserve a careful comparison.
1,五岳,wǔ yuè,五岳的雄峰在云雾中耸立。,wǔ yuè de xióng fēng zài yún wù zhōng sǒng lì.,The grand peaks of the Five Sacred Mountains rise through mist.
1,岳父,yuè fù,岳父向我介绍当地的婚礼风俗。,yuè fù xiàng wǒ jiè shào dāng dì de hūn lǐ fēng sú.,My father-in-law explains the local wedding customs.
0,学习,xué xí,学习这首诗时，要先理解再背诵。,"xué xí zhè shǒu shī shí, yào xiān lǐ jiě zài bèi sòng.","When studying this poem, understand it before reciting it from memory."
0,学校,xué xiào,霍先生住在学校隔壁。,huò xiān sheng zhù zài xué xiào gé bì.,Mr. Huo lives next to the school.
0,握手,wò shǒu,他们握手问候，珍惜彼此的友谊。,"tā men wò shǒu wèn hòu, zhēn xī bǐ cǐ de yǒu yì.",They shake hands in greeting and treasure their friendship.
2,优渥,yōu wò,他获擢升后，待遇更为优渥。,"tā huò zhuó shēng hòu, dài yù gèng wéi yōu wò.","After his promotion, his benefits become more generous."
2,喔喔叫,wō wō jiào,天刚亮，公鸡就在院里喔喔叫。,"tiān gāng liàng, gōng jī jiù zài yuàn lǐ wō wō jiào.","At dawn, the rooster crows in the yard."
2,喔,ō,喔，我知道你的意思了。,"ō, wǒ zhī dào nǐ de yì si le.","Oh, now I understand what you mean."
0,剥削,bō xuē,剥削劳动者会剥夺他们的尊严。,bō xuē láo dòng zhě huì bō duó tā men de zūn yán.,Exploiting workers robs them of their dignity.
0,剥夺,bō duó,剥削劳动者会剥夺他们的尊严。,bō xuē láo dòng zhě huì bō duó tā men de zūn yán.,Exploiting workers robs them of their dignity.
0,反驳,fǎn bó,他被朋友捉弄后，笑着反驳。,"tā bèi péng you zhuō nòng hòu, xiào zhe fǎn bó.","After his friends teased him, he laughed and argued back."
0,驳船,bó chuán,冰雹落在驳船上，船工忙着避雨。,"bīng báo luò zài bó chuán shàng, chuán gōng máng zhe bì yǔ.","Hail falls on the barge, and the crew seek shelter."
0,冰雹,bīng báo,冰雹落在驳船上，船工忙着避雨。,"bīng báo luò zài bó chuán shàng, chuán gōng máng zhe bì yǔ.","Hail falls on the barge, and the crew seek shelter."
2,璞玉,pú yù,工匠小心切开未经雕琢的璞玉。,gōng jiàng xiǎo xīn qiè kāi wèi jīng diāo zhuó de pú yù.,The craftsman carefully cuts the unworked jade.
2,罹难,lí nàn,他在事故中罹难，家人从此分离。,"tā zài shì gù zhōng lí nàn, jiā rén cóng cǐ fēn lí.","He dies in the accident, leaving his family separated."
2,黄鹂,huáng lí,晨曦中，一只黄鹂在枝头歌唱。,"chén xī zhōng, yī zhī huáng lí zài zhī tóu gē chàng.",An oriole sings on a branch in the early light.
0,分离,fēn lí,他在事故中罹难，家人从此分离。,"tā zài shì gù zhōng lí nàn, jiā rén cóng cǐ fēn lí.","He dies in the accident, leaving his family separated."
2,骊山,lí shān,骊山的宫殿有华丽的琉璃瓦。,lí shān de gōng diàn yǒu huá lì de liú li wǎ.,The palace at Mount Li has splendid glazed tiles.
0,华丽,huá lì,骊山的宫殿有华丽的琉璃瓦。,lí shān de gōng diàn yǒu huá lì de liú li wǎ.,The palace at Mount Li has splendid glazed tiles.
0,琉璃,liú li,骊山的宫殿有华丽的琉璃瓦。,lí shān de gōng diàn yǒu huá lì de liú li wǎ.,The palace at Mount Li has splendid glazed tiles.
0,玻璃,bō li,玻璃瓶放在篱笆旁的桌上。,bō li píng fàng zài lí ba páng de zhuō shàng.,The glass bottle is on a table beside the fence.
1,淋漓,lín lí,他跑得汗水淋漓，十分疲劳。,"tā pǎo de hàn shuǐ lín lí, shí fēn pí láo.",He finishes the run exhausted and dripping with sweat.
1,篱笆,lí ba,玻璃瓶放在篱笆旁的桌上。,bō li píng fàng zài lí ba páng de zhuō shàng.,The glass bottle is on a table beside the fence.
0,药剂,yào jì,医生研究药剂对骨髓的影响。,yī shēng yán jiū yào jì duì gǔ suǐ de yǐng xiǎng.,The doctor studies the medicine's effect on bone marrow.
1,雌雄,cí xióng,观察犄角有时能区分鹿的雌雄。,guān chá jī jiǎo yǒu shí néng qū fēn lù de cí xióng.,Antlers can sometimes help distinguish male and female deer.
2,瑕疵,xiá cī,这件瓷器的边缘有一处瑕疵。,zhè jiàn cí qì de biān yuán yǒu yī chù xiá cī.,There is a flaw along the edge of this porcelain piece.
0,斯文,sī wén,他虽外表斯文，却并非唯唯诺诺。,"tā suī wài biǎo sī wén, què bìng fēi wéi wéi nuò nuò.",He looks refined but does not simply agree with everyone.
2,厮杀,sī shā,铁骑冲入战场，与敌军厮杀。,"tiě qí chōng rù zhàn chǎng, yǔ dí jūn sī shā.",The armored cavalry charge into battle and fight the enemy.
0,跟随,gēn suí,不要盲目跟随，要先思考清楚。,"bù yào máng mù gēn suí, yào xiān sī kǎo qīng chu.",Do not follow blindly; think it through first.
2,隋朝,suí cháo,这本书分别介绍月氏和隋朝。,zhè běn shū fēn bié jiè shào yuè zhī hé suí cháo.,The book separately introduces the Yuezhi people and the Sui dynasty.
0,四肢,sì zhī,运动后，他放松四肢，肌肉松弛。,"yùn dòng hòu, tā fàng sōng sì zhī, jī ròu sōng chí.","He relaxes his limbs after exercise, loosening his muscles."
0,支持,zhī chí,孩子跟随老师，也得到家人的支持。,"hái zi gēn suí lǎo shī, yě dé dào jiā rén de zhī chí.",The child follows the teacher's guidance and also receives support from the family.
0,只有,zhǐ yǒu,杯子里只有一茶匙糖。,bēi zi lǐ zhǐ yǒu yī chá chí táng.,There is only one teaspoon of sugar in the cup.
0,树枝,shù zhī,厚厚积雪使树枝弯曲了。,hòu hòu jī xuě shǐ shù zhī wān qū le.,The thick snow bends the branches.
0,姓氏,xìng shì,阿姨告诉我她的姓氏怎么写。,ā yí gào su wǒ tā de xìng shì zěn me xiě.,My aunt told me how to write her surname.
0,月氏,yuè zhī,这本书分别介绍月氏和隋朝。,zhè běn shū fēn bié jiè shào yuè zhī hé suí cháo.,The book separately introduces the Yuezhi people and the Sui dynasty.
0,炊烟,chuī yān,谁家的炊烟正从屋顶升起。,shuí jiā de chuī yān zhèng cóng wū dǐng shēng qǐ.,Whose cooking smoke is rising from the roof?
0,吹风,chuī fēng,他站在门口吹风，看着枯萎的盆花。,"tā zhàn zài mén kǒu chuī fēng, kàn zhe kū wěi de pén huā.","He stands in the breeze by the door, looking at the wilted potted flowers."
0,提高,tí gāo,他的跑步速度逐渐提高。,tā de pǎo bù sù dù zhú jiàn tí gāo.,His running speed is gradually improving.
0,垂直,chuí zhí,他画圆锥时，让轴线垂直底面。,"tā huà yuán zhuī shí, ràng zhóu xiàn chuí zhí dǐ miàn.",He draws a cone with its axis perpendicular to the base.
0,钥匙,yào shi,我在车站遗失了家里的钥匙。,wǒ zài chē zhàn yí shī le jiā lǐ de yào shi.,I lost my house keys at the station.
0,茶匙,chá chí,杯子里只有一茶匙糖。,bēi zi lǐ zhǐ yǒu yī chá chí táng.,There is only one teaspoon of sugar in the cup.
0,堤坝,dī bà,工人在堤坝旁的路面洒水。,gōng rén zài dī bà páng de lù miàn sǎ shuǐ.,The worker sprinkles water on the road beside the dam.
0,实施,shí shī,学校下周开始实施新的阅读计划。,xué xiào xià zhōu kāi shǐ shí shī xīn de yuè dú jì huà.,The school will start its new reading plan next week.
0,儿子,ér zi,出门前，妈妈叮嘱儿子带上钥匙。,"chū mén qián, mā ma dīng zhǔ ér zi dài shàng yào shi.","Before he left, Mom reminded her son to take his keys."
0,规则,guī zé,违反交通规则非常危险。,wéi fǎn jiāo tōng guī zé fēi cháng wēi xiǎn.,Breaking traffic rules is very dangerous.
1,窥探,kuī tàn,窥探别人的隐私是卑鄙行为。,kuī tàn bié ren de yǐn sī shì bēi bǐ xíng wéi.,Spying on someone's private life is a despicable act.
1,堕落,duò luò,他认为作弊是一种耻辱，不能任由自己堕落。,"tā rèn wéi zuò bì shì yī zhǒng chǐ rǔ, bù néng rèn yóu zì jǐ duò luò.",He considers cheating disgraceful and refuses to let his morals decline.
0,委蛇,wēi yí,他只想与对方委蛇，不想认真合作。,"tā zhǐ xiǎng yǔ duì fāng wēi yí, bù xiǎng rèn zhēn hé zuò.","He only wants to go through the motions with the other person, rather than cooperate seriously."
0,毒蛇,dú shé,猕猴发现毒蛇，立刻爬上树。,"mí hóu fā xiàn dú shé, lì kè pá shàng shù.",The macaque spots a venomous snake and climbs a tree.
0,移动,yí dòng,请把椅子移动到窗户旁边。,qǐng bǎ yǐ zi yí dòng dào chuāng hu páng biān.,Please move the chair beside the window.
1,卑鄙,bēi bǐ,窥探别人的隐私是卑鄙行为。,kuī tàn bié ren de yǐn sī shì bēi bǐ xíng wéi.,Spying on someone's private life is a despicable act.
0,脾气,pí qi,他努力控制脾气，避免争吵。,"tā nǔ lì kòng zhì pí qi, bì miǎn zhēng chǎo.",He tries to control his temper and avoid arguments.
1,弥漫,mí màn,厨房弥漫着烤肉的香味。,chú fáng mí màn zhe kǎo ròu de xiāng wèi.,The smell of roast meat fills the kitchen.
2,猕猴,mí hóu,猕猴发现毒蛇，立刻爬上树。,"mí hóu fā xiàn dú shé, lì kè pá shàng shù.",The macaque spots a venomous snake and climbs a tree.
1,弥补,mí bǔ,广泛阅读能弥补知识的缺乏。,guǎng fàn yuè dú néng mí bǔ zhī shi de quē fá.,Reading widely can make up for gaps in knowledge.
1,歧途,qí tú,他误入歧途，亲人不肯罢休。,"tā wù rù qí tú, qīn rén bù kěn bà xiū.","He takes a wrong path, but his family will not give up on him."
2,神祇,shén qí,古人把丰收看作神祇的恩赐。,gǔ rén bǎ fēng shōu kàn zuò shén qí de ēn cì.,Ancient people saw a good harvest as a gift from the gods.
0,表示,biǎo shì,她表示很羡慕哥哥的勇气。,tā biǎo shì hěn xiàn mù gē ge de yǒng qì.,She said she wished she had her older brother's courage.
0,积累,jī lěi,泥沙不断积累，逐渐堆积成丘。,"ní shā bù duàn jī lěi, zhú jiàn duī jī chéng qiū.",Silt accumulates and gradually forms a mound.
0,连累,lián lei,他怕连累朋友，心中惴惴不安。,"tā pà lián lei péng you, xīn zhōng zhuì zhuì bù ān.",He feels anxious because he fears getting his friend into trouble.
0,果实累累,guǒ shí léi léi,秋天的果园枝头果实累累。,qiū tiān de guǒ yuán zhī tóu guǒ shí léi léi.,The orchard's branches are laden with fruit in autumn.
2,逦迤,lǐ yǐ,逦迤与逶迤都可描写曲折绵延。,lǐ yǐ yǔ wēi yí dōu kě miáo xiě qū zhé mián yán.,"Both terms can describe a long, winding course."
0,紫色,zǐ sè,她戴着一条紫色珠子的项链。,tā dài zhe yī tiáo zǐ sè zhū zi de xiàng liàn.,She is wearing a necklace with purple beads.
0,彼此,bǐ cǐ,他们握手问候，珍惜彼此的友谊。,"tā men wò shǒu wèn hòu, zhēn xī bǐ cǐ de yǒu yì.",They shake hands in greeting and treasure their friendship.
1,骨髓,gǔ suǐ,医生研究药剂对骨髓的影响。,yī shēng yán jiū yào jì duì gǔ suǐ de yǐng xiǎng.,The doctor studies the medicine's effect on bone marrow.
2,迁徙,qiān xǐ,迁徙的候鸟飞向遥远的天涯。,qiān xǐ de hòu niǎo fēi xiàng yáo yuǎn de tiān yá.,Migrating birds fly toward the distant horizon.
0,纸张,zhǐ zhāng,他把学到的知识写在纸张上。,tā bǎ xué dào de zhī shi xiě zài zhǐ zhāng shàng.,He wrote what he had learned on a sheet of paper.
2,咫尺,zhǐ chǐ,诗中的伊人仿佛近在咫尺。,shī zhōng de yī rén fǎng fú jìn zài zhǐ chǐ.,The beloved in the poem seems only a step away.
2,枳壳,zhǐ qiào,药师把枳壳放入单独的抽屉。,yào shī bǎ zhǐ qiào fàng rù dān dú de chōu ti.,The pharmacist puts dried bitter-orange slices in a separate drawer.
1,奢侈,shē chǐ,对他来说，每周外出吃饭有些奢侈。,"duì tā lái shuō, měi zhōu wài chū chī fàn yǒu xiē shē chǐ.",Eating out every week is somewhat extravagant for him.
0,是非,shì fēi,老师教我们明辨是非，维护正义。,"lǎo shī jiào wǒ men míng biàn shì fēi, wéi hù zhèng yì.",Our teacher teaches us to distinguish right from wrong and uphold justice.
1,松弛,sōng chí,运动后，他放松四肢，肌肉松弛。,"yùn dòng hòu, tā fàng sōng sì zhī, jī ròu sōng chí.","He relaxes his limbs after exercise, loosening his muscles."
2,舐犊情深,shì dú qíng shēn,她替孩子整理下摆，舐犊情深。,"tā tì hái zi zhěng lǐ xià bǎi, shì dú qíng shēn.",She tenderly straightens her child's hem.
1,花蕊,huā ruǐ,花蕊落在水面，荡起细小涟漪。,"huā ruǐ luò zài shuǐ miàn, dàng qǐ xì xiǎo lián yī.",The fallen flower center makes tiny ripples on the water.
1,尔后,ěr hòu,他先付定金，尔后委托工匠制作。,"tā xiān fù dìng jīn, ěr hòu wěi tuō gōng jiàng zhì zuò.",He pays a deposit and then commissions the craftsman.
2,遐迩,xiá ěr,这首歌遐迩闻名，曾风靡一时。,"zhè shǒu gē xiá ěr wén míng, céng fēng mǐ yī shí.",The song is widely known and was once immensely popular.
0,企业,qǐ yè,企业的董事正在参加会议。,qǐ yè de dǒng shì zhèng zài cān jiā huì yì.,The company's directors are attending a meeting.
2,婢女,bì nǚ,古画中的婢女跪下递上茶杯。,gǔ huà zhōng de bì nǚ guì xia dì shàng chá bēi.,The maid in the old painting kneels to present tea.
0,堆积,duī jī,泥沙不断积累，逐渐堆积成丘。,"ní shā bù duàn jī lěi, zhú jiàn duī jī chéng qiū.",Silt accumulates and gradually forms a mound.
0,刺激,cì jī,这种肥皂会刺激敏感的皮肤。,zhè zhǒng féi zào huì cì jī mǐn gǎn de pí fū.,This soap can irritate sensitive skin.
2,污渍,wū zì,文件上的污渍不影响销毁程序。,wén jiàn shàng de wū zì bù yǐng xiǎng xiāo huǐ chéng xù.,The stains on the papers do not affect their destruction.
1,恩赐,ēn cì,古人把丰收看作神祇的恩赐。,gǔ rén bǎ fēng shōu kàn zuò shén qí de ēn cì.,Ancient people saw a good harvest as a gift from the gods.
2,惴惴不安,zhuì zhuì bù ān,他怕连累朋友，心中惴惴不安。,"tā pà lián lei péng you, xīn zhōng zhuì zhuì bù ān.",He feels anxious because he fears getting his friend into trouble.
0,睡觉,shuì jiào,我正要睡觉，发现床边有蜘蛛。,"wǒ zhèng yào shuì jiào, fā xiàn chuáng biān yǒu zhī zhū.",I was about to go to sleep when I noticed a spider beside the bed.
0,祥瑞,xiáng ruì,传说把伏羲所见的神兽视为祥瑞。,chuán shuō bǎ fú xī suǒ jiàn de shén shòu shì wéi xiáng ruì.,The legendary creature Fuxi sees is regarded as a good omen.
0,翅膀,chì bǎng,鸟儿降落在屋顶，慢慢收起翅膀。,"niǎo r jiàng luò zài wū dǐng, màn màn shōu qǐ chì bǎng.",The bird lands on the roof and slowly folds its wings.
1,吱吱,zhī zhī,小鼠吱吱叫，蚂蚁爬过墙角。,"xiǎo shǔ zhī zhī jiào, mǎ yǐ pá guò qiáng jiǎo.",The mouse squeaks as ants cross the corner.
2,自缢,zì yì,故事中的人物因绝望而自缢。,gù shi zhōng de rén wù yīn jué wàng ér zì yì.,The character in the story hangs himself in despair.
0,交易,jiāo yì,公平的交易需要明确的规则。,gōng píng de jiāo yì xū yào míng què de guī zé.,Fair trading requires clear rules.
0,手臂,shǒu bì,别让手臂直接接触热水。,bié ràng shǒu bì zhí jiē jiē chù rè shuǐ.,Do not let your arm come into direct contact with hot water.
0,避免,bì miǎn,他努力控制脾气，避免争吵。,"tā nǔ lì kòng zhì pí qi, bì miǎn zhēng chǎo.",He tries to control his temper and avoid arguments.
1,譬如,pì rú,她爱吃水果，譬如梨子和枇杷。,"tā ài chī shuǐ guǒ, pì rú lí zi hé pí pa.","She likes fruit, such as pears and loquats."
0,知道,zhī dào,你知道这两种茶的差别吗？,nǐ zhī dào zhè liǎng zhǒng chá de chā bié ma?,Do you know the difference between these two kinds of tea?
0,知识,zhī shi,他把学到的知识写在纸张上。,tā bǎ xué dào de zhī shi xiě zài zhǐ zhāng shàng.,He wrote what he had learned on a sheet of paper.
0,蜘蛛,zhī zhū,我正要睡觉，发现床边有蜘蛛。,"wǒ zhèng yào shuì jiào, fā xiàn chuáng biān yǒu zhī zhū.",I was about to go to sleep when I noticed a spider beside the bed.
0,水池,shuǐ chí,我们在水池边种了一排玉米。,wǒ men zài shuǐ chí biān zhòng le yī pái yù mǐ.,We planted a row of corn beside the pond.
0,铁锤,tiě chuí,工匠用铁锤修整石碑的边缘。,gōng jiàng yòng tiě chuí xiū zhěng shí bēi de biān yuán.,The craftsman trims the stone tablet's edge with a hammer.
0,奔驰,bēn chí,马沿着山崖下的小路奔驰。,mǎ yán zhe shān yá xià de xiǎo lù bēn chí.,The horse gallops along the path below the cliff.
0,差别,chā bié,你知道这两种茶的差别吗？,nǐ zhī dào zhè liǎng zhǒng chá de chā bié ma?,Do you know the difference between these two kinds of tea?
0,出差,chū chāi,出差前，她向同事咨询路线。,"chū chāi qián, tā xiàng tóng shì zī xún lù xiàn.","Before her business trip, she asked a colleague about the route."
0,参差,cēn cī,参差形容不齐，齐衰指古代丧服。,"cēn cī xíng róng bù qí, zī cuī zhǐ gǔ dài sāng fú.",The first term means uneven; the second names ancient mourning clothes.
0,衰老,shuāi lǎo,随着身体衰老，他仍努力维持健康。,"suí zhe shēn tǐ shuāi lǎo, tā réng nǔ lì wéi chí jiàn kāng.","As his body ages, he still works to stay healthy."
0,齐衰,zī cuī,参差形容不齐，齐衰指古代丧服。,"cēn cī xíng róng bù qí, zī cuī zhǐ gǔ dài sāng fú.",The first term means uneven; the second names ancient mourning clothes.
1,妓女,jì nǚ,报道披露了妓女面临的困境。,bào dào pī lù le jì nǚ miàn lín de kùn jìng.,The report reveals the hardships faced by prostitutes.
1,畸形,jī xíng,医生检查婴儿胰脏有无畸形。,yī shēng jiǎn chá yīng ér yí zàng yǒu wú jī xíng.,The doctor checks whether the baby's pancreas is malformed.
1,崎岖,qí qū,他们沿崎岖山路驶向长崎。,tā men yán qí qū shān lù shǐ xiàng cháng qí.,They drive toward Nagasaki along a rugged mountain road.
1,长崎,cháng qí,他们沿崎岖山路驶向长崎。,tā men yán qí qū shān lù shǐ xiàng cháng qí.,They drive toward Nagasaki along a rugged mountain road.
0,亏损,kuī sǔn,这次销售弥补了上个月的亏损。,zhè cì xiāo shòu mí bǔ le shàng gè yuè de kuī sǔn.,These sales made up for last month's losses.
0,山崖,shān yá,马沿着山崖下的小路奔驰。,mǎ yán zhe shān yá xià de xiǎo lù bēn chí.,The horse gallops along the path below the cliff.
0,仪式,yí shì,仪式上，大家纪念牺牲的士兵。,"yí shì shàng, dà jiā jì niàn xī shēng de shì bīng.","At the ceremony, everyone remembered the soldiers who had given their lives."
0,适宜,shì yí,浅水田适宜种植茨菰。,qiǎn shuǐ tián shì yí zhòng zhí cí gu.,Shallow flooded fields are suitable for growing arrowhead.
1,天涯,tiān yá,迁徙的候鸟飞向遥远的天涯。,qiān xǐ de hòu niǎo fēi xiàng yáo yuǎn de tiān yá.,Migrating birds fly toward the distant horizon.
0,危险,wēi xiǎn,违反交通规则非常危险。,wéi fǎn jiāo tōng guī zé fēi cháng wēi xiǎn.,Breaking traffic rules is very dangerous.
0,牺牲,xī shēng,仪式上，大家纪念牺牲的士兵。,"yí shì shàng, dà jiā jì niàn xī shēng de shì bīng.","At the ceremony, everyone remembered the soldiers who had given their lives."
2,伏羲,fú xī,传说把伏羲所见的神兽视为祥瑞。,chuán shuō bǎ fú xī suǒ jiàn de shén shòu shì wéi xiáng ruì.,The legendary creature Fuxi sees is regarded as a good omen.
2,晨曦,chén xī,晨曦中，一只黄鹂在枝头歌唱。,"chén xī zhōng, yī zhī huáng lí zài zhī tóu gē chàng.",An oriole sings on a branch in the early light.
0,游戏,yóu xì,外甥三更半夜还在玩游戏。,wài shēng sān gēng bàn yè hái zài wán yóu xì.,My nephew is still playing games in the middle of the night.
2,犄角,jī jiǎo,观察犄角有时能区分鹿的雌雄。,guān chá jī jiǎo yǒu shí néng qū fēn lù de cí xióng.,Antlers can sometimes help distinguish male and female deer.
2,逶迤,wēi yí,逦迤与逶迤都可描写曲折绵延。,lǐ yǐ yǔ wēi yí dōu kě miáo xiě qū zhé mián yán.,"Both terms can describe a long, winding course."
0,椅子,yǐ zi,请把椅子移动到窗户旁边。,qǐng bǎ yǐ zi yí dòng dào chuāng hu páng biān.,Please move the chair beside the window.
2,涟漪,lián yī,花蕊落在水面，荡起细小涟漪。,"huā ruǐ luò zài shuǐ miàn, dàng qǐ xì xiǎo lián yī.",The fallen flower center makes tiny ripples on the water.
0,枯萎,kū wěi,他站在门口吹风，看着枯萎的盆花。,"tā zhàn zài mén kǒu chuī fēng, kàn zhe kū wěi de pén huā.","He stands in the breeze by the door, looking at the wilted potted flowers."
0,委托,wěi tuō,他先付定金，尔后委托工匠制作。,"tā xiān fù dìng jīn, ěr hòu wěi tuō gōng jiàng zhì zuò.",He pays a deposit and then commissions the craftsman.
0,作为,zuò wéi,为了学英语，他把电影作为学习材料。,"wèi le xué yīng yǔ, tā bǎ diàn yǐng zuò wéi xué xí cái liào.","To learn English, he uses films as study materials."
0,为了,wèi le,为了学英语，他把电影作为学习材料。,"wèi le xué yīng yǔ, tā bǎ diàn yǐng zuò wéi xué xí cái liào.","To learn English, he uses films as study materials."
0,下摆,xià bǎi,她替孩子整理下摆，舐犊情深。,"tā tì hái zi zhěng lǐ xià bǎi, shì dú qíng shēn.",She tenderly straightens her child's hem.
0,石碑,shí bēi,工匠用铁锤修整石碑的边缘。,gōng jiàng yòng tiě chuí xiū zhěng shí bēi de biān yuán.,The craftsman trims the stone tablet's edge with a hammer.
0,疲劳,pí láo,他跑得汗水淋漓，十分疲劳。,"tā pǎo de hàn shuǐ lín lí, shí fēn pí láo.",He finishes the run exhausted and dripping with sweat.
0,罢休,bà xiū,他误入歧途，亲人不肯罢休。,"tā wù rù qí tú, qīn rén bù kěn bà xiū.","He takes a wrong path, but his family will not give up on him."
0,皮肤,pí fū,这种肥皂会刺激敏感的皮肤。,zhè zhǒng féi zào huì cì jī mǐn gǎn de pí fū.,This soap can irritate sensitive skin.
1,糜烂,mí làn,医生仔细检查皮肤糜烂的部位。,yī shēng zǐ xì jiǎn chá pí fū mí làn de bù wèi.,The doctor examines the eroded areas of skin.
0,披露,pī lù,报道披露了妓女面临的困境。,bào dào pī lù le jì nǚ miàn lín de kùn jìng.,The report reveals the hardships faced by prostitutes.
0,奇怪,qí guài,他只写奇数，我觉得有些奇怪。,"tā zhǐ xiě jī shù, wǒ jué de yǒu xiē qí guài.","He writes only odd numbers, which I find a little strange."
0,奇数,jī shù,他只写奇数，我觉得有些奇怪。,"tā zhǐ xiě jī shù, wǒ jué de yǒu xiē qí guài.","He writes only odd numbers, which I find a little strange."
2,琦珍,qí zhēn,展览汇集了各地收藏的琦珍。,zhǎn lǎn huì jí le gè dì shōu cáng de qí zhēn.,The exhibition brings together rare treasures from many places.
0,骑马,qí mǎ,她的骑马技术在练习中提高了。,tā de qí mǎ jì shù zài liàn xí zhōng tí gāo le.,Her riding skills improved with practice.
0,铁骑,tiě qí,铁骑冲入战场，与敌军厮杀。,"tiě qí chōng rù zhàn chǎng, yǔ dí jūn sī shā.",The armored cavalry charge into battle and fight the enemy.
1,揣测,chuǎi cè,他虚与委蛇，让人难以揣测本意。,"tā xū yǔ wēi yí, ràng rén nán yǐ chuǎi cè běn yì.","He gives evasive responses, making his intentions hard to guess."
0,洒水,sǎ shuǐ,工人在堤坝旁的路面洒水。,gōng rén zài dī bà páng de lù miàn sǎ shuǐ.,The worker sprinkles water on the road beside the dam.
1,诡计,guǐ jì,识破诡计后，他不再被动等待。,"shí pò guǐ jì hòu, tā bù zài bèi dòng děng dài.","After seeing through the trick, he stopped waiting passively."
0,跪下,guì xia,古画中的婢女跪下递上茶杯。,gǔ huà zhōng de bì nǚ guì xia dì shàng chá bēi.,The maid in the old painting kneels to present tea.
2,绮丽,qǐ lì,晚霞映照湖面，景色十分绮丽。,"wǎn xiá yìng zhào hú miàn, jǐng sè shí fēn qǐ lì.",The sunset lights the lake with splendid colors.
0,蚂蚁,mǎ yǐ,小鼠吱吱叫，蚂蚁爬过墙角。,"xiǎo shǔ zhī zhī jiào, mǎ yǐ pá guò qiáng jiǎo.",The mouse squeaks as ants cross the corner.
0,销毁,xiāo huǐ,文件上的污渍不影响销毁程序。,wén jiàn shàng de wū zì bù yǐng xiǎng xiāo huǐ chéng xù.,The stains on the papers do not affect their destruction.
0,倚靠,yǐ kào,她裹着棉被，倚靠床头看书。,"tā guǒ zhe mián bèi, yǐ kào chuáng tóu kàn shū.","Wrapped in a quilt, she leans against the headboard to read."
0,棉被,mián bèi,她裹着棉被，倚靠床头看书。,"tā guǒ zhe mián bèi, yǐ kào chuáng tóu kàn shū.","Wrapped in a quilt, she leans against the headboard to read."
0,被动,bèi dòng,识破诡计后，他不再被动等待。,"shí pò guǐ jì hòu, tā bù zài bèi dòng děng dài.","After seeing through the trick, he stopped waiting passively."
1,风靡,fēng mǐ,这首歌遐迩闻名，曾风靡一时。,"zhè shǒu gē xiá ěr wén míng, céng fēng mǐ yī shí.",The song is widely known and was once immensely popular.
1,靡靡,mí mí,书房传出靡靡之音，令人消沉。,"shū fáng chuán chū mí mí zhī yīn, lìng rén xiāo chén.",Decadent music from the study dulls the listener's spirit.
0,技术,jì shù,工匠用纺织技术制作布料。,gōng jiàng yòng fǎng zhī jì shù zhì zuò bù liào.,The craftsman makes cloth using weaving techniques.
0,智慧,zhì huì,节约资源需要知识，也需要智慧。,"jié yuē zī yuán xū yào zhī shi, yě xū yào zhì huì.",Conserving resources requires both knowledge and wisdom.
0,寄信,jì xìn,她寄信确认这笔交易的细节。,tā jì xìn què rèn zhè bǐ jiāo yì de xì jié.,She sent a letter to confirm the details of the transaction.
0,友谊,yǒu yì,他们握手问候，珍惜彼此的友谊。,"tā men wò shǒu wèn hòu, zhēn xī bǐ cǐ de yǒu yì.",They shake hands in greeting and treasure their friendship.
0,正义,zhèng yì,老师教我们明辨是非，维护正义。,"lǎo shī jiào wǒ men míng biàn shì fēi, wéi hù zhèng yì.",Our teacher teaches us to distinguish right from wrong and uphold justice.
0,会议,huì yì,企业的董事正在参加会议。,qǐ yè de dǒng shì zhèng zài cān jiā huì yì.,The company's directors are attending a meeting.
0,累累,léi léi,秋天的果园枝头果实累累。,qiū tiān de guǒ yuán zhī tóu guǒ shí léi léi.,The orchard's branches are laden with fruit in autumn.
0,梨子,lí zi,她爱吃水果，譬如梨子和枇杷。,"tā ài chī shuǐ guǒ, pì rú lí zi hé pí pa.","She likes fruit, such as pears and loquats."
1,咨询,zī xún,出差前，她向同事咨询路线。,"chū chāi qián, tā xiàng tóng shì zī xún lù xiàn.","Before her business trip, she asked a colleague about the route."
0,资源,zī yuán,节约资源需要知识，也需要智慧。,"jié yuē zī yuán xū yào zhī shi, yě xū yào zhì huì.",Conserving resources requires both knowledge and wisdom.
0,姿态,zī tài,她以优美的姿态坐着弹琵琶。,tā yǐ yōu měi de zī tài zuò zhe dàn pí pa.,She sat gracefully and played the pipa.
1,瓷器,cí qì,这件瓷器的边缘有一处瑕疵。,zhè jiàn cí qì de biān yuán yǒu yī chù xiá cī.,There is a flaw along the edge of this porcelain piece.
2,茨菰,cí gu,浅水田适宜种植茨菰。,qiǎn shuǐ tián shì yí zhòng zhí cí gu.,Shallow flooded fields are suitable for growing arrowhead.
0,虽然,suī rán,他虽然愤怒，仍接受了这次教训。,"tā suī rán fèn nù, réng jiē shòu le zhè cì jiào xun.","Although angry, he accepted the lesson from the experience."
0,私人,sī rén,未经允许，不要进入私人住宅。,"wèi jīng yǔn xǔ, bù yào jìn rù sī rén zhù zhái.",Do not enter a private home without permission.
0,脂肪,zhī fáng,葵花籽里有脂肪，可以榨油。,"kuí huā zǐ lǐ yǒu zhī fáng, kě yǐ zhà yóu.",Sunflower seeds contain fat and can be pressed for oil.
1,圆锥,yuán zhuī,他画圆锥时，让轴线垂直底面。,"tā huà yuán zhuī shí, ràng zhóu xiàn chuí zhí dǐ miàn.",He draws a cone with its axis perpendicular to the base.
0,推动,tuī dòng,洪水推动巨石，把村庄夷为平地。,"hóng shuǐ tuī dòng jù shí, bǎ cūn zhuāng yí wéi píng dì.",The flood carries boulders and levels the village.
0,谁家,shuí jiā,谁家的炊烟正从屋顶升起。,shuí jiā de chuī yān zhèng cóng wū dǐng shēng qǐ.,Whose cooking smoke is rising from the roof?
0,尸体,shī tǐ,虽然道路难走，救援队仍搬出了尸体。,"suī rán dào lù nán zǒu, jiù yuán duì réng bān chū le shī tǐ.","Although the road was difficult, the rescue team brought out the body."
1,屎尿,shǐ niào,饲养员每天清理圈里的屎尿。,sì yǎng yuán měi tiān qīng lǐ quān lǐ de shǐ niào.,The keeper cleans manure and urine from the pen daily.
2,咦,yí,咦，你怎么来了？,"yí, nǐ zěn me lái le?","Oh, what brings you here?"
1,伊人,yī rén,诗中的伊人仿佛近在咫尺。,shī zhōng de yī rén fǎng fú jìn zài zhǐ chǐ.,The beloved in the poem seems only a step away.
2,黝黑,yǒu hēi,画中黝黑的老农神情惟妙惟肖。,huà zhōng yǒu hēi de lǎo nóng shén qíng wéi miào wéi xiào.,The dark-skinned farmer's expression is vividly captured.
1,胰脏,yí zàng,医生检查婴儿胰脏有无畸形。,yī shēng jiǎn chá yīng ér yí zàng yǒu wú jī xíng.,The doctor checks whether the baby's pancreas is malformed.
1,夷为平地,yí wéi píng dì,洪水推动巨石，把村庄夷为平地。,"hóng shuǐ tuī dòng jù shí, bǎ cūn zhuāng yí wéi píng dì.",The flood carries boulders and levels the village.
2,惟妙惟肖,wéi miào wéi xiào,画中黝黑的老农神情惟妙惟肖。,huà zhōng yǒu hēi de lǎo nóng shén qíng wéi miào wéi xiào.,The dark-skinned farmer's expression is vividly captured.
0,羡慕,xiàn mù,她表示很羡慕哥哥的勇气。,tā biǎo shì hěn xiàn mù gē ge de yǒng qì.,She said she wished she had her older brother's courage.
2,寅时,yín shí,古代寅时相当于凌晨三至五点。,gǔ dài yín shí xiāng dāng yú líng chén sān zhì wǔ diǎn.,The ancient hour of Yin runs from three to five in the morning.
0,唯一,wéi yī,这座小屋是唯一与湖泊比邻的住处。,zhè zuò xiǎo wū shì wéi yī yǔ hú pō bǐ lín de zhù chù.,This cottage is the only home next to the lake.
0,唯唯诺诺,wéi wéi nuò nuò,他虽外表斯文，却并非唯唯诺诺。,"tā suī wài biǎo sī wén, què bìng fēi wéi wéi nuò nuò.",He looks refined but does not simply agree with everyone.
0,遗失,yí shī,我在车站遗失了家里的钥匙。,wǒ zài chē zhàn yí shī le jiā lǐ de yào shi.,I lost my house keys at the station.
0,赠遗,zèng wèi,古文中的赠遗指赠送财物。,gǔ wén zhōng de zèng wèi zhǐ zèng sòng cái wù.,"In classical Chinese, this term means giving property as a gift."
0,维持,wéi chí,随着身体衰老，他仍努力维持健康。,"suí zhe shēn tǐ shuāi lǎo, tā réng nǔ lì wéi chí jiàn kāng.","As his body ages, he still works to stay healthy."
0,阿姨,ā yí,阿姨告诉我她的姓氏怎么写。,ā yí gào su wǒ tā de xìng shì zěn me xiě.,My aunt told me how to write her surname.
2,琵琶,pí pa,她以优美的姿态坐着弹琵琶。,tā yǐ yōu měi de zī tài zuò zhe dàn pí pa.,She sat gracefully and played the pipa.
0,比较,bǐ jiào,这两张图片的确值得仔细比较。,zhè liǎng zhāng tú piàn dí què zhí de zǐ xì bǐ jiào.,These two pictures really deserve a careful comparison.
0,比邻,bǐ lín,这座小屋是唯一与湖泊比邻的住处。,zhè zuò xiǎo wū shì wéi yī yǔ hú pō bǐ lín de zhù chù.,This cottage is the only home next to the lake.
2,枇杷,pí pa,她爱吃水果，譬如梨子和枇杷。,"tā ài chī shuǐ guǒ, pì rú lí zi hé pí pa.","She likes fruit, such as pears and loquats."
1,鱼鳍,yú qí,鱼鳍摆动，帮助鱼儿保持平衡。,"yú qí bǎi dòng, bāng zhù yú ér bǎo chí píng héng.",Moving fins help the fish keep its balance.
0,葵花,kuí huā,葵花籽里有脂肪，可以榨油。,"kuí huā zǐ lǐ yǒu zhī fáng, kě yǐ zhà yóu.",Sunflower seeds contain fat and can be pressed for oil.
0,堡垒,bǎo lěi,堡垒上的旗帜迎着四方来风。,bǎo lěi shàng de qí zhì yíng zhe sì fāng lái fēng.,The flags on the fort catch winds from every direction.
0,神荼郁垒,shén shū yù lǜ,传说神荼郁垒是守门的神。,chuán shuō shén shū yù lǜ shì shǒu mén de shén.,Legend describes Shenshu and Yulü as guardian gods of doors.
1,履行,lǚ xíng,这对姊妹认真履行照顾父亲的诺言。,zhè duì zǐ mèi rèn zhēn lǚ xíng zhào gu fù qīn de nuò yán.,These two sisters faithfully keep their promise to care for their father.
2,耒耜,lěi sì,农人放下耒耜，察看田里的麦穗。,"nóng rén fàng xià lěi sì, chá kàn tián lǐ de mài suì.",The farmer puts down his tools to inspect the wheat ears.
1,姊妹,zǐ mèi,这对姊妹认真履行照顾父亲的诺言。,zhè duì zǐ mèi rèn zhēn lǚ xíng zhào gu fù qīn de nuò yán.,These two sisters faithfully keep their promise to care for their father.
0,死亡,sǐ wáng,医生宣布病人死亡，家人流下眼泪。,"yī shēng xuān bù bìng rén sǐ wáng, jiā rén liú xià yǎn lèi.","The doctor announced the patient's death, and the family wept."
0,手指,shǒu zhǐ,小猫用鼻子碰了碰我的手指。,xiǎo māo yòng bí zi pèng le pèng wǒ de shǒu zhǐ.,The kitten touched my finger with its nose.
0,宗旨,zōng zhǐ,改善民生是治理工作的宗旨。,gǎi shàn mín shēng shì zhì lǐ gōng zuò de zōng zhǐ.,Improving people's lives is the aim of governance.
0,电视,diàn shì,他用手指指着电视里的水果广告。,tā yòng shǒu zhǐ zhǐ zhe diàn shì lǐ de shuǐ guǒ guǎng gào.,He pointed at the fruit advertisement on television.
1,矢量,shǐ liàng,矢量既有大小，也有方向。,"shǐ liàng jì yǒu dà xiǎo, yě yǒu fāng xiàng.",A vector has both magnitude and direction.
0,水果,shuǐ guǒ,这里还剩多少水果？,zhè lǐ hái shèng duō shao shuǐ guǒ?,How much fruit is left here?
2,癸卯,guǐ mǎo,这块石碑记载癸卯年的祭祀。,zhè kuài shí bēi jì zǎi guǐ mǎo nián de jì sì.,This tablet records a ceremony held in a Guimao year.
2,先妣,xiān bǐ,他写文章追念先妣的懿德。,tā xiě wén zhāng zhuī niàn xiān bǐ de yì dé.,He writes about his late mother's fine virtues.
2,揆度,kuí dù,他反复揆度，怀疑对方有贰心。,"tā fǎn fù kuí dù, huái yí duì fāng yǒu èr xīn.",He weighs the situation and suspects divided loyalties.
0,地方,dì fang,腼腆的孩子喜欢宁静的地方。,miǎn tiǎn de hái zi xǐ huan níng jìng de dì fang.,The shy child likes peaceful places.
0,眼泪,yǎn lèi,医生宣布病人死亡，家人流下眼泪。,"yī shēng xuān bù bìng rén sǐ wáng, jiā rén liú xià yǎn lèi.","The doctor announced the patient's death, and the family wept."
0,利益,lì yì,这项规定保护了子女的基本利益。,zhè xiàng guī dìng bǎo hù le zǐ nǚ de jī běn lì yì.,This rule protects children's basic interests.
0,种类,zhǒng lèi,瓶子的种类很多，有些可以反复使用。,"píng zi de zhǒng lèi hěn duō, yǒu xiē kě yǐ fǎn fù shǐ yòng.","There are many types of bottles, and some can be reused."
1,痢疾,lì ji,他因痢疾住院，已经接受治疗。,"tā yīn lì ji zhù yuàn, yǐ jīng jiē shòu zhì liáo.",He was hospitalized with dysentery and is receiving treatment.
2,恣意,zì yì,恣意、恣睢都可形容肆意妄为。,"zì yì, zì suī dōu kě xíng róng sì yì wàng wéi.","These terms can all describe unrestrained, reckless behavior."
2,恣睢,zì suī,恣意、恣睢都可形容肆意妄为。,"zì yì, zì suī dōu kě xíng róng sì yì wàng wéi.","These terms can all describe unrestrained, reckless behavior."
0,喝醉,hē zuì,他喝醉的次数很少，而且从不驾驶。,"tā hē zuì de cì shù hěn shǎo, ér qiě cóng bù jià shǐ.",He rarely gets drunk and never drives afterward.
0,翡翠,fěi cuì,她馈赠朋友一枚精致翡翠吊坠。,tā kuì zèng péng you yī méi jīng zhì fěi cuì diào zhuì.,She gives her friend a finely made jade pendant.
0,次数,cì shù,他喝醉的次数很少，而且从不驾驶。,"tā hē zuì de cì shù hěn shǎo, ér qiě cóng bù jià shǐ.",He rarely gets drunk and never drives afterward.
1,憔悴,qiáo cuì,她脸色憔悴，又感到一阵心悸。,"tā liǎn sè qiáo cuì, yòu gǎn dào yī zhèn xīn jì.",She looks worn out and feels her heart flutter.
0,自己,zì jǐ,嘿，你忘了带走自己的雨伞！,"hēi, nǐ wàng le dài zǒu zì jǐ de yǔ sǎn!","Hey, you forgot to take your umbrella!"
1,嫉妒,jí dù,她不嫉妒别人，努力追求自己的梦想。,"tā bù jí dù bié ren, nǔ lì zhuī qiú zì jǐ de mèng xiǎng.",She does not envy others and works toward her own dreams.
2,荟萃,huì cuì,这本诗歌集荟萃了多位名家作品。,zhè běn shī gē jí huì cuì le duō wèi míng jiā zuò pǐn.,The poetry collection gathers works by several noted writers.
2,深邃,shēn suì,明媚阳光照不到深邃的洞底。,míng mèi yáng guāng zhào bù dào shēn suì de dòng dǐ.,Bright sunlight cannot reach the deep cave floor.
1,纯粹,chún cuì,他的帮助纯粹出于善意与希冀。,tā de bāng zhù chún cuì chū yú shàn yì yǔ xī jì.,His help comes solely from goodwill and hope.
0,四方,sì fāng,堡垒上的旗帜迎着四方来风。,bǎo lěi shàng de qí zhì yíng zhe sì fāng lái fēng.,The flags on the fort catch winds from every direction.
0,肆意,sì yì,恣意、恣睢都可形容肆意妄为。,"zì yì, zì suī dōu kě xíng róng sì yì wàng wéi.","These terms can all describe unrestrained, reckless behavior."
0,肆拾,sì shí,单据上用肆拾标出四十元。,dān jù shàng yòng sì shí biāo chū sì shí yuán.,The receipt writes forty yuan using formal financial numerals.
1,作祟,zuò suì,贪心作祟，他偷窃未遂被抓。,"tān xīn zuò suì, tā tōu qiè wèi suì bèi zhuā.","Driven by greed, he is caught attempting theft."
2,驷马,sì mǎ,使者乘着驷马拉的车抵达城门。,shǐ zhě chéng zhe sì mǎ lā de chē dǐ dá chéng mén.,The envoy reaches the gate in a four-horse carriage.
1,未遂,wèi suì,贪心作祟，他偷窃未遂被抓。,"tān xīn zuò suì, tā tōu qiè wèi suì bèi zhuā.","Driven by greed, he is caught attempting theft."
0,麦穗,mài suì,农人放下耒耜，察看田里的麦穗。,"nóng rén fàng xià lěi sì, chá kàn tián lǐ de mài suì.",The farmer puts down his tools to inspect the wheat ears.
2,彗星,huì xīng,他们观测彗星，期年后发表结果。,"tā men guān cè huì xīng, jī nián hòu fā biǎo jié guǒ.",They observe the comet and publish their results a full year later.
1,隧道,suì dào,穿过隧道后，至少还要走两公里。,"chuān guò suì dào hòu, zhì shǎo hái yào zǒu liǎng gōng lǐ.","After the tunnel, there are at least two kilometers left to walk."
1,挚友,zhì yǒu,挚友送他梦寐以求的画册。,zhì yǒu sòng tā mèng mèi yǐ qiú de huà cè.,His close friend gives him the art book he has long wanted.
0,至少,zhì shǎo,穿过隧道后，至少还要走两公里。,"chuān guò suì dào hòu, zhì shǎo hái yào zǒu liǎng gōng lǐ.","After the tunnel, there are at least two kilometers left to walk."
0,出现,chū xiàn,东方的天空出现一道彩虹。,dōng fāng de tiān kōng chū xiàn yī dào cǎi hóng.,A rainbow appeared in the eastern sky.
1,嗜好,shì hào,画画是他的嗜好，他不愿放弃。,"huà huà shì tā de shì hào, tā bù yuàn fàng qì.","Drawing is his hobby, and he does not want to give it up."
0,二手,èr shǒu,这个地方出售许多种类的二手书。,zhè ge dì fang chū shòu xǔ duō zhǒng lèi de èr shǒu shū.,This place sells many kinds of secondhand books.
1,贰心,èr xīn,他反复揆度，怀疑对方有贰心。,"tā fǎn fù kuí dù, huái yí duì fāng yǒu èr xīn.",He weighs the situation and suspects divided loyalties.
0,季节,jì jié,季节变化时，动物会寻找庇护。,"jì jié biàn huà shí, dòng wù huì xún zhǎo bì hù.",Animals seek shelter when the seasons change.
0,放弃,fàng qì,画画是他的嗜好，他不愿放弃。,"huà huà shì tā de shì hào, tā bù yuàn fàng qì.","Drawing is his hobby, and he does not want to give it up."
1,庇护,bì hù,季节变化时，动物会寻找庇护。,"jì jié biàn huà shí, dòng wù huì xún zhǎo bì hù.",Animals seek shelter when the seasons change.
0,鼻子,bí zi,小猫用鼻子碰了碰我的手指。,xiǎo māo yòng bí zi pèng le pèng wǒ de shǒu zhǐ.,The kitten touched my finger with its nose.
2,梦寐以求,mèng mèi yǐ qiú,挚友送他梦寐以求的画册。,zhì yǒu sòng tā mèng mèi yǐ qiú de huà cè.,His close friend gives him the art book he has long wanted.
1,屁股,pì gu,坐得太久，我的屁股有点酸痛。,"zuò de tài jiǔ, wǒ de pì gu yǒu diǎn suān tòng.",My bottom is a little sore from sitting too long.
2,心悸,xīn jì,她脸色憔悴，又感到一阵心悸。,"tā liǎn sè qiáo cuì, yòu gǎn dào yī zhèn xīn jì.",She looks worn out and feels her heart flutter.
0,尼姑,ní gū,尼姑在院里浇花，怡然自得。,"ní gū zài yuàn lǐ jiāo huā, yí rán zì dé.","The nun waters flowers in the courtyard, quietly content."
0,呢喃,ní nán,她轻声呢喃，安慰悲伤的孩子。,"tā qīng shēng ní nán, ān wèi bēi shāng de hái zi.",She murmured softly to comfort the sad child.
0,你呢,nǐ ne,我喜欢喝茶，你呢？,"wǒ xǐ huan hē chá, nǐ ne?",I enjoy drinking tea. How about you?
2,胼胝,pián zhī,长年使用棒槌和铁椎使手生胼胝。,cháng nián shǐ yòng bàng chuí hé tiě chuí shǐ shǒu shēng pián zhī.,Years of using wooden and iron mallets leave his hands calloused.
0,追求,zhuī qiú,她不嫉妒别人，努力追求自己的梦想。,"tā bù jí dù bié ren, nǔ lì zhuī qiú zì jǐ de mèng xiǎng.",She does not envy others and works toward her own dreams.
0,迟到,chí dào,我宁可早点出门，也不愿迟到。,"wǒ nìng kě zǎo diǎn chū mén, yě bù yuàn chí dào.",I would rather leave early than arrive late.
2,棒槌,bàng chuí,长年使用棒槌和铁椎使手生胼胝。,cháng nián shǐ yòng bàng chuí hé tiě chuí shǐ shǒu shēng pián zhī.,Years of using wooden and iron mallets leave his hands calloused.
1,铁椎,tiě chuí,长年使用棒槌和铁椎使手生胼胝。,cháng nián shǐ yòng bàng chuí hé tiě chuí shǐ shǒu shēng pián zhī.,Years of using wooden and iron mallets leave his hands calloused.
1,脊椎,jǐ zhuī,脊椎支撑身体，也保护神经。,"jǐ zhuī zhī chēng shēn tǐ, yě bǎo hù shén jīng.",The spine supports the body and protects nerves.
1,茉莉,mò lì,茉莉与蔷薇在院里一同开放。,mò lì yǔ qiáng wēi zài yuàn lǐ yī tóng kāi fàng.,Jasmine and roses bloom together in the yard.
0,老师,lǎo shī,老师在化学课上介绍氨水。,lǎo shī zài huà xué kè shàng jiè shào ān shuǐ.,The teacher introduces aqueous ammonia in chemistry class.
0,筛选,shāi xuǎn,老师筛选适合初学者的词语。,lǎo shī shāi xuǎn shì hé chū xué zhě de cí yǔ.,The teacher selects words suitable for beginners.
0,狮子,shī zi,饥饿的狮子在草地上寻找食物。,jī è de shī zi zài cǎo dì shàng xún zhǎo shí wù.,The hungry lion searches for food in the grass.
0,肌肉,jī ròu,游泳可以锻炼肌肉，保持健康。,"yóu yǒng kě yǐ duàn liàn jī ròu, bǎo chí jiàn kāng.",Swimming can strengthen muscles and keep you healthy.
0,乌龟,wū guī,乌龟慢慢爬过石头，躲进水池。,"wū guī màn màn pá guò shí tou, duǒ jìn shuǐ chí.",The turtle crawled slowly over the stone and hid in the pond.
0,龟裂,jūn liè,围墙颓圮，地面也已干旱龟裂。,"wéi qiáng tuí pǐ, dì miàn yě yǐ gān hàn jūn liè.","The wall has collapsed, and the dry ground is cracked."
0,龟兹,qiū cí,历史地图标出龟兹和下邳。,lì shǐ dì tú biāo chū qiū cí hé xià pī.,The historical map marks Kucha and Xiapi.
0,饥饿,jī è,饥饿的狮子在草地上寻找食物。,jī è de shī zi zài cǎo dì shàng xún zhǎo shí wù.,The hungry lion searches for food in the grass.
2,帷幕,wéi mù,帷幕缓缓拉开，歌姬登台献唱。,"wéi mù huǎn huǎn lā kāi, gē jī dēng tái xiàn chàng.","The curtain opens slowly, and the singer takes the stage."
0,悲伤,bēi shāng,她轻声呢喃，安慰悲伤的孩子。,"tā qīng shēng ní nán, ān wèi bēi shāng de hái zi.",She murmured softly to comfort the sad child.
2,下邳,xià pī,历史地图标出龟兹和下邳。,lì shǐ dì tú biāo chū qiū cí hé xià pī.,The historical map marks Kucha and Xiapi.
1,蔷薇,qiáng wēi,茉莉与蔷薇在院里一同开放。,mò lì yǔ qiáng wēi zài yuàn lǐ yī tóng kāi fàng.,Jasmine and roses bloom together in the yard.
0,发霉,fā méi,发霉的气味让住客十分腻烦。,fā méi de qì wèi ràng zhù kè shí fēn nì fan.,The musty smell greatly annoys the guest.
1,门楣,mén méi,祠堂门楣上刻着家族的姓氏。,cí táng mén méi shàng kè zhe jiā zú de xìng shì.,The clan surname is carved on the ancestral hall's lintel.
0,眉毛,méi mao,他挑起眉毛，对谎话报以嗤笑。,"tā tiǎo qǐ méi mao, duì huǎng huà bào yǐ chī xiào.",He raises an eyebrow and scoffs at the lie.
2,李逵,lǐ kuí,故事中，李逵率领众人冲入城门。,"gù shi zhōng, lǐ kuí shuài lǐng zhòng rén chōng rù chéng mén.","In the story, Li Kui leads the others through the city gate."
0,轨道,guǐ dào,请离开轨道，列车马上就到。,"qǐng lí kāi guǐ dào, liè chē mǎ shàng jiù dào.",Please move away from the tracks; the train is arriving soon.
0,茶几,chá jī,茶几上铺着一块蓝色丝绸。,chá jī shàng pù zhe yī kuài lán sè sī chóu.,A piece of blue silk covers the coffee table.
0,鄙视,bǐ shì,不要鄙视别人，也别轻易否定自己。,"bù yào bǐ shì bié ren, yě bié qīng yì fǒu dìng zì jǐ.",Do not look down on others or dismiss your own abilities too quickly.
2,颓圮,tuí pǐ,围墙颓圮，地面也已干旱龟裂。,"wéi qiáng tuí pǐ, dì miàn yě yǐ gān hàn jūn liè.","The wall has collapsed, and the dry ground is cracked."
0,否定,fǒu dìng,不要鄙视别人，也别轻易否定自己。,"bù yào bǐ shì bié ren, yě bié qīng yì fǒu dìng zì jǐ.",Do not look down on others or dismiss your own abilities too quickly.
0,否极泰来,pǐ jí tài lái,度过困难以后，他终于否极泰来。,"dù guò kùn nan yǐ hòu, tā zhōng yú pǐ jí tài lái.","After enduring hardship, his fortunes finally improved."
0,美丽,měi lì,山坡上的花朵颇为美丽。,shān pō shàng de huā duǒ pō wéi měi lì.,The flowers on the hillside are quite beautiful.
1,腻烦,nì fan,发霉的气味让住客十分腻烦。,fā méi de qì wèi ràng zhù kè shí fēn nì fan.,The musty smell greatly annoys the guest.
0,导致,dǎo zhì,缺少某种物质可能导致身体不适。,quē shǎo mǒu zhǒng wù zhì kě néng dǎo zhì shēn tǐ bù shì.,A deficiency of a substance may cause physical discomfort.
0,物质,wù zhì,缺少某种物质可能导致身体不适。,quē shǎo mǒu zhǒng wù zhì kě néng dǎo zhì shēn tǐ bù shì.,A deficiency of a substance may cause physical discomfort.
0,人质,rén zhì,警察成功救出了被绑架的人质。,jǐng chá chéng gōng jiù chū le bèi bǎng jià de rén zhì.,The police successfully rescued the kidnapped hostage.
1,坠落,zhuì luò,他躲在树后窥伺，却见鸟巢坠落。,"tā duǒ zài shù hòu kuī sì, què jiàn niǎo cháo zhuì luò.",He watches from behind a tree and sees the nest fall.
0,幼稚,yòu zhì,他为自己幼稚的行为感到惭愧。,tā wèi zì jǐ yòu zhì de xíng wéi gǎn dào cán kuì.,He felt ashamed of his childish behavior.
0,精致,jīng zhì,她馈赠朋友一枚精致翡翠吊坠。,tā kuì zèng péng you yī méi jīng zhì fěi cuì diào zhuì.,She gives her friend a finely made jade pendant.
0,元帅,yuán shuài,这位元帅的仕途经历许多波折。,zhè wèi yuán shuài de shì tú jīng lì xǔ duō bō zhé.,The marshal's official career involves many setbacks.
0,率领,shuài lǐng,故事中，李逵率领众人冲入城门。,"gù shi zhōng, lǐ kuí shuài lǐng zhòng rén chōng rù chéng mén.","In the story, Li Kui leads the others through the city gate."
0,效率,xiào lǜ,他孜孜不倦地练习，提高工作效率。,"tā zī zī bù juàn de liàn xí, tí gāo gōng zuò xiào lǜ.",He practices tirelessly to work more efficiently.
1,希冀,xī jì,他的帮助纯粹出于善意与希冀。,tā de bāng zhù chún cuì chū yú shàn yì yǔ xī jì.,His help comes solely from goodwill and hope.
0,惭愧,cán kuì,他为自己幼稚的行为感到惭愧。,tā wèi zì jǐ yòu zhì de xíng wéi gǎn dào cán kuì.,He felt ashamed of his childish behavior.
0,机器,jī qì,机器停止运转，开关仍在关闭位置。,"jī qì tíng zhǐ yùn zhuǎn, kāi guān réng zài guān bì wèi zhì.","The machine has stopped, and the switch is still in the off position."
2,喟叹,kuì tàn,他喟叹一声，说往事已矣。,"tā kuì tàn yī shēng, shuō wǎng shì yǐ yǐ.",He sighs deeply and says the past is over.
2,懿德,yì dé,他写文章追念先妣的懿德。,tā xiě wén zhāng zhuī niàn xiān bǐ de yì dé.,He writes about his late mother's fine virtues.
0,位置,wèi zhì,机器停止运转，开关仍在关闭位置。,"jī qì tíng zhǐ yùn zhuǎn, kāi guān réng zài guān bì wèi zhì.","The machine has stopped, and the switch is still in the off position."
0,秘密,mì mì,间谍隐藏身份，秘密搜集资料。,"jiàn dié yǐn cáng shēn fèn, mì mì sōu jí zī liào.",The spy concealed his identity and secretly collected information.
0,费用,fèi yòng,她在柜台询问旅行的费用。,tā zài guì tái xún wèn lǚ xíng de fèi yòng.,She asked about the cost of the trip at the counter.
1,分泌,fēn mì,胰脏分泌帮助消化的物质。,yí zàng fēn mì bāng zhù xiāo huà de wù zhì.,The pancreas secretes substances that aid digestion.
0,准备,zhǔn bèi,妈妈把冷冻牛肉拿出来准备晚饭。,mā ma bǎ lěng dòng niú ròu ná chū lái zhǔn bèi wǎn fàn.,Mom took out frozen beef to prepare dinner.
2,魅力,mèi lì,这座城市的魅力在于悠久的历史。,zhè zuò chéng shì de mèi lì zài yú yōu jiǔ de lì shǐ.,This city's appeal lies in its long history.
1,明媚,míng mèi,明媚阳光照不到深邃的洞底。,míng mèi yáng guāng zhào bù dào shēn suì de dòng dǐ.,Bright sunlight cannot reach the deep cave floor.
0,柜台,guì tái,她在柜台询问旅行的费用。,tā zài guì tái xún wèn lǚ xíng de fèi yòng.,She asked about the cost of the trip at the counter.
2,馈赠,kuì zèng,她馈赠朋友一枚精致翡翠吊坠。,tā kuì zèng péng you yī méi jīng zhì fěi cuì diào zhuì.,She gives her friend a finely made jade pendant.
2,暨今,jì jīn,古文中的暨今表示直到现在。,gǔ wén zhōng de jì jīn biǎo shì zhí dào xiàn zài.,"In classical writing, this expression means up to now."
2,匮乏,kuì fá,沙漠缺水，植物也十分匮乏。,"shā mò quē shuǐ, zhí wù yě shí fēn kuì fá.",The desert has little water and very few plants.
0,厘定,lí dìng,委员先厘定规则，再拟定方案。,"wěi yuán xiān lí dìng guī zé, zài nǐ dìng fāng àn.",The committee settles the rules before drafting a plan.
0,恭贺新厘,gōng hè xīn lí,恭贺新厘与恭禧都表达祝福。,gōng hè xīn lí yǔ gōng xǐ dōu biǎo dá zhù fú.,Both expressions convey congratulations and good wishes.
0,狐狸,hú li,狐狸躲在树后，偷偷看着鸡。,"hú li duǒ zài shù hòu, tōu tōu kàn zhe jī.",The fox hid behind a tree and watched the chickens quietly.
0,仔细,zǐ xì,这两张图片的确值得仔细比较。,zhè liǎng zhāng tú piàn dí què zhí de zǐ xì bǐ jiào.,These two pictures really deserve a careful comparison.
0,猪仔,zhū zǎi,猪仔闻着芝麻饼的香气跑来。,zhū zǎi wén zhe zhī ma bǐng de xiāng qì pǎo lái.,The piglet runs over at the smell of sesame cakes.
0,滋味,zī wèi,他吃了一口李子，尝到酸酸的滋味。,"tā chī le yī kǒu lǐ zi, cháng dào suān suān de zī wèi.",He took a bite of the plum and tasted its tartness.
2,孜孜不倦,zī zī bù juàn,他孜孜不倦地练习，提高工作效率。,"tā zī zī bù juàn de liàn xí, tí gāo gōng zuò xiào lǜ.",He practices tirelessly to work more efficiently.
0,慈祥,cí xiáng,慈祥的祖母在乡下颐养天年。,cí xiáng de zǔ mǔ zài xiāng xia yí yǎng tiān nián.,The kind grandmother spends her later years in the countryside.
0,思想,sī xiǎng,他思想保守，却喜欢尝试手工制作。,"tā sī xiǎng bǎo shǒu, què xǐ huan cháng shì shǒu gōng zhì zuò.",He has conservative views but enjoys trying handicrafts.
0,意思,yì si,你刚才说的是啥意思？,nǐ gāng cái shuō de shì shá yì si?,What did you mean by what you just said?
0,于思,yú sāi,古书用满面于思形容胡须浓密。,gǔ shū yòng mǎn miàn yú sāi xíng róng hú xū nóng mì.,Ancient books use this phrase to describe a thick beard.
0,丝绸,sī chóu,茶几上铺着一块蓝色丝绸。,chá jī shàng pù zhe yī kuài lán sè sī chóu.,A piece of blue silk covers the coffee table.
1,窥伺,kuī sì,他躲在树后窥伺，却见鸟巢坠落。,"tā duǒ zài shù hòu kuī sì, què jiàn niǎo cháo zhuì luò.",He watches from behind a tree and sees the nest fall.
1,伺候,cì hou,他仗恃家财，要求别人伺候。,"tā zhàng shì jiā cái, yāo qiú bié ren cì hou.",He relies on his wealth and demands others serve him.
0,公司,gōng sī,这是公司的秘密，不能随意泄露。,"zhè shì gōng sī de mì mì, bù néng suí yì xiè lòu.",This is a company secret and must not be disclosed casually.
0,词语,cí yǔ,老师筛选适合初学者的词语。,lǎo shī shāi xuǎn shì hé chū xué zhě de cí yǔ.,The teacher selects words suitable for beginners.
0,辞职,cí zhí,辞职之后，他开始在家乡教书。,"cí zhí zhī hòu, tā kāi shǐ zài jiā xiāng jiāo shū.","After resigning, he began teaching in his hometown."
1,祠堂,cí táng,祠堂门楣上刻着家族的姓氏。,cí táng mén méi shàng kè zhe jiā zú de xìng shì.,The clan surname is carved on the ancestral hall's lintel.
1,痴迷,chī mí,他痴迷于编织，做了许多毛衣。,"tā chī mí yú biān zhī, zuò le xǔ duō máo yī.",He is fascinated by knitting and has made many sweaters.
0,保持,bǎo chí,游泳可以锻炼肌肉，保持健康。,"yóu yǒng kě yǐ duàn liàn jī ròu, bǎo chí jiàn kāng.",Swimming can strengthen muscles and keep you healthy.
0,治理,zhì lǐ,改善民生是治理工作的宗旨。,gǎi shàn mín shēng shì zhì lǐ gōng zuò de zōng zhǐ.,Improving people's lives is the aim of governance.
0,芝麻,zhī ma,猪仔闻着芝麻饼的香气跑来。,zhū zǎi wén zhe zhī ma bǐng de xiāng qì pǎo lái.,The piglet runs over at the smell of sesame cakes.
0,之后,zhī hòu,辞职之后，他开始在家乡教书。,"cí zhí zhī hòu, tā kāi shǐ zài jiā xiāng jiāo shū.","After resigning, he began teaching in his hometown."
1,嗤笑,chī xiào,他挑起眉毛，对谎话报以嗤笑。,"tā tiǎo qǐ méi mao, duì huǎng huà bào yǐ chī xiào.",He raises an eyebrow and scoffs at the lie.
0,时间,shí jiān,他拥有财富，也愿意奉献时间。,"tā yōng yǒu cái fù, yě yuàn yì fèng xiàn shí jiān.",He has wealth and is also willing to give his time.
0,诗歌,shī gē,这本诗歌集荟萃了多位名家作品。,zhè běn shī gē jí huì cuì le duō wèi míng jiā zuò pǐn.,The poetry collection gathers works by several noted writers.
0,而且,ér qiě,他喝醉的次数很少，而且从不驾驶。,"tā hē zuì de cì shù hěn shǎo, ér qiě cóng bù jià shǐ.",He rarely gets drunk and never drives afterward.
0,居住,jū zhù,我们居住的小区与公园相似，绿树成荫。,"wǒ men jū zhù de xiǎo qū yǔ gōng yuán xiāng sì, lǜ shù chéng yīn.","Our neighborhood is like a park, with abundant shady trees."
0,基本,jī běn,这项规定保护了子女的基本利益。,zhè xiàng guī dìng bǎo hù le zǐ nǚ de jī běn lì yì.,This rule protects children's basic interests.
1,簸箕,bò jī,孩子拿起簸箕，嘻嘻笑着帮忙。,"hái zi ná qǐ bò jī, xī xī xiào zhe bāng máng.",The child picks up the winnowing basket and helps with a giggle.
0,欺负,qī fu,有人欺负她，我怀疑就是那个人。,"yǒu rén qī fu tā, wǒ huái yí jiù shì nà ge rén.","Someone bullied her, and I suspect it was that person."
0,怀疑,huái yí,有人欺负她，我怀疑就是那个人。,"yǒu rén qī fu tā, wǒ huái yí jiù shì nà ge rén.","Someone bullied her, and I suspect it was that person."
1,熙熙攘攘,xī xī rǎng rǎng,到了巳时，街市已熙熙攘攘。,"dào le sì shí, jiē shì yǐ xī xī rǎng rǎng.","By the late morning, the market is bustling."
2,朱熹,zhū xī,老师介绍朱熹对桑梓的关怀。,lǎo shī jiè shào zhū xī duì sāng zǐ de guān huái.,The teacher explains Zhu Xi's concern for his home region.
2,嘻嘻,xī xī,孩子拿起簸箕，嘻嘻笑着帮忙。,"hái zi ná qǐ bò jī, xī xī xiào zhe bāng máng.",The child picks up the winnowing basket and helps with a giggle.
1,嬉戏,xī xì,孩子们在花园嬉戏，鸟儿自由飞行。,"hái zi men zài huā yuán xī xì, niǎo r zì yóu fēi xíng.",Children play in the garden while birds fly freely.
2,恭禧,gōng xǐ,恭贺新厘与恭禧都表达祝福。,gōng hè xīn lí yǔ gōng xǐ dōu biǎo dá zhù fú.,Both expressions convey congratulations and good wishes.
0,医生,yī shēng,医生解释了疟疾的症状。,yī shēng jiě shì le nüè jí de zhèng zhuàng.,The doctor explained the symptoms of malaria.
2,歌姬,gē jī,帷幕缓缓拉开，歌姬登台献唱。,"wéi mù huǎn huǎn lā kāi, gē jī dēng tái xiàn chàng.","The curtain opens slowly, and the singer takes the stage."
2,怡然自得,yí rán zì dé,尼姑在院里浇花，怡然自得。,"ní gū zài yuàn lǐ jiāo huā, yí rán zì dé.","The nun waters flowers in the courtyard, quietly content."
0,台小子,yí xiǎo zǐ,台小子是古人谦称自己的说法。,yí xiǎo zǐ shì gǔ rén qiān chēng zì jǐ de shuō fǎ.,This is an ancient humble expression for oneself.
0,天台,tiān tāi,游记分别描写天台与淇水的景色。,yóu jì fēn bié miáo xiě tiān tāi yǔ qí shuǐ de jǐng sè.,The travelogue describes Mount Tiantai and the Qi River separately.
2,贻误,yí wù,双方长期对峙，贻误和谈时机。,"shuāng fāng cháng qī duì zhì, yí wù hé tán shí jī.",The prolonged standoff causes both sides to miss a chance for peace.
2,颐养,yí yǎng,慈祥的祖母在乡下颐养天年。,cí xiáng de zǔ mǔ zài xiāng xia yí yǎng tiān nián.,The kind grandmother spends her later years in the countryside.
0,日期,rì qī,演讲的日期已经确定了。,yǎn jiǎng de rì qī yǐ jīng què dìng le.,The date for the speech has been set.
0,期年,jī nián,他们观测彗星，期年后发表结果。,"tā men guān cè huì xīng, jī nián hòu fā biǎo jié guǒ.",They observe the comet and publish their results a full year later.
2,淇水,qí shuǐ,游记分别描写天台与淇水的景色。,yóu jì fēn bié miáo xiě tiān tāi yǔ qí shuǐ de jǐng sè.,The travelogue describes Mount Tiantai and the Qi River separately.
2,琪花瑶草,qí huā yáo cǎo,传说仙境遍地都是琪花瑶草。,chuán shuō xiān jìng biàn dì dōu shì qí huā yáo cǎo.,The legendary paradise is filled with wondrous flowers and plants.
0,其他,qí tā,这条鲤鱼比其他鱼类更大。,zhè tiáo lǐ yú bǐ qí tā yú lèi gèng dà.,This carp is larger than the other fish.
0,旗帜,qí zhì,堡垒上的旗帜迎着四方来风。,bǎo lěi shàng de qí zhì yíng zhe sì fāng lái fēng.,The flags on the fort catch winds from every direction.
0,公里,gōng lǐ,穿过隧道后，至少还要走两公里。,"chuān guò suì dào hòu, zhì shǎo hái yào zǒu liǎng gōng lǐ.","After the tunnel, there are at least two kilometers left to walk."
0,李子,lǐ zi,他吃了一口李子，尝到酸酸的滋味。,"tā chī le yī kǒu lǐ zi, cháng dào suān suān de zī wèi.",He took a bite of the plum and tasted its tartness.
0,道理,dào li,他讲清道理，没有趾高气扬地训人。,"tā jiǎng qīng dào li, méi yǒu zhǐ gāo qì yáng de xùn rén.",He explained his reasoning without lecturing anyone arrogantly.
1,鲤鱼,lǐ yú,这条鲤鱼比其他鱼类更大。,zhè tiáo lǐ yú bǐ qí tā yú lèi gèng dà.,This carp is larger than the other fish.
0,子女,zǐ nǚ,这项规定保护了子女的基本利益。,zhè xiàng guī dìng bǎo hù le zǐ nǚ de jī běn lì yì.,This rule protects children's basic interests.
2,桑梓,sāng zǐ,老师介绍朱熹对桑梓的关怀。,lǎo shī jiè shào zhū xī duì sāng zǐ de guān huái.,The teacher explains Zhu Xi's concern for his home region.
2,巳时,sì shí,到了巳时，街市已熙熙攘攘。,"dào le sì shí, jiē shì yǐ xī xī rǎng rǎng.","By the late morning, the market is bustling."
0,相似,xiāng sì,我们居住的小区与公园相似，绿树成荫。,"wǒ men jū zhù de xiǎo qū yǔ gōng yuán xiāng sì, lǜ shù chéng yīn.","Our neighborhood is like a park, with abundant shady trees."
2,祭祀,jì sì,这块石碑记载癸卯年的祭祀。,zhè kuài shí bēi jì zǎi guǐ mǎo nián de jì sì.,This tablet records a ceremony held in a Guimao year.
2,对峙,duì zhì,双方长期对峙，贻误和谈时机。,"shuāng fāng cháng qī duì zhì, yí wù hé tán shí jī.",The prolonged standoff causes both sides to miss a chance for peace.
2,仕途,shì tú,这位元帅的仕途经历许多波折。,zhè wèi yuán shuài de shì tú jīng lì xǔ duō bō zhé.,The marshal's official career involves many setbacks.
0,士兵,shì bīng,士兵放下武器，举手投降。,"shì bīng fàng xià wǔ qì, jǔ shǒu tóu xiáng.",The soldiers laid down their weapons and raised their hands to surrender.
0,历史,lì shǐ,历史书里介绍了奴隶的生活。,lì shǐ shū lǐ jiè shào le nú lì de shēng huó.,The history book describes the lives of slaves.
0,使者,shǐ zhě,使者乘着驷马拉的车抵达城门。,shǐ zhě chéng zhe sì mǎ lā de chē dǐ dá chéng mén.,The envoy reaches the gate in a four-horse carriage.
0,驾驶,jià shǐ,工人最终通过了驾驶考试。,gōng rén zuì zhōng tōng guò le jià shǐ kǎo shì.,The worker finally passed his driving test.
0,停止,tíng zhǐ,机器停止运转，开关仍在关闭位置。,"jī qì tíng zhǐ yùn zhuǎn, kāi guān réng zài guān bì wèi zhì.","The machine has stopped, and the switch is still in the off position."
1,趾高气扬,zhǐ gāo qì yáng,他讲清道理，没有趾高气扬地训人。,"tā jiǎng qīng dào li, méi yǒu zhǐ gāo qì yáng de xùn rén.",He explained his reasoning without lecturing anyone arrogantly.
0,地址,dì zhǐ,我想去一趟邮局，更改收信地址。,"wǒ xiǎng qù yī tàng yóu jú, gēng gǎi shōu xìn dì zhǐ.",I want to visit the post office to change my mailing address.
0,牙齿,yá chǐ,刷牙时，要清洁牙齿和牙龈。,"shuā yá shí, yào qīng jié yá chǐ hé yá yín.","When brushing, clean both your teeth and your gums."
0,城市,chéng shì,这座城市的魅力在于悠久的历史。,zhè zuò chéng shì de mèi lì zài yú yōu jiǔ de lì shǐ.,This city's appeal lies in its long history.
1,仗恃,zhàng shì,他仗恃家财，要求别人伺候。,"tā zhàng shì jiā cái, yāo qiú bié ren cì hou.",He relies on his wealth and demands others serve him.
0,开始,kāi shǐ,春天，他们开始驯养小马。,"chūn tiān, tā men kāi shǐ xùn yǎng xiǎo mǎ.","In spring, they began training the foal."
0,耳朵,ěr duo,他捂住耳朵，躲开刺耳的声音。,"tā wǔ zhù ěr duo, duǒ kāi cì ěr de shēng yīn.",He covered his ears to avoid the piercing sound.
0,纪念,jì niàn,仪式上，大家纪念牺牲的士兵。,"yí shì shàng, dà jiā jì niàn xī shēng de shì bīng.","At the ceremony, everyone remembered the soldiers who had given their lives."
2,杞人忧天,qǐ rén yōu tiān,那位官吏过分担忧，近乎杞人忧天。,"nà wèi guān lì guò fèn dān yōu, jìn hu qǐ rén yōu tiān.",The official worries so excessively that his fears seem groundless.
0,起来,qǐ lai,洗澡以后，身体暖和起来了。,"xǐ zǎo yǐ hòu, shēn tǐ nuǎn huo qǐ lai le.","After a bath, my body felt warmer."
1,拟定,nǐ dìng,委员先厘定规则，再拟定方案。,"wěi yuán xiān lí dìng guī zé, zài nǐ dìng fāng àn.",The committee settles the rules before drafting a plan.
0,喜欢,xǐ huan,我喜欢喝茶，你呢？,"wǒ xǐ huan hē chá, nǐ ne?",I enjoy drinking tea. How about you?
2,已矣,yǐ yǐ,他喟叹一声，说往事已矣。,"tā kuì tàn yī shēng, shuō wǎng shì yǐ yǐ.",He sighs deeply and says the past is over.
0,已经,yǐ jīng,演讲的日期已经确定了。,yǎn jiǎng de rì qī yǐ jīng què dìng le.,The date for the speech has been set.
0,可以,kě yǐ,葵花籽里有脂肪，可以榨油。,"kuí huā zǐ lǐ yǒu zhī fáng, kě yǐ zhà yóu.",Sunflower seeds contain fat and can be pressed for oil.
1,官吏,guān lì,那位官吏过分担忧，近乎杞人忧天。,"nà wèi guān lì guò fèn dān yōu, jìn hu qǐ rén yōu tiān.",The official worries so excessively that his fears seem groundless.
0,文字,wén zì,读这段文字，要理解它的思想和意思。,"dú zhè duàn wén zì, yào lǐ jiě tā de sī xiǎng hé yì si.","When reading this passage, understand both its ideas and its meaning."
2,嗣位,sì wèi,新君嗣位后，宣布减轻赋税。,"xīn jūn sì wèi hòu, xuān bù jiǎn qīng fù shuì.",The new ruler succeeds to the throne and lowers taxes.
0,寺庙,sì miào,这座寺庙供奉着凤凰雕像。,zhè zuò sì miào gòng fèng zhe fèng huáng diāo xiàng.,This temple enshrines a statue of a phoenix.
0,饲养,sì yǎng,农场用谷物饲养小猪。,nóng chǎng yòng gǔ wù sì yǎng xiǎo zhū.,The farm feeds its piglets grain.
0,植物,zhí wù,沙漠缺水，植物也十分匮乏。,"shā mò quē shuǐ, zhí wù yě shí fēn kuì fá.",The desert has little water and very few plants.
0,价值,jià zhí,寺庙里的雕像具有很高的艺术价值。,sì miào lǐ de diāo xiàng jù yǒu hěn gāo de yì shù jià zhí.,The statues in the temple have great artistic value.
0,事情,shì qing,这件事情很急，请先去处理。,"zhè jiàn shì qing hěn jí, qǐng xiān qù chǔ lǐ.",This matter is urgent; please deal with it first.
0,厕所,cè suǒ,厕所旁边放着一本旧杂志。,cè suǒ páng biān fàng zhe yī běn jiù zá zhì.,An old magazine lies beside the toilet.
0,编织,biān zhī,他痴迷于编织，做了许多毛衣。,"tā chī mí yú biān zhī, zuò le xǔ duō máo yī.",He is fascinated by knitting and has made many sweaters.
0,杂志,zá zhì,厕所旁边放着一本旧杂志。,cè suǒ páng biān fàng zhe yī běn jiù zá zhì.,An old magazine lies beside the toilet.
0,认识,rèn shi,后面站着某人，你认识他吗？,"hòu mian zhàn zhe mǒu rén, nǐ rèn shi tā ma?",Someone is standing behind us. Do you know him?
0,博识,bó shí,博识的老师志愿到乡村教学。,bó shí de lǎo shī zhì yuàn dào xiāng cūn jiào xué.,The knowledgeable teacher volunteers to teach in the countryside.
0,志愿,zhì yuàn,博识的老师志愿到乡村教学。,bó shí de lǎo shī zhì yuàn dào xiāng cūn jiào xué.,The knowledgeable teacher volunteers to teach in the countryside.
2,炽热,chì rè,炽热的火炬照亮了夜路。,chì rè de huǒ jù zhào liàng le yè lù.,The blazing torch lights the path at night.
0,侍候,shì hòu,他细心侍候生病的伴侣。,tā xì xīn shì hòu shēng bìng de bàn lǚ.,He carefully attends to his sick partner.
0,考试,kǎo shì,工人最终通过了驾驶考试。,gōng rén zuì zhōng tōng guò le jià shǐ kǎo shì.,The worker finally passed his driving test.
1,鱼饵,yú ěr,他准备好鱼饵，出发去矶钓。,"tā zhǔn bèi hǎo yú ěr, chū fā qù jī diào.",He prepares the bait and sets off to fish from the rocks.
2,亟请,qì qǐng,当地亟需粮食，官员亟请救援。,"dāng dì jí xū liáng shi, guān yuán qì qǐng jiù yuán.","Food is urgently needed, and the official repeatedly requests aid."
2,亟需,jí xū,当地亟需粮食，官员亟请救援。,"dāng dì jí xū liáng shi, guān yuán qì qǐng jiù yuán.","Food is urgently needed, and the official repeatedly requests aid."
0,食物,shí wù,貉常在夜里寻找食物。,hé cháng zài yè li xún zhǎo shí wù.,Raccoon dogs often look for food at night.
0,异常,yì cháng,天气异常寒冷，花卉很稀少。,"tiān qì yì cháng hán lěng, huā huì hěn xī shǎo.","The weather is unusually cold, and there are few flowers."
0,忌讳,jì huì,不要讥笑别人，也要尊重其忌讳。,"bù yào jī xiào bié ren, yě yào zūn zhòng qí jì huì.",Do not mock others; respect what they consider taboo.
0,回归,huí guī,他事业有成，衣锦还乡回归故土。,"tā shì yè yǒu chéng, yì jǐn huán xiāng huí guī gù tǔ.","Successful in his career, he returns to his hometown in honor."
1,叽叽喳喳,jī jī zhā zhā,小鸟衔着棉絮，叽叽喳喳地叫。,"xiǎo niǎo xián zhe mián xù, jī jī zhā zhā de jiào.",The bird carries cotton fluff and chirps.
0,饥荒,jī huāng,饥荒期间，土匪抢走村里的粮食。,"jī huāng qī jiān, tǔ fěi qiǎng zǒu cūn lǐ de liáng shi.","During the famine, bandits steal the village's grain."
1,讥笑,jī xiào,不要讥笑别人，也要尊重其忌讳。,"bù yào jī xiào bié ren, yě yào zūn zhòng qí jì huì.",Do not mock others; respect what they consider taboo.
0,机会,jī huì,认识新朋友是练习语言的好机会。,rèn shi xīn péng you shì liàn xí yǔ yán de hǎo jī huì.,Meeting new friends is a good opportunity to practice a language.
2,矶钓,jī diào,他准备好鱼饵，出发去矶钓。,"tā zhǔn bèi hǎo yú ěr, chū fā qù jī diào.",He prepares the bait and sets off to fish from the rocks.
1,巍峨,wēi é,曙光照亮了巍峨的山峰。,shǔ guāng zhào liàng le wēi é de shān fēng.,The first light illuminates the majestic peaks.
0,指挥,zhǐ huī,指挥员胸前的徽章闪着光。,zhǐ huī yuán xiōng qián de huī zhāng shǎn zhe guāng.,The commander's badge shines on his chest.
0,光辉,guāng huī,春晖洒满田野，闪耀金色光辉。,"chūn huī sǎ mǎn tián yě, shǎn yào jīn sè guāng huī.",Spring sunshine bathes the fields in golden light.
0,希望,xī wàng,医生希望用新药治愈这种疾病。,yī shēng xī wàng yòng xīn yào zhì yù zhè zhǒng jí bìng.,The doctor hopes to cure this illness with a new medicine.
1,徽章,huī zhāng,指挥员胸前的徽章闪着光。,zhǐ huī yuán xiōng qián de huī zhāng shǎn zhe guāng.,The commander's badge shines on his chest.
2,春晖,chūn huī,春晖洒满田野，闪耀金色光辉。,"chūn huī sǎ mǎn tián yě, shǎn yào jīn sè guāng huī.",Spring sunshine bathes the fields in golden light.
0,稀少,xī shǎo,天气异常寒冷，花卉很稀少。,"tiān qì yì cháng hán lěng, huā huì hěn xī shǎo.","The weather is unusually cold, and there are few flowers."
0,依靠,yī kào,不要依靠威胁迫使别人答应。,bù yào yī kào wēi xié pò shǐ bié ren dā ying.,Do not use threats to make others agree.
0,衣锦还乡,yì jǐn huán xiāng,他事业有成，衣锦还乡回归故土。,"tā shì yè yǒu chéng, yì jǐn huán xiāng huí guī gù tǔ.","Successful in his career, he returns to his hometown in honor."
0,威胁,wēi xié,不要依靠威胁迫使别人答应。,bù yào yī kào wēi xié pò shǐ bié ren dā ying.,Do not use threats to make others agree.
0,周围,zhōu wéi,我们希望减少污染，保护周围环境。,"wǒ men xī wàng jiǎn shǎo wū rǎn, bǎo hù zhōu wéi huán jìng.",We hope to reduce pollution and protect our surroundings.
0,违反,wéi fǎn,违反交通规则非常危险。,wéi fǎn jiāo tōng guī zé fēi cháng wēi xiǎn.,Breaking traffic rules is very dangerous.
2,韦编三绝,wéi biān sān jué,他勤读古籍，有韦编三绝的精神。,"tā qín dú gǔ jí, yǒu wéi biān sān jué de jīng shen.",He studies ancient books with tireless dedication.
0,飞行,fēi xíng,孩子们在花园嬉戏，鸟儿自由飞行。,"hái zi men zài huā yuán xī xì, niǎo r zì yóu fēi xíng.",Children play in the garden while birds fly freely.
0,非常,fēi cháng,违反交通规则非常危险。,wéi fǎn jiāo tōng guī zé fēi cháng wēi xiǎn.,Breaking traffic rules is very dangerous.
2,门扉,mén fēi,门扉徐徐打开，客人走进院子。,"mén fēi xú xú dǎ kāi, kè rén zǒu jìn yuàn zi.","The door opens slowly, and the guest enters the yard."
0,肥胖,féi pàng,微小的改变有时也能改善肥胖。,wēi xiǎo de gǎi biàn yǒu shí yě néng gǎi shàn féi pàng.,Even small changes can sometimes help address obesity.
0,微小,wēi xiǎo,微小的改变有时也能改善肥胖。,wēi xiǎo de gǎi biàn yǒu shí yě néng gǎi shàn féi pàng.,Even small changes can sometimes help address obesity.
2,妃子,fēi zi,妃子在芳菲满园的春日赏花。,fēi zi zài fāng fēi mǎn yuán de chūn rì shǎng huā.,The royal consort enjoys the fragrant spring garden.
1,芳菲,fāng fēi,妃子在芳菲满园的春日赏花。,fēi zi zài fāng fēi mǎn yuán de chūn rì shǎng huā.,The royal consort enjoys the fragrant spring garden.
1,菲薄,fěi bó,岂能因一次失败就妄自菲薄。,qǐ néng yīn yī cì shī bài jiù wàng zì fěi bó.,How can one failure justify belittling yourself?
1,祈祷,qí dǎo,她祈祷上天保佑家人平安。,tā qí dǎo shàng tiān bǎo yòu jiā rén píng ān.,She prayed that heaven would protect her family and keep them safe.
0,几个,jǐ ge,几个孩子躲在门后，几乎没有出声。,"jǐ ge hái zi duǒ zài mén hòu, jī hū méi yǒu chū shēng.","A few children hid behind the door, barely making a sound."
0,几乎,jī hū,几个孩子躲在门后，几乎没有出声。,"jǐ ge hái zi duǒ zài mén hòu, jī hū méi yǒu chū shēng.","A few children hid behind the door, barely making a sound."
0,魔鬼,mó guǐ,故事里的魔鬼长着一条长尾巴。,gù shi lǐ de mó guǐ zhǎng zhe yī tiáo cháng wěi ba.,The devil in the story has a long tail.
0,岂能,qǐ néng,岂能因一次失败就妄自菲薄。,qǐ néng yīn yī cì shī bài jiù wàng zì fěi bó.,How can one failure justify belittling yourself?
2,花卉,huā huì,天气异常寒冷，花卉很稀少。,"tiān qì yì cháng hán lěng, huā huì hěn xī shǎo.","The weather is unusually cold, and there are few flowers."
0,伟大,wěi dà,伟大的航海家靠毅力完成旅程。,wěi dà de háng hǎi jiā kào yì lì wán chéng lǚ chéng.,The great navigator completes the voyage through perseverance.
2,玮玮,,字目表中的玮玮一词还需核实。,,The entry “玮玮” in the source list still needs verification.
0,芦苇,lú wěi,芦苇生长在河边的沮洳地带。,lú wěi shēng zhǎng zài hé biān de jù rù dì dài.,"Reeds grow in the low, wet ground beside the river."
2,炜然,wěi rán,夕阳炜然，照亮高大的棕榈。,"xī yáng wěi rán, zhào liàng gāo dà de zōng lǘ.",The bright sunset lights the tall palms.
0,土匪,tǔ fěi,饥荒期间，土匪抢走村里的粮食。,"jī huāng qī jiān, tǔ fěi qiǎng zǒu cūn lǐ de liáng shi.","During the famine, bandits steal the village's grain."
0,尾巴,wěi ba,故事里的魔鬼长着一条长尾巴。,gù shi lǐ de mó guǐ zhǎng zhe yī tiáo cháng wěi ba.,The devil in the story has a long tail.
2,娓娓道来,wěi wěi dào lái,她把悱恻的往事娓娓道来。,tā bǎ fěi cè de wǎng shì wěi wěi dào lái.,She gently recounts a sorrowful episode from her past.
2,悱恻,fěi cè,她把悱恻的往事娓娓道来。,tā bǎ fěi cè de wǎng shì wěi wěi dào lái.,She gently recounts a sorrowful episode from her past.
2,斐然,fěi rán,他借诗抒发心情，文采斐然。,"tā jiè shī shū fā xīn qíng, wén cǎi fěi rán.",He expresses his feelings in poetry with remarkable eloquence.
0,灌溉,guàn gài,清水沿渠道流入农田灌溉。,qīng shuǐ yán qú dào liú rù nóng tián guàn gài.,Clear water flows through the channel to irrigate the fields.
0,既然,jì rán,既然照片珍贵，就要妥善保存。,"jì rán zhào piàn zhēn guì, jiù yào tuǒ shàn bǎo cún.","Since the photographs are precious, they should be stored carefully."
0,珍贵,zhēn guì,既然照片珍贵，就要妥善保存。,"jì rán zhào piàn zhēn guì, jiù yào tuǒ shàn bǎo cún.","Since the photographs are precious, they should be stored carefully."
0,天气,tiān qì,天气异常寒冷，花卉很稀少。,"tiān qì yì cháng hán lěng, huā huì hěn xī shǎo.","The weather is unusually cold, and there are few flowers."
1,魏晋,wèi jìn,他研究魏晋时期太尉的职权。,tā yán jiū wèi jìn shí qī tài wèi de zhí quán.,He studies the powers of the grand commandant in the Wei-Jin period.
0,毅力,yì lì,伟大的航海家靠毅力完成旅程。,wěi dà de háng hǎi jiā kào yì lì wán chéng lǚ chéng.,The great navigator completes the voyage through perseverance.
2,同仇敌忾,tóng chóu dí kài,面对残忍屠杀，村民同仇敌忾。,"miàn duì cán rěn tú shā, cūn mín tóng chóu dí kài.",The villagers unite in anger against the brutal massacre.
1,蔚蓝,wèi lán,蔚蓝海水环绕着一座岛屿。,wèi lán hǎi shuǐ huán rào zhe yī zuò dǎo yǔ.,Blue water surrounds an island.
0,安慰,ān wèi,她轻声呢喃，安慰悲伤的孩子。,"tā qīng shēng ní nán, ān wèi bēi shāng de hái zi.",She murmured softly to comfort the sad child.
2,熨斗,yùn dǒu,用熨斗烫平衣领，穿着更熨贴。,"yòng yùn dǒu tàng píng yī lǐng, chuān zhe gèng yùn tiē.",Ironing the collar smooth makes it more comfortable.
2,熨贴,yùn tiē,用熨斗烫平衣领，穿着更熨贴。,"yòng yùn dǒu tàng píng yī lǐng, chuān zhe gèng yùn tiē.",Ironing the collar smooth makes it more comfortable.
1,太尉,tài wèi,他研究魏晋时期太尉的职权。,tā yán jiū wèi jìn shí qī tài wèi de zhí quán.,He studies the powers of the grand commandant in the Wei-Jin period.
1,尉迟,yù chí,尉迟与吕氏都是姓氏称呼。,yù chí yǔ lǚ shì dōu shì xìng shì chēng hu.,Yuchi and Lü are both surnames.
0,畏惧,wèi jù,小狗畏惧雷鸣，躲到了床下。,"xiǎo gǒu wèi jù léi míng, duǒ dào le chuáng xià.",The puppy is afraid of thunder and hid under the bed.
0,胃口,wèi kǒu,他胃口很好，一下吃了两碗面条。,"tā wèi kǒu hěn hǎo, yī xià chī le liǎng wǎn miàn tiáo.",He has a good appetite and ate two bowls of noodles at once.
2,渭水,wèi shuǐ,他在地图上查找渭水的纬度。,tā zài dì tú shàng chá zhǎo wèi shuǐ de wěi dù.,He checks the Wei River's latitude on the map.
1,所谓,suǒ wèi,所谓词汇，就是一种语言里的词语。,"suǒ wèi cí huì, jiù shì yī zhǒng yǔ yán lǐ de cí yǔ.",Vocabulary means the words used in a language.
0,词汇,cí huì,所谓词汇，就是一种语言里的词语。,"suǒ wèi cí huì, jiù shì yī zhǒng yǔ yán lǐ de cí yǔ.",Vocabulary means the words used in a language.
1,刺猬,cì wei,他们在野外发现一只小刺猬。,tā men zài yě wài fā xiàn yī zhī xiǎo cì wei.,They find a small hedgehog outdoors.
1,纬度,wěi dù,他在地图上查找渭水的纬度。,tā zài dì tú shàng chá zhǎo wèi shuǐ de wěi dù.,He checks the Wei River's latitude on the map.
2,蔽芾,bì fèi,茅庐旁的幼树枝叶蔽芾。,máo lú páng de yòu shù zhī yè bì fèi.,"The young trees beside the cottage have dense, small leaves."
2,芾芾,fú fú,芾芾形容草木茂盛。,fú fú xíng róng cǎo mù mào shèng.,Fu fu describes lush vegetation.
0,沸腾,fèi téng,水沸腾以后，才能放入蔬菜。,"shuǐ fèi téng yǐ hòu, cái néng fàng rù shū cài.",Add the vegetables only after the water boils.
0,未来,wèi lái,她认为储蓄对未来很重要。,tā rèn wéi chǔ xù duì wèi lái hěn zhòng yào.,She thinks saving money is important for the future.
0,味道,wèi dao,这道猪肉菜的味道很香。,zhè dào zhū ròu cài de wèi dao hěn xiāng.,This pork dish smells and tastes delicious.
1,茅庐,máo lú,茅庐旁的幼树枝叶蔽芾。,máo lú páng de yòu shù zhī yè bì fèi.,"The young trees beside the cottage have dense, small leaves."
0,棕榈,zōng lǘ,夕阳炜然，照亮高大的棕榈。,"xī yáng wěi rán, zhào liàng gāo dà de zōng lǘ.",The bright sunset lights the tall palms.
0,驴子,lǘ zi,驴子拉着一车榉木缓缓前行。,lǘ zi lā zhe yī chē jǔ mù huǎn huǎn qián xíng.,The donkey slowly pulls a cartload of zelkova wood.
1,蛆虫,qū chóng,剩余的腐肉里滋生了蛆虫。,shèng yú de fǔ ròu lǐ zī shēng le qū chóng.,Maggots breed in the leftover rotten meat.
1,沮丧,jǔ sàng,想到未来的工作，他有些沮丧。,"xiǎng dào wèi lái de gōng zuò, tā yǒu xiē jǔ sàng.",Thinking about his future job made him a little discouraged.
1,沮水,jū shuǐ,沮水是湖北境内的一条河。,jū shuǐ shì hú běi jìng nèi de yī tiáo hé.,The Ju River is a river in Hubei.
1,沮洳,jù rù,芦苇生长在河边的沮洳地带。,lú wěi shēng zhǎng zài hé biān de jù rù dì dài.,"Reeds grow in the low, wet ground beside the river."
0,徐徐,xú xú,门扉徐徐打开，客人走进院子。,"mén fēi xú xú dǎ kāi, kè rén zǒu jìn yuàn zi.","The door opens slowly, and the guest enters the yard."
0,猪肉,zhū ròu,这道猪肉菜的味道很香。,zhè dào zhū ròu cài de wèi dao hěn xiāng.,This pork dish smells and tastes delicious.
0,涂鸦,tú yā,围墙上留着诸多彩色涂鸦。,wéi qiáng shàng liú zhe zhū duō cǎi sè tú yā.,Many colorful drawings cover the wall.
2,踌躇,chóu chú,他踌躇许久，终于决定宽恕对方。,"tā chóu chú xǔ jiǔ, zhōng yú jué dìng kuān shù duì fāng.",He hesitates for a long time before deciding to forgive.
0,清除,qīng chú,清除窗上灰尘后，房间显著变亮。,"qīng chú chuāng shàng huī chén hòu, fáng jiān xiǎn zhù biàn liàng.",Removing dust from the window makes the room noticeably brighter.
0,屠杀,tú shā,面对残忍屠杀，村民同仇敌忾。,"miàn duì cán rěn tú shā, cūn mín tóng chóu dí kài.",The villagers unite in anger against the brutal massacre.
0,显著,xiǎn zhù,清除窗上灰尘后，房间显著变亮。,"qīng chú chuāng shàng huī chén hòu, fáng jiān xiǎn zhù biàn liàng.",Removing dust from the window makes the room noticeably brighter.
0,着衫,zhuó shān,初一清晨，他着衫出门拜年。,"chū yī qīng chén, tā zhuó shān chū mén bài nián.",He dresses and goes out to give New Year greetings.
0,着凉,zháo liáng,着凉后他一直咳嗽，妈妈很着急。,"zháo liáng hòu tā yī zhí ké sou, mā ma hěn zháo jí.","He has been coughing since catching a chill, and Mom is worried."
0,着急,zháo jí,着凉后他一直咳嗽，妈妈很着急。,"zháo liáng hòu tā yī zhí ké sou, mā ma hěn zháo jí.","He has been coughing since catching a chill, and Mom is worried."
2,初一,chū yī,初一清晨，他著衫出门拜年。,"chū yī qīng chén, tā zhuó shān chū mén bài nián.",He dresses and goes out to give New Year greetings.
0,锄头,chú tou,农人扛着锄头，走向黍子地。,"nóng rén káng zhe chú tou, zǒu xiàng shǔ zi dì.",The farmer carries a hoe toward the millet field.
0,疏通,shū tōng,他先梳理问题，再疏通排水管。,"tā xiān shū lǐ wèn tí, zài shū tōng pái shuǐ guǎn.",He sorts out the problem before clearing the drain.
0,注疏,zhù shū,图书馆贮藏着古籍及其注疏。,tú shū guǎn zhù cáng zhe gǔ jí jí qí zhù shū.,The library stores ancient texts and their commentaries.
0,蔬菜,shū cài,水沸腾以后，才能放入蔬菜。,"shuǐ fèi téng yǐ hòu, cái néng fàng rù shū cài.",Add the vegetables only after the water boils.
0,梳理,shū lǐ,他先梳理问题，再疏通排水管。,"tā xiān shū lǐ wèn tí, zài shū tōng pái shuǐ guǎn.",He sorts out the problem before clearing the drain.
0,诸多,zhū duō,围墙上留着诸多彩色涂鸦。,wéi qiáng shàng liú zhe zhū duō cǎi sè tú yā.,Many colorful drawings cover the wall.
0,舒适,shū shì,书籍整齐放在舒适座位旁。,shū jí zhěng qí fàng zài shū shì zuò wèi páng.,Books are neatly placed beside the comfortable seat.
2,纾困,shū kùn,这笔巨款用于帮助农户纾困。,zhè bǐ jù kuǎn yòng yú bāng zhù nóng hù shū kùn.,The large sum helps farmers through financial hardship.
0,书籍,shū jí,书籍整齐放在舒适座位旁。,shū jí zhěng qí fàng zài shū shì zuò wèi páng.,Books are neatly placed beside the comfortable seat.
0,如果,rú guǒ,如果汽车坏了，请联系修理店。,"rú guǒ qì chē huài le, qǐng lián xì xiū lǐ diàn.","If the car breaks down, please contact a repair shop."
2,含辛茹苦,hán xīn rú kǔ,故事讲述庶民含辛茹苦地生活。,gù shi jiǎng shù shù mín hán xīn rú kǔ de shēng huó.,The story describes common people struggling through life.
0,车马炮,jū mǎ pào,老师按顺序介绍象棋的车马炮。,lǎo shī àn shùn xù jiè shào xiàng qí de jū mǎ pào.,"The teacher explains the rook, knight, and cannon in order."
0,汽车,qì chē,这辆私家汽车可以连接网络。,zhè liàng sī jiā qì chē kě yǐ lián jiē wǎng luò.,This private car can connect to the internet.
0,根据,gēn jù,根据地图，废墟就在河流旁边。,"gēn jù dì tú, fèi xū jiù zài hé liú páng biān.","According to the map, the ruins are beside the river."
2,废墟,fèi xū,根据地图，废墟就在河流旁边。,"gēn jù dì tú, fèi xū jiù zài hé liú páng biān.","According to the map, the ruins are beside the river."
0,鱼类,yú lèi,这条鲤鱼比其他鱼类更大。,zhè tiáo lǐ yú bǐ qí tā yú lèi gèng dà.,This carp is larger than the other fish.
0,渔民,yú mín,渔民清晨驶离大屿山的码头。,yú mín qīng chén shǐ lí dà yǔ shān de mǎ tou.,The fisherman leaves the Lantau pier early in the morning.
1,衙门,yá men,旧时衙门的判决也受舆论关注。,jiù shí yá men de pàn jué yě shòu yú lùn guān zhù.,"Even in the past, official judgments drew public attention."
0,空虚,kōng xū,朋友嘘寒问暖，使她不再空虚。,"péng you xū hán wèn nuǎn, shǐ tā bù zài kōng xū.",Her friend's caring inquiries ease her emptiness.
2,嘘寒问暖,xū hán wèn nuǎn,朋友嘘寒问暖，使她不再空虚。,"péng you xū hán wèn nuǎn, shǐ tā bù zài kōng xū.",Her friend's caring inquiries ease her emptiness.
2,嘘,shī,嘘，孩子已经睡着了。,"shī, hái zi yǐ jīng shuì zháo le.","Shh, the child is already asleep."
0,关于,guān yú,关于鱼类的问题，请向老师咨询。,"guān yú yú lèi de wèn tí, qǐng xiàng lǎo shī zī xún.",Please ask the teacher about questions concerning fish.
0,予,yú,古文中的予可以表示我。,gǔ wén zhōng de yú kě yǐ biǎo shì wǒ.,"In classical writing, yu can mean I."
0,给予,jǐ yǔ,老师给予他帮助，也在乎他的感受。,"lǎo shī jǐ yǔ tā bāng zhù, yě zài hu tā de gǎn shòu.",The teacher gave him help and cared about his feelings.
0,剩余,shèng yú,剩余的腐肉里滋生了蛆虫。,shèng yú de fǔ ròu lǐ zī shēng le qū chóng.,Maggots breed in the leftover rotten meat.
1,舆论,yú lùn,旧时衙门的判决也受舆论关注。,jiù shí yá men de pàn jué yě shòu yú lùn guān zhù.,"Even in the past, official judgments drew public attention."
0,欤,yú,古文句末的欤常表示疑问。,gǔ wén jù mò de yú cháng biǎo shì yí wèn.,This classical particle often marks a question.
0,与,yǔ,老师予我鼓励，与我一起练习。,"lǎo shī yǔ wǒ gǔ lì, yǔ wǒ yī qǐ liàn xí.",The teacher gave me encouragement and practiced with me.
0,参与,cān yù,参与公益活动有助于建立良好名誉。,cān yù gōng yì huó dòng yǒu zhù yú jiàn lì liáng hǎo míng yù.,Taking part in community service helps build a good reputation.
0,名誉,míng yù,参与公益活动有助于建立良好名誉。,cān yù gōng yì huó dòng yǒu zhù yú jiàn lì liáng hǎo míng yù.,Taking part in community service helps build a good reputation.
0,余数,yú shù,十除以三，得到的余数是一。,"shí chú yǐ sān, dé dào de yú shù shì yī.",Ten divided by three leaves a remainder of one.
2,蟾蜍,chán chú,女儿旅行时，看见一只蟾蜍。,"nǚ ér lǚ xíng shí, kàn jiàn yī zhī chán chú.",My daughter saw a toad while traveling.
0,渠道,qú dào,清水沿渠道流入农田灌溉。,qīng shuǐ yán qú dào liú rù nóng tián guàn gài.,Clear water flows through the channel to irrigate the fields.
0,女儿,nǚ ér,女儿旅行时，看见一只蟾蜍。,"nǚ ér lǚ xíng shí, kàn jiàn yī zhī chán chú.",My daughter saw a toad while traveling.
0,旅行,lǚ xíng,她在柜台询问旅行的费用。,tā zài guì tái xún wèn lǚ xíng de fèi yòng.,She asked about the cost of the trip at the counter.
1,伴侣,bàn lǚ,他细心侍候生病的伴侣。,tā xì xīn shì hòu shēng bìng de bàn lǚ.,He carefully attends to his sick partner.
1,吕氏,lǚ shì,尉迟与吕氏都是姓氏称呼。,yù chí yǔ lǚ shì dōu shì xìng shì chēng hu.,Yuchi and Lü are both surnames.
0,咀嚼,jǔ jué,咀嚼食物时，不要大声说话。,"jǔ jué shí wù shí, bù yào dà shēng shuō huà.",Do not speak loudly while chewing food.
0,岛屿,dǎo yǔ,蔚蓝海水环绕着一座岛屿。,wèi lán hǎi shuǐ huán rào zhe yī zuò dǎo yǔ.,Blue water surrounds an island.
0,大屿山,dà yǔ shān,渔民清晨驶离大屿山的码头。,yú mín qīng chén shǐ lí dà yǔ shān de mǎ tou.,The fisherman leaves the Lantau pier early in the morning.
0,顺序,shùn xù,老师按顺序介绍象棋的车马炮。,lǎo shī àn shùn xù jiè shào xiàng qí de jū mǎ pào.,"The teacher explains the rook, knight, and cannon in order."
0,叙述,xù shù,他平静地叙述经过，没有激动的情绪。,"tā píng jìng de xù shù jīng guò, méi yǒu jī dòng de qíng xù.",He calmly described what happened without becoming emotional.
0,情绪,qíng xù,他平静地叙述经过，没有激动的情绪。,"tā píng jìng de xù shù jīng guò, méi yǒu jī dòng de qíng xù.",He calmly described what happened without becoming emotional.
1,抒发,shū fā,他借诗抒发心情，文采斐然。,"tā jiè shī shū fā xīn qíng, wén cǎi fěi rán.",He expresses his feelings in poetry with remarkable eloquence.
1,贮藏,zhù cáng,图书馆贮藏着古籍及其注疏。,tú shū guǎn zhù cáng zhe gǔ jí jí qí zhù shū.,The library stores ancient texts and their commentaries.
2,伫立,zhù lì,她伫立在门口，阻止小狗跑出去。,"tā zhù lì zài mén kǒu, zǔ zhǐ xiǎo gǒu pǎo chū qù.",She stood at the door to keep the puppy from running out.
0,阻止,zǔ zhǐ,她伫立在门口，阻止小狗跑出去。,"tā zhù lì zài mén kǒu, zǔ zhǐ xiǎo gǒu pǎo chū qù.",She stood at the door to keep the puppy from running out.
2,越俎代庖,yuè zǔ dài páo,古文劝诫汝等不要越俎代庖。,gǔ wén quàn jiè rǔ děng bù yào yuè zǔ dài páo.,The classical passage warns you not to take over others' duties.
0,清楚,qīng chu,不要盲目跟随，要先思考清楚。,"bù yào máng mù gēn suí, yào xiān sī kǎo qīng chu.",Do not follow blindly; think it through first.
0,基础,jī chǔ,保持平衡，是学会骑车的基础。,"bǎo chí píng héng, shì xué huì qí chē de jī chǔ.",Maintaining balance is the foundation of learning to ride a bicycle.
0,所以,suǒ yǐ,住处附近有老鼠，所以要收好食物。,"zhù chù fù jìn yǒu lǎo shǔ, suǒ yǐ yào shōu hǎo shí wù.","There are mice near our home, so we need to store food carefully."
2,杵臼,chǔ jiù,祖母用杵臼捣碎煮熟的番薯。,zǔ mǔ yòng chǔ jiù dǎo suì zhǔ shóu de fān shǔ.,Grandmother pounds cooked sweet potatoes in a mortar.
0,处理,chǔ lǐ,这件事情很急，请先去处理。,"zhè jiàn shì qing hěn jí, qǐng xiān qù chǔ lǐ.",This matter is urgent; please deal with it first.
0,住处,zhù chù,这座小屋是唯一与湖泊比邻的住处。,zhè zuò xiǎo wū shì wéi yī yǔ hú pō bǐ lín de zhù chù.,This cottage is the only home next to the lake.
1,别墅,bié shù,一群猴子盘踞在空置别墅里。,yī qún hóu zi pán jù zài kōng zhì bié shù lǐ.,A troop of monkeys occupies the empty villa.
0,野外,yě wài,他们在野外发现一只小刺猬。,tā men zài yě wài fā xiàn yī zhī xiǎo cì wei.,They find a small hedgehog outdoors.
0,老鼠,lǎo shǔ,住处附近有老鼠，所以要收好食物。,"zhù chù fù jìn yǒu lǎo shǔ, suǒ yǐ yào shōu hǎo shí wù.","There are mice near our home, so we need to store food carefully."
0,暑假,shǔ jià,暑假里，哥哥教我举起小哑铃。,"shǔ jià lǐ, gē ge jiào wǒ jǔ qǐ xiǎo yǎ líng.","During summer vacation, my older brother taught me to lift small dumbbells."
1,黍子,shǔ zi,农人扛着锄头，走向黍子地。,"nóng rén káng zhe chú tou, zǒu xiàng shǔ zi dì.",The farmer carries a hoe toward the millet field.
2,汝等,rǔ děng,古文劝诫汝等不要越俎代庖。,gǔ wén quàn jiè rǔ děng bù yào yuè zǔ dài páo.,The classical passage warns you not to take over others' duties.
2,莒国,jǔ guó,历史地图标示了古代莒国。,lì shǐ dì tú biāo shì le gǔ dài jǔ guó.,The historical map marks the ancient state of Ju.
0,举起,jǔ qǐ,暑假里，哥哥教我举起小哑铃。,"shǔ jià lǐ, gē ge jiào wǒ jǔ qǐ xiǎo yǎ líng.","During summer vacation, my older brother taught me to lift small dumbbells."
2,榉木,jǔ mù,驴子拉着一车榉木缓缓前行。,lǘ zi lā zhe yī chē jǔ mù huǎn huǎn qián xíng.,The donkey slowly pulls a cartload of zelkova wood.
0,去年,qù nián,去年，这座城堡的防御设施修好了。,"qù nián, zhè zuò chéng bǎo de fáng yù shè shī xiū hǎo le.",The castle's defenses were repaired last year.
0,防御,fáng yù,去年，这座城堡的防御设施修好了。,"qù nián, zhè zuò chéng bǎo de fáng yù shè shī xiū hǎo le.",The castle's defenses were repaired last year.
0,语言,yǔ yán,认识新朋友是练习语言的好机会。,rèn shi xīn péng you shì liàn xí yǔ yán de hǎo jī huì.,Meeting new friends is a good opportunity to practice a language.
0,不以语人,bù yǐ yù rén,他把秘密藏在心中，不以语人。,"tā bǎ mì mì cáng zài xīn zhōng, bù yǐ yù rén.",He keeps the secret to himself and tells nobody.
0,允许,yǔn xǔ,未经允许，不要进入私人住宅。,"wèi jīng yǔn xǔ, bù yào jìn rù sī rén zhù zhái.",Do not enter a private home without permission.
0,距离,jù lí,距离太远，我们看不清那艘巨大船只。,"jù lí tài yuǎn, wǒ men kàn bù qīng nà sōu jù dà chuán zhī.",The enormous ship was too far away for us to see clearly.
0,巨大,jù dà,距离太远，我们看不清那艘巨大船只。,"jù lí tài yuǎn, wǒ men kàn bù qīng nà sōu jù dà chuán zhī.",The enormous ship was too far away for us to see clearly.
1,火炬,huǒ jù,炽热的火炬照亮了夜路。,chì rè de huǒ jù zhào liàng le yè lù.,The blazing torch lights the path at night.
0,巨款,jù kuǎn,这笔巨款用于帮助农户纾困。,zhè bǐ jù kuǎn yòng yú bāng zhù nóng hù shū kùn.,The large sum helps farmers through financial hardship.
0,拒绝,jù jué,他考虑以后，拒绝了这项任务。,"tā kǎo lǜ yǐ hòu, jù jué le zhè xiàng rèn wù.","After considering it, he refused the task."
0,考虑,kǎo lǜ,他考虑以后，拒绝了这项任务。,"tā kǎo lǜ yǐ hòu, jù jué le zhè xiàng rèn wù.","After considering it, he refused the task."
0,棉絮,mián xù,小鸟衔着棉絮，叽叽喳喳地叫。,"xiǎo niǎo xián zhe mián xù, jī jī zhā zhā de jiào.",The bird carries cotton fluff and chirps.
0,帮助,bāng zhù,善良的邻居经常帮助老人。,shàn liáng de lín jū jīng cháng bāng zhù lǎo rén.,The kind neighbor often helps older people.
1,署名,shǔ míng,谢谢你的帮助，请在信末署名。,"xiè xie nǐ de bāng zhù, qǐng zài xìn mò shǔ míng.",Thank you for your help; please sign your name at the end of the letter.
1,曙光,shǔ guāng,曙光照亮了巍峨的山峰。,shǔ guāng zhào liàng le wēi é de shān fēng.,The first light illuminates the majestic peaks.
0,番薯,fān shǔ,祖母用杵臼捣碎煮熟的番薯。,zǔ mǔ yòng chǔ jiù dǎo suì zhǔ shóu de fān shǔ.,Grandmother pounds cooked sweet potatoes in a mortar.
1,宽恕,kuān shù,他踌躇许久，终于决定宽恕对方。,"tā chóu chú xǔ jiǔ, zhōng yú jué dìng kuān shù duì fāng.",He hesitates for a long time before deciding to forgive.
1,庶民,shù mín,故事讲述庶民含辛茹苦地生活。,gù shi jiǎng shù shù mín hán xīn rú kǔ de shēng huó.,The story describes common people struggling through life.
2,盘踞,pán jù,一群猴子盘踞在空置别墅里。,yī qún hóu zi pán jù zài kōng zhì bié shù lǐ.,A troop of monkeys occupies the empty villa.
0,锯子,jù zi,这把锯子很锋利，请小心拿。,"zhè bǎ jù zi hěn fēng lì, qǐng xiǎo xīn ná.",This saw is sharp; please handle it carefully.
0,御用,yù yòng,展柜中放着一件御用镀金酒杯。,zhǎn guì zhōng fàng zhe yī jiàn yù yòng dù jīn jiǔ bēi.,The display holds a gilded drinking cup made for the emperor.
2,驾驭,jià yù,师傅教徒弟驾驭马车。,shī fu jiào tú dì jià yù mǎ chē.,The master teaches his apprentice to drive a horse-drawn carriage.
0,香烟,xiāng yān,他想戒掉香烟，却仍有些犹豫。,"tā xiǎng jiè diào xiāng yān, què réng yǒu xiē yóu yù.",He wants to give up cigarettes but is still hesitating.
0,犹豫,yóu yù,他想戒掉香烟，却仍有些犹豫。,"tā xiǎng jiè diào xiāng yān, què réng yǒu xiē yóu yù.",He wants to give up cigarettes but is still hesitating.
0,预计,yù jì,预计今晚会下雪，大家早点回家。,"yù jì jīn wǎn huì xià xuě, dà jiā zǎo diǎn huí jiā.","Snow is expected tonight, so everyone should go home early."
2,急遽,jí jù,水位急遽上升，他瞿然一惊。,"shuǐ wèi jí jù shàng shēng, tā jù rán yī jīng.","The water rises rapidly, giving him a sudden fright."
0,都市,dū shì,她在都市里工作，衣服有漂亮图案。,"tā zài dū shì lǐ gōng zuò, yī fu yǒu piào liang tú àn.",She works in the city and wears clothes with attractive patterns.
0,图案,tú àn,她在都市里工作，衣服有漂亮图案。,"tā zài dū shì lǐ gōng zuò, yī fu yǒu piào liang tú àn.",She works in the city and wears clothes with attractive patterns.
0,前途,qián tú,他相信努力学习会带来光明前途。,tā xiāng xìn nǔ lì xué xí huì dài lái guāng míng qián tú.,He believes studying hard will give him a bright future.
0,涂改,tú gǎi,账簿上的数字不能胡乱涂改。,zhàng bù shàng de shù zì bù néng hú luàn tú gǎi.,The figures in the ledger must not be altered carelessly.
0,徒弟,tú dì,师傅教徒弟驾驭马车。,shī fu jiào tú dì jià yù mǎ chē.,The master teaches his apprentice to drive a horse-drawn carriage.
2,如火如荼,rú huǒ rú tú,志愿者招募工作开展得如火如荼。,zhì yuàn zhě zhāo mù gōng zuò kāi zhǎn de rú huǒ rú tú.,The volunteer recruitment effort is in full swing.
2,神荼,shén shū,古画中分别绘有神荼与菩萨。,gǔ huà zhōng fēn bié huì yǒu shén shū yǔ pú sà.,The old painting depicts Shenshu and a bodhisattva separately.
1,镀金,dù jīn,展柜中放着一件御用镀金酒杯。,zhǎn guì zhōng fàng zhe yī jiàn yù yòng dù jīn jiǔ bēi.,The display holds a gilded drinking cup made for the emperor.
2,菟丝子,tù sī zǐ,菟丝子缠绕着田里的植株。,tù sī zǐ chán rào zhe tián lǐ de zhí zhū.,Dodder twines around the plants in the field.
0,奴隶,nú lì,历史书里介绍了奴隶的生活。,lì shǐ shū lǐ jiè shào le nú lì de shēng huó.,The history book describes the lives of slaves.
1,卢沟桥,lú gōu qiáo,清晨的雪在卢沟桥上留下足迹。,qīng chén de xuě zài lú gōu qiáo shàng liú xià zú jì.,Footprints mark the morning snow on Lugou Bridge.
1,头颅,tóu lú,这尊雕像的头颅与身躯分别铸成。,zhè zūn diāo xiàng de tóu lú yǔ shēn qū fēn bié zhù chéng.,The statue's head and body are cast separately.
0,火炉,huǒ lú,火炉旁的饼干已经烤得酥脆。,huǒ lú páng de bǐng gān yǐ jīng kǎo de sū cuì.,The biscuits beside the stove are crisp.
0,出租,chū zū,这间房屋出租，欢迎前来询问。,"zhè jiān fáng wū chū zū, huān yíng qián lái xún wèn.",This house is for rent; inquiries are welcome.
0,苏醒,sū xǐng,孩子苏醒后，母亲轻轻搂抱他。,"hái zi sū xǐng hòu, mǔ qīn qīng qīng lǒu bào tā.",His mother holds him gently after he wakes.
1,酥脆,sū cuì,火炉旁的饼干已经烤得酥脆。,huǒ lú páng de bǐng gān yǐ jīng kǎo de sū cuì.,The biscuits beside the stove are crisp.
2,耶稣,yē sū,教堂的墙上画着耶稣的故事。,jiào táng de qiáng shàng huà zhe yē sū de gù shi.,Stories about Jesus are painted on the church walls.
0,辜负,gū fù,他不想辜负家人，也不愿孤独生活。,"tā bù xiǎng gū fù jiā rén, yě bù yuàn gū dú shēng huó.",He does not want to disappoint his family or live alone.
1,铁箍,tiě gū,木桶上的铁箍排列得很整齐。,mù tǒng shàng de tiě gū pái liè de hěn zhěng qí.,The iron bands on the barrel are neatly arranged.
0,孤独,gū dú,妹妹拿着玫瑰，陪伴孤独的老人。,"mèi mei ná zhe méi guī, péi bàn gū dú de lǎo rén.",My younger sister brought roses to keep the lonely old person company.
2,顶呱呱,dǐng guā guā,这场娱乐演出的水平顶呱呱。,zhè chǎng yú lè yǎn chū de shuǐ píng dǐng guā guā.,The entertainment performance is first-rate.
2,呱呱坠地,gū gū zhuì dì,母亲哺育刚刚呱呱坠地的婴儿。,mǔ qīn bǔ yù gāng gang gū gū zhuì dì de yīng ér.,The mother nurses her newborn baby.
1,沽名钓誉,gū míng diào yù,吾辈应踏实做事，不可沽名钓誉。,"wú bèi yīng tā shi zuò shì, bù kě gū míng diào yù.",We should work honestly instead of seeking empty fame.
0,姑姑,gū gu,姑姑用茶壶沏茶，请我留下歇息。,"gū gu yòng chá hú qī chá, qǐng wǒ liú xià xiē xi.",My aunt brewed tea in a teapot and invited me to stay for a rest.
2,吾辈,wú bèi,吾辈应踏实做事，不可沽名钓誉。,"wú bèi yīng tā shi zuò shì, bù kě gū míng diào yù.",We should work honestly instead of seeking empty fame.
0,吴国,wú guó,他研究古代吴国的历史与儒学。,tā yán jiū gǔ dài wú guó de lì shǐ yǔ rú xué.,He studies ancient Wu's history and Confucian scholarship.
0,呼吸,hū xī,他一时糊涂，把呼吸次数数错了。,"tā yī shí hú tu, bǎ hū xī cì shù shù cuò le.",He gets confused for a moment and miscounts his breaths.
0,糊涂,hú tu,他一时糊涂，把呼吸次数数错了。,"tā yī shí hú tu, bǎ hū xī cì shù shù cuò le.",He gets confused for a moment and miscounts his breaths.
1,珊瑚,shān hú,湖泊旁的店里出售珊瑚和葫芦摆件。,hú pō páng de diàn lǐ chū shòu shān hú hé hú lu bǎi jiàn.,A shop beside the lake sells coral and gourd ornaments.
0,胡乱,hú luàn,账簿上的数字不能胡乱涂改。,zhàng bù shàng de shù zì bù néng hú luàn tú gǎi.,The figures in the ledger must not be altered carelessly.
2,瓠瓜,hù guā,花圃旁的瓠瓜长得又长又嫩。,huā pǔ páng de hù guā zhǎng de yòu cháng yòu nèn.,"Long, tender bottle gourds grow beside the flowerbed."
0,茶壶,chá hú,姑姑用茶壶沏茶，请我留下歇息。,"gū gu yòng chá hú qī chá, qǐng wǒ liú xià xiē xi.",My aunt brewed tea in a teapot and invited me to stay for a rest.
0,湖泊,hú pō,这座小屋是唯一与湖泊比邻的住处。,zhè zuò xiǎo wū shì wéi yī yǔ hú pō bǐ lín de zhù chù.,This cottage is the only home next to the lake.
1,弧形,hú xíng,工匠在弧形栏杆上刻出镂空花纹。,gōng jiàng zài hú xíng lán gān shàng kè chū lòu kōng huā wén.,The craftsman carves openwork patterns into the curved railing.
1,葫芦,hú lu,湖泊旁的店里出售珊瑚和葫芦摆件。,hú pō páng de diàn lǐ chū shòu shān hú hé hú lu bǎi jiàn.,A shop beside the lake sells coral and gourd ornaments.
0,在乎,zài hu,老师给予他帮助，也在乎他的感受。,"lǎo shī jǐ yǔ tā bāng zhù, yě zài hu tā de gǎn shòu.",The teacher gave him help and cared about his feelings.
0,呜咽,wū yè,他在哭泣呜咽，并不意味着懦弱。,"tā zài kū qì wū yè, bìng bù yì wèi zhe nuò ruò.",His tears and sobs do not mean he is weak.
0,乌鸦,wū yā,乌鸦站在朴素的小屋顶上。,wū yā zhàn zài pǔ sù de xiǎo wū dǐng shàng.,A crow stands on the roof of the simple little house.
0,恶毒,è dú,恶毒的诬陷伤害无辜者，十分可恶。,"è dú de wū xiàn shāng hài wú gū zhě, shí fēn kě wù.",Malicious false accusations harm innocent people and are hateful.
0,可恶,kě wù,恶毒的诬陷伤害无辜者，十分可恶。,"è dú de wū xiàn shāng hài wú gū zhě, shí fēn kě wù.",Malicious false accusations harm innocent people and are hateful.
0,恶乎,wū hū,古文中的恶乎可以表示在哪里。,gǔ wén zhōng de wū hū kě yǐ biǎo shì zài nǎ lǐ.,"In classical Chinese, this phrase can mean where."
0,朴素,pǔ sù,乌鸦站在朴素的小屋顶上。,wū yā zhàn zài pǔ sù de xiǎo wū dǐng shàng.,A crow stands on the roof of the simple little house.
1,菩萨,pú sà,古画中分别绘有神荼与菩萨。,gǔ huà zhōng fēn bié huì yǒu shén shū yǔ pú sà.,The old painting depicts Shenshu and a bodhisattva separately.
1,蒲草,pú cǎo,鲴鱼游过水边茂密的蒲草。,gù yú yóu guò shuǐ biān mào mì de pú cǎo.,The freshwater fish swim past dense cattails.
0,模糊,mó hu,照片虽然模糊，我仍认出目睹事故的人。,"zhào piàn suī rán mó hu, wǒ réng rèn chū mù dǔ shì gù de rén.","Although the photo is blurry, I recognized the person who witnessed the accident."
0,触摸,chù mō,小心触摸这层薄膜，别把它弄破。,"xiǎo xīn chù mō zhè céng báo mó, bié bǎ tā nòng pò.",Touch this thin film carefully so you do not tear it.
0,薄膜,báo mó,小心触摸这层薄膜，别把它弄破。,"xiǎo xīn chù mō zhè céng báo mó, bié bǎ tā nòng pò.",Touch this thin film carefully so you do not tear it.
0,膜拜,mó bài,旧时人们向祖先的牌位膜拜。,jiù shí rén men xiàng zǔ xiān de pái wèi mó bài.,"In the past, people bowed in worship before ancestral tablets."
1,目睹,mù dǔ,照片虽然模糊，我仍认出目睹事故的人。,"zhào piàn suī rán mó hu, wǒ réng rèn chū mù dǔ shì gù de rén.","Although the photo is blurry, I recognized the person who witnessed the accident."
0,堵塞,dǔ sè,管道堵塞，厨房的水流不出去。,"guǎn dào dǔ sè, chú fáng de shuǐ liú bù chū qù.","The pipe is blocked, so the kitchen water cannot drain away."
0,赌博,dǔ bó,他因赌博失去土地，家人很伤心。,"tā yīn dǔ bó shī qù tǔ dì, jiā rén hěn shāng xīn.","He lost his land through gambling, leaving his family upset."
0,土地,tǔ dì,他因赌博失去土地，家人很伤心。,"tā yīn dǔ bó shī qù tǔ dì, jiā rén hěn shāng xīn.","He lost his land through gambling, leaving his family upset."
0,吐露,tǔ lù,他嗫嚅片刻，终于吐露实情。,"tā niè rú piàn kè, zhōng yú tǔ lù shí qíng.",He mumbles for a moment before revealing the truth.
0,肚子,dù zi,肚子饿了，就先吃一点点心。,"dù zi è le, jiù xiān chī yī diǎn diǎn xin.",Have a little snack if you are hungry.
0,杜绝,dù jué,加强监督有助于杜绝腐败。,jiā qiáng jiān dū yǒu zhù yú dù jué fǔ bài.,Stronger oversight helps prevent corruption.
0,努力,nǔ lì,他努力控制脾气，避免争吵。,"tā nǔ lì kòng zhì pí qi, bì miǎn zhēng chǎo.",He tries to control his temper and avoid arguments.
0,怒火,nù huǒ,他压住怒火，没有做出鲁莽的决定。,"tā yā zhù nù huǒ, méi yǒu zuò chū lǔ mǎng de jué dìng.",He held back his anger and avoided making a rash decision.
2,弓弩,gōng nǔ,敌军带着弓弩进村掳掠。,dí jūn dài zhe gōng nǔ jìn cūn lǔ lüè.,The enemy enters the village with crossbows to plunder.
2,掳掠,lǔ lüè,敌军带着弓弩进村掳掠。,dí jūn dài zhe gōng nǔ jìn cūn lǔ lüè.,The enemy enters the village with crossbows to plunder.
0,俘虏,fú lǔ,军队驻扎城外，集中看守俘虏。,"jūn duì zhù zhā chéng wài, jí zhōng kān shǒu fú lǔ.",The army camps outside the city and guards the captives.
1,卤味,lǔ wèi,店里出售卤味、肉脯和陈醋。,"diàn lǐ chū shòu lǔ wèi, ròu fǔ hé chén cù.","The shop sells braised snacks, dried meat, and aged vinegar."
0,鲁莽,lǔ mǎng,他压住怒火，没有做出鲁莽的决定。,"tā yā zhù nù huǒ, méi yǒu zuò chū lǔ mǎng de jué dìng.",He held back his anger and avoided making a rash decision.
2,橹棹,lǔ zhào,船夫摇动橹棹，小船渐渐前行。,"chuán fū yáo dòng lǔ zhào, xiǎo chuán jiàn jiàn qián xíng.","The boatman works the oars, moving the boat forward."
0,组织,zǔ zhī,班级组织同学攀登附近的山峰。,bān jí zǔ zhī tóng xué pān dēng fù jìn de shān fēng.,The class organized a climb up a nearby mountain.
0,祖先,zǔ xiān,旧时人们向祖先的牌位膜拜。,jiù shí rén men xiàng zǔ xiān de pái wèi mó bài.,"In the past, people bowed in worship before ancestral tablets."
0,粗糙,cū cāo,这块木板表面粗糙，需要打磨。,"zhè kuài mù bǎn biǎo miàn cū cāo, xū yào dǎ mó.",The surface of this board is rough and needs sanding.
2,训诂,xùn gǔ,他借助训诂知识写古文注释。,tā jiè zhù xùn gǔ zhī shi xiě gǔ wén zhù shì.,He uses historical word study to annotate classical texts.
0,鼓掌,gǔ zhǎng,学校组织活动，邀请大家鼓掌欢迎。,"xué xiào zǔ zhī huó dòng, yāo qǐng dà jiā gǔ zhǎng huān yíng.",The school organized an event and invited everyone to applaud in welcome.
0,估计,gū jì,他估计这只股票的价格还会涨。,tā gū jì zhè zhī gǔ piào de jià gé hái huì zhǎng.,He estimates that this stock's price will rise further.
0,估衣,gù yi,商贾在集市上出售廉价估衣。,shāng gǔ zài jí shì shàng chū shòu lián jià gù yi.,The merchant sells cheap clothes at the market.
0,古代,gǔ dài,他研究古代吴国的历史与儒学。,tā yán jiū gǔ dài wú guó de lì shǐ yǔ rú xué.,He studies ancient Wu's history and Confucian scholarship.
0,股票,gǔ piào,他估计这只股票的价格还会涨。,tā gū jì zhè zhī gǔ piào de jià gé hái huì zhǎng.,He estimates that this stock's price will rise further.
1,商贾,shāng gǔ,商贾在集市上出售廉价估衣。,shāng gǔ zài jí shì shàng chū shòu lián jià gù yi.,The merchant sells cheap clothes at the market.
1,贾姓,jiǎ xìng,老师介绍贾姓的读音和来源。,lǎo shī jiè shào jiǎ xìng de dú yīn hé lái yuán.,The teacher explains the pronunciation and origin of the surname Jia.
0,辛苦,xīn kǔ,中午，辛苦工作的妈妈才坐下吃饭。,"zhōng wǔ, xīn kǔ gōng zuò de mā ma cái zuò xia chī fàn.",Mom worked hard and finally sat down to eat at noon.
0,中午,zhōng wǔ,中午，辛苦工作的妈妈才坐下吃饭。,"zhōng wǔ, xīn kǔ gōng zuò de mā ma cái zuò xia chī fàn.",Mom worked hard and finally sat down to eat at noon.
0,五月,wǔ yuè,五月，雇佣的工人加入了施工队伍。,"wǔ yuè, gù yōng de gōng rén jiā rù le shī gōng duì wǔ.","In May, the hired workers joined the construction team."
0,队伍,duì wǔ,五月，雇佣的工人加入了施工队伍。,"wǔ yuè, gù yōng de gōng rén jiā rù le shī gōng duì wǔ.","In May, the hired workers joined the construction team."
2,琥珀,hǔ pò,这块琥珀成为画家的创作素材。,zhè kuài hǔ pò chéng wéi huà jiā de chuàng zuò sù cái.,This piece of amber becomes material for the artist's work.
0,老虎,lǎo hǔ,老虎突然攻击了附近的野兽。,lǎo hǔ tū rán gōng jī le fù jìn de yě shòu.,The tiger suddenly attacked an animal nearby.
2,水浒传,shuǐ hǔ zhuàn,演员画好脸谱，演出水浒传故事。,"yǎn yuán huà hǎo liǎn pǔ, yǎn chū shuǐ hǔ zhuàn gù shi.",The actor applies face paint to perform a Water Margin story.
1,雇佣,gù yōng,五月，雇佣的工人加入了施工队伍。,"wǔ yuè, gù yōng de gōng rén jiā rù le shī gōng duì wǔ.","In May, the hired workers joined the construction team."
1,沪剧,hù jù,这出沪剧讲述青年娶妻的故事。,zhè chū hù jù jiǎng shù qīng nián qǔ qī de gù shi.,This Shanghai opera tells of a young man getting married.
2,跋扈,bá hù,跋扈的权臣陷入尔虞我诈的争斗。,bá hù de quán chén xiàn rù ěr yú wǒ zhà de zhēng dòu.,The domineering minister is caught in deceitful struggles.
0,窗户,chuāng hu,请把椅子移动到窗户旁边。,qǐng bǎ yǐ zi yí dòng dào chuāng hu páng biān.,Please move the chair beside the window.
1,山坞,shān wù,山坞里的旧田已经荒芜多年。,shān wù lǐ de jiù tián yǐ jīng huāng wú duō nián.,The old fields in the mountain hollow have lain waste for years.
1,船坞,chuán wù,运输船驶入船坞接受检修。,yùn shū chuán shǐ rù chuán wù jiē shòu jiǎn xiū.,The cargo ship enters the dock for repairs.
1,花圃,huā pǔ,花圃旁的瓠瓜长得又长又嫩。,huā pǔ páng de hù guā zhǎng de yòu cháng yòu nèn.,"Long, tender bottle gourds grow beside the flowerbed."
0,脸谱,liǎn pǔ,演员画好脸谱，演出水浒传故事。,"yǎn yuán huà hǎo liǎn pǔ, yǎn chū shuǐ hǔ zhuàn gù shi.",The actor applies face paint to perform a Water Margin story.
0,补充,bǔ chōng,报告还缺少部分内容，请补充完整。,"bào gào hái quē shǎo bù fèn nèi róng, qǐng bǔ chōng wán zhěng.",Some content is missing from the report; please complete it.
1,账簿,zhàng bù,账簿上的数字不能胡乱涂改。,zhàng bù shàng de shù zì bù néng hú luàn tú gǎi.,The figures in the ledger must not be altered carelessly.
0,部分,bù fèn,报告还缺少部分内容，请补充完整。,"bào gào hái quē shǎo bù fèn nèi róng, qǐng bǔ chōng wán zhěng.",Some content is missing from the report; please complete it.
0,妈妈,mā ma,月亮升起时，妈妈正在梳头发。,"yuè liang shēng qǐ shí, mā ma zhèng zài shū tóu fa.","When the moon rose, Mom was combing her hair."
1,浦东,pǔ dōng,浦东的大型机场是交通枢纽。,pǔ dōng de dà xíng jī chǎng shì jiāo tōng shū niǔ.,The major airport in Pudong is a transport hub.
0,普通,pǔ tōng,普通兔子也需要安静的休息空间。,pǔ tōng tù zi yě xū yào ān jìng de xiū xi kōng jiān.,Ordinary rabbits also need a quiet place to rest.
0,兔子,tù zi,普通兔子也需要安静的休息空间。,pǔ tōng tù zi yě xū yào ān jìng de xiū xi kōng jiān.,Ordinary rabbits also need a quiet place to rest.
0,渡过,dù guò,他们渡过河流，告别艰难岁月。,"tā men dù guò hé liú, gào bié jiān nán suì yuè.",They cross the river and leave their difficult years behind.
0,度量衡,dù liàng héng,量度货物时，应使用统一度量衡。,"liáng dù huò wù shí, yīng shǐ yòng tǒng yī dù liàng héng.",Use standardized measures when measuring goods.
0,量度,liáng dù,量度货物时，应使用统一度量衡。,"liáng dù huò wù shí, yīng shǐ yòng tǒng yī dù liàng héng.",Use standardized measures when measuring goods.
0,道路,dào lù,道路上的车辆缓慢通过积水。,dào lù shàng de chē liàng huǎn màn tōng guò jī shuǐ.,Vehicles on the road move slowly through the standing water.
2,白鹭,bái lù,暮色中，一只白鹭飞过河面。,"mù sè zhōng, yī zhī bái lù fēi guò hé miàn.",A white egret flies over the river at dusk.
0,暴露,bào lù,风险暴露后，他才知此举厝火积薪。,"fēng xiǎn bào lù hòu, tā cái zhī cǐ jǔ cuò huǒ jī xīn.","Once the danger emerges, he realizes how risky his action was."
0,贿赂,huì lù,政府采取措施，防止官员收受贿赂。,"zhèng fǔ cǎi qǔ cuò shī, fáng zhǐ guān yuán shōu shòu huì lù.",The government took measures to prevent officials from accepting bribes.
0,工作,gōng zuò,想到未来的工作，他有些沮丧。,"xiǎng dào wèi lái de gōng zuò, tā yǒu xiē jǔ sàng.",Thinking about his future job made him a little discouraged.
1,措施,cuò shī,政府采取措施，防止官员收受贿赂。,"zhèng fǔ cǎi qǔ cuò shī, fáng zhǐ guān yuán shōu shòu huì lù.",The government took measures to prevent officials from accepting bribes.
0,陈醋,chén cù,店里出售卤味、肉脯和陈醋。,"diàn lǐ chū shòu lǔ wèi, ròu fǔ hé chén cù.","The shop sells braised snacks, dried meat, and aged vinegar."
2,厝火积薪,cuò huǒ jī xīn,风险暴露后，他才知此举厝火积薪。,"fēng xiǎn bào lù hòu, tā cái zhī cǐ jǔ cuò huǒ jī xīn.","Once the danger emerges, he realizes how risky his action was."
0,错误,cuò wù,报告里正确与错误的数字交错出现。,bào gào lǐ zhèng què yǔ cuò wù de shù zì jiāo cuò chū xiàn.,Correct and incorrect figures alternate in the report.
0,交错,jiāo cuò,报告里正确与错误的数字交错出现。,bào gào lǐ zhèng què yǔ cuò wù de shù zì jiāo cuò chū xiàn.,Correct and incorrect figures alternate in the report.
0,措置,cuò zhì,安排已经措置妥当，毋庸担心。,"ān pái yǐ jīng cuò zhì tuǒ dang, wú yōng dān xīn.",The arrangements are settled; there is no need to worry.
0,告诉,gào su,阿姨告诉我她的姓氏怎么写。,ā yí gào su wǒ tā de xìng shì zěn me xiě.,My aunt told me how to write her surname.
0,塑料,sù liào,仓库里的塑料箱必须摆放整齐。,cāng kù lǐ de sù liào xiāng bì xū bǎi fàng zhěng qí.,The plastic boxes in the warehouse must be arranged neatly.
0,素材,sù cái,这块琥珀成为画家的创作素材。,zhè kuài hǔ pò chéng wéi huà jiā de chuàng zuò sù cái.,This piece of amber becomes material for the artist's work.
0,牢固,láo gù,台风来了，我们把帐篷绑牢固。,"tái fēng lái le, wǒ men bǎ zhàng peng bǎng láo gù.","A typhoon is coming, so we secure the tent firmly."
2,鲴鱼,gù yú,鲴鱼游过水边茂密的蒲草。,gù yú yóu guò shuǐ biān mào mì de pú cǎo.,The freshwater fish swim past dense cattails.
0,故事,gù shi,教堂的墙上画着耶稣的故事。,jiào táng de qiáng shàng huà zhe yē sū de gù shi.,Stories about Jesus are painted on the church walls.
0,照顾,zhào gu,这对姊妹认真履行照顾父亲的诺言。,zhè duì zǐ mèi rèn zhēn lǚ xíng zhào gu fù qīn de nuò yán.,These two sisters faithfully keep their promise to care for their father.
2,禁锢,jìn gù,他有了新的觉悟，摆脱思想禁锢。,"tā yǒu le xīn de jué wù, bǎi tuō sī xiǎng jìn gù.",His new understanding frees him from mental constraints.
0,仓库,cāng kù,仓库里的塑料箱必须摆放整齐。,cāng kù lǐ de sù liào xiāng bì xū bǎi fàng zhěng qí.,The plastic boxes in the warehouse must be arranged neatly.
0,觉悟,jué wù,他有了新的觉悟，摆脱思想禁锢。,"tā yǒu le xīn de jué wù, bǎi tuō sī xiǎng jìn gù.",His new understanding frees him from mental constraints.
1,会晤,huì wù,双方会晤，重申始终不渝的友谊。,"shuāng fāng huì wù, chóng shēn shǐ zhōng bù yú de yǒu yì.",The two sides meet and reaffirm their lasting friendship.
0,互相,hù xiāng,朋友们互相帮助，一起布置厨房。,"péng you men hù xiāng bāng zhù, yī qǐ bù zhì chú fáng.",The friends helped each other decorate the kitchen.
0,保护,bǎo hù,这些动物濒临灭绝，需要保护。,"zhè xiē dòng wù bīn lín miè jué, xū yào bǎo hù.",These animals are on the verge of extinction and need protection.
0,分布,fēn bù,这些榆树分布在河岸两侧。,zhè xiē yú shù fēn bù zài hé àn liǎng cè.,These elms grow along both riverbanks.
0,布置,bù zhì,朋友们互相帮助，一起布置厨房。,"péng you men hù xiāng bāng zhù, yī qǐ bù zhì chú fáng.",The friends helped each other decorate the kitchen.
0,脚步,jiǎo bù,他习惯放慢脚步，缓慢地走回家。,"tā xí guàn fàng màn jiǎo bù, huǎn màn de zǒu huí jiā.",He is used to slowing down and walking home at a leisurely pace.
1,哺育,bǔ yù,母亲哺育刚刚呱呱坠地的婴儿。,mǔ qīn bǔ yù gāng gang gū gū zhuì dì de yīng ér.,The mother nurses her newborn baby.
0,坟墓,fén mù,他在坟墓前献花，并没有感到恐怖。,"tā zài fén mù qián xiàn huā, bìng méi yǒu gǎn dào kǒng bù.",He placed flowers at the grave without feeling afraid.
0,暮色,mù sè,暮色中，一只白鹭飞过河面。,"mù sè zhōng, yī zhī bái lù fēi guò hé miàn.",A white egret flies over the river at dusk.
1,招募,zhāo mù,志愿者招募工作开展得如火如荼。,zhì yuàn zhě zhāo mù gōng zuò kāi zhǎn de rú huǒ rú tú.,The volunteer recruitment effort is in full swing.
0,恐怖,kǒng bù,他在坟墓前献花，并没有感到恐怖。,"tā zài fén mù qián xiàn huā, bìng méi yǒu gǎn dào kǒng bù.",He placed flowers at the grave without feeling afraid.
0,搂抱,lǒu bào,孩子苏醒后，母亲轻轻搂抱他。,"hái zi sū xǐng hòu, mǔ qīn qīng qīng lǒu bào tā.",His mother holds him gently after he wakes.
2,镂空,lòu kōng,工匠在弧形栏杆上刻出镂空花纹。,gōng jiàng zài hú xíng lán gān shàng kè chū lòu kōng huā wén.,The craftsman carves openwork patterns into the curved railing.
0,趋势,qū shì,从图表看，价格呈下降趋势。,"cóng tú biǎo kàn, jià gé chéng xià jiàng qū shì.",The chart shows that prices are trending downward.
0,胡须,hú xū,老妪笑着摸了摸老翁的胡须。,lǎo yù xiào zhe mō le mō lǎo wēng de hú xū.,The elderly woman smiles and strokes the old man's beard.
0,需要,xū yào,牧场的动物需要每天喂食。,mù chǎng de dòng wù xū yào měi tiān wèi shí.,The animals on the farm need feeding every day.
0,必须,bì xū,必须及时遏制疾病的传播。,bì xū jí shí è zhì jí bìng de chuán bō.,The spread of the disease must be contained promptly.
1,娶妻,qǔ qī,这出沪剧讲述青年娶妻的故事。,zhè chū hù jù jiǎng shù qīng nián qǔ qī de gù shi.,This Shanghai opera tells of a young man getting married.
0,植株,zhí zhū,菟丝子缠绕着田里的植株。,tù sī zǐ chán rào zhe tián lǐ de zhí zhū.,Dodder twines around the plants in the field.
0,排列,pái liè,木桶上的铁箍排列得很整齐。,mù tǒng shàng de tiě gū pái liè de hěn zhěng qí.,The iron bands on the barrel are neatly arranged.
0,厨房,chú fáng,厨房弥漫着烤肉的香味。,chú fáng mí màn zhe kǎo ròu de xiāng wèi.,The smell of roast meat fills the kitchen.
1,雏鸟,chú niǎo,雏鸟刚孵化，羽毛还没有长齐。,"chú niǎo gāng fū huà, yǔ máo hái méi yǒu zhǎng qí.",The newly hatched chick does not yet have full feathers.
0,朱红,zhū hóng,他给铸造好的铁门刷上朱红漆。,tā gěi zhù zào hǎo de tiě mén shuā shàng zhū hóng qī.,He paints the newly cast iron gate vermilion.
0,珍珠,zhēn zhū,她收到一颗形状特殊的珍珠。,tā shōu dào yī kē xíng zhuàng tè shū de zhēn zhū.,She received a pearl with an unusual shape.
2,侏儒,zhū rú,医生研究侏儒症的解剖特征。,yī shēng yán jiū zhū rú zhèng de jiě pōu tè zhēng.,The doctor studies the anatomical features of dwarfism.
1,枢纽,shū niǔ,浦东的大型机场是交通枢纽。,pǔ dōng de dà xíng jī chǎng shì jiāo tōng shū niǔ.,The major airport in Pudong is a transport hub.
0,特殊,tè shū,她收到一颗形状特殊的珍珠。,tā shōu dào yī kē xíng zhuàng tè shū de zhēn zhū.,She received a pearl with an unusual shape.
0,运输,yùn shū,运输船驶入船坞接受检修。,yùn shū chuán shǐ rù chuán wù jiē shòu jiǎn xiū.,The cargo ship enters the dock for repairs.
2,嗫嚅,niè rú,他嗫嚅片刻，终于吐露实情。,"tā niè rú piàn kè, zhōng yú tǔ lù shí qíng.",He mumbles for a moment before revealing the truth.
1,儒学,rú xué,他研究古代吴国的历史与儒学。,tā yán jiū gǔ dài wú guó de lì shǐ yǔ rú xué.,He studies ancient Wu's history and Confucian scholarship.
1,懦弱,nuò ruò,他在哭泣呜咽，并不意味着懦弱。,"tā zài kū qì wū yè, bìng bù yì wèi zhe nuò ruò.",His tears and sobs do not mean he is weak.
0,一应俱全,yī yīng jù quán,这家店铺的日用品一应俱全。,zhè jiā diàn pù de rì yòng pǐn yī yīng jù quán.,This shop stocks every daily necessity.
0,拘留,jū liú,警察拘留了偷偷闯入仓库的人。,jǐng chá jū liú le tōu tōu chuǎng rù cāng kù de rén.,The police detained the person who secretly entered the warehouse.
1,身躯,shēn qū,这尊雕像的头颅与身躯分别铸成。,zhè zūn diāo xiàng de tóu lú yǔ shēn qū fēn bié zhù chéng.,The statue's head and body are cast separately.
0,驱赶,qū gǎn,他挥手驱赶苍蝇，没有伤害小鸟。,"tā huī shǒu qū gǎn cāng ying, méi yǒu shāng hài xiǎo niǎo.",He waved away the flies without hurting the birds.
1,抠门,kōu mén,办婚礼不必铺张，也不必过于抠门。,"bàn hūn lǐ bù bì pū zhāng, yě bù bì guò yú kōu mén.",A wedding need not be extravagant or excessively stingy.
0,区别,qū bié,不分清区别就下结论，是愚蠢的做法。,"bù fēn qīng qū bié jiù xià jié lùn, shì yú chǔn de zuò fǎ.",Drawing a conclusion without understanding the differences is foolish.
2,尔虞我诈,ěr yú wǒ zhà,跋扈的权臣陷入尔虞我诈的争斗。,bá hù de quán chén xiàn rù ěr yú wǒ zhà de zhēng dòu.,The domineering minister is caught in deceitful struggles.
0,愚蠢,yú chǔn,不分清区别就下结论，是愚蠢的做法。,"bù fēn qīng qū bié jiù xià jié lùn, shì yú chǔn de zuò fǎ.",Drawing a conclusion without understanding the differences is foolish.
0,娱乐,yú lè,这场娱乐演出的水平顶呱呱。,zhè chǎng yú lè yǎn chū de shuǐ píng dǐng guā guā.,The entertainment performance is first-rate.
1,气喘吁吁,qì chuǎn xū xū,他跑上楼梯，累得气喘吁吁。,"tā pǎo shàng lóu tī, lèi de qì chuǎn xū xū.",He ran upstairs and was left panting.
0,等于,děng yú,一个小时等于六十分钟。,yī ge xiǎo shí děng yú liù shí fēn zhōng.,One hour equals sixty minutes.
0,污染,wū rǎn,我们希望减少污染，保护周围环境。,"wǒ men xī wàng jiǎn shǎo wū rǎn, bǎo hù zhōu wéi huán jìng.",We hope to reduce pollution and protect our surroundings.
1,迂腐,yū fǔ,他既不迂腐守旧，也不敷衍做事。,"tā jì bù yū fǔ shǒu jiù, yě bù fū yǎn zuò shì.",He is neither rigidly old-fashioned nor careless in his work.
1,芋头,yù tou,她舀水洗净芋头，再放入锅中。,"tā yǎo shuǐ xǐ jìng yù tou, zài fàng rù guō zhōng.",She scoops water to wash the taro before putting it in the pot.
2,痰盂,tán yú,他每天清洗床旁的痰盂。,tā měi tiān qīng xǐ chuáng páng de tán yú.,He washes the spittoon beside the bed every day.
1,逾期,yú qī,他屡次借书逾期，受到提醒。,"tā lǚ cì jiè shū yú qī, shòu dào tí xǐng.",He is reminded after repeatedly returning books late.
2,瑕不掩瑜,xiá bù yǎn yú,文章虽有不足，但瑕不掩瑜。,"wén zhāng suī yǒu bù zú, dàn xiá bù yǎn yú.","The essay has flaws, but its merits outweigh them."
0,榆树,yú shù,这些榆树分布在河岸两侧。,zhè xiē yú shù fēn bù zài hé àn liǎng cè.,These elms grow along both riverbanks.
0,阿谀,ē yú,他以阿谀和足恭讨好权贵。,tā yǐ ē yú hé zú gōng tǎo hǎo quán guì.,He flatters the powerful with excessive deference.
1,舀水,yǎo shuǐ,她舀水洗净芋头，再放入锅中。,"tā yǎo shuǐ xǐ jìng yù tou, zài fàng rù guō zhōng.",She scoops water to wash the taro before putting it in the pot.
2,始终不渝,shǐ zhōng bù yú,双方会晤，重申始终不渝的友谊。,"shuāng fāng huì wù, chóng shēn shǐ zhōng bù yú de yǒu yì.",The two sides meet and reaffirm their lasting friendship.
0,愉快,yú kuài,这次旅行愉快，大家都想再来。,"zhè cì lǚ xíng yú kuài, dà jiā dōu xiǎng zài lái.","The trip was enjoyable, and everyone wants to return."
0,农夫,nóng fū,农夫和妻子相处和睦，日子安稳。,"nóng fū hé qī zi xiāng chǔ hé mù, rì zi ān wěn.",The farmer and his wife live together harmoniously and peacefully.
0,夫,fú,古文有时用夫字引出议论。,gǔ wén yǒu shí yòng fú zì yǐn chū yì lùn.,Classical writing sometimes uses fu to introduce an argument.
0,符号,fú hào,请用这个符号标出无法理解的句子。,qǐng yòng zhè ge fú hào biāo chū wú fǎ lǐ jiě de jù zi.,Please use this symbol to mark sentences you cannot understand.
2,苻坚,fú jiān,老师讲解苻坚在淝水之战的失败。,lǎo shī jiǎng jiě fú jiān zài féi shuǐ zhī zhàn de shī bài.,The teacher explains Fu Jian's defeat at the Fei River.
0,扶持,fú chí,社区扶持小店，辅助店主经营。,"shè qū fú chí xiǎo diàn, fǔ zhù diàn zhǔ jīng yíng.",The community supports small shops and helps their owners.
1,荒芜,huāng wú,山坞里的旧田已经荒芜多年。,shān wù lǐ de jiù tián yǐ jīng huāng wú duō nián.,The old fields in the mountain hollow have lain waste for years.
0,无法,wú fǎ,朋友的背叛让他久久无法释怀。,péng you de bèi pàn ràng tā jiǔ jiǔ wú fǎ shì huái.,His friend's betrayal troubled him for a long time.
1,巫师,wū shī,故事里的孩子惧怕那位巫师。,gù shi lǐ de hái zi jù pà nà wèi wū shī.,The child in the story fears the sorcerer.
1,诬陷,wū xiàn,恶毒的诬陷伤害无辜者，十分可恶。,"è dú de wū xiàn shāng hài wú gū zhě, shí fēn kě wù.",Malicious false accusations harm innocent people and are hateful.
2,毋庸,wú yōng,安排已经措置妥当，毋庸担心。,"ān pái yǐ jīng cuò zhì tuǒ dang, wú yōng dān xīn.",The arrangements are settled; there is no need to worry.
0,铺张,pū zhāng,办婚礼不必铺张，也不必过于抠门。,"bàn hūn lǐ bù bì pū zhāng, yě bù bì guò yú kōu mén.",A wedding need not be extravagant or excessively stingy.
0,店铺,diàn pù,这家店铺的日用品一应俱全。,zhè jiā diàn pù de rì yòng pǐn yī yīng jù quán.,This shop stocks every daily necessity.
1,孵化,fū huà,雏鸟刚孵化，羽毛还没有长齐。,"chú niǎo gāng fū huà, yǔ máo hái méi yǒu zhǎng qí.",The newly hatched chick does not yet have full feathers.
1,敷衍,fū yǎn,他既不迂腐守旧，也不敷衍做事。,"tā jì bù yū fǔ shǒu jiù, yě bù fū yǎn zuò shì.",He is neither rigidly old-fashioned nor careless in his work.
0,俘获,fú huò,游戏中被俘获的棋子会被淘汰。,yóu xì zhōng bèi fú huò de qí zǐ huì bèi táo tài.,Captured pieces are removed from the game.
2,瞿塘峡,qú táng xiá,游客从高处俯视瞿塘峡。,yóu kè cóng gāo chù fǔ shì qú táng xiá.,The tourist looks down at Qutang Gorge.
2,瞿然一惊,jù rán yī jīng,水位急遽上升，他瞿然一惊。,"shuǐ wèi jí jù shàng shēng, tā jù rán yī jīng.","The water rises rapidly, giving him a sudden fright."
0,句子,jù zi,请用这个符号标出无法理解的句子。,qǐng yòng zhè ge fú hào biāo chū wú fǎ lǐ jiě de jù zi.,Please use this symbol to mark sentences you cannot understand.
1,丝缕,sī lǚ,她轻轻梳理缠在一起的丝缕。,tā qīng qīng shū lǐ chán zài yī qǐ de sī lǚ.,She gently separates the tangled silk threads.
0,取得,qǔ dé,团队取得胜利后，聚集在广场庆祝。,"tuán duì qǔ dé shèng lì hòu, jù jí zài guǎng chǎng qìng zhù.","After the team's victory, they gathered in the square to celebrate."
0,聚集,jù jí,团队取得胜利后，聚集在广场庆祝。,"tuán duì qǔ dé shèng lì hòu, jù jí zài guǎng chǎng qìng zhù.","After the team's victory, they gathered in the square to celebrate."
1,拄杖,zhǔ zhàng,老人拄杖走路，险些仆倒在地。,"lǎo rén zhǔ zhàng zǒu lù, xiǎn xiē pū dào zài dì.",The old man walks with a stick and nearly falls.
0,柱子,zhù zi,柱子上挂着几根漂亮的羽毛。,zhù zi shàng guà zhe jǐ gēn piào liang de yǔ máo.,Several lovely feathers hang from the pillar.
0,数一数,shù yī shù,数一数院里竖立着几根柱子。,shù yī shù yuàn lǐ shù lì zhe jǐ gēn zhù zi.,Count how many pillars stand in the courtyard.
0,数字,shù zì,报告里正确与错误的数字交错出现。,bào gào lǐ zhèng què yǔ cuò wù de shù zì jiāo cuò chū xiàn.,Correct and incorrect figures alternate in the report.
0,屡见不鲜,lǚ jiàn bù xiān,这里雨后积水，已经屡见不鲜。,"zhè lǐ yǔ hòu jī shuǐ, yǐ jīng lǚ jiàn bù xiān.",Puddles after rain are a common occurrence here.
0,主人,zhǔ rén,主人沐浴时，仆人在门外等候。,"zhǔ rén mù yù shí, pú rén zài mén wài děng hòu.","While the master bathed, the servant waited outside the door."
0,竖立,shù lì,数一数院里竖立着几根柱子。,shù yī shù yuàn lǐ shù lì zhe jǐ gēn zhù zi.,Count how many pillars stand in the courtyard.
0,乳汁,rǔ zhī,婴儿靠着母亲的胸脯吸吮乳汁。,yīng ér kào zhe mǔ qīn de xiōng pú xī shǔn rǔ zhī.,The baby rests against its mother's chest and drinks milk.
0,规矩,guī ju,出门作客，要遵守主人的规矩。,"chū mén zuò kè, yào zūn shǒu zhǔ rén de guī ju.","When visiting someone's home, follow the host's rules."
2,和煦,hé xù,和煦阳光下，雕像显得栩栩如生。,"hé xù yáng guāng xià, diāo xiàng xiǎn de xǔ xǔ rú shēng.",The statue looks lifelike in the warm sunlight.
2,噢,ō,噢，我忘了带钥匙。,"ō, wǒ wàng le dài yào shi.","Oh, I forgot to bring my keys."
2,栩栩如生,xǔ xǔ rú shēng,和煦阳光下，雕像显得栩栩如生。,"hé xù yáng guāng xià, diāo xiàng xiǎn de xǔ xǔ rú shēng.",The statue looks lifelike in the warm sunlight.
0,落雨,luò yǔ,雨我公田是祈求公田落雨。,yù wǒ gōng tián shì qí qiú gōng tián luò yǔ.,This classical phrase asks for rain to fall on communal fields.
0,雨我公田,yù wǒ gōng tián,雨我公田是祈求公田落雨。,yù wǒ gōng tián shì qí qiú gōng tián luò yǔ.,This classical phrase asks for rain to fall on communal fields.
0,羽毛,yǔ máo,柱子上挂着几根漂亮的羽毛。,zhù zi shàng guà zhe jǐ gēn piào liang de yǔ máo.,Several lovely feathers hang from the pillar.
0,宇宙,yǔ zhòu,这本书讲述了宇宙的起源。,zhè běn shū jiǎng shù le yǔ zhòu de qǐ yuán.,This book describes the origin of the universe.
2,大禹,dà yǔ,传说大禹带着斧头开山治水。,chuán shuō dà yǔ dài zhe fǔ tóu kāi shān zhì shuǐ.,Legend tells of Yu opening mountains with an axe to control floods.
0,治愈,zhì yù,医生希望用新药治愈这种疾病。,yī shēng xī wàng yòng xīn yào zhì yù zhè zhǒng jí bìng.,The doctor hopes to cure this illness with a new medicine.
0,斧头,fǔ tóu,传说大禹带着斧头开山治水。,chuán shuō dà yǔ dài zhe fǔ tóu kāi shān zhì shuǐ.,Legend tells of Yu opening mountains with an axe to control floods.
1,肉脯,ròu fǔ,店里出售卤味、肉脯和陈醋。,"diàn lǐ chū shòu lǔ wèi, ròu fǔ hé chén cù.","The shop sells braised snacks, dried meat, and aged vinegar."
1,胸脯,xiōng pú,婴儿靠着母亲的胸脯吸吮乳汁。,yīng ér kào zhe mǔ qīn de xiōng pú xī shǔn rǔ zhī.,The baby rests against its mother's chest and drinks milk.
0,俯视,fǔ shì,游客从高处俯视瞿塘峡。,yóu kè cóng gāo chù fǔ shì qú táng xiá.,The tourist looks down at Qutang Gorge.
0,父亲,fù qīn,他在父亲面前握紧了拳头。,tā zài fù qīn miàn qián wò jǐn le quán tou.,He clenched his fists in front of his father.
0,政府,zhèng fǔ,政府采取措施，防止官员收受贿赂。,"zhèng fǔ cǎi qǔ cuò shī, fáng zhǐ guān yuán shōu shòu huì lù.",The government took measures to prevent officials from accepting bribes.
1,台甫,tái fǔ,古人问台甫，是敬问对方的字。,"gǔ rén wèn tái fǔ, shì jìng wèn duì fāng de zì.",Asking this in classical usage politely asks someone's courtesy name.
1,十八甫,shí bā fǔ,广州十八甫保留着老街的风貌。,guǎng zhōu shí bā fǔ bǎo liú zhe lǎo jiē de fēng mào.,Shibafu in Guangzhou retains the character of an old street.
0,腐败,fǔ bài,加强监督有助于杜绝腐败。,jiā qiáng jiān dū yǒu zhù yú dù jué fǔ bài.,Stronger oversight helps prevent corruption.
0,辅助,fǔ zhù,社区扶持小店，辅助店主经营。,"shè qū fú chí xiǎo diàn, fǔ zhù diàn zhǔ jīng yíng.",The community supports small shops and helps their owners.
0,武器,wǔ qì,士兵放下武器，举手投降。,"shì bīng fàng xià wǔ qì, jǔ shǒu tóu xiáng.",The soldiers laid down their weapons and raised their hands to surrender.
0,侮辱,wǔ rǔ,讨论问题时可以批评，不能侮辱他人。,"tǎo lùn wèn tí shí kě yǐ pī píng, bù néng wǔ rǔ tā rén.","You can offer criticism when discussing a problem, but do not insult anyone."
1,鹦鹉,yīng wǔ,角落的鸟笼里有一只鹦鹉。,jiǎo luò de niǎo lóng lǐ yǒu yī zhī yīng wǔ.,There is a parrot in the birdcage in the corner.
0,舞蹈,wǔ dǎo,她学完舞蹈后，轻轻抚摸小狗。,"tā xué wán wǔ dǎo hòu, qīng qīng fǔ mō xiǎo gǒu.","After her dance lesson, she gently stroked the puppy."
0,抚摸,fǔ mō,她学完舞蹈后，轻轻抚摸小狗。,"tā xué wán wǔ dǎo hòu, qīng qīng fǔ mō xiǎo gǒu.","After her dance lesson, she gently stroked the puppy."
0,解剖,jiě pōu,医生研究侏儒症的解剖特征。,yī shēng yán jiū zhū rú zhèng de jiě pōu tè zhēng.,The doctor studies the anatomical features of dwarfism.
0,屡次,lǚ cì,他屡次借书逾期，受到提醒。,"tā lǚ cì jiè shū yú qī, shòu dào tí xǐng.",He is reminded after repeatedly returning books late.
0,足迹,zú jì,清晨的雪在卢沟桥上留下足迹。,qīng chén de xuě zài lú gōu qiáo shàng liú xià zú jì.,Footprints mark the morning snow on Lugou Bridge.
0,足恭,zú gōng,他以阿谀和足恭讨好权贵。,tā yǐ ē yú hé zú gōng tǎo hǎo quán guì.,He flatters the powerful with excessive deference.
0,驻扎,zhù zhā,军队驻扎城外，集中看守俘虏。,"jūn duì zhù zhā chéng wài, jí zhōng kān shǒu fú lǔ.",The army camps outside the city and guards the captives.
0,逗留,dòu liú,我们在公寓里逗留了一个下午。,wǒ men zài gōng yù lǐ dòu liú le yī ge xià wǔ.,We spent an afternoon at the apartment.
0,注释,zhù shì,他借助训诂知识写古文注释。,tā jiè zhù xùn gǔ zhī shi xiě gǔ wén zhù shì.,He uses historical word study to annotate classical texts.
1,蛀牙,zhù yá,蛀牙让他难受，需要去看牙医。,"zhù yá ràng tā nán shòu, xū yào qù kàn yá yī.","His tooth decay bothers him, and he needs to see a dentist."
0,铸造,zhù zào,他给铸造好的铁门刷上朱红漆。,tā gěi zhù zào hǎo de tiě mén shuā shàng zhū hóng qī.,He paints the newly cast iron gate vermilion.
0,注意,zhù yì,公共场所要注意预防病毒传播。,gōng gòng chǎng suǒ yào zhù yì yù fáng bìng dú chuán bō.,Take care to prevent the spread of viruses in public places.
2,孺子,rú zǐ,他用孺子牛比喻甘于奉献的人。,tā yòng rú zǐ niú bǐ yù gān yú fèng xiàn de rén.,He uses the willing ox as a metaphor for selfless people.
0,遇见,yù jiàn,我在公园遇见了多年未见的朋友。,wǒ zài gōng yuán yù jiàn le duō nián wèi jiàn de péng you.,I met a friend I had not seen for years in the park.
1,公寓,gōng yù,我们在公寓里逗留了一个下午。,wǒ men zài gōng yù lǐ dòu liú le yī ge xià wǔ.,We spent an afternoon at the apartment.
2,老妪,lǎo yù,老妪笑着摸了摸老翁的胡须。,lǎo yù xiào zhe mō le mō lǎo wēng de hú xū.,The elderly woman smiles and strokes the old man's beard.
1,比喻,bǐ yù,他用孺子牛比喻甘于奉献的人。,tā yòng rú zǐ niú bǐ yù gān yú fèng xiàn de rén.,He uses the willing ox as a metaphor for selfless people.
2,告谕,gào yù,官府发布告谕，要求百姓防火。,"guān fǔ fā bù gào yù, yāo qiú bǎi xìng fáng huǒ.",The authorities issue a notice asking people to prevent fires.
1,呼吁,hū yù,大家呼吁富裕的人捐献物资。,dà jiā hū yù fù yù de rén juān xiàn wù zī.,People called on those with wealth to donate supplies.
0,富裕,fù yù,大家呼吁富裕的人捐献物资。,dà jiā hū yù fù yù de rén juān xiàn wù zī.,People called on those with wealth to donate supplies.
0,支付,zhī fù,损坏物品的人需要支付赔偿。,sǔn huài wù pǐn de rén xū yào zhī fù péi cháng.,The person who damaged the items must pay compensation.
0,搏斗,bó dòu,故事中的驸马与猛兽搏斗。,gù shi zhōng de fù mǎ yǔ měng shòu bó dòu.,The princess's husband fights a wild beast in the story.
0,师傅,shī fu,师傅教徒弟驾驭马车。,shī fu jiào tú dì jià yù mǎ chē.,The master teaches his apprentice to drive a horse-drawn carriage.
0,傅粉施朱,fù fěn shī zhū,演员傅粉施朱，准备上台表演。,"yǎn yuán fù fěn shī zhū, zhǔn bèi shàng tái biǎo yǎn.",The actor applies powder and rouge before performing.
1,天赋,tiān fù,她有绘画天赋，却付不起课程费用。,"tā yǒu huì huà tiān fù, què fù bù qǐ kè chéng fèi yòng.",She has a talent for painting but cannot afford the lessons.
0,附近,fù jìn,附近的钟声很容易听见。,fù jìn de zhōng shēng hěn róng yì tīng jiàn.,It is easy to hear the bells nearby.
2,驸马,fù mǎ,故事中的驸马与猛兽搏斗。,gù shi zhōng de fù mǎ yǔ měng shòu bó dòu.,The princess's husband fights a wild beast in the story.
0,任务,rèn wù,他考虑以后，拒绝了这项任务。,"tā kǎo lǜ yǐ hòu, jù jué le zhè xiàng rèn wù.","After considering it, he refused the task."
0,烟雾,yān wù,冬天，烟雾从烟囱里飘出来。,"dōng tiān, yān wù cóng yān cōng lǐ piāo chū lái.","In winter, smoke drifts out of the chimney."
2,婺源,wù yuán,春天的婺源开满金黄色油菜花。,chūn tiān de wù yuán kāi mǎn jīn huáng sè yóu cài huā.,Golden rapeseed flowers fill Wuyuan in spring.
0,仆倒,pū dào,老人拄杖走路，险些仆倒在地。,"lǎo rén zhǔ zhàng zǒu lù, xiǎn xiē pū dào zài dì.",The old man walks with a stick and nearly falls.
0,赴约,fù yuē,他携带工具，修好自行车后再赴约。,"tā xié dài gōng jù, xiū hǎo zì xíng chē hòu zài fù yuē.",He brought tools and repaired his bicycle before going to his appointment.
0,工具,gōng jù,他携带工具，修好自行车后再赴约。,"tā xié dài gōng jù, xiū hǎo zì xíng chē hòu zài fù yuē.",He brought tools and repaired his bicycle before going to his appointment.
0,惧怕,jù pà,故事里的孩子惧怕那位巫师。,gù shi lǐ de hái zi jù pà nà wèi wū shī.,The child in the story fears the sorcerer.
0,携带,xié dài,他携带工具，修好自行车后再赴约。,"tā xié dài gōng jù, xiū hǎo zì xíng chē hòu zài fù yuē.",He brought tools and repaired his bicycle before going to his appointment.
1,淘汰,táo tài,游戏中被俘获的棋子会被淘汰。,yóu xì zhōng bèi fú huò de qí zǐ huì bèi táo tài.,Captured pieces are removed from the game.
0,太阳,tài yang,太阳落下后，大人带孩子回家。,"tài yang luò xià hòu, dà rén dài hái zi huí jiā.","After sunset, the adults took the children home."
0,泰山,tài shān,清晨的云海环绕泰山。,qīng chén de yún hǎi huán rào tài shān.,Morning clouds surround Mount Tai.
0,大人,dà rén,太阳落下后，大人带孩子回家。,"tài yang luò xià hòu, dà rén dài hái zi huí jiā.","After sunset, the adults took the children home."
1,兑换,duì huàn,她兑换零钱后，支付了车票费用。,"tā duì huàn líng qián hòu, zhī fù le chē piào fèi yòng.",She changed some money and paid for her ticket.
1,无奈,wú nài,孩子害怕挨打，无奈躲到屋后。,"hái zi hài pà ái dǎ, wú nài duǒ dào wū hòu.","Afraid of being hit, the child hides behind the house."
2,天籁,tiān lài,林中清脆鸟鸣宛如天籁。,lín zhōng qīng cuì niǎo míng wǎn rú tiān lài.,The birds' clear songs sound like music from heaven.
0,赖以,lài yǐ,货币是人们赖以交换商品的工具。,huò bì shì rén men lài yǐ jiāo huàn shāng pǐn de gōng jù.,Money is a tool people rely on to exchange goods.
1,癞痢,lài lì,旧时剃头师也会遇到患癞痢的人。,jiù shí tì tóu shī yě huì yù dào huàn lài lì de rén.,Barbers in the past also met people with scalp ringworm.
0,最后,zuì hòu,最后一场雪覆盖了整片草坪。,zuì hòu yī cháng xuě fù gài le zhěng piàn cǎo píng.,The last snowfall covered the entire lawn.
2,蔡国,cài guó,古代蔡国管辖这片土地。,gǔ dài cài guó guǎn xiá zhè piàn tǔ dì.,The ancient state of Cai governed this land.
0,杯盖,bēi gài,杯盖打开后，泡沫缓缓冒出。,"bēi gài dǎ kāi hòu, pào mò huǎn huǎn mào chū.",Foam rises slowly after the cup lid is opened.
0,覆盖,fù gài,最后一场雪覆盖了整片草坪。,zuì hòu yī cháng xuě fù gài le zhěng piàn cǎo píng.,The last snowfall covered the entire lawn.
2,脍炙人口,kuài zhì rén kǒu,这个脍炙人口的谜语十分有趣。,zhè ge kuài zhì rén kǒu de mí yǔ shí fēn yǒu qù.,This well-known riddle is amusing.
2,桧木,guì mù,这个品牌的家具采用桧木制作。,zhè ge pǐn pái de jiā jù cǎi yòng guì mù zhì zuò.,This brand makes furniture from cypress wood.
1,乞丐,qǐ gài,外面的乞丐坐在路边等人帮助。,wài miàn de qǐ gài zuò zài lù biān děng rén bāng zhù.,The beggar outside sat by the road waiting for help.
1,磕头,kē tóu,他在祭祖时向祖先牌位磕头。,tā zài jì zǔ shí xiàng zǔ xiān pái wèi kē tóu.,He kowtows before the ancestral tablets during the ceremony.
1,管辖,guǎn xiá,古代蔡国管辖这片土地。,gǔ dài cài guó guǎn xiá zhè piàn tǔ dì.,The ancient state of Cai governed this land.
0,外面,wài miàn,外面的乞丐坐在路边等人帮助。,wài miàn de qǐ gài zuò zài lù biān děng rén bāng zhù.,The beggar outside sat by the road waiting for help.
1,艾草,ài cǎo,端午佳节，家家门前悬挂艾草。,"duān wǔ jiā jié, jiā jiā mén qián xuán guà ài cǎo.",Families hang mugwort at their doors for the Dragon Boat Festival.
1,涣散,huàn sàn,泄泄可指懈怠，精神涣散的样子。,"yì yì kě zhǐ xiè dài, jīng shen huàn sàn de yàng zi.",This classical term can describe slackness and lack of focus.
0,会面,huì miàn,会面时，他显得害怕而不安。,"huì miàn shí, tā xiǎn de hài pà ér bù ān.","At the meeting, he seemed frightened and uneasy."
0,会计,kuài jì,会计核对解款，安排偿还债务。,"kuài jì hé duì jiè kuǎn, ān pái cháng huán zhài wù.",The accountant checks the remittance and arranges debt repayment.
0,懂得,dǒng de,他懂得这项制度存在的弊端。,tā dǒng de zhè xiàng zhì dù cún zài de bì duān.,He understands the shortcomings of this system.
0,绘画,huì huà,他的绘画风格受到同学的欢迎。,tā de huì huà fēng gé shòu dào tóng xué de huān yíng.,His painting style is popular with his classmates.
0,害怕,hài pà,会面时，他显得害怕而不安。,"huì miàn shí, tā xiǎn de hài pà ér bù ān.","At the meeting, he seemed frightened and uneasy."
1,和蔼,hé ǎi,和蔼的奶奶教我辨认海边的贝壳。,hé ǎi de nǎi nai jiào wǒ biàn rèn hǎi biān de bèi ké.,My kind grandmother taught me to identify seashells.
0,贝壳,bèi ké,和蔼的奶奶教我辨认海边的贝壳。,hé ǎi de nǎi nai jiào wǒ biàn rèn hǎi biān de bèi ké.,My kind grandmother taught me to identify seashells.
1,充沛,chōng pèi,她精力充沛，迈步登上山路。,"tā jīng lì chōng pèi, mài bù dēng shàng shān lù.","Full of energy, she sets off up the mountain path."
1,狼狈,láng bèi,惊骇的行人狼狈地逃离现场。,jīng hài de xíng rén láng bèi de táo lí xiàn chǎng.,The frightened passersby flee in disarray.
0,泡沫,pào mò,杯盖打开后，泡沫缓缓冒出。,"bēi gài dǎ kāi hòu, pào mò huǎn huǎn mào chū.",Foam rises slowly after the cup lid is opened.
2,不容置喙,bù róng zhì huì,他立下誓言，语气不容置喙。,"tā lì xià shì yán, yǔ qì bù róng zhì huì.",He makes a vow in a tone that permits no objection.
1,污秽,wū huì,污秽的泥土被运出院子。,wū huì de ní tǔ bèi yùn chū yuàn zi.,The contaminated soil is removed from the yard.
0,废除,fèi chú,学校废除了那条不合理的制度。,xué xiào fèi chú le nà tiáo bù hé lǐ de zhì dù.,The school abolished that unreasonable rule.
1,犬吠,quǎn fèi,夜里的山寨传出阵阵犬吠。,yè li de shān zhài chuán chū zhèn zhèn quǎn fèi.,Barking dogs can be heard in the hill village at night.
0,肺腑,fèi fǔ,他铭记恩惠，道出肺腑之言。,"tā míng jì ēn huì, dào chū fèi fǔ zhī yán.","Remembering the kindness, he speaks from the heart."
0,山寨,shān zhài,夜里的山寨传出阵阵犬吠。,yè li de shān zhài chuán chū zhèn zhèn quǎn fèi.,Barking dogs can be heard in the hill village at night.
0,快速,kuài sù,失败以后，他快速调整了学习方法。,"shī bài yǐ hòu, tā kuài sù tiáo zhěng le xué xí fāng fǎ.","After failing, he quickly changed his study method."
0,说话,shuō huà,咀嚼食物时，不要大声说话。,"jǔ jué shí wù shí, bù yào dà shēng shuō huà.",Do not speak loudly while chewing food.
0,喝水,hē shuǐ,我的喉咙疼痛，想坐下喝水。,"wǒ de hóu lóng téng tòng, xiǎng zuò xia hē shuǐ.","My throat hurts, and I would like to sit down and drink some water."
0,失败,shī bài,失败以后，他快速调整了学习方法。,"shī bài yǐ hòu, tā kuài sù tiáo zhěng le xué xí fāng fǎ.","After failing, he quickly changed his study method."
0,迈步,mài bù,她精力充沛，迈步登上山路。,"tā jīng lì chōng pèi, mài bù dēng shàng shān lù.","Full of energy, she sets off up the mountain path."
0,交叉,jiāo chā,先把两根鞋带交叉，再系鞋带。,"xiān bǎ liǎng gēn xié dài jiāo chā, zài jì xié dài.",Cross the two laces before tying them.
0,检查,jiǎn chá,使用前先检查箱子的重量。,shǐ yòng qián xiān jiǎn chá xiāng zi de zhòng liàng.,Check the box's weight before using it.
0,木柴,mù chái,木柴旁边爬着一只小蜗牛。,mù chái páng biān pá zhe yī zhī xiǎo wō niú.,A little snail is crawling beside the firewood.
1,蜗牛,wō niú,木柴旁边爬着一只小蜗牛。,mù chái páng biān pá zhe yī zhī xiǎo wō niú.,A little snail is crawling beside the firewood.
0,佳节,jiā jié,端午佳节，家家门前悬挂艾草。,"duān wǔ jiā jié, jiā jiā mén qián xuán guà ài cǎo.",Families hang mugwort at their doors for the Dragon Boat Festival.
0,街道,jiē dào,街道很湿，请穿防滑的鞋子。,"jiē dào hěn shī, qǐng chuān fáng huá de xié zi.",The street is wet; please wear shoes that do not slip.
2,女娲,nǚ wā,传说分别讲述女娲补天和后羿射日。,chuán shuō fēn bié jiǎng shù nǚ wā bǔ tiān hé hòu yì shè rì.,The legends tell of Nüwa mending the sky and Houyi shooting the suns.
0,鞋子,xié zi,街道很湿，请穿防滑的鞋子。,"jiē dào hěn shī, qǐng chuān fáng huá de xié zi.",The street is wet; please wear shoes that do not slip.
0,青蛙,qīng wā,娃娃的衣服上画着一只青蛙。,wá wa de yī fu shàng huà zhe yī zhī qīng wā.,A frog is pictured on the doll's clothes.
2,哇,wā,哇，这朵花真漂亮！,"wā, zhè duǒ huā zhēn piào liang!","Wow, this flower is beautiful!"
0,娃娃,wá wa,娃娃的衣服上画着一只青蛙。,wá wa de yī fu shàng huà zhe yī zhī qīng wā.,A frog is pictured on the doll's clothes.
0,品牌,pǐn pái,这个品牌的家具采用桧木制作。,zhè ge pǐn pái de jiā jù cǎi yòng guì mù zhì zuò.,This brand makes furniture from cypress wood.
0,拐杖,guǎi zhàng,他拄着拐杖，与伙伴一起散步。,"tā zhǔ zhe guǎi zhàng, yǔ huǒ bàn yī qǐ sàn bù.",He walked with a cane and took a stroll with his companion.
0,伙伴,huǒ bàn,他拄着拐杖，与伙伴一起散步。,"tā zhǔ zhe guǎi zhàng, yǔ huǒ bàn yī qǐ sàn bù.",He walked with a cane and took a stroll with his companion.
0,解决,jiě jué,他利用权力，帮助村民解决问题。,"tā lì yòng quán lì, bāng zhù cūn mín jiě jué wèn tí.",He used his authority to help villagers solve their problems.
0,解款,jiè kuǎn,会计核对解款，安排偿还债务。,"kuài jì hé duì jiè kuǎn, ān pái cháng huán zhài wù.",The accountant checks the remittance and arranges debt repayment.
1,螃蟹,páng xiè,孩子观察鱼鳃，也观察螃蟹。,"hái zi guān chá yú sāi, yě guān chá páng xiè.",The child observes fish gills and also examines crabs.
0,矮小,ǎi xiǎo,这个办法能解决矮小书架不稳的问题。,zhè ge bàn fǎ néng jiě jué ǎi xiǎo shū jià bù wěn de wèn tí.,This method can solve the problem of the short shelf being unsteady.
0,摇摆,yáo bǎi,树枝左右摇摆，灯影轻轻摇曳。,"shù zhī zuǒ yòu yáo bǎi, dēng yǐng qīng qīng yáo yè.","Branches sway from side to side, and the lamplight flickers."
0,购买,gòu mǎi,他学会了控制购买新衣的欲望。,tā xué huì le kòng zhì gòu mǎi xīn yī de yù wàng.,He learned to control his desire to buy new clothes.
0,拐弯,guǎi wān,拐弯后，你会看见悬挂的图画。,"guǎi wān hòu, nǐ huì kàn jiàn xuán guà de tú huà.","After turning the corner, you will see the hanging picture."
0,债务,zhài wù,会计核对解款，安排偿还债务。,"kuài jì hé duì jiè kuǎn, ān pái cháng huán zhài wù.",The accountant checks the remittance and arranges debt repayment.
0,悬挂,xuán guà,拐弯后，你会看见悬挂的图画。,"guǎi wān hòu, nǐ huì kàn jiàn xuán guà de tú huà.","After turning the corner, you will see the hanging picture."
0,懈怠,xiè dài,泄泄可指懈怠，精神涣散的样子。,"yì yì kě zhǐ xiè dài, jīng shen huàn sàn de yàng zi.",This classical term can describe slackness and lack of focus.
1,八卦,bā guà,古人通过八卦猜测吉凶。,gǔ rén tōng guò bā guà cāi cè jí xiōng.,Ancient people used the eight trigrams to predict fortune.
2,邂逅,xiè hòu,这次邂逅让她怀念起学生时代。,zhè cì xiè hòu ràng tā huái niàn qǐ xué sheng shí dài.,The chance meeting makes her nostalgic for her school days.
0,图画,tú huà,拐弯后，你会看见悬挂的图画。,"guǎi wān hòu, nǐ huì kàn jiàn xuán guà de tú huà.","After turning the corner, you will see the hanging picture."
0,出售,chū shòu,岔路旁有一间出售鸡蛋的小店。,chà lù páng yǒu yī jiān chū shòu jī dàn de xiǎo diàn.,There is a little shop selling eggs beside the fork in the road.
0,派遣,pài qiǎn,他们派遣队员前往灾区救济。,tā men pài qiǎn duì yuán qián wǎng zāi qū jiù jì.,They send team members to provide disaster relief.
1,斋戒,zhāi jiè,古人斋戒后向神明稽首行礼。,gǔ rén zhāi jiè hòu xiàng shén míng qǐ shǒu xíng lǐ.,"After fasting, people in ancient times bowed deeply to the gods."
0,阶梯,jiē tī,游客登完阶梯，在亭中休憩。,"yóu kè dēng wán jiē tī, zài tíng zhōng xiū qì.",The visitors rest in the pavilion after climbing the steps.
1,楷书,kǎi shū,他用楷书写下言简意赅的说明。,tā yòng kǎi shū xiě xià yán jiǎn yì gāi de shuō míng.,He writes a concise explanation in regular script.
1,楷树,jiē shù,楷树与槐树在园中并排生长。,jiē shù yǔ huái shù zài yuán zhōng bìng pái shēng zhǎng.,A Chinese pistache and a pagoda tree grow side by side.
2,白头偕老,bái tóu xié lǎo,婚礼皆大欢喜，新人愿白头偕老。,"hūn lǐ jiē dà huān xǐ, xīn rén yuàn bái tóu xié lǎo.",The joyous wedding celebrates the couple's hope of growing old together.
0,皆大欢喜,jiē dà huān xǐ,婚礼皆大欢喜，新人愿白头偕老。,"hūn lǐ jiē dà huān xǐ, xīn rén yuàn bái tóu xié lǎo.",The joyous wedding celebrates the couple's hope of growing old together.
0,乖巧,guāi qiǎo,小儿笑得乖巧，逗得祖母也笑了。,"xiǎo ér xiào de guāi qiǎo, dòu de zǔ mǔ yě xiào le.","The child smiles sweetly, making grandmother smile too."
2,骸骨,hái gǔ,博物馆展出了古代动物的骸骨。,bó wù guǎn zhǎn chū le gǔ dài dòng wù de hái gǔ.,The museum displayed the bones of ancient animals.
1,淮河,huái hé,暴雨后，淮河水势澎湃。,"bào yǔ hòu, huái hé shuǐ shì péng pài.",The Huai River surges after the heavy rain.
0,槐树,huái shù,楷树与槐树在园中并排生长。,jiē shù yǔ huái shù zài yuán zhōng bìng pái shēng zhǎng.,A Chinese pistache and a pagoda tree grow side by side.
0,怀念,huái niàn,这次邂逅让她怀念起学生时代。,zhè cì xiè hòu ràng tā huái niàn qǐ xué sheng shí dài.,The chance meeting makes her nostalgic for her school days.
0,和谐,hé xié,邻居和谐相处，很少发生争吵。,"lín jū hé xié xiāng chǔ, hěn shǎo fā shēng zhēng chǎo.",The neighbors live together harmoniously and rarely argue.
2,阴霾,yīn mái,阴霾散去，露出皑皑雪山。,"yīn mái sàn qù, lù chū ái ái xuě shān.","The haze clears, revealing snow-white mountains."
0,埋藏,mái cáng,泥土里埋藏着老树的根柢。,ní tǔ lǐ mái cáng zhe lǎo shù de gēn dǐ.,The old tree's roots are buried in the soil.
1,惊骇,jīng hài,惊骇的行人狼狈地逃离现场。,jīng hài de xíng rén láng bèi de táo lí xiàn chǎng.,The frightened passersby flee in disarray.
0,挨打,ái dǎ,孩子害怕挨打，无奈躲到屋后。,"hái zi hài pà ái dǎ, wú nài duǒ dào wū hòu.","Afraid of being hit, the child hides behind the house."
0,杀敌,shā dí,将士严加戒备，准备奋勇杀敌。,"jiàng shì yán jiā jiè bèi, zhǔn bèi fèn yǒng shā dí.","The soldiers stand guard, ready to fight the enemy."
0,杀哀,shā āi,古代杀哀是在荒年减省丧礼。,gǔ dài shā āi shì zài huāng nián jiǎn shěng sāng lǐ.,This ancient famine policy reduced funeral ceremonies.
0,介绍,jiè shào,老师在化学课上介绍氨水。,lǎo shī zài huà xué kè shàng jiè shào ān shuǐ.,The teacher introduces aqueous ammonia in chemistry class.
1,告诫,gào jiè,爸爸告诫我们，不要破坏公共设施。,"bà ba gào jiè wǒ men, bù yào pò huài gōng gòng shè shī.",Dad warned us not to damage public facilities.
0,破坏,pò huài,爸爸告诫我们，不要破坏公共设施。,"bà ba gào jiè wǒ men, bù yào pò huài gōng gòng shè shī.",Dad warned us not to damage public facilities.
0,届时,jiè shí,果园周末开放，届时可以采摘。,"guǒ yuán zhōu mò kāi fàng, jiè shí kě yǐ cǎi zhāi.","The orchard opens this weekend, when visitors can pick fruit."
1,芥菜,jiè cài,他在菜畦里栽培鲜嫩的芥菜。,tā zài cài qí lǐ zāi péi xiān nèn de jiè cài.,He grows tender mustard greens in the vegetable bed.
2,尴尬,gān gà,忘记朋友的名字，让他感到尴尬。,"wàng jì péng you de míng zi, ràng tā gǎn dào gān gà.",Forgetting his friend's name made him feel embarrassed.
0,世界,shì jiè,她想拜访世界各地的朋友。,tā xiǎng bài fǎng shì jiè gè dì de péng you.,She wants to visit friends around the world.
0,戒备,jiè bèi,将士严加戒备，准备奋勇杀敌。,"jiàng shì yán jiā jiè bèi, zhǔn bèi fèn yǒng shā dí.","The soldiers stand guard, ready to fight the enemy."
0,弹劾,tán hé,这份奏章请求弹劾贪腐的宰相。,zhè fèn zòu zhāng qǐng qiú tán hé tān fǔ de zǎi xiàng.,The memorial calls for the corrupt prime minister's impeachment.
0,机械,jī xiè,零件短缺掣肘机械的生产。,líng jiàn duǎn quē chè zhǒu jī xiè de shēng chǎn.,Parts shortages hinder machinery production.
0,拜访,bài fǎng,她想拜访世界各地的朋友。,tā xiǎng bài fǎng shì jiè gè dì de péng you.,She wants to visit friends around the world.
0,扒饭,pá fàn,他饿得大口扒饭，很快吃完大米饭。,"tā è de dà kǒu pá fàn, hěn kuài chī wán dà mǐ fàn.",He scoops rice into his mouth and quickly finishes the bowl.
0,扒皮,bā pí,厨师先给鱼扒皮，再切成薄片。,"chú shī xiān gěi yú bā pí, zài qiē chéng báo piàn.",The cook skins the fish before slicing it.
1,疲惫,pí bèi,疲惫的工人听到了严厉的批评。,pí bèi de gōng rén tīng dào le yán lì de pī píng.,The tired worker received stern criticism.
1,澎湃,péng pài,暴雨后，淮河水势澎湃。,"bào yǔ hòu, huái hé shuǐ shì péng pài.",The Huai River surges after the heavy rain.
0,严厉,yán lì,疲惫的工人听到了严厉的批评。,pí bèi de gōng rén tīng dào le yán lì de pī píng.,The tired worker received stern criticism.
0,例如,lì rú,海鲜有很多种，例如牡蛎和虾。,"hǎi xiān yǒu hěn duō zhǒng, lì rú mǔ lì hé xiā.","There are many kinds of seafood, such as oysters and shrimp."
2,牡蛎,mǔ lì,海鲜有很多种，例如牡蛎和虾。,"hǎi xiān yǒu hěn duō zhǒng, lì rú mǔ lì hé xiā.","There are many kinds of seafood, such as oysters and shrimp."
0,鼓励,gǔ lì,老师予我鼓励，与我一起练习。,"lǎo shī yǔ wǒ gǔ lì, yǔ wǒ yī qǐ liàn xí.",The teacher gave me encouragement and practiced with me.
0,国际,guó jì,这家工厂为国际市场制造玩具。,zhè jiā gōng chǎng wèi guó jì shì chǎng zhì zào wán jù.,This factory makes toys for the international market.
1,祭祖,jì zǔ,他在祭祖时向祖先牌位磕头。,tā zài jì zǔ shí xiàng zǔ xiān pái wèi kē tóu.,He kowtows before the ancestral tablets during the ceremony.
0,清脆,qīng cuì,林中清脆鸟鸣宛如天籁。,lín zhōng qīng cuì niǎo míng wǎn rú tiān lài.,The birds' clear songs sound like music from heaven.
0,岁月,suì yuè,他们渡过河流，告别艰难岁月。,"tā men dù guò hé liú, gào bié jiān nán suì yuè.",They cross the river and leave their difficult years behind.
0,制度,zhì dù,学校废除了那条不合理的制度。,xué xiào fèi chú le nà tiáo bù hé lǐ de zhì dù.,The school abolished that unreasonable rule.
1,累赘,léi zhui,多余行李成了他一年半载的累赘。,duō yú xíng li chéng le tā yī nián bàn zǎi de léi zhui.,The excess baggage burdens him for months.
0,制造,zhì zào,这家工厂为国际市场制造玩具。,zhè jiā gōng chǎng wèi guó jì shì chǎng zhì zào wán jù.,This factory makes toys for the international market.
2,掣肘,chè zhǒu,零件短缺掣肘机械的生产。,líng jiàn duǎn quē chè zhǒu jī xiè de shēng chǎn.,Parts shortages hinder machinery production.
0,逝世,shì shì,爷爷逝世后，家人整理他的照片。,"yé ye shì shì hòu, jiā rén zhěng lǐ tā de zhào piàn.","After Grandpa passed away, the family sorted his photographs."
2,吞噬,tūn shì,火焰吞噬了小屋，救援队赶来保卫村庄。,"huǒ yàn tūn shì le xiǎo wū, jiù yuán duì gǎn lái bǎo wèi cūn zhuāng.","Flames engulfed the cottage, and rescuers came to protect the village."
0,誓言,shì yán,他立下誓言，语气不容置喙。,"tā lì xià shì yán, yǔ qì bù róng zhì huì.",He makes a vow in a tone that permits no objection.
0,游说,yóu shuì,他游说各方势力支持修路。,tā yóu shuì gè fāng shì lì zhī chí xiū lù.,He lobbies the various groups to support road construction.
0,喜悦,xǐ yuè,看见孩子的蜕变，她满心喜悦。,"kàn jiàn hái zi de tuì biàn, tā mǎn xīn xǐ yuè.",She is filled with joy at the child's transformation.
1,蜕变,tuì biàn,看见孩子的蜕变，她满心喜悦。,"kàn jiàn hái zi de tuì biàn, tā mǎn xīn xǐ yuè.",She is filled with joy at the child's transformation.
0,税收,shuì shōu,合理税收有助于缔造安定社会。,hé lǐ shuì shōu yǒu zhù yú dì zào ān dìng shè huì.,Fair taxation helps build a stable society.
0,势力,shì lì,他游说各方势力支持修路。,tā yóu shuì gè fāng shì lì zhī chí xiū lù.,He lobbies the various groups to support road construction.
1,钠,nà,身体通过尿液排泄多余的钠。,shēn tǐ tōng guò niào yè pái xiè duō yú de nà.,The body excretes excess sodium in urine.
0,艺术,yì shù,寺庙里的雕像具有很高的艺术价值。,sì miào lǐ de diāo xiàng jù yǒu hěn gāo de yì shù jià zhí.,The statues in the temple have great artistic value.
0,排泄,pái xiè,身体通过尿液排泄多余的钠。,shēn tǐ tōng guò niào yè pái xiè duō yú de nà.,The body excretes excess sodium in urine.
0,泄泄,yì yì,泄泄可指懈怠，精神涣散的样子。,"yì yì kě zhǐ xiè dài, jīng shen huàn sàn de yàng zi.",This classical term can describe slackness and lack of focus.
0,尖锐,jiān ruì,尖锐的叫声打破了夜晚的寂静。,jiān ruì de jiào shēng dǎ pò le yè wǎn de jì jìng.,A piercing cry broke the silence of the night.
2,摇曳,yáo yè,树枝左右摇摆，灯影轻轻摇曳。,"shù zhī zuǒ yòu yáo bǎi, dēng yǐng qīng qīng yáo yè.","Branches sway from side to side, and the lamplight flickers."
0,泄露,xiè lòu,这是公司的秘密，不能随意泄露。,"zhè shì gōng sī de mì mì, bù néng suí yì xiè lòu.",This is a company secret and must not be disclosed casually.
2,后裔,hòu yì,历史书介绍契丹后裔的生活。,lì shǐ shū jiè shào qì dān hòu yì de shēng huó.,The history book describes the lives of Khitan descendants.
0,遮蔽,zhē bì,树叶遮蔽了窗口，房间有些黑暗。,"shù yè zhē bì le chuāng kǒu, fáng jiān yǒu xiē hēi àn.","The leaves screened the window, making the room rather dark."
0,别扭,biè niu,他的姿势别扭，却不该受到奚落。,"tā de zī shì biè niu, què bù gāi shòu dào xī luò.","His posture is awkward, but he should not be mocked."
2,敝帚自珍,bì zhǒu zì zhēn,她敝帚自珍，不舍撕毁旧画。,"tā bì zhǒu zì zhēn, bù shě sī huǐ jiù huà.",She treasures her own work and cannot bear to tear up the old picture.
0,毙命,bì mìng,故事中的凄惨人物在战乱中毙命。,gù shi zhōng de qī cǎn rén wù zài zhàn luàn zhōng bì mìng.,The unfortunate character dies in the war.
0,弊端,bì duān,他懂得这项制度存在的弊端。,tā dǒng de zhè xiàng zhì dù cún zài de bì duān.,He understands the shortcomings of this system.
0,货币,huò bì,货币是人们赖以交换商品的工具。,huò bì shì rén men lài yǐ jiāo huàn shāng pǐn de gōng jù.,Money is a tool people rely on to exchange goods.
2,辍学,chuò xué,他没有辍学，而是继续努力学习。,"tā méi yǒu chuò xué, ér shì jì xù nǔ lì xué xí.",He did not drop out and kept studying hard.
2,啜泣,chuò qì,孩子啜泣着，告诉妈妈自己迷路了。,"hái zi chuò qì zhe, gào su mā ma zì jǐ mí lù le.",The child sobbed as he told Mom that he had got lost.
1,点缀,diǎn zhuì,金色桂花点缀着绿色树丛。,jīn sè guì huā diǎn zhuì zhe lǜ sè shù cóng.,Golden osmanthus blossoms adorn the green bushes.
1,缀足,zhuì zú,古代丧礼以缀足保持遗体脚部伸直。,gǔ dài sāng lǐ yǐ zhuì zú bǎo chí yí tǐ jiǎo bù shēn zhí.,An ancient funeral practice kept the deceased's feet straight.
1,滞留,zhì liú,他因暴雨滞留，望着窗外霓虹。,"tā yīn bào yǔ zhì liú, wàng zhe chuāng wài ní hóng.","Stranded by heavy rain, he watches the neon lights outside."
2,鳜鱼,guì yú,这盘鳜鱼的鲜味可与名店媲美。,zhè pán guì yú de xiān wèi kě yǔ míng diàn pì měi.,The mandarin fish tastes as good as a famous restaurant's.
2,休憩,xiū qì,游客登完阶梯，在亭中休憩。,"yóu kè dēng wán jiē tī, zài tíng zhōng xiū qì.",The visitors rest in the pavilion after climbing the steps.
0,揭示,jiē shì,故事揭示了互相尊重的真谛。,gù shi jiē shì le hù xiāng zūn zhòng de zhēn dì.,The story reveals the true meaning of mutual respect.
0,保卫,bǎo wèi,火焰吞噬了小屋，救援队赶来保卫村庄。,"huǒ yàn tūn shì le xiǎo wū, jiù yuán duì gǎn lái bǎo wèi cūn zhuāng.","Flames engulfed the cottage, and rescuers came to protect the village."
2,根柢,gēn dǐ,泥土里埋藏着老树的根柢。,ní tǔ lǐ mái cáng zhe lǎo shù de gēn dǐ.,The old tree's roots are buried in the soil.
0,降低,jiàng dī,降低声音后，大家能听清题目。,"jiàng dī shēng yīn hòu, dà jiā néng tīng qīng tí mù.","Once the volume was lowered, everyone could hear the question clearly."
0,楼梯,lóu tī,他跑上楼梯，累得气喘吁吁。,"tā pǎo shàng lóu tī, lèi de qì chuǎn xū xū.",He ran upstairs and was left panting.
0,马蹄,mǎ tí,马蹄声响起，骏马发出嘶鸣。,"mǎ tí shēng xiǎng qǐ, jùn mǎ fā chū sī míng.","Hooves clatter, and the horse neighs."
1,啼哭,tí kū,孩子啼哭，鼻涕流到嘴边。,"hái zi tí kū, bí tì liú dào zuǐ biān.","The child cries, with a runny nose reaching his lip."
1,缔造,dì zào,合理税收有助于缔造安定社会。,hé lǐ shuì shōu yǒu zhù yú dì zào ān dìng shè huì.,Fair taxation helps build a stable society.
0,题目,tí mù,降低声音后，大家能听清题目。,"jiàng dī shēng yīn hòu, dà jiā néng tīng qīng tí mù.","Once the volume was lowered, everyone could hear the question clearly."
0,骨折,gǔ zhé,受伤的犀牛因骨折无法站立。,shòu shāng de xī niú yīn gǔ zhé wú fǎ zhàn lì.,The injured rhinoceros cannot stand because of a fracture.
0,折本,shé běn,生意折本，他急切地寻找新客户。,"shēng yì shé běn, tā jí qiè de xún zhǎo xīn kè hù.","After losing money, he eagerly seeks new customers."
0,泥土,ní tǔ,污秽的泥土被运出院子。,wū huì de ní tǔ bèi yùn chū yuàn zi.,The contaminated soil is removed from the yard.
0,拘泥,jū nì,他奉旧例为圭臬，过于拘泥形式。,"tā fèng jiù lì wéi guī niè, guò yú jū nì xíng shì.",He treats old precedents as rules and is too rigid about form.
0,犁田,lí tián,农人犁田时，田边野草萋萋。,"nóng rén lí tián shí, tián biān yě cǎo qī qī.",Lush grass grows beside the field as the farmer plows.
0,黎明,lí míng,黎明时分，拥挤的车站已挤满旅客。,"lí míng shí fēn, yōng jǐ de chē zhàn yǐ jǐ mǎn lǚ kè.","At dawn, the crowded station was already full of travelers."
0,拥挤,yōng jǐ,黎明时分，拥挤的车站已挤满旅客。,"lí míng shí fēn, yōng jǐ de chē zhàn yǐ jǐ mǎn lǚ kè.","At dawn, the crowded station was already full of travelers."
0,妻子,qī zi,农夫和妻子相处和睦，日子安稳。,"nóng fū hé qī zi xiāng chǔ hé mù, rì zi ān wěn.",The farmer and his wife live together harmoniously and peacefully.
2,萋萋,qī qī,农人犁田时，田边野草萋萋。,"nóng rén lí tián shí, tián biān yě cǎo qī qī.",Lush grass grows beside the field as the farmer plows.
1,凄凉,qī liáng,呜呼哀哉表达悲哀，语气十分凄凉。,"wū hū āi zāi biǎo dá bēi āi, yǔ qì shí fēn qī liáng.",This lament expresses sorrow in a mournful tone.
1,凄惨,qī cǎn,故事中的凄惨人物在战乱中毙命。,gù shi zhōng de qī cǎn rén wù zài zhàn luàn zhōng bì mìng.,The unfortunate character dies in the war.
0,整齐,zhěng qí,仓库里的塑料箱必须摆放整齐。,cāng kù lǐ de sù liào xiāng bì xū bǎi fàng zhěng qí.,The plastic boxes in the warehouse must be arranged neatly.
1,肚脐,dù qí,婴儿的肚脐已经慢慢愈合。,yīng ér de dù qí yǐ jīng màn màn yù hé.,The baby's navel is gradually healing.
1,栖息,qī xī,这些鸟栖息在西方海岸附近。,zhè xiē niǎo qī xī zài xī fāng hǎi àn fù jìn.,These birds live near the western coast.
1,犀牛,xī niú,受伤的犀牛因骨折无法站立。,shòu shāng de xī niú yīn gǔ zhé wú fǎ zhàn lì.,The injured rhinoceros cannot stand because of a fracture.
0,撕毁,sī huǐ,她敝帚自珍，不舍撕毁旧画。,"tā bì zhǒu zì zhēn, bù shě sī huǐ jiù huà.",She treasures her own work and cannot bear to tear up the old picture.
0,西方,xī fāng,这些鸟栖息在西方海岸附近。,zhè xiē niǎo qī xī zài xī fāng hǎi àn fù jìn.,These birds live near the western coast.
1,嘶鸣,sī míng,马蹄声响起，骏马发出嘶鸣。,"mǎ tí shēng xiǎng qǐ, jùn mǎ fā chū sī míng.","Hooves clatter, and the horse neighs."
2,圭臬,guī niè,他奉旧例为圭臬，过于拘泥形式。,"tā fèng jiù lì wéi guī niè, guò yú jū nì xíng shì.",He treats old precedents as rules and is too rigid about form.
0,鸡肉,jī ròu,晚饭有鸡肉、鲑鱼和新鲜蔬菜。,"wǎn fàn yǒu jī ròu, guī yú hé xīn xiān shū cài.","Dinner includes chicken, salmon, and fresh vegetables."
1,闺房,guī fáng,她在闺房里梳好高高的发髻。,tā zài guī fáng lǐ shū hǎo gāo gāo de fà jì.,She arranges her high bun in her chamber.
2,鲑鱼,guī yú,晚饭有鸡肉、鲑鱼和新鲜蔬菜。,"wǎn fàn yǒu jī ròu, guī yú hé xīn xiān shū cài.","Dinner includes chicken, salmon, and fresh vegetables."
1,无稽之谈,wú jī zhī tán,这个谣言毫无依据，是无稽之谈。,"zhè ge yáo yán háo wú yī jù, shì wú jī zhī tán.",This rumor has no basis and is complete nonsense.
1,稽首,qǐ shǒu,古人斋戒后向神明稽首行礼。,gǔ rén zhāi jiè hòu xiàng shén míng qǐ shǒu xíng lǐ.,"After fasting, people in ancient times bowed deeply to the gods."
0,溪流,xī liú,溪流流过山谷，水声十分清晰。,"xī liú liú guò shān gǔ, shuǐ shēng shí fēn qīng xī.","A stream runs through the valley, and its sound is very clear."
2,睽违,kuí wéi,睽违多年，老友风采依旧。,"kuí wéi duō nián, lǎo yǒu fēng cǎi yī jiù.","After years apart, the old friend is as charming as ever."
2,霓虹,ní hóng,他因暴雨滞留，望着窗外霓虹。,"tā yīn bào yǔ zhì liú, wàng zhe chuāng wài ní hóng.","Stranded by heavy rain, he watches the neon lights outside."
2,端倪,duān ní,他看出端倪，乃至猜到了结局。,"tā kàn chū duān ní, nǎi zhì cāi dào le jié jú.",He spots clues and even guesses the ending.
2,奚落,xī luò,他的姿势别扭，却不该受到奚落。,"tā de zī shì biè niu, què bù gāi shòu dào xī luò.","His posture is awkward, but he should not be mocked."
2,兮,xī,古诗常用兮字表达语气。,gǔ shī cháng yòng xī zì biǎo dá yǔ qì.,Classical poems often use xi as an expressive particle.
1,菜畦,cài qí,他在菜畦里栽培鲜嫩的芥菜。,tā zài cài qí lǐ zāi péi xiān nèn de jiè cài.,He grows tender mustard greens in the vegetable bed.
0,迷路,mí lù,孩子啜泣着，告诉妈妈自己迷路了。,"hái zi chuò qì zhe, gào su mā ma zì jǐ mí lù le.",The child sobbed as he told Mom that he had got lost.
0,批评,pī píng,讨论问题时可以批评，不能侮辱他人。,"tǎo lùn wèn tí shí kě yǐ pī píng, bù néng wǔ rǔ tā rén.","You can offer criticism when discussing a problem, but do not insult anyone."
0,抵抗,dǐ kàng,士兵努力抵抗进攻，守住了道路。,"shì bīng nǔ lì dǐ kàng jìn gōng, shǒu zhu le dào lù.",The soldiers resisted the attack and held the road.
0,底部,dǐ bù,箱子的底部放着弟弟送的礼物。,xiāng zi de dǐ bù fàng zhe dì di sòng de lǐ wù.,The gift from my younger brother is at the bottom of the box.
2,府邸,fǔ dǐ,工人在府邸旁堆砌整齐的石墙。,gōng rén zài fǔ dǐ páng duī qì zhěng qí de shí qiáng.,Workers build a neat stone wall beside the mansion.
1,鼻涕,bí tì,孩子啼哭，鼻涕流到嘴边。,"hái zi tí kū, bí tì liú dào zuǐ biān.","The child cries, with a runny nose reaching his lip."
0,身体,shēn tǐ,洗澡以后，身体暖和起来了。,"xǐ zǎo yǐ hòu, shēn tǐ nuǎn huo qǐ lai le.","After a bath, my body felt warmer."
0,传递,chuán dì,人才济济的团队及时传递消息。,rén cái jǐ jǐ de tuán duì jí shí chuán dì xiāo xi.,The talented team passes along information promptly.
0,弟弟,dì di,箱子的底部放着弟弟送的礼物。,xiāng zi de dǐ bù fàng zhe dì di sòng de lǐ wù.,The gift from my younger brother is at the bottom of the box.
0,礼物,lǐ wù,朋友们交换礼物，表达祝福。,"péng you men jiāo huàn lǐ wù, biǎo dá zhù fú.",The friends exchanged gifts to share their good wishes.
0,人才济济,rén cái jǐ jǐ,人才济济的团队及时传递消息。,rén cái jǐ jǐ de tuán duì jí shí chuán dì xiāo xi.,The talented team passes along information promptly.
0,救济,jiù jì,他们派遣队员前往灾区救济。,tā men pài qiǎn duì yuán qián wǎng zāi qū jiù jì.,They send team members to provide disaster relief.
0,洗澡,xǐ zǎo,洗澡以后，身体暖和起来了。,"xǐ zǎo yǐ hòu, shēn tǐ nuǎn huo qǐ lai le.","After a bath, my body felt warmer."
2,陛下,bì xià,将军向陛下讲解百战不殆的道理。,jiāng jūn xiàng bì xià jiǎng jiě bǎi zhàn bù dài de dào li.,The general explains to the emperor how to avoid defeat.
0,大米,dà mǐ,他饿得大口扒饭，很快吃完大米饭。,"tā è de dà kǒu pá fàn, hěn kuài chī wán dà mǐ fàn.",He scoops rice into his mouth and quickly finishes the bowl.
0,皇帝,huáng dì,皇帝打了个喷嚏，大家都看着他。,"huáng dì dǎ le gè pēn tì, dà jiā dōu kàn zhe tā.","The emperor sneezed, and everyone looked at him."
2,喷嚏,pēn tì,皇帝打了个喷嚏，大家都看着他。,"huáng dì dǎ le gè pēn tì, dà jiā dōu kàn zhe tā.","The emperor sneezed, and everyone looked at him."
2,真谛,zhēn dì,故事揭示了互相尊重的真谛。,gù shi jiē shì le hù xiāng zūn zhòng de zhēn dì.,The story reveals the true meaning of mutual respect.
0,剃头,tì tóu,旧时剃头师也会遇到患癞痢的人。,jiù shí tì tóu shī yě huì yù dào huàn lài lì de rén.,Barbers in the past also met people with scalp ringworm.
0,代替,dài tì,她用牛奶代替水，把一切材料搅拌好。,"tā yòng niú nǎi dài tì shuǐ, bǎ yī qiè cái liào jiǎo bàn hǎo.",She used milk instead of water and mixed all the ingredients.
0,逮捕,dài bǔ,警察逮捕嫌疑人后，第一件事是确认姓名。,"jǐng chá dài bǔ xián yí rén hòu, dì yī jiàn shì shì què rèn xìng míng.","After arresting the suspect, the police first confirmed his name."
0,第一,dì yī,警察逮捕嫌疑人后，第一件事是确认姓名。,"jǐng chá dài bǔ xián yí rén hòu, dì yī jiàn shì shì què rèn xìng míng.","After arresting the suspect, the police first confirmed his name."
2,暴戾,bào lì,唉呀，那位暴戾的人又发火了。,"āi ya, nà wèi bào lì de rén yòu fā huǒ le.","Oh dear, that violent-tempered man is angry again."
0,堆砌,duī qì,工人在府邸旁堆砌整齐的石墙。,gōng rén zài fǔ dǐ páng duī qì zhěng qí de shí qiáng.,Workers build a neat stone wall beside the mansion.
0,一切,yī qiè,她用牛奶代替水，把一切材料搅拌好。,"tā yòng niú nǎi dài tì shuǐ, bǎ yī qiè cái liào jiǎo bàn hǎo.",She used milk instead of water and mixed all the ingredients.
0,急切,jí qiè,生意折本，他急切地寻找新客户。,"shēng yì shé běn, tā jí qiè de xún zhǎo xīn kè hù.","After losing money, he eagerly seeks new customers."
2,发髻,fà jì,她在闺房里梳好高高的发髻。,tā zài guī fáng lǐ shū hǎo gāo gāo de fà jì.,She arranges her high bun in her chamber.
0,桂花,guì huā,金色桂花点缀着绿色树丛。,jīn sè guì huā diǎn zhuì zhe lǜ sè shù cóng.,Golden osmanthus blossoms adorn the green bushes.
0,计划,jì huà,学校下周开始实施新的阅读计划。,xué xiào xià zhōu kāi shǐ shí shī xīn de yuè dú jì huà.,The school will start its new reading plan next week.
0,联系,lián xì,如果汽车坏了，请联系修理店。,"rú guǒ qì chē huài le, qǐng lián xì xiū lǐ diàn.","If the car breaks down, please contact a repair shop."
0,系鞋带,jì xié dài,先把两根鞋带交叉，再系鞋带。,"xiān bǎ liǎng gēn xié dài jiāo chā, zài jì xié dài.",Cross the two laces before tying them.
0,继承,jì chéng,这份契约说明财产由谁继承。,zhè fèn qì yuē shuō míng cái chǎn yóu shuí jì chéng.,This contract explains who will inherit the property.
0,关系,guān xi,两人改变相处方式，关系逐渐改善。,"liǎng rén gǎi biàn xiāng chǔ fāng shì, guān xi zhú jiàn gǎi shàn.",Their relationship gradually improved as they changed how they interacted.
1,契约,qì yuē,这份契约说明财产由谁继承。,zhè fèn qì yuē shuō míng cái chǎn yóu shuí jì chéng.,This contract explains who will inherit the property.
1,契丹,qì dān,历史书介绍契丹后裔的生活。,lì shǐ shū jiè shào qì dān hòu yì de shēng huó.,The history book describes the lives of Khitan descendants.
1,契,xiè,契在传说中是商族的祖先。,xiè zài chuán shuō zhōng shì shāng zú de zǔ xiān.,Xie is regarded as an ancestor of the Shang people in legend.
2,后羿,hòu yì,传说分别讲述女娲补天和后羿射日。,chuán shuō fēn bié jiǎng shù nǚ wā bǔ tiān hé hòu yì shè rì.,The legends tell of Nüwa mending the sky and Houyi shooting the suns.
2,蕙质兰心,huì zhì lán xīn,蕙质兰心的姑娘绣出彩色花朵。,huì zhì lán xīn de gū niang xiù chū cǎi sè huā duǒ.,"The refined, thoughtful girl embroiders colorful flowers."
0,系统,xì tǒng,系统提示轮胎漏气，司机立即停车。,"xì tǒng tí shì lún tāi lòu qì, sī jī lì jí tíng chē.","The system warns that a tire is losing air, and the driver stops."
0,恩惠,ēn huì,他铭记恩惠，道出肺腑之言。,"tā míng jì ēn huì, dào chū fèi fǔ zhī yán.","Remembering the kindness, he speaks from the heart."
0,谜语,mí yǔ,这个脍炙人口的谜语十分有趣。,zhè ge kuài zhì rén kǒu de mí yǔ shí fēn yǒu qù.,This well-known riddle is amusing.
2,媲美,pì měi,这盘鳜鱼的鲜味可与名店媲美。,zhè pán guì yú de xiān wèi kě yǔ míng diàn pì měi.,The mandarin fish tastes as good as a famous restaurant's.
1,轮胎,lún tāi,系统提示轮胎漏气，司机立即停车。,"xì tǒng tí shì lún tāi lòu qì, sī jī lì jí tíng chē.","The system warns that a tire is losing air, and the driver stops."
0,舞台,wǔ tái,她走上舞台，展示自己的表演能力。,"tā zǒu shàng wǔ tái, zhǎn shì zì jǐ de biǎo yǎn néng lì.",She stepped onto the stage and showed her performing skills.
1,青苔,qīng tái,青苔长在石上，舌苔覆盖舌面。,"qīng tái zhǎng zài shí shàng, shé tāi fù gài shé miàn.",Moss grows on stones; tongue coating covers the tongue.
1,舌苔,shé tāi,青苔长在石上，舌苔覆盖舌面。,"qīng tái zhǎng zài shí shàng, shé tāi fù gài shé miàn.",Moss grows on stones; tongue coating covers the tongue.
0,能力,néng lì,她走上舞台，展示自己的表演能力。,"tā zǒu shàng wǔ tái, zhǎn shì zì jǐ de biǎo yǎn néng lì.",She stepped onto the stage and showed her performing skills.
0,过来,guò lái,请过来，看一看莱茵河的照片。,"qǐng guò lái, kàn yī kàn lái yīn hé de zhào piàn.",Please come over and look at the photographs of the Rhine.
1,莱茵河,lái yīn hé,请过来，看一看莱茵河的照片。,"qǐng guò lái, kàn yī kàn lái yīn hé de zhào piàn.",Please come over and look at the photographs of the Rhine.
0,灾难,zāi nàn,国王详细询问了灾难的情况。,guó wáng xiáng xì xún wèn le zāi nàn de qíng kuàng.,The king asked detailed questions about the disaster.
2,呜呼哀哉,wū hū āi zāi,呜呼哀哉表达悲哀，语气十分凄凉。,"wū hū āi zāi biǎo dá bēi āi, yǔ qì shí fēn qī liáng.",This lament expresses sorrow in a mournful tone.
0,栽培,zāi péi,他在菜畦里栽培鲜嫩的芥菜。,tā zài cài qí lǐ zāi péi xiān nèn de jiè cài.,He grows tender mustard greens in the vegetable bed.
0,猜测,cāi cè,古人通过八卦猜测吉凶。,gǔ rén tōng guò bā guà cāi cè jí xiōng.,Ancient people used the eight trigrams to predict fortune.
0,材料,cái liào,这种材料有韧性，不容易断裂。,"zhè zhǒng cái liào yǒu rèn xìng, bù róng yì duàn liè.",This material is tough and does not break easily.
0,财产,cái chǎn,这份契约说明财产由谁继承。,zhè fèn qì yuē shuō míng cái chǎn yóu shuí jì chéng.,This contract explains who will inherit the property.
0,裁判,cái pàn,灾难发生后，裁判取消了比赛。,"zāi nàn fā shēng hòu, cái pàn qǔ xiāo le bǐ sài.","After the disaster, the referee canceled the match."
0,才能,cái néng,水沸腾以后，才能放入蔬菜。,"shuǐ fèi téng yǐ hòu, cái néng fàng rù shū cài.",Add the vegetables only after the water boils.
2,鱼鳃,yú sāi,孩子观察鱼鳃，也观察螃蟹。,"hái zi guān chá yú sāi, yě guān chá páng xiè.",The child observes fish gills and also examines crabs.
0,应该,yīng gāi,虐待动物的人应该受到谴责。,nüè dài dòng wù de rén yīng gāi shòu dào qiǎn zé.,People who abuse animals should be condemned.
2,言简意赅,yán jiǎn yì gāi,他用楷书写下言简意赅的说明。,tā yòng kǎi shū xiě xià yán jiǎn yì gāi de shuō míng.,He writes a concise explanation in regular script.
0,打开,dǎ kāi,孩子打开口袋，掏出一枚硬币。,"hái zi dǎ kāi kǒu dài, tāo chū yī méi yìng bì.",The child opened the pocket and took out a coin.
2,皑皑,ái ái,阴霾散去，露出皑皑雪山。,"yīn mái sàn qù, lù chū ái ái xuě shān.","The haze clears, revealing snow-white mountains."
0,孩子,hái zi,孩子因恐惧而哭泣。,hái zi yīn kǒng jù ér kū qì.,The child cried out of fear.
0,咳嗽,ké sou,着凉后他一直咳嗽，妈妈很着急。,"zháo liáng hòu tā yī zhí ké sou, mā ma hěn zháo jí.","He has been coughing since catching a chill, and Mom is worried."
0,小儿笑,xiǎo ér xiào,小儿笑得乖巧，逗得祖母也笑了。,"xiǎo ér xiào de guāi qiǎo, dòu de zǔ mǔ yě xiào le.","The child smiles sweetly, making grandmother smile too."
0,唉呀,āi ya,唉呀，那位暴戾的人又发火了。,"āi ya, nà wèi bào lì de rén yòu fā huǒ le.","Oh dear, that violent-tempered man is angry again."
0,悲哀,bēi āi,呜呼哀哉表达悲哀，语气十分凄凉。,"wū hū āi zāi biǎo dá bēi āi, yǔ qì shí fēn qī liáng.",This lament expresses sorrow in a mournful tone.
1,尘埃,chén āi,久无人住的房间布满尘埃。,jiǔ wú rén zhù de fáng jiān bù mǎn chén āi.,Dust covers the long-empty room.
0,等待,děng dài,识破诡计后，他不再被动等待。,"shí pò guǐ jì hòu, tā bù zài bèi dòng děng dài.","After seeing through the trick, he stopped waiting passively."
2,百战不殆,bǎi zhàn bù dài,将军向陛下讲解百战不殆的道理。,jiāng jūn xiàng bì xià jiǎng jiě bǎi zhàn bù dài de dào li.,The general explains to the emperor how to avoid defeat.
2,姓迺,xìng nǎi,他姓迺。,tā xìng nǎi.,His surname is Nai.
0,乃至,nǎi zhì,他看出端倪，乃至猜到了结局。,"tā kàn chū duān ní, nǎi zhì cāi dào le jié jú.",He spots clues and even guesses the ending.
0,一年半载,yī nián bàn zǎi,多余行李成了他一年半载的累赘。,duō yú xíng li chéng le tā yī nián bàn zǎi de léi zhui.,The excess baggage burdens him for months.
0,记载,jì zǎi,这篇文章记载了海洋动物的变化。,zhè piān wén zhāng jì zǎi le hǎi yáng dòng wù de biàn huà.,This article records changes in marine animals.
0,宰相,zǎi xiàng,这份奏章请求弹劾贪腐的宰相。,zhè fèn zòu zhāng qǐng qiú tán hé tān fǔ de zǎi xiàng.,The memorial calls for the corrupt prime minister's impeachment.
0,采摘,cǎi zhāi,果园周末开放，届时可以采摘。,"guǒ yuán zhōu mò kāi fàng, jiè shí kě yǐ cǎi zhāi.","The orchard opens this weekend, when visitors can pick fruit."
0,风采,fēng cǎi,睽违多年，老友风采依旧。,"kuí wéi duō nián, lǎo yǒu fēng cǎi yī jiù.","After years apart, the old friend is as charming as ever."
0,彩色,cǎi sè,蕙质兰心的姑娘绣出彩色花朵。,huì zhì lán xīn de gū niang xiù chū cǎi sè huā duǒ.,"The refined, thoughtful girl embroiders colorful flowers."
0,彩带,cǎi dài,来宾在缤纷彩带下合影。,lái bīn zài bīn fēn cǎi dài xià hé yǐng.,The guests pose beneath colorful ribbons.
0,存在,cún zài,这个问题仍然存在，有必要继续讨论。,"zhè ge wèn tí réng rán cún zài, yǒu bì yào jì xù tǎo lùn.","This problem still exists, so further discussion is necessary."
0,改变,gǎi biàn,这场革命改变了国家的政治制度。,zhè chǎng gé mìng gǎi biàn le guó jiā de zhèng zhì zhì dù.,This revolution changed the country's political system.
0,凯旋,kǎi xuán,凯旋的将军深受百姓爱戴。,kǎi xuán de jiāng jūn shēn shòu bǎi xìng ài dài.,The victorious general is loved by the people.
0,海洋,hǎi yáng,这篇文章记载了海洋动物的变化。,zhè piān wén zhāng jì zǎi le hǎi yáng dòng wù de biàn huà.,This article records changes in marine animals.
1,亥时,hài shí,亥时是晚上九至十一点的时辰。,hài shí shì wǎn shang jiǔ zhì shí yī diǎn de shí chen.,The hour of Hai runs from nine to eleven at night.
0,爱戴,ài dài,凯旋的将军深受百姓爱戴。,kǎi xuán de jiāng jūn shēn shòu bǎi xìng ài dài.,The victorious general is loved by the people.
0,态度,tài dù,这样的态度代表了他的真实想法。,zhè yàng de tài dù dài biǎo le tā de zhēn shí xiǎng fǎ.,This attitude reflects what he truly thinks.
2,借贷,jiè dài,他手头拮据，只好暂时借贷。,"tā shǒu tóu jié jū, zhǐ hǎo zàn shí jiè dài.","Short of money, he has to borrow for now."
2,岱岳,dài yuè,云雾中的岱岳显得格外崔嵬。,yún wù zhōng de dài yuè xiǎn de gé wài cuī wéi.,Mount Tai towers through the mist.
0,代表,dài biǎo,这样的态度代表了他的真实想法。,zhè yàng de tài dù dài biǎo le tā de zhēn shí xiǎng fǎ.,This attitude reflects what he truly thinks.
0,口袋,kǒu dài,孩子打开口袋，掏出一枚硬币。,"hái zi dǎ kāi kǒu dài, tāo chū yī méi yìng bì.",The child opened the pocket and took out a coin.
2,粉黛,fěn dài,她轻施粉黛，整理两侧鬓角。,"tā qīng shī fěn dài, zhěng lǐ liǎng cè bìn jiǎo.",She applies light makeup and smooths her hair at the temples.
0,忍耐,rěn nài,请忍耐片刻，不必不断催促。,"qǐng rěn nài piàn kè, bù bì bù duàn cuī cù.",Please wait patiently without urging us repeatedly.
2,青睐,qīng lài,甄选时，这幅画受到评委青睐。,"zhēn xuǎn shí, zhè fú huà shòu dào píng wěi qīng lài.",The judges favor this painting during selection.
0,再次,zài cì,再次比赛时，大概不会有这些障碍。,"zài cì bǐ sài shí, dà gài bù huì yǒu zhè xiē zhàng ài.",These obstacles probably will not exist when we compete again.
0,塞车,sāi chē,遇到塞车，他趁机查看地图。,"yù dào sāi chē, tā chèn jī chá kàn dì tú.","Caught in traffic, he takes the chance to check the map."
0,边塞,biān sài,边塞屯兵，士卒日夜巡守。,"biān sài tún bīng, shì zú rì yè xún shǒu.",Troops are stationed at the frontier and guard it day and night.
0,比赛,bǐ sài,灾难发生后，裁判取消了比赛。,"zāi nàn fā shēng hòu, cái pàn qǔ xiāo le bǐ sài.","After the disaster, the referee canceled the match."
0,大概,dà gài,再次比赛时，大概不会有这些障碍。,"zài cì bǐ sài shí, dà gài bù huì yǒu zhè xiē zhàng ài.",These obstacles probably will not exist when we compete again.
0,感慨,gǎn kǎi,与亲人重逢，他心中感慨万千。,"yǔ qīn rén chóng féng, tā xīn zhōng gǎn kǎi wàn qiān.","Reunited with his family, he feels deeply moved."
0,障碍,zhàng ài,再次比赛时，大概不会有这些障碍。,"zài cì bǐ sài shí, dà gài bù huì yǒu zhè xiē zhàng ài.",These obstacles probably will not exist when we compete again.
0,爱情,ài qíng,他们的爱情没有被战争摧毁。,tā men de ài qíng méi yǒu bèi zhàn zhēng cuī huǐ.,Their love was not destroyed by the war.
1,敦厚,dūn hòu,村民敦厚淳朴，热情招待客人。,"cūn mín dūn hòu chún pǔ, rè qíng zhāo dài kè rén.","The sincere, simple villagers warmly welcome guests."
1,颓废,tuí fèi,失败后不要气馁，更不应颓废。,"shī bài hòu bù yào qì něi, gèng bù yīng tuí fèi.",Do not lose heart or sink into despair after failure.
0,打雷,dǎ léi,打雷时，穿蓑衣的农人赶回家。,"dǎ léi shí, chuān suō yī de nóng rén gǎn huí jiā.",The farmer in a straw raincoat hurries home as thunder sounds.
1,傀儡,kuǐ lěi,戏台上的傀儡抡刀迎战。,xì tái shàng de kuǐ lěi lūn dāo yíng zhàn.,The puppet swings its sword onstage.
2,镭射,léi shè,镭射灯让舞台变得璀璨夺目。,léi shè dēng ràng wǔ tái biàn de cuǐ càn duó mù.,Laser lights make the stage dazzling.
1,崔,cuī,崔老师是一位受人尊敬的前辈。,cuī lǎo shī shì yī wèi shòu rén zūn jìng de qián bèi.,Teacher Cui is a respected senior colleague.
0,催促,cuī cù,请忍耐片刻，不必不断催促。,"qǐng rěn nài piàn kè, bù bì bù duàn cuī cù.",Please wait patiently without urging us repeatedly.
0,摧毁,cuī huǐ,他们的爱情没有被战争摧毁。,tā men de ài qíng méi yǒu bèi zhàn zhēng cuī huǐ.,Their love was not destroyed by the war.
2,蓑衣,suō yī,打雷时，穿蓑衣的农人赶回家。,"dǎ léi shí, chuān suō yī de nóng rén gǎn huí jiā.",The farmer in a straw raincoat hurries home as thunder sounds.
1,傀伟,guī wěi,古文用傀伟形容瑰丽奇特的事物。,gǔ wén yòng guī wěi xíng róng guī lì qí tè de shì wù.,"Classical writing uses this word for splendid, unusual things."
0,恢复,huī fù,适量运动可以帮助身体恢复。,shì liàng yùn dòng kě yǐ bāng zhù shēn tǐ huī fù.,Moderate exercise can help the body recover.
1,魁梧,kuí wú,魁梧的船员站在桅杆旁。,kuí wú de chuán yuán zhàn zài wéi gān páng.,The sturdy sailor stands beside the mast.
1,头盔,tóu kuī,他戴着灰色头盔，骑车回来了。,"tā dài zhe huī sè tóu kuī, qí chē huí lai le.",He returned on his bicycle wearing a gray helmet.
1,桅杆,wéi gān,魁梧的船员站在桅杆旁。,kuí wú de chuán yuán zhàn zài wéi gān páng.,The sturdy sailor stands beside the mast.
2,崔嵬,cuī wéi,云雾中的岱岳显得格外崔嵬。,yún wù zhōng de dài yuè xiǎn de gé wài cuī wéi.,Mount Tai towers through the mist.
0,灰色,huī sè,他戴着灰色头盔，骑车回来了。,"tā dài zhe huī sè tóu kuī, qí chē huí lai le.",He returned on his bicycle wearing a gray helmet.
0,回来,huí lai,他戴着灰色头盔，骑车回来了。,"tā dài zhe huī sè tóu kuī, qí chē huí lai le.",He returned on his bicycle wearing a gray helmet.
1,玫瑰,méi guī,妹妹拿着玫瑰，陪伴孤独的老人。,"mèi mei ná zhe méi guī, péi bàn gū dú de lǎo rén.",My younger sister brought roses to keep the lonely old person company.
1,瑰丽,guī lì,古文用傀伟形容瑰丽奇特的事物。,gǔ wén yòng guī wěi xíng róng guī lì qí tè de shì wù.,"Classical writing uses this word for splendid, unusual things."
2,洄游,huí yóu,洄游的鱼群闪动着银色鱼鳞。,huí yóu de yú qún shǎn dòng zhe yín sè yú lín.,The migrating fish flash their silver scales.
0,回旋,huí xuán,他在门前徘徊，脑中念头回旋。,"tā zài mén qián pái huái, nǎo zhōng niàn tou huí xuán.",He paces before the door as thoughts circle in his mind.
1,徘徊,pái huái,他在门前徘徊，脑中念头回旋。,"tā zài mén qián pái huái, nǎo zhōng niàn tou huí xuán.",He paces before the door as thoughts circle in his mind.
1,依偎,yī wēi,孩子依偎着母亲，双手捧着茶杯。,"hái zi yī wēi zhe mǔ qīn, shuāng shǒu pěng zhe chá bēi.","The child nestles against his mother, holding a teacup."
0,杯子,bēi zi,杯子里只有一茶匙糖。,bēi zi lǐ zhǐ yǒu yī chá chí táng.,There is only one teaspoon of sugar in the cup.
0,茶杯,chá bēi,孩子依偎着母亲，双手捧着茶杯。,"hái zi yī wēi zhe mǔ qīn, shuāng shǒu pěng zhe chá bēi.","The child nestles against his mother, holding a teacup."
0,陪伴,péi bàn,这个宝贝玩具陪伴了他很多年。,zhè ge bǎo bèi wán jù péi bàn le tā hěn duō nián.,This treasured toy has been with him for many years.
0,培养,péi yǎng,老师培养学生种草莓的兴趣。,lǎo shī péi yǎng xué sheng zhòng cǎo méi de xìng qù.,The teacher encourages the students' interest in growing strawberries.
1,媒体,méi tǐ,媒体报道消防员殉职的消息。,méi tǐ bào dào xiāo fáng yuán xùn zhí de xiāo xi.,The media report a firefighter's death in the line of duty.
2,草莓,cǎo méi,老师培养学生种草莓的兴趣。,lǎo shī péi yǎng xué sheng zhòng cǎo méi de xìng qù.,The teacher encourages the students' interest in growing strawberries.
0,梅花,méi huā,春雨滋润了院中盛开的梅花。,chūn yǔ zī rùn le yuàn zhōng shèng kāi de méi huā.,Spring rain moistens the blooming plum flowers.
1,一枚,yī méi,孩子打开口袋，掏出一枚硬币。,"hái zi dǎ kāi kǒu dài, tāo chū yī méi yìng bì.",The child opened the pocket and took out a coin.
0,煤炭,méi tàn,这座工厂以前靠燃烧煤炭生产能源。,zhè zuò gōng chǎng yǐ qián kào rán shāo méi tàn shēng chǎn néng yuán.,This factory used to produce energy by burning coal.
0,大腿,dà tuǐ,她伸展双腿，轻轻按摩大腿。,"tā shēn zhǎn shuāng tuǐ, qīng qīng àn mó dà tuǐ.",She stretches her legs and gently massages her thighs.
1,气馁,qì něi,失败后不要气馁，更不应颓废。,"shī bài hòu bù yào qì něi, gèng bù yīng tuí fèi.",Do not lose heart or sink into despair after failure.
1,花蕾,huā lěi,玫瑰花蕾饱满，蓓蕾即将绽放。,"méi guī huā lěi bǎo mǎn, bèi lěi jí jiāng zhàn fàng.",The plump rosebuds are about to open.
2,璀璨,cuǐ càn,镭射灯让舞台变得璀璨夺目。,léi shè dēng ràng wǔ tái biàn de cuǐ càn duó mù.,Laser lights make the stage dazzling.
0,犯罪,fàn zuì,他后悔自己的犯罪行为，希望改正。,"tā hòu huǐ zì jǐ de fàn zuì xíng wéi, xī wàng gǎi zhèng.",He regrets his criminal actions and hopes to change.
0,后悔,hòu huǐ,他后悔自己的犯罪行为，希望改正。,"tā hòu huǐ zì jǐ de fàn zuì xíng wéi, xī wàng gǎi zhèng.",He regrets his criminal actions and hopes to change.
2,蓓蕾,bèi lěi,玫瑰花蕾饱满，蓓蕾即将绽放。,"méi guī huā lěi bǎo mǎn, bèi lěi jí jiāng zhàn fàng.",The plump rosebuds are about to open.
0,加倍,jiā bèi,捷报令人振奋，大家加倍努力。,"jié bào lìng rén zhèn fèn, dà jiā jiā bèi nǔ lì.",The good news inspires everyone to work harder.
0,每天,měi tiān,牧场的动物需要每天喂食。,mù chǎng de dòng wù xū yào měi tiān wèi shí.,The animals on the farm need feeding every day.
1,咖啡,kā fēi,杯子里盛着热咖啡，请慢慢喝。,"bēi zi lǐ shèng zhe rè kā fēi, qǐng màn màn hē.",The cup contains hot coffee; please drink it slowly.
0,面对,miàn duì,首先保持冷静，再坚强面对困难。,"shǒu xiān bǎo chí lěng jìng, zài jiān qiáng miàn duì kùn nan.","First stay calm, then face the difficulty with courage."
0,后退,hòu tuì,每天练习后退，能提高舞蹈技巧。,"měi tiān liàn xí hòu tuì, néng tí gāo wǔ dǎo jì qiǎo.",Practicing backward steps every day can improve dance skills.
0,团队,tuán duì,货物准时到达，经理祝贺团队。,"huò wù zhǔn shí dào dá, jīng lǐ zhù hè tuán duì.","The goods arrived on time, and the manager congratulated the team."
0,内部,nèi bù,实验检查样品内部是否有细菌。,shí yàn jiǎn chá yàng pǐn nèi bù shì fǒu yǒu xì jūn.,The experiment checks for bacteria inside the sample.
2,淬火,cuì huǒ,工匠给刀刃淬火，增强硬度。,"gōng jiàng gěi dāo rèn cuì huǒ, zēng qiáng yìng dù.",The craftsman hardens the blade by quenching it.
0,破碎,pò suì,玻璃破碎了，请不要用手捡。,"bō li pò suì le, qǐng bù yào yòng shǒu jiǎn.",The glass has shattered; please do not pick it up with your hands.
0,石块,shí kuài,孩子把石块放在小土墩上。,hái zi bǎ shí kuài fàng zài xiǎo tǔ dūn shàng.,The child puts a stone on the little mound.
1,教诲,jiào huì,老师的谆谆教诲使他终身受益。,lǎo shī de zhūn zhūn jiào huì shǐ tā zhōng shēn shòu yì.,The teacher's earnest guidance benefits him throughout life.
1,晦气,huì qì,他仓卒出门又摔跤，直呼晦气。,"tā cāng cù chū mén yòu shuāi jiāo, zhí hū huì qì.","He rushes out, falls again, and complains of bad luck."
1,溃疡,kuì yáng,医生诊断他患有口腔溃疡。,yī shēng zhěn duàn tā huàn yǒu kǒu qiāng kuì yáng.,The doctor diagnoses a mouth ulcer.
0,前辈,qián bèi,崔老师是一位受人尊敬的前辈。,cuī lǎo shī shì yī wèi shòu rén zūn jìng de qián bèi.,Teacher Cui is a respected senior colleague.
0,背后,bèi hòu,镜子的背后贴着一张旧照片。,jìng zi de bèi hòu tiē zhe yī zhāng jiù zhào piàn.,An old photograph is attached to the back of the mirror.
2,悖论,bèi lùn,这个悖论让我们重新思考逻辑。,zhè ge bèi lùn ràng wǒ men chóng xīn sī kǎo luó ji.,This paradox makes us reconsider the logic.
0,佩服,pèi fú,我佩服她的勇气，也欣赏她的耐心。,"wǒ pèi fú tā de yǒng qì, yě xīn shǎng tā de nài xīn.",I admire her courage and appreciate her patience.
0,妹妹,mèi mei,妹妹拿着玫瑰，陪伴孤独的老人。,"mèi mei ná zhe méi guī, péi bàn gū dú de lǎo rén.",My younger sister brought roses to keep the lonely old person company.
1,愚昧,yú mèi,伦理教育有助于摆脱愚昧偏见。,lún lǐ jiào yù yǒu zhù yú bǎi tuō yú mèi piān jiàn.,Ethics education helps overcome ignorant prejudice.
0,配合,pèi hé,两件零件尺寸匹配，配合良好。,"liǎng jiàn líng jiàn chǐ cun pǐ pèi, pèi hé liáng hǎo.",The two parts match in size and fit well.
2,麒麟,qí lín,画中的神仙骑着一只麒麟。,huà zhōng de shén xiān qí zhe yī zhī qí lín.,The immortal in the painting rides a qilin.
1,抡刀,lūn dāo,戏台上的傀儡抡刀迎战。,xì tái shàng de kuǐ lěi lūn dāo yíng zhàn.,The puppet swings its sword onstage.
1,磷肥,lín féi,合理使用磷肥有助于作物茁壮生长。,hé lǐ shǐ yòng lín féi yǒu zhù yú zuò wù zhuó zhuàng shēng zhǎng.,Proper use of phosphate fertilizer helps crops grow strongly.
0,邻居,lín jū,善良的邻居经常帮助老人。,shàn liáng de lín jū jīng cháng bāng zhù lǎo rén.,The kind neighbor often helps older people.
0,车轮,chē lún,邻居正在修理车轮，我们过去帮忙。,"lín jū zhèng zài xiū lǐ chē lún, wǒ men guò qù bāng máng.","The neighbor is repairing a wheel, so we go over to help."
0,讨论,tǎo lùn,恋爱中的两人一起讨论旅行路线。,liàn ài zhōng de liǎng rén yī qǐ tǎo lùn lǚ xíng lù xiàn.,The couple in love discussed their travel route together.
0,论语,lún yǔ,老师讲解论语中有关尧舜的篇章。,lǎo shī jiǎng jiě lún yǔ zhōng yǒu guān yáo shùn de piān zhāng.,The teacher explains passages about Yao and Shun in the Analects.
1,伦理,lún lǐ,伦理教育有助于摆脱愚昧偏见。,lún lǐ jiào yù yǒu zhù yú bǎi tuō yú mèi piān jiàn.,Ethics education helps overcome ignorant prejudice.
2,垂纶,chuí lún,他戴着纶巾，在河畔静静垂纶。,"tā dài zhe guān jīn, zài hé pàn jìng jìng chuí lún.",He wears a scholar's headscarf and fishes quietly by the river.
2,纶巾,guān jīn,他戴着纶巾，在河畔静静垂纶。,"tā dài zhe guān jīn, zài hé pàn jìng jìng chuí lún.",He wears a scholar's headscarf and fishes quietly by the river.
1,鱼鳞,yú lín,洄游的鱼群闪动着银色鱼鳞。,huí yóu de yú qún shǎn dòng zhe yín sè yú lín.,The migrating fish flash their silver scales.
1,沦陷,lún xiàn,阵地失守后，整座城池沦陷。,"zhèn dì shī shǒu hòu, zhěng zuò chéng chí lún xiàn.","The defensive position falls, followed by the whole city."
0,遵守,zūn shǒu,出门作客，要遵守主人的规矩。,"chū mén zuò kè, yào zūn shǒu zhǔ rén de guī ju.","When visiting someone's home, follow the host's rules."
0,津津有味,jīn jīn yǒu wèi,她津津有味地吃着烤栗子。,tā jīn jīn yǒu wèi de chī zhe kǎo lì zi.,She eats the roasted chestnuts with relish.
1,竣工,jùn gōng,这座桥计划在下月上旬竣工。,zhè zuò qiáo jì huà zài xià yuè shàng xún jùn gōng.,The bridge is due to be completed early next month.
0,亲人,qīn rén,与亲人重逢，他心中感慨万千。,"yǔ qīn rén chóng féng, tā xīn zhōng gǎn kǎi wàn qiān.","Reunited with his family, he feels deeply moved."
0,亲家,qìng jia,亲家来吃饭，他询问对方想吃什么。,"qìng jia lái chī fàn, tā xún wèn duì fāng xiǎng chī shén me.","When the in-laws came for dinner, he asked what they would like to eat."
1,秦朝,qín cháo,他比较秦朝官制与楚国令尹职权。,tā bǐ jiào qín cháo guān zhì yǔ chǔ guó lìng yǐn zhí quán.,He compares Qin offices with the Chu chief minister's powers.
0,薪水,xīn shuǐ,薪水提高后，他申请租一个大房间。,"xīn shuǐ tí gāo hòu, tā shēn qǐng zū yī ge dà fáng jiān.","After his salary increased, he applied to rent a larger room."
0,询问,xún wèn,她在柜台询问旅行的费用。,tā zài guì tái xún wèn lǚ xíng de fèi yòng.,She asked about the cost of the trip at the counter.
0,新旧,xīn jiù,仓库按新旧分别存放陈旧工具。,cāng kù àn xīn jiù fēn bié cún fàng chén jiù gōng jù.,The warehouse separates old tools from newer ones.
0,巡逻,xún luó,警员巡逻，维持街上的秩序。,"jǐng yuán xún luó, wéi chí jiē shang de zhì xù.",Officers patrol to keep order in the street.
1,驯养,xùn yǎng,春天，他们开始驯养小马。,"chūn tiān, tā men kāi shǐ xùn yǎng xiǎo mǎ.","In spring, they began training the foal."
0,上旬,shàng xún,这座桥计划在下月上旬竣工。,zhè zuò qiáo jì huà zài xià yuè shàng xún jùn gōng.,The bridge is due to be completed early next month.
0,循环,xún huán,肾脏过滤循环中的血液。,shèn zàng guò lǜ xún huán zhōng de xuè yè.,The kidneys filter circulating blood.
0,振奋,zhèn fèn,捷报令人振奋，大家加倍努力。,"jié bào lìng rén zhèn fèn, dà jiā jiā bèi nǔ lì.",The good news inspires everyone to work harder.
1,谆谆,zhūn zhūn,老师的谆谆教诲使他终身受益。,lǎo shī de zhūn zhūn jiào huì shǐ tā zhōng shēn shòu yì.,The teacher's earnest guidance benefits him throughout life.
0,真实,zhēn shí,这样的态度代表了他的真实想法。,zhè yàng de tài dù dài biǎo le tā de zhēn shí xiǎng fǎ.,This attitude reflects what he truly thinks.
2,甄选,zhēn xuǎn,甄选时，这幅画受到评委青睐。,"zhēn xuǎn shí, zhè fú huà shòu dào píng wěi qīng lài.",The judges favor this painting during selection.
0,春天,chūn tiān,春天，他们开始驯养小马。,"chūn tiān, tā men kāi shǐ xùn yǎng xiǎo mǎ.","In spring, they began training the foal."
1,淳朴,chún pǔ,村民敦厚淳朴，热情招待客人。,"cūn mín dūn hòu chún pǔ, rè qíng zhāo dài kè rén.","The sincere, simple villagers warmly welcome guests."
1,醇厚,chún hòu,汤汁经过炖煮，味道更加醇厚。,"tāng zhī jīng guò dùn zhǔ, wèi dao gèng jiā chún hòu.",Simmering gives the broth a richer flavor.
0,时辰,shí chen,亥时是晚上九至十一点的时辰。,hài shí shì wǎn shang jiǔ zhì shí yī diǎn de shí chen.,The hour of Hai runs from nine to eleven at night.
0,大臣,dà chén,大臣小心收藏皇帝赐下的宸翰。,dà chén xiǎo xīn shōu cáng huáng dì cì xià de chén hàn.,The minister carefully keeps the emperor's handwritten gift.
2,宸翰,chén hàn,大臣小心收藏皇帝赐下的宸翰。,dà chén xiǎo xīn shōu cáng huáng dì cì xià de chén hàn.,The minister carefully keeps the emperor's handwritten gift.
0,纯净,chún jìng,保护纯净泉水，比获取金钱更重要。,"bǎo hù chún jìng quán shuǐ, bǐ huò qǔ jīn qián gèng zhòng yào.",Protecting pure spring water matters more than earning money.
2,鹑衣,chún yī,穿着鹑衣的老人令人怜悯。,chuān zhe chún yī de lǎo rén lìng rén lián mǐn.,The old man in ragged clothes inspires pity.
2,鹌鹑,ān chún,鹌鹑在竹笋旁的草地觅食。,ān chún zài zhú sǔn páng de cǎo dì mì shí.,The quail forage in the grass beside the bamboo shoots.
0,早晨,zǎo chén,早晨的空气纯净，海滨也很安静。,"zǎo chén de kōng qì chún jìng, hǎi bīn yě hěn ān jìng.","The morning air is fresh, and the seaside is quiet."
0,申请,shēn qǐng,薪水提高后，他申请租一个大房间。,"xīn shuǐ tí gāo hòu, tā shēn qǐng zū yī ge dà fáng jiān.","After his salary increased, he applied to rent a larger room."
0,伸展,shēn zhǎn,她伸展双腿，轻轻按摩大腿。,"tā shēn zhǎn shuāng tuǐ, qīng qīng àn mó dà tuǐ.",She stretches her legs and gently massages her thighs.
1,绅士,shēn shì,绅士弯腰捡起女士掉落的手帕。,shēn shì wān yāo jiǎn qǐ nǚ shì diào luò de shǒu pà.,The gentleman bent down to pick up the lady's dropped handkerchief.
0,呻吟,shēn yín,病人轻轻呻吟，嘴唇有些苍白。,"bìng rén qīng qīng shēn yín, zuǐ chún yǒu xiē cāng bái.","The patient groaned softly, and his lips were rather pale."
0,嘴唇,zuǐ chún,病人轻轻呻吟，嘴唇有些苍白。,"bìng rén qīng qīng shēn yín, zuǐ chún yǒu xiē cāng bái.","The patient groaned softly, and his lips were rather pale."
0,神仙,shén xiān,画中的神仙骑着一只麒麟。,huà zhōng de shén xiān qí zhe yī zhī qí lín.,The immortal in the painting rides a qilin.
0,人类,rén lèi,人类需要以仁慈的心对待动物。,rén lèi xū yào yǐ rén cí de xīn duì dài dòng wù.,Human beings need to treat animals with kindness.
0,仁慈,rén cí,人类需要以仁慈的心对待动物。,rén lèi xū yào yǐ rén cí de xīn duì dài dòng wù.,Human beings need to treat animals with kindness.
1,千钧一发,qiān jūn yī fà,千钧一发之际，她仍保持镇定。,"qiān jūn yī fà zhī jì, tā réng bǎo chí zhèn dìng.",She remains calm at the critical moment.
0,平均,píng jūn,每个苹果平均分成四块，大小均匀。,"měi ge píng guǒ píng jūn fēn chéng sì kuài, dà xiǎo jūn yún.",Each apple is divided into four evenly sized pieces.
0,因为,yīn wèi,因为婚姻出现问题，他们寻求帮助。,"yīn wèi hūn yīn chū xiàn wèn tí, tā men xún qiú bāng zhù.",They sought help because there were problems in their marriage.
1,绿草如茵,lǜ cǎo rú yīn,一望无垠的原野绿草如茵。,yī wàng wú yín de yuán yě lǜ cǎo rú yīn.,The endless plain is covered in lush green grass.
0,婚姻,hūn yīn,因为婚姻出现问题，他们寻求帮助。,"yīn wèi hūn yīn chū xiàn wèn tí, tā men xún qiú bāng zhù.",They sought help because there were problems in their marriage.
0,均匀,jūn yún,每个苹果平均分成四块，大小均匀。,"měi ge píng guǒ píng jūn fēn chéng sì kuài, dà xiǎo jūn yún.",Each apple is divided into four evenly sized pieces.
0,海滨,hǎi bīn,早晨的空气纯净，海滨也很安静。,"zǎo chén de kōng qì chún jìng, hǎi bīn yě hěn ān jìng.","The morning air is fresh, and the seaside is quiet."
1,槟榔,bīng lang,店主把槟榔果摆在竹篮中。,diàn zhǔ bǎ bīng lang guǒ bǎi zài zhú lán zhōng.,The shopkeeper displays areca nuts in a bamboo basket.
0,来宾,lái bīn,来宾在缤纷彩带下合影。,lái bīn zài bīn fēn cǎi dài xià hé yǐng.,The guests pose beneath colorful ribbons.
0,苹果,píng guǒ,每个苹果平均分成四块，大小均匀。,"měi ge píng guǒ píng jūn fēn chéng sì kuài, dà xiǎo jūn yún.",Each apple is divided into four evenly sized pieces.
1,频繁,pín fán,他频繁访问村庄，为人民提供援助。,"tā pín fán fǎng wèn cūn zhuāng, wèi rén mín tí gōng yuán zhù.",He visits the village frequently to provide help to the people.
0,人民,rén mín,他频繁访问村庄，为人民提供援助。,"tā pín fán fǎng wèn cūn zhuāng, wèi rén mín tí gōng yuán zhù.",He visits the village frequently to provide help to the people.
0,缤纷,bīn fēn,来宾在缤纷彩带下合影。,lái bīn zài bīn fēn cǎi dài xià hé yǐng.,The guests pose beneath colorful ribbons.
0,尽力,jìn lì,申请获准以后，他会尽力完成任务。,"shēn qǐng huò zhǔn yǐ hòu, tā huì jìn lì wán chéng rèn wù.","Once his application is approved, he will do his best to complete the task."
0,竹笋,zhú sǔn,鹌鹑在竹笋旁的草地觅食。,ān chún zài zhú sǔn páng de cǎo dì mì shí.,The quail forage in the grass beside the bamboo shoots.
1,湿疹,shī zhěn,她体恤患湿疹的孩子，细心照料。,"tā tǐ xù huàn shī zhěn de hái zi, xì xīn zhào liào.",She cares sympathetically for the child with eczema.
0,诊断,zhěn duàn,医生诊断他患有口腔溃疡。,yī shēng zhěn duàn tā huàn yǒu kǒu qiāng kuì yáng.,The doctor diagnoses a mouth ulcer.
0,批准,pī zhǔn,批准文件到达后，紧张的她终于放心。,"pī zhǔn wén jiàn dào dá hòu, jǐn zhāng de tā zhōng yú fàng xīn.","When the approval documents arrived, she finally stopped worrying."
0,标准,biāo zhǔn,讨论以后，大家决定遵守新的标准。,"tǎo lùn yǐ hòu, dà jiā jué dìng zūn shǒu xīn de biāo zhǔn.","After discussing it, everyone decided to follow the new standards."
2,赈灾,zhèn zāi,受助村民铭记赈灾者的恩情。,shòu zhù cūn mín míng jì zhèn zāi zhě de ēn qíng.,The villagers remember the disaster volunteers' kindness.
0,肾脏,shèn zàng,肾脏过滤循环中的血液。,shèn zàng guò lǜ xún huán zhōng de xuè yè.,The kidneys filter circulating blood.
0,矛盾,máo dùn,甲方与乙方的意见存在矛盾。,jiǎ fāng yǔ yǐ fāng de yì jiàn cún zài máo dùn.,The two contracting parties hold conflicting views.
0,紧张,jǐn zhāng,刹车失灵了，八个乘客都很紧张。,"shā chē shī líng le, bā gè chéng kè dōu hěn jǐn zhāng.","The brakes failed, and all eight passengers were nervous."
1,蚯蚓,qiū yǐn,雨后的泥土里，蚯蚓慢慢爬出来。,"yǔ hòu de ní tǔ lǐ, qiū yǐn màn màn pá chū lái.",Earthworms slowly emerge from the soil after the rain.
2,令尹,lìng yǐn,他比较秦朝官制与楚国令尹职权。,tā bǐ jiào qín cháo guān zhì yǔ chǔ guó lìng yǐn zhí quán.,He compares Qin offices with the Chu chief minister's powers.
0,引导,yǐn dǎo,老师引导孩子进步，从不吝啬赞美。,"lǎo shī yǐn dǎo hái zi jìn bù, cóng bù lìn sè zàn měi.",The teacher guides children's progress and is never stingy with praise.
2,孙膑,sūn bìn,历史课分别介绍孙膑和蔺相如。,lì shǐ kè fēn bié jiè shào sūn bìn hé lìn xiāng rú.,The history lesson introduces Sun Bin and Lin Xiangru separately.
2,蔺相如,lìn xiāng rú,历史课分别介绍孙膑和蔺相如。,lì shǐ kè fēn bié jiè shào sūn bìn hé lìn xiāng rú.,The history lesson introduces Sun Bin and Lin Xiangru separately.
2,遴选,lín xuǎn,他诚恳回答问题，通过遴选。,"tā chéng kěn huí dá wèn tí, tōng guò lín xuǎn.",He answers sincerely and passes the selection process.
1,吝啬,lìn sè,老师引导孩子进步，从不吝啬赞美。,"lǎo shī yǐn dǎo hái zi jìn bù, cóng bù lìn sè zàn měi.",The teacher guides children's progress and is never stingy with praise.
0,进步,jìn bù,老师引导孩子进步，从不吝啬赞美。,"lǎo shī yǐn dǎo hái zi jìn bù, cóng bù lìn sè zàn měi.",The teacher guides children's progress and is never stingy with praise.
0,英俊,yīng jùn,英俊的哥哥晋升后，立即分享讯息。,"yīng jùn de gē gē jìn shēng hòu, lì jí fēn xiǎng xùn xī.",My handsome older brother shared the news immediately after his promotion.
0,晋升,jìn shēng,英俊的哥哥晋升后，立即分享讯息。,"yīng jùn de gē gē jìn shēng hòu, lì jí fēn xiǎng xùn xī.",My handsome older brother shared the news immediately after his promotion.
1,骏马,jùn mǎ,骏马动作敏捷，跃过低矮围栏。,"jùn mǎ dòng zuò mǐn jié, yuè guò dī ǎi wéi lán.",The swift horse leaps over the low fence.
0,讯息,xùn xī,英俊的哥哥晋升后，立即分享讯息。,"yīng jùn de gē gē jìn shēng hòu, lì jí fēn xiǎng xùn xī.",My handsome older brother shared the news immediately after his promotion.
1,峻峭,jùn qiào,岷山峻峭，千仞绝壁令人惊叹。,"mín shān jùn qiào, qiān rèn jué bì lìng rén jīng tàn.",Min Mountain's towering cliffs inspire awe.
0,迅速,xùn sù,地震发生时，他迅速离开了房屋。,"dì zhèn fā shēng shí, tā xùn sù lí kāi le fáng wū.","When the earthquake struck, he quickly left the house."
0,信任,xìn rèn,她信任朋友，但做事仍然谨慎。,"tā xìn rèn péng you, dàn zuò shì réng rán jǐn shèn.",She trusts her friends but still acts carefully.
1,殉职,xùn zhí,媒体报道消防员殉职的消息。,méi tǐ bào dào xiāo fáng yuán xùn zhí de xiāo xi.,The media report a firefighter's death in the line of duty.
0,地震,dì zhèn,地震发生时，他迅速离开了房屋。,"dì zhèn fā shēng shí, tā xùn sù lí kāi le fáng wū.","When the earthquake struck, he quickly left the house."
1,打盹,dǎ dǔn,午饭后，他靠着椅子打盹。,"wǔ fàn hòu, tā kào zhe yǐ zi dǎ dǔn.","After lunch, he dozed while leaning against the chair."
0,谨慎,jǐn shèn,她信任朋友，但做事仍然谨慎。,"tā xìn rèn péng you, dàn zuò shì réng rán jǐn shèn.",She trusts her friends but still acts carefully.
2,尧舜,yáo shùn,老师讲解论语中有关尧舜的篇章。,lǎo shī jiǎng jiě lún yǔ zhōng yǒu guān yáo shùn de piān zhāng.,The teacher explains passages about Yao and Shun in the Analects.
1,瞬间,shùn jiān,这一瞬间，他知道事情进展顺利。,"zhè yī shùn jiān, tā zhī dào shì qing jìn zhǎn shùn lì.","At that moment, he knew things were going smoothly."
0,顺利,shùn lì,这一瞬间，他知道事情进展顺利。,"zhè yī shùn jiān, tā zhī dào shì qing jìn zhǎn shùn lì.","At that moment, he knew things were going smoothly."
2,千仞,qiān rèn,岷山峻峭，千仞绝壁令人惊叹。,"mín shān jùn qiào, qiān rèn jué bì lìng rén jīng tàn.",Min Mountain's towering cliffs inspire awe.
1,闰月,rùn yuè,农历有些年份会增加一个闰月。,nóng lì yǒu xiē nián fèn huì zēng jiā yī ge rùn yuè.,Some lunar-calendar years add a leap month.
0,刀刃,dāo rèn,工匠给刀刃淬火，增强硬度。,"gōng jiàng gěi dāo rèn cuì huǒ, zēng qiáng yìng dù.",The craftsman hardens the blade by quenching it.
0,滋润,zī rùn,春雨滋润了院中盛开的梅花。,chūn yǔ zī rùn le yuàn zhōng shèng kāi de méi huā.,Spring rain moistens the blooming plum flowers.
1,韧性,rèn xìng,这种材料有韧性，不容易断裂。,"zhè zhǒng cái liào yǒu rèn xìng, bù róng yì duàn liè.",This material is tough and does not break easily.
0,打印,dǎ yìn,请打印文件，确认内容符合法律。,"qǐng dǎ yìn wén jiàn, què rèn nèi róng fú hé fǎ lǜ.",Please print the document and confirm that its contents comply with the law.
1,鬓角,bìn jiǎo,她轻施粉黛，整理两侧鬓角。,"tā qīng shī fěn dài, zhěng lǐ liǎng cè bìn jiǎo.",She applies light makeup and smooths her hair at the temples.
0,栗子,lì zi,她津津有味地吃着烤栗子。,tā jīn jīn yǒu wèi de chī zhe kǎo lì zi.,She eats the roasted chestnuts with relish.
0,法律,fǎ lǜ,请打印文件，确认内容符合法律。,"qǐng dǎ yìn wén jiàn, què rèn nèi róng fú hé fǎ lǜ.",Please print the document and confirm that its contents comply with the law.
0,战栗,zhàn lì,他听见草丛窸窣，害怕得战栗。,"tā tīng jiàn cǎo cóng xī sū, hài pà de zhàn lì.",The rustling grass makes him tremble with fear.
1,士卒,shì zú,边塞屯兵，士卒日夜巡守。,"biān sài tún bīng, shì zú rì yè xún shǒu.",Troops are stationed at the frontier and guard it day and night.
1,仓卒,cāng cù,他仓卒出门又摔跤，直呼晦气。,"tā cāng cù chū mén yòu shuāi jiāo, zhí hū huì qì.","He rushes out, falls again, and complains of bad luck."
1,唧唧,jī jī,到了戌时，草间仍有唧唧虫鸣。,"dào le xū shí, cǎo jiān réng yǒu jī jī chóng míng.","In the early evening, insects still chirp in the grass."
1,柒,qī,收据上用壹和柒写出一与七。,shōu jù shàng yòng yī hé qī xiě chū yī yǔ qī.,The receipt writes one and seven in formal financial numerals.
0,七个,qī gè,七个工人正在给门涂油漆。,qī gè gōng rén zhèng zài gěi mén tú yóu qī.,Seven workers are painting the door.
0,油漆,yóu qī,七个工人正在给门涂油漆。,qī gè gōng rén zhèng zài gěi mén tú yóu qī.,Seven workers are painting the door.
0,疾病,jí bìng,必须及时遏制疾病的传播。,bì xū jí shí è zhì jí bìng de chuán bō.,The spread of the disease must be contained promptly.
2,窸窣,xī sū,他听见草丛窸窣，害怕得战栗。,"tā tīng jiàn cǎo cóng xī sū, hài pà de zhàn lì.",The rustling grass makes him tremble with fear.
0,熟悉,shú xī,她熟悉教室的位置，带我们进去。,"tā shú xī jiào shì de wèi zhì, dài wǒ men jìn qù.",She knows where the classroom is and takes us inside.
0,膝盖,xī gài,他跌倒了，膝盖擦出了伤口。,"tā diē dǎo le, xī gài cā chū le shāng kǒu.",He fell and scraped his knee.
1,体恤,tǐ xù,她体恤患湿疹的孩子，细心照料。,"tā tǐ xù huàn shī zhěn de hái zi, xì xīn zhào liào.",She cares sympathetically for the child with eczema.
1,蟋蟀,xī shuài,夜里，窗外传来蟋蟀的叫声。,"yè li, chuāng wài zhuàn lái xī shuài de jiào shēng.","At night, the sound of crickets comes from outside the window."
2,戌时,xū shí,到了戌时，草间仍有唧唧虫鸣。,"dào le xū shí, cǎo jiān réng yǒu jī jī chóng míng.","In the early evening, insects still chirp in the grass."
0,失去,shī qù,偷窃行为让他失去朋友的信任。,tōu qiè xíng wéi ràng tā shī qù péng you de xìn rèn.,His theft made his friends lose trust in him.
0,教室,jiào shì,她熟悉教室的位置，带我们进去。,"tā shú xī jiào shì de wèi zhì, dài wǒ men jìn qù.",She knows where the classroom is and takes us inside.
0,白术,bái zhú,药柜里单独存放着白术饮片。,yào guì lǐ dān dú cún fàng zhe bái zhú yǐn piàn.,Prepared white atractylodes slices are stored separately.
0,橘子,jú zi,橘子汁从装得太满的杯中溢出。,jú zi zhī cóng zhuāng de tài mǎn de bēi zhōng yì chū.,Orange juice spills out of the overfilled cup.
0,吉祥,jí xiáng,他珍惜这枚象征吉祥的玉佩。,tā zhēn xī zhè méi xiàng zhēng jí xiáng de yù pèi.,He treasures the jade pendant that symbolizes good fortune.
2,拮据,jié jū,他手头拮据，只好暂时借贷。,"tā shǒu tóu jié jū, zhǐ hǎo zàn shí jiè dài.","Short of money, he has to borrow for now."
1,壹,yī,收据上用壹和柒写出一与七。,shōu jù shàng yòng yī hé qī xiě chū yī yǔ qī.,The receipt writes one and seven in formal financial numerals.
0,一个,yī ge,一个小时等于六十分钟。,yī ge xiǎo shí děng yú liù shí fēn zhōng.,One hour equals sixty minutes.
1,安逸,ān yì,他舍弃安逸生活，栉风沐雨地考察。,"tā shě qì ān yì shēng huó, zhì fēng mù yǔ de kǎo chá.",He leaves a comfortable life for demanding fieldwork.
1,溢出,yì chū,橘子汁从装得太满的杯中溢出。,jú zi zhī cóng zhuāng de tài mǎn de bēi zhōng yì chū.,Orange juice spills out of the overfilled cup.
2,散佚,sàn yì,他搜集散佚多年的闽南歌谣。,tā sōu jí sàn yì duō nián de mǐn nán gē yáo.,He collects Minnan songs lost for many years.
2,鹬蚌相争,yù bàng xiāng zhēng,双方互不相让，如同鹬蚌相争。,"shuāng fāng hù bù xiāng ràng, rú tóng yù bàng xiāng zhēng.","Neither side yields, like the battling bird and clam."
0,必要,bì yào,这个问题仍然存在，有必要继续讨论。,"zhè ge wèn tí réng rán cún zài, yǒu bì yào jì xù tǎo lùn.","This problem still exists, so further discussion is necessary."
0,毕业,bì yè,毕业后的她在静谧的小镇工作。,bì yè hòu de tā zài jìng mì de xiǎo zhèn gōng zuò.,"After graduating, she worked in a quiet little town."
2,静谧,jìng mì,毕业后的她在静谧的小镇工作。,bì yè hòu de tā zài jìng mì de xiǎo zhèn gōng zuò.,"After graduating, she worked in a quiet little town."
0,蜂蜜,fēng mì,她把蜂蜜涂在面包上，留给孙子吃。,"tā bǎ fēng mì tú zài miàn bāo shàng, liú gěi sūn zi chī.",She spread honey on bread for her grandson.
0,匹配,pǐ pèi,两件零件尺寸匹配，配合良好。,"liǎng jiàn líng jiàn chǐ cun pǐ pèi, pèi hé liáng hǎo.",The two parts match in size and fit well.
1,缝纫,féng rèn,缝纫前，先量好衬衫的尺寸。,"féng rèn qián, xiān liáng hǎo chèn shān de chǐ cun.","Before sewing, measure the shirt's dimensions carefully."
0,填写,tián xiě,请填写姓名，并选择报名的月份。,"qǐng tián xiě xìng míng, bìng xuǎn zé bào míng de yuè fèn.",Please enter your name and select the month for registration.
0,屯兵,tún bīng,边塞屯兵，士卒日夜巡守。,"biān sài tún bīng, shì zú rì yè xún shǒu.",Troops are stationed at the frontier and guard it day and night.
0,屯留,tún liú,他们清晨出发，下午抵达屯留。,"tā men qīng chén chū fā, xià wǔ dǐ dá tún liú.",They leave in the morning and reach Tunliu that afternoon.
0,珍惜,zhēn xī,他珍惜这枚象征吉祥的玉佩。,tā zhēn xī zhè méi xiàng zhēng jí xiáng de yù pèi.,He treasures the jade pendant that symbolizes good fortune.
0,镇定,zhèn dìng,千钧一发之际，她仍保持镇定。,"qiān jūn yī fà zhī jì, tā réng bǎo chí zhèn dìng.",She remains calm at the critical moment.
0,灰尘,huī chén,清除窗上灰尘后，房间显著变亮。,"qīng chú chuāng shàng huī chén hòu, fáng jiān xiǎn zhù biàn liàng.",Removing dust from the window makes the room noticeably brighter.
0,陈旧,chén jiù,仓库按新旧分别存放陈旧工具。,cāng kù àn xīn jiù fēn bié cún fàng chén jiù gōng jù.,The warehouse separates old tools from newer ones.
0,趁机,chèn jī,遇到塞车，他趁机查看地图。,"yù dào sāi chē, tā chèn jī chá kàn dì tú.","Caught in traffic, he takes the chance to check the map."
0,毛巾,máo jīn,他用干净的毛巾擦拭手腕。,tā yòng gān jìng de máo jīn cā shì shǒu wàn.,He wiped his wrist with a clean towel.
0,白银,bái yín,展柜分别陈列白银和陨石。,zhǎn guì fēn bié chén liè bái yín hé yǔn shí.,The case displays silver and a meteorite separately.
2,一望无垠,yī wàng wú yín,一望无垠的原野绿草如茵。,yī wàng wú yín de yuán yě lǜ cǎo rú yīn.,The endless plain is covered in lush green grass.
0,月份,yuè fèn,请填写姓名，并选择报名的月份。,"qǐng tián xiě xìng míng, bìng xuǎn zé bào míng de yuè fèn.",Please enter your name and select the month for registration.
1,彬彬有礼,bīn bīn yǒu lǐ,侄子彬彬有礼地向客人打招呼。,zhí zi bīn bīn yǒu lǐ de xiàng kè rén dǎ zhāo hu.,My nephew greeted the guests politely.
2,岷山,mín shān,岷山峻峭，千仞绝壁令人惊叹。,"mín shān jùn qiào, qiān rèn jué bì lìng rén jīng tàn.",Min Mountain's towering cliffs inspire awe.
1,闽南,mǐn nán,他搜集散佚多年的闽南歌谣。,tā sōu jí sàn yì duō nián de mǐn nán gē yáo.,He collects Minnan songs lost for many years.
1,陨石,yǔn shí,展柜分别陈列白银和陨石。,zhǎn guì fēn bié chén liè bái yín hé yǔn shí.,The case displays silver and a meteorite separately.
1,怜悯,lián mǐn,穿着鹑衣的老人令人怜悯。,chuān zhe chún yī de lǎo rén lìng rén lián mǐn.,The old man in ragged clothes inspires pity.
0,敏捷,mǐn jié,骏马动作敏捷，跃过低矮围栏。,"jùn mǎ dòng zuò mǐn jié, yuè guò dī ǎi wéi lán.",The swift horse leaps over the low fence.
1,窘迫,jiǒng pò,他窘迫地蹲下，拾起散落的钱币。,"tā jiǒng pò de dūn xià, shí qǐ sàn luò de qián bì.","Embarrassed, he crouches to gather the scattered coins."
0,细菌,xì jūn,实验检查样品内部是否有细菌。,shí yàn jiǎn chá yàng pǐn nèi bù shì fǒu yǒu xì jūn.,The experiment checks for bacteria inside the sample.
0,阵地,zhèn dì,阵地失守后，整座城池沦陷。,"zhèn dì shī shǒu hòu, zhěng zuò chéng chí lún xiàn.","The defensive position falls, followed by the whole city."
0,衬衫,chèn shān,缝纫前，先量好衬衫的尺寸。,"féng rèn qián, xiān liáng hǎo chèn shān de chǐ cun.","Before sewing, measure the shirt's dimensions carefully."
2,怀瑾握瑜,huái jǐn wò yú,诗中用怀瑾握瑜赞美高洁品德。,shī zhōng yòng huái jǐn wò yú zàn měi gāo jié pǐn dé.,The poem praises noble character through the image of treasured jade.
0,仅仅,jǐn jǐn,盒子里仅仅剩下一支铅笔。,hé zi lǐ jǐn jǐn shèng xià yī zhī qiān bǐ.,Only one pencil remains in the box.
1,茁壮,zhuó zhuàng,合理使用磷肥有助于作物茁壮生长。,hé lǐ shǐ yòng lín féi yǒu zhù yú zuò wù zhuó zhuàng shēng zhǎng.,Proper use of phosphate fertilizer helps crops grow strongly.
1,窒息,zhì xī,烟雾使人窒息，现场怵目惊心。,"yān wù shǐ rén zhì xī, xiàn chǎng chù mù jīng xīn.",The choking smoke makes the scene horrifying.
2,怵目惊心,chù mù jīng xīn,烟雾使人窒息，现场怵目惊心。,"yān wù shǐ rén zhì xī, xiàn chǎng chù mù jīng xīn.",The choking smoke makes the scene horrifying.
0,秩序,zhì xù,警员巡逻，维持街上的秩序。,"jǐng yuán xún luó, wéi chí jiē shang de zhì xù.",Officers patrol to keep order in the street.
0,侄子,zhí zi,侄子彬彬有礼地向客人打招呼。,zhí zi bīn bīn yǒu lǐ de xiàng kè rén dǎ zhāo hu.,My nephew greeted the guests politely.
0,乙方,yǐ fāng,甲方与乙方的意见存在矛盾。,jiǎ fāng yǔ yǐ fāng de yì jiàn cún zài máo dùn.,The two contracting parties hold conflicting views.
0,铅笔,qiān bǐ,盒子里仅仅剩下一支铅笔。,hé zi lǐ jǐn jǐn shèng xià yī zhī qiān bǐ.,Only one pencil remains in the box.
2,栉风沐雨,zhì fēng mù yǔ,他舍弃安逸生活，栉风沐雨地考察。,"tā shě qì ān yì shēng huó, zhì fēng mù yǔ de kǎo chá.",He leaves a comfortable life for demanding fieldwork.
1,瑟瑟,sè sè,寒风中，小狗冷得瑟瑟发抖。,"hán fēng zhōng, xiǎo gǒu lěng de sè sè fā dǒu.",The puppy shivered in the cold wind.
1,虱子,shī zi,他坐在树根旁，清理衣上的虱子。,"tā zuò zài shù gēn páng, qīng lǐ yī shàng de shī zi.",He sits beside the tree root and removes lice from his clothes.
0,吞咽,tūn yàn,吞咽时喉咙疼痛，他放下了筷子。,"tūn yàn shí hóu lóng téng tòng, tā fàng xià le kuài zi.","His throat hurt when he swallowed, so he put down his chopsticks."
0,树根,shù gēn,他坐在树根旁，清理衣上的虱子。,"tā zuò zài shù gēn páng, qīng lǐ yī shàng de shī zi.",He sits beside the tree root and removes lice from his clothes.
0,痕迹,hén jì,沙滩上留下孩子奔跑的痕迹。,shā tān shàng liú xià hái zi bēn pǎo de hén jì.,The children left footprints as they ran across the beach.
0,恩情,ēn qíng,受助村民铭记赈灾者的恩情。,shòu zhù cūn mín míng jì zhèn zāi zhě de ēn qíng.,The villagers remember the disaster volunteers' kindness.
0,开垦,kāi kěn,开垦结束后，他坐下揉揉臀部。,"kāi kěn jié shù hòu, tā zuò xia róu róu tún bù.","After clearing the land, he sits and rubs his sore bottom."
0,诚恳,chéng kěn,他诚恳回答问题，通过遴选。,"tā chéng kěn huí dá wèn tí, tōng guò lín xuǎn.",He answers sincerely and passes the selection process.
0,很好,hěn hǎo,他胃口很好，一下吃了两碗面条。,"tā wèi kǒu hěn hǎo, yī xià chī le liǎng wǎn miàn tiáo.",He has a good appetite and ate two bowls of noodles at once.
0,仇恨,chóu hèn,他放下仇恨，学会尊重对方。,"tā fàng xià chóu hèn, xué huì zūn zhòng duì fāng.",He let go of his hatred and learned to respect the other person.
1,土墩,tǔ dūn,孩子把石块放在小土墩上。,hái zi bǎ shí kuài fàng zài xiǎo tǔ dūn shàng.,The child puts a stone on the little mound.
2,炖煮,dùn zhǔ,汤汁经过炖煮，味道更加醇厚。,"tāng zhī jīng guò dùn zhǔ, wèi dao gèng jiā chún hòu.",Simmering gives the broth a richer flavor.
1,臀部,tún bù,开垦结束后，他坐下揉揉臀部。,"kāi kěn jié shù hòu, tā zuò xia róu róu tún bù.","After clearing the land, he sits and rubs his sore bottom."
2,海豚,hǎi tún,海豚游到船边，靠近游客。,"hǎi tún yóu dào chuán biān, kào jìn yóu kè.",The dolphin swam to the boat and approached the visitors.
2,混沌,hùn dùn,传说天地最初是一片混沌。,chuán shuō tiān dì zuì chū shì yī piàn hùn dùn.,Legend says heaven and earth began in a state of chaos.
0,尊重,zūn zhòng,他放下仇恨，学会尊重对方。,"tā fàng xià chóu hèn, xué huì zūn zhòng duì fāng.",He let go of his hatred and learned to respect the other person.
0,村庄,cūn zhuāng,蜿蜒的小路通向安静的村庄。,wān yán de xiǎo lù tōng xiàng ān jìng de cūn zhuāng.,The winding path leads to a quiet village.
0,蹲下,dūn xià,他窘迫地蹲下，拾起散落的钱币。,"tā jiǒng pò de dūn xià, shí qǐ sàn luò de qián bì.","Embarrassed, he crouches to gather the scattered coins."
0,孙子,sūn zi,她把蜂蜜涂在面包上，留给孙子吃。,"tā bǎ fēng mì tú zài miàn bāo shàng, liú gěi sūn zi chī.",She spread honey on bread for her grandson.
0,子孙,zǐ sūn,他的功勋受到子孙的敬重。,tā de gōng xūn shòu dào zǐ sūn de jìng zhòng.,His descendants honor his achievements.
0,昆仑,kūn lún,诗人以昆仑和云彩描绘乾坤。,shī rén yǐ kūn lún hé yún cai miáo huì qián kūn.,The poet portrays the world through Kunlun and clouds.
0,乾坤,qián kūn,诗人以昆仑和云彩描绘乾坤。,shī rén yǐ kūn lún hé yún cai miáo huì qián kūn.,The poet portrays the world through Kunlun and clouds.
0,黄昏,huáng hūn,黄昏前，他曾看见一圈日晕。,"huáng hūn qián, tā céng kàn jiàn yī quān rì yùn.",He sees a halo around the sun before dusk.
0,结婚,jié hūn,他们结婚后，搬进了温暖的新家。,"tā men jié hūn hòu, bān jìn le wēn nuǎn de xīn jiā.","After getting married, they moved into a warm new home."
0,浑人,hún rén,那个浑人一脸忿怒，不肯讲理。,"nà ge hún rén yī liǎn fèn nù, bù kěn jiǎng lǐ.",The unreasonable man looks angry and refuses to listen.
0,温度,wēn dù,温度上升了，工人打开大门通风。,"wēn dù shàng shēng le, gōng rén dǎ kāi dà mén tōng fēng.","The temperature rose, so the workers opened the main door for ventilation."
0,奔跑,bēn pǎo,沙滩上留下孩子奔跑的痕迹。,shā tān shàng liú xià hái zi bēn pǎo de hén jì.,The children left footprints as they ran across the beach.
0,脸盆,liǎn pén,孩子朝脸盆喷水，弄湿了衣袖。,"hái zi cháo liǎn pén pēn shuǐ, nòng shī le yī xiù.","The child sprays water into the basin, wetting his sleeves."
0,大门,dà mén,温度上升了，工人打开大门通风。,"wēn dù shàng shēng le, gōng rén dǎ kāi dà mén tōng fēng.","The temperature rose, so the workers opened the main door for ventilation."
0,喷水,pēn shuǐ,孩子朝脸盆喷水，弄湿了衣袖。,"hái zi cháo liǎn pén pēn shuǐ, nòng shī le yī xiù.","The child sprays water into the basin, wetting his sleeves."
2,遁逃,dùn táo,盗贼遁逃后，仍在山间逃窜。,"dào zéi dùn táo hòu, réng zài shān jiān táo cuàn.","After fleeing, the thief keeps running through the hills."
2,思忖,sī cǔn,她思忖片刻，轻轻叹气。,"tā sī cǔn piàn kè, qīng qīng tàn qì.",She thinks for a moment and sighs softly.
2,鳟鱼,zūn yú,这条鳟鱼生活在清凉的溪流里。,zhè tiáo zūn yú shēng huó zài qīng liáng de xī liú lǐ.,This trout lives in a cool stream.
0,损失,sǔn shī,他把混乱的情况稳定下来，减少损失。,"tā bǎ hùn luàn de qíng kuàng wěn dìng xià lai, jiǎn shǎo sǔn shī.",He stabilized the chaotic situation and reduced the losses.
0,棍棒,gùn bàng,他把棍棒和竹竿竖在墙边。,tā bǎ gùn bàng hé zhú gān shù zài qiáng biān.,He stands the club and bamboo pole against the wall.
0,混乱,hùn luàn,他把混乱的情况稳定下来，减少损失。,"tā bǎ hùn luàn de qíng kuàng wěn dìng xià lai, jiǎn shǎo sǔn shī.",He stabilized the chaotic situation and reduced the losses.
0,稳定,wěn dìng,商品涨价了，顾客希望价格稳定。,"shāng pǐn zhǎng jià le, gù kè xī wàng jià gé wěn dìng.","Prices have risen, and customers hope they will stabilize."
0,根本,gēn běn,他根本没有安顿好，暂时不能出差。,"tā gēn běn méi yǒu ān dùn hǎo, zàn shí bù néng chū chāi.",He has not settled in at all and cannot travel for work yet.
0,笨拙,bèn zhuō,他动作笨拙，反应也有些迟钝。,"tā dòng zuò bèn zhuō, fǎn yìng yě yǒu xiē chí dùn.","His movements are clumsy, and his reactions are slow."
2,畚箕,běn jī,他用畚箕装走木屑和麦秆。,tā yòng běn jī zhuāng zǒu mù xiè hé mài gǎn.,He carries off sawdust and wheat stalks in a basket.
0,安顿,ān dùn,他根本没有安顿好，暂时不能出差。,"tā gēn běn méi yǒu ān dùn hǎo, zàn shí bù néng chū chāi.",He has not settled in at all and cannot travel for work yet.
0,冒顿,mò dú,冒顿是匈奴历史上的著名单于。,mò dú shì xiōng nú lì shǐ shàng de zhù míng chán yú.,Modu was a famous Xiongnu ruler.
1,迟钝,chí dùn,他动作笨拙，反应也有些迟钝。,"tā dòng zuò bèn zhuō, fǎn yìng yě yǒu xiē chí dùn.","His movements are clumsy, and his reactions are slow."
0,嫩绿,nèn lǜ,嫩绿叶间的薰衣草散发芬芳。,nèn lǜ yè jiān de xūn yī cǎo sàn fā fēn fāng.,The lavender among fresh green leaves gives off fragrance.
0,尺寸,chǐ cun,缝纫前，先量好衬衫的尺寸。,"féng rèn qián, xiān liáng hǎo chèn shān de chǐ cun.","Before sewing, measure the shirt's dimensions carefully."
1,谦逊,qiān xùn,谦逊的老师从不咄咄逼人地提问。,qiān xùn de lǎo shī cóng bù duō duō bī rén de tí wèn.,The modest teacher never asks questions aggressively.
0,困难,kùn nan,舅舅负责帮助有困难的妇女。,jiù jiu fù zé bāng zhù yǒu kùn nan de fù nǚ.,My uncle is responsible for helping women in need.
0,郁闷,yù mèn,郁闷时，他喜欢去河边散步。,"yù mèn shí, tā xǐ huan qù hé biān sàn bù.","When feeling down, he enjoys walking by the river."
2,咄咄逼人,duō duō bī rén,谦逊的老师从不咄咄逼人地提问。,qiān xùn de lǎo shī cóng bù duō duō bī rén de tí wèn.,The modest teacher never asks questions aggressively.
0,突然,tū rán,老虎突然攻击了附近的野兽。,lǎo hǔ tū rán gōng jī le fù jìn de yě shòu.,The tiger suddenly attacked an animal nearby.
1,凸显,tū xiǎn,端正的坐姿凸显他的认真态度。,duān zhèng de zuò zī tū xiǎn tā de rèn zhēn tài dù.,His upright posture highlights his attentive attitude.
0,木屑,mù xiè,他用畚箕装走木屑和麦秆。,tā yòng běn jī zhuāng zǒu mù xiè hé mài gǎn.,He carries off sawdust and wheat stalks in a basket.
0,骨头,gǔ tou,小狗叼着骨头，在光滑的地板上走。,"xiǎo gǒu diāo zhe gǔ tou, zài guāng huá de dì bǎn shàng zǒu.",The puppy walked across the smooth floor with a bone in its mouth.
0,光滑,guāng huá,小狗叼着骨头，在光滑的地板上走。,"xiǎo gǒu diāo zhe gǔ tou, zài guāng huá de dì bǎn shàng zǒu.",The puppy walked across the smooth floor with a bone in its mouth.
0,滑稽,huá jī,演员滑稽的动作逗得孩子哈哈大笑。,yǎn yuán huá jī de dòng zuò dòu de hái zi hā hā dà xiào.,The actor's funny movements made the children laugh loudly.
2,突兀,tū wù,那声突兀的叫喊使他一阵恍惚。,nà shēng tū wù de jiào hǎn shǐ tā yī zhèn huǎng hū.,The sudden shout briefly leaves him dazed.
1,恍惚,huǎng hū,那声突兀的叫喊使他一阵恍惚。,nà shēng tū wù de jiào hǎn shǐ tā yī zhèn huǎng hū.,The sudden shout briefly leaves him dazed.
0,忽然,hū rán,忽然有人喊他，他转动脖子回头。,"hū rán yǒu rén hǎn tā, tā zhuǎn dòng bó zi huí tóu.","Someone suddenly called him, and he turned his head to look back."
0,脖子,bó zi,忽然有人喊他，他转动脖子回头。,"hū rán yǒu rén hǎn tā, tā zhuǎn dòng bó zi huí tóu.","Someone suddenly called him, and he turned his head to look back."
1,渤海,bó hǎi,晨风吹过渤海，海面泛起波澜。,"chén fēng chuī guò bó hǎi, hǎi miàn fàn qǐ bō lán.",The morning wind ripples the Bohai Sea.
1,勃发,bó fā,春日万物勃发，树林焕发生机。,"chūn rì wàn wù bó fā, shù lín huàn fā shēng jī.",Spring growth brings fresh life to the woods.
0,没有,méi yǒu,他们的爱情没有被战争摧毁。,tā men de ài qíng méi yǒu bèi zhàn zhēng cuī huǐ.,Their love was not destroyed by the war.
0,筋骨,jīn gǔ,他筋骨结实，体格十分强悍。,"tā jīn gǔ jiē shí, tǐ gé shí fēn qiáng hàn.",He is solidly built and physically powerful.
0,斤两,jīn liǎng,他们核对货物斤两，再分摊费用。,"tā men hé duì huò wù jīn liǎng, zài fēn tān fèi yòng.",They check the goods' weight before sharing the cost.
2,牙龈,yá yín,刷牙时，要清洁牙齿和牙龈。,"shuā yá shí, yào qīng jié yá chǐ hé yá yín.","When brushing, clean both your teeth and your gums."
0,欣赏,xīn shǎng,我佩服她的勇气，也欣赏她的耐心。,"wǒ pèi fú tā de yǒng qì, yě xīn shǎng tā de nài xīn.",I admire her courage and appreciate her patience.
1,殷切,yīn qiè,家人殷切期望他继续奋斗。,jiā rén yīn qiè qī wàng tā jì xù fèn dòu.,His family earnestly hopes he will keep striving.
1,殷红,yān hóng,绸布上有殷红色的花纹。,chóu bù shàng yǒu yān hóng sè de huā wén.,The silk bears dark red patterns.
0,芹菜,qín cài,汤里有芹菜、蔓菁和淡淡酸味。,"tāng lǐ yǒu qín cài, mán jing hé dàn dàn suān wèi.","The soup contains celery, turnips, and a mild sourness."
0,勤奋,qín fèn,勤奋的学生不会隐藏自己的问题。,qín fèn de xué sheng bù huì yǐn cáng zì jǐ de wèn tí.,A diligent student does not hide questions they need help with.
0,隐藏,yǐn cáng,间谍隐藏身份，秘密搜集资料。,"jiàn dié yǐn cáng shēn fèn, mì mì sōu jí zī liào.",The spy concealed his identity and secretly collected information.
0,远近,yuǎn jìn,宽阔道路连接远近各个村庄。,kuān kuò dào lù lián jiē yuǎn jìn gè gè cūn zhuāng.,The broad road connects villages near and far.
0,靠近,kào jìn,海豚游到船边，靠近游客。,"hǎi tún yóu dào chuán biān, kào jìn yóu kè.",The dolphin swam to the boat and approached the visitors.
0,口吃,kǒu chī,他坦白自己有口吃，希望得到理解。,"tā tǎn bái zì jǐ yǒu kǒu chī, xī wàng dé dào lǐ jiě.",He openly explains his stutter and hopes for understanding.
0,吃饭,chī fàn,主人真诚地邀请我留下来吃饭。,zhǔ rén zhēn chéng de yāo qǐng wǒ liú xià lái chī fàn.,The host sincerely invited me to stay for a meal.
0,吃食,chī shí,白鹳在河畔吃食，动作缓慢。,"bái guàn zài hé pàn chī shí, dòng zuò huǎn màn.",The stork feeds slowly by the river.
0,乞讨,qǐ tǎo,看见老人乞讨，她感到惋惜。,"kàn jiàn lǎo rén qǐ tǎo, tā gǎn dào wǎn xī.",Seeing the old man beg saddens her.
1,屹立,yì lì,高塔屹立在重重山峦之间。,gāo tǎ yì lì zài chóng chóng shān luán zhī jiān.,The tower stands among layers of mountains.
1,迄今,qì jīn,迄今，这支军队还没有到达村庄。,"qì jīn, zhè zhī jūn duì hái méi yǒu dào dá cūn zhuāng.","So far, this army has not reached the village."
0,军队,jūn duì,迄今，这支军队还没有到达村庄。,"qì jīn, zhè zhī jūn duì hái méi yǒu dào dá cūn zhuāng.","So far, this army has not reached the village."
0,君子,jūn zǐ,诗人称赞君子的一片丹心。,shī rén chēng zàn jūn zǐ de yī piàn dān xīn.,The poet praises the gentleman's loyal heart.
2,薰衣草,xūn yī cǎo,嫩绿叶间的薰衣草散发芬芳。,nèn lǜ yè jiān de xūn yī cǎo sàn fā fēn fāng.,The lavender among fresh green leaves gives off fragrance.
2,微醺,wēi xūn,宾客微醺，在园中般乐。,"bīn kè wēi xūn, zài yuán zhōng pán lè.","Slightly tipsy, the guests enjoy themselves in the garden."
1,熏制,xūn zhì,厨师用木烟熏制鲜美鳗鱼。,chú shī yòng mù yān xūn zhì xiān měi mán yú.,The cook smokes the fresh eel over wood.
1,功勋,gōng xūn,他的功勋受到子孙的敬重。,tā de gōng xūn shòu dào zǐ sūn de jìng zhòng.,His descendants honor his achievements.
1,蕴含,yùn hán,这篇散文蕴含深厚的故乡情。,zhè piān sǎn wén yùn hán shēn hòu de gù xiāng qíng.,The essay carries deep affection for home.
0,云云,yún yún,他感叹往事，只说辛苦云云。,"tā gǎn tàn wǎng shì, zhǐ shuō xīn kǔ yún yún.","He reflects on the past, mentioning hardship and so on."
0,云彩,yún cai,诗人以昆仑和云彩描绘乾坤。,shī rén yǐ kūn lún hé yún cai miáo huì qián kūn.,The poet portrays the world through Kunlun and clouds.
2,芸芸众生,yún yún zhòng shēng,这幅画描绘芸芸众生的欢乐。,zhè fú huà miáo huì yún yún zhòng shēng de huān lè.,The painting depicts ordinary people's joys.
0,人员,rén yuán,工作人员在门口分开检查行李。,gōng zuò rén yuán zài mén kǒu fēn kāi jiǎn chá xíng li.,The staff inspected the luggage separately at the entrance.
2,耕耘,gēng yún,农民辛勤耕耘，等待秋天收获。,"nóng mín xīn qín gēng yún, děng dài qiū tiān shōu huò.",The farmers work the fields diligently and wait for the autumn harvest.
0,分开,fēn kāi,工作人员在门口分开检查行李。,gōng zuò rén yuán zài mén kǒu fēn kāi jiǎn chá xíng li.,The staff inspected the luggage separately at the entrance.
0,本分,běn fèn,尽好本分，不应袒护做错事的人。,"jǐn hǎo běn fèn, bù yīng tǎn hù zuò cuò shì de rén.",Do your duty without shielding those who act wrongly.
0,打扮,dǎ ban,她认真打扮，准备参加学校表演。,"tā rèn zhēn dǎ ban, zhǔn bèi cān jiā xué xiào biǎo yǎn.",She dressed carefully to take part in the school performance.
1,焚烧,fén shāo,木炭不是直接焚烧后留下的灰。,mù tàn bù shì zhí jiē fén shāo hòu liú xià de huī.,Charcoal is not simply ash left after open burning.
1,颁布,bān bù,新法颁布后，传达到各个郡县。,"xīn fǎ bān bù hòu, chuán dá dào gè gè jùn xiàn.","After the law is issued, it reaches every local district."
1,氛围,fēn wéi,花旦登台，戏院氛围顿时热烈。,"huā dàn dēng tái, xì yuàn fēn wéi dùn shí rè liè.",The young female-role performer livens up the theater.
0,新闻,xīn wén,新闻报道了蚊子传播疾病的问题。,xīn wén bào dào le wén zi chuán bō jí bìng de wèn tí.,The news reported on mosquitoes spreading disease.
0,文过,wén guò,他企图文过饰非，瞒骗众人。,"tā qǐ tú wén guò shì fēi, mán piàn zhòng rén.",He tries to hide his faults and deceive everyone.
0,蚊子,wén zi,新闻报道了蚊子传播疾病的问题。,xīn wén bào dào le wén zi chuán bō jí bìng de wèn tí.,The news reported on mosquitoes spreading disease.
0,花纹,huā wén,绸布上有殷红色的花纹。,chóu bù shàng yǒu yān hóng sè de huā wén.,The silk bears dark red patterns.
0,芬芳,fēn fāng,嫩绿叶间的薰衣草散发芬芳。,nèn lǜ yè jiān de xūn yī cǎo sàn fā fēn fāng.,The lavender among fresh green leaves gives off fragrance.
1,酝酿,yùn niàng,委员会正酝酿新的拨款方案。,wěi yuán huì zhèng yùn niàng xīn de bō kuǎn fāng àn.,The committee is developing a new funding plan.
0,粉末,fěn mò,这包白色粉末是做蛋糕用的面粉。,zhè bāo bái sè fěn mò shì zuò dàn gāo yòng de miàn fěn.,This white powder is flour for making a cake.
0,愤怒,fèn nù,他虽然愤怒，仍接受了这次教训。,"tā suī rán fèn nù, réng jiē shòu le zhè cì jiào xun.","Although angry, he accepted the lesson from the experience."
2,自刎,zì wěn,故事中的将士恩断义绝后自刎。,gù shi zhōng de jiàng shì ēn duàn yì jué hòu zì wěn.,The soldier in the story severs all ties before taking his own life.
1,亲吻,qīn wěn,妈妈亲吻孩子的额头，让他安心。,"mā ma qīn wěn hái zi de é tóu, ràng tā ān xīn.",Mom kissed the child's forehead to reassure him.
1,忿怒,fèn nù,那个浑人一脸忿怒，不肯讲理。,"nà ge hún rén yī liǎn fèn nù, bù kěn jiǎng lǐ.",The unreasonable man looks angry and refuses to listen.
0,教训,jiào xun,他虽然愤怒，仍接受了这次教训。,"tā suī rán fèn nù, réng jiē shòu le zhè cì jiào xun.","Although angry, he accepted the lesson from the experience."
0,运动,yùn dòng,适量运动可以帮助身体恢复。,shì liàng yùn dòng kě yǐ bāng zhù shēn tǐ huī fù.,Moderate exercise can help the body recover.
0,押韵,yā yùn,老师讲解汉族民歌的押韵方式。,lǎo shī jiǎng jiě hàn zú mín gē de yā yùn fāng shì.,The teacher explains rhyme in Han folk songs.
0,日晕,rì yùn,黄昏前，他曾看见一圈日晕。,"huáng hūn qián, tā céng kàn jiàn yī quān rì yùn.",He sees a halo around the sun before dusk.
0,头晕,tóu yūn,他流汗太多，感到有些头晕。,"tā liú hàn tài duō, gǎn dào yǒu xiē tóu yūn.",He sweats heavily and feels a little dizzy.
0,粪便,fèn biàn,研究员观察水獭粪便中的食物残渣。,yán jiū yuán guān chá shuǐ tǎ fèn biàn zhōng de shí wù cán zhā.,The researcher examines food remains in otter droppings.
0,奋斗,fèn dòu,家人殷切期望他继续奋斗。,jiā rén yīn qiè qī wàng tā jì xù fèn dòu.,His family earnestly hopes he will keep striving.
2,拚命,pàn mìng,他拚命跋涉，终于越过山岭。,"tā pàn mìng bá shè, zhōng yú yuè guò shān lǐng.",He struggles onward and finally crosses the ridge.
0,问题,wèn tí,讨论问题时可以批评，不能侮辱他人。,"tǎo lùn wèn tí shí kě yǐ pī píng, bù néng wǔ rǔ tā rén.","You can offer criticism when discussing a problem, but do not insult anyone."
1,紊乱,wěn luàn,交通紊乱延缓了救援车抵达。,jiāo tōng wěn luàn yán huǎn le jiù yuán chē dǐ dá.,Traffic disorder delays the rescue vehicle.
2,郡县,jùn xiàn,新法颁布后，传达到各个郡县。,"xīn fǎ bān bù hòu, chuán dá dào gè gè jùn xiàn.","After the law is issued, it reaches every local district."
0,委曲,wěi qū,她说明事情的委曲，求得家人宽容。,"tā shuō míng shì qing de wěi qū, qiú dé jiā rén kuān róng.",She explains the full circumstances and asks her family for understanding.
2,弗如,fú rú,单纯论技艺，他承认自己弗如对手。,"dān chún lùn jì yì, tā chéng rèn zì jǐ fú rú duì shǒu.","In skill alone, he admits he is inferior to his opponent."
0,佛教,fó jiào,她参观寺庙，了解佛教的历史。,"tā cān guān sì miào, liǎo jiě fó jiào de lì shǐ.",She visited the temple to learn about the history of Buddhism.
0,仿佛,fǎng fú,雾里的小屋仿佛一座城堡。,wù lǐ de xiǎo wū fǎng fú yī zuò chéng bǎo.,The cottage in the mist looks like a castle.
0,物品,wù pǐn,请勿把贵重物品放在窗边。,qǐng wù bǎ guì zhòng wù pǐn fàng zài chuāng biān.,Please do not leave valuable items beside the window.
0,请勿,qǐng wù,请勿把贵重物品放在窗边。,qǐng wù bǎ guì zhòng wù pǐn fàng zài chuāng biān.,Please do not leave valuable items beside the window.
1,拂晓,fú xiǎo,拂晓时，道观的钟声传遍山谷。,"fú xiǎo shí, dào guàn de zhōng shēng chuán biàn shān gǔ.",The Daoist temple bell echoes through the valley at dawn.
0,挖掘,wā jué,团队挖掘旧址，研究古城的崛起。,"tuán duì wā jué jiù zhǐ, yán jiū gǔ chéng de jué qǐ.",The team excavates the site to study the ancient city's rise.
0,倔强,jué jiàng,他很倔强，但是愿意听老师解释。,"tā hěn jué jiàng, dàn shì yuàn yì tīng lǎo shī jiě shì.",He is stubborn but willing to listen to the teacher's explanation.
2,崛起,jué qǐ,团队挖掘旧址，研究古城的崛起。,"tuán duì wā jué jiù zhǐ, yán jiū gǔ chéng de jué qǐ.",The team excavates the site to study the ancient city's rise.
0,端正,duān zhèng,端正的坐姿凸显他的认真态度。,duān zhèng de zuò zī tū xiǎn tā de rèn zhēn tài dù.,His upright posture highlights his attentive attitude.
0,单纯,dān chún,单纯论技艺，他承认自己弗如对手。,"dān chún lùn jì yì, tā chéng rèn zì jǐ fú rú duì shǒu.","In skill alone, he admits he is inferior to his opponent."
0,单于,chán yú,冒顿是匈奴历史上的著名单于。,mò dú shì xiōng nú lì shǐ shàng de zhù míng chán yú.,Modu was a famous Xiongnu ruler.
0,丹心,dān xīn,诗人称赞君子的一片丹心。,shī rén chēng zàn jūn zǐ de yī piàn dān xīn.,The poet praises the gentleman's loyal heart.
2,湍急,tuān jí,湍急的河水阻拦了他们的去路。,tuān jí de hé shuǐ zǔ lán le tā men de qù lù.,The swift river blocks their route.
0,叹气,tàn qì,她思忖片刻，轻轻叹气。,"tā sī cǔn piàn kè, qīng qīng tàn qì.",She thinks for a moment and sighs softly.
0,分摊,fēn tān,他们核对货物斤两，再分摊费用。,"tā men hé duì huò wù jīn liǎng, zài fēn tān fèi yòng.",They check the goods' weight before sharing the cost.
0,沙滩,shā tān,沙滩上留下孩子奔跑的痕迹。,shā tān shàng liú xià hái zi bēn pǎo de hén jì.,The children left footprints as they ran across the beach.
0,团结,tuán jié,大家在论坛上讨论如何团结合作。,dà jiā zài lùn tán shàng tǎo lùn rú hé tuán jié hé zuò.,They discuss cooperation and unity on the forum.
0,论坛,lùn tán,大家在论坛上讨论如何团结合作。,dà jiā zài lùn tán shàng tǎo lùn rú hé tuán jié hé zuò.,They discuss cooperation and unity on the forum.
1,檀木,tán mù,这件檀木家具的款式十分典雅。,zhè jiàn tán mù jiā jù de kuǎn shì shí fēn diǎn yǎ.,The sandalwood furniture has an elegant design.
0,弹药,dàn yào,守军弹药充足，令敌军忌惮。,"shǒu jūn dàn yào chōng zú, lìng dí jūn jì dàn.",The defenders' ample ammunition makes the enemy wary.
0,但是,dàn shì,他很倔强，但是愿意听老师解释。,"tā hěn jué jiàng, dàn shì yuàn yì tīng lǎo shī jiě shì.",He is stubborn but willing to listen to the teacher's explanation.
0,难民,nàn mín,难民在营地里得到了食物和毛毯。,nàn mín zài yíng dì lǐ dé dào le shí wù hé máo tǎn.,The refugees received food and blankets at the camp.
2,阑珊,lán shān,灯火阑珊处，他心广体胖地闲坐。,"dēng huǒ lán shān chù, tā xīn guǎng tǐ pán de xián zuò.","In the dim lamplight, he sits at ease with an open heart."
1,山峦,shān luán,高塔屹立在重重山峦之间。,gāo tǎ yì lì zài chóng chóng shān luán zhī jiān.,The tower stands among layers of mountains.
0,兰花,lán huā,兰花放在栏杆旁，开出了白色花朵。,"lán huā fàng zài lán gān páng, kāi chū le bái sè huā duǒ.",The orchid beside the railing produced white flowers.
1,波澜,bō lán,晨风吹过渤海，海面泛起波澜。,"chén fēng chuī guò bó hǎi, hǎi miàn fàn qǐ bō lán.",The morning wind ripples the Bohai Sea.
0,阻拦,zǔ lán,湍急的河水阻拦了他们的去路。,tuān jí de hé shuǐ zǔ lán le tā men de qù lù.,The swift river blocks their route.
0,栏杆,lán gān,兰花放在栏杆旁，开出了白色花朵。,"lán huā fàng zài lán gān páng, kāi chū le bái sè huā duǒ.",The orchid beside the railing produced white flowers.
0,钻石,zuàn shí,这家餐厅的老板收藏钻石。,zhè jiā cān tīng de lǎo bǎn shōu cáng zuàn shí.,The owner of this restaurant collects diamonds.
0,餐厅,cān tīng,这家餐厅的老板收藏钻石。,zhè jiā cān tīng de lǎo bǎn shōu cáng zuàn shí.,The owner of this restaurant collects diamonds.
2,蹒跚,pán shān,老人晏起后，步履蹒跚地出门。,"lǎo rén yàn qǐ hòu, bù lǚ pán shān de chū mén.",The old man rises late and walks out unsteadily.
0,酸味,suān wèi,汤里有芹菜、蔓菁和淡淡酸味。,"tāng lǐ yǒu qín cài, mán jing hé dàn dàn suān wèi.","The soup contains celery, turnips, and a mild sourness."
0,酸痛,suān tòng,坐得太久，我的屁股有点酸痛。,"zuò de tài jiǔ, wǒ de pì gu yǒu diǎn suān tòng.",My bottom is a little sore from sitting too long.
2,姗姗来迟,shān shān lái chí,潘老师姗姗来迟，连忙向大家致歉。,"pān lǎo shī shān shān lái chí, lián máng xiàng dà jiā zhì qiàn.",Teacher Pan arrives late and quickly apologizes.
1,棺材,guān cai,老人预备衣冠和棺材供身后使用。,lǎo rén yù bèi yī guān hé guān cai gōng shēn hòu shǐ yòng.,The old man prepares burial clothes and a coffin.
0,奸诈,jiān zhà,面对奸诈之徒，他按捺心中怒气。,"miàn duì jiān zhà zhī tú, tā àn nà xīn zhōng nù qì.",He restrains his anger toward the deceitful man.
0,肝脏,gān zàng,这份图册分别介绍肝脏与卵子。,zhè fèn tú cè fēn bié jiè shào gān zàng yǔ luǎn zǐ.,The illustrated book describes the liver and egg cells separately.
0,竹竿,zhú gān,他把棍棒和竹竿竖在墙边。,tā bǎ gùn bàng hé zhú gān shù zài qiáng biān.,He stands the club and bamboo pole against the wall.
0,参观,cān guān,她参观寺庙，了解佛教的历史。,"tā cān guān sì miào, liǎo jiě fó jiào de lì shǐ.",She visited the temple to learn about the history of Buddhism.
0,道观,dào guàn,拂晓时，道观的钟声传遍山谷。,"fú xiǎo shí, dào guàn de zhōng shēng chuán biàn shān gǔ.",The Daoist temple bell echoes through the valley at dawn.
0,衣冠,yī guān,老人预备衣冠和棺材供身后使用。,lǎo rén yù bèi yī guān hé guān cai gōng shēn hòu shǐ yòng.,The old man prepares burial clothes and a coffin.
0,冠军,guàn jūn,冠军感谢教练没有过多干涉训练。,guàn jūn gǎn xiè jiào liàn méi yǒu guò duō gān shè xùn liàn.,The champion thanked the coach for not interfering too much with training.
0,官员,guān yuán,政府采取措施，防止官员收受贿赂。,"zhèng fǔ cǎi qǔ cuò shī, fáng zhǐ guān yuán shōu shòu huì lù.",The government took measures to prevent officials from accepting bribes.
0,贯穿,guàn chuān,藤蔓贯穿篱笆，葛藤爬满墙头。,"téng wàn guàn chuān lí ba, gé téng pá mǎn qiáng tóu.","Vines thread through the fence, and kudzu covers the wall."
2,堂倌,táng guān,堂倌给客人端来热腾腾的馒头。,táng guān gěi kè rén duān lái rè téng téng de mán tou.,The waiter brings the guests steaming buns.
0,干燥,gān zào,天气干燥，她浣衣后很快晾干。,"tiān qì gān zào, tā huàn yī hòu hěn kuài liàng gān.",The dry weather lets her freshly washed clothes dry quickly.
0,干涉,gān shè,冠军感谢教练没有过多干涉训练。,guàn jūn gǎn xiè jiào liàn méi yǒu guò duō gān shè xùn liàn.,The champion thanked the coach for not interfering too much with training.
0,刊登,kān dēng,报纸刊登了看守仓库的招聘信息。,bào zhǐ kān dēng le kān shǒu cāng kù de zhāo pìn xìn xī.,The newspaper published an advertisement for a warehouse guard.
0,宽容,kuān róng,她说明事情的委曲，求得家人宽容。,"tā shuō míng shì qing de wěi qū, qiú dé jiā rén kuān róng.",She explains the full circumstances and asks her family for understanding.
0,看守,kān shǒu,报纸刊登了看守仓库的招聘信息。,bào zhǐ kān dēng le kān shǒu cāng kù de zhāo pìn xìn xī.,The newspaper published an advertisement for a warehouse guard.
0,看待,kàn dài,我们应该认真看待每个人的建议。,wǒ men yīng gāi rèn zhēn kàn dài měi ge rén de jiàn yì.,We should take everyone's suggestions seriously.
0,欢乐,huān lè,这幅画描绘芸芸众生的欢乐。,zhè fú huà miáo huì yún yún zhòng shēng de huān lè.,The painting depicts ordinary people's joys.
2,鼾声,hān shēng,帷幔后面传来低沉的鼾声。,wéi màn hòu mian chuán lái dī chén de hān shēng.,Low snores come from behind the curtains.
0,流汗,liú hàn,他流汗太多，感到有些头晕。,"tā liú hàn tài duō, gǎn dào yǒu xiē tóu yūn.",He sweats heavily and feels a little dizzy.
0,可汗,kè hán,老师分别讲述可汗与齐桓公的事迹。,lǎo shī fēn bié jiǎng shù kè hán yǔ qí huán gōng de shì jì.,The teacher recounts deeds of a khan and Duke Huan of Qi.
2,齐桓公,qí huán gōng,老师分别讲述可汗与齐桓公的事迹。,lǎo shī fēn bié jiǎng shù kè hán yǔ qí huán gōng de shì jì.,The teacher recounts deeds of a khan and Duke Huan of Qi.
1,翰林,hàn lín,翰林学士侃侃而谈，解释古文。,"hàn lín xué shì kǎn kǎn ér tán, jiě shì gǔ wén.",The imperial scholar confidently explains the classical text.
0,院子,yuàn zi,六月，我们在院子里种植竹子。,"liù yuè, wǒ men zài yuàn zi lǐ zhòng zhí zhú zi.","In June, we plant bamboo in the yard."
0,寒冷,hán lěng,天气异常寒冷，花卉很稀少。,"tiān qì yì cháng hán lěng, huā huì hěn xī shǎo.","The weather is unusually cold, and there are few flowers."
0,完成,wán chéng,伟大的航海家靠毅力完成旅程。,wěi dà de háng hǎi jiā kào yì lì wán chéng lǚ chéng.,The great navigator completes the voyage through perseverance.
1,韩国,hán guó,在韩国旅行时，他吃到了鱼丸子。,"zài hán guó lǚ xíng shí, tā chī dào le yú wán zi.","While traveling in Korea, he ate fish balls."
0,丸子,wán zi,在韩国旅行时，他吃到了鱼丸子。,"zài hán guó lǚ xíng shí, tā chī dào le yú wán zi.","While traveling in Korea, he ate fish balls."
0,安全,ān quán,他严肃地提醒大家检查建筑安全。,tā yán sù de tí xǐng dà jiā jiǎn chá jiàn zhù ān quán.,He solemnly reminds everyone to check the building's safety.
0,一般,yī bān,课间休息一般很短暂，大家抓紧喝水。,"kè jiān xiū xi yī bān hěn duǎn zàn, dà jiā zhuā jǐn hē shuǐ.","School breaks are usually brief, so everyone makes time to drink water."
0,般若,bō rě,佛教中的般若指深刻的智慧。,fó jiào zhōng de bō rě zhǐ shēn kè de zhì huì.,"In Buddhism, prajna means profound wisdom."
0,般乐,pán lè,宾客微醺，在园中般乐。,"bīn kè wēi xūn, zài yuán zhōng pán lè.","Slightly tipsy, the guests enjoy themselves in the garden."
0,盘旋,pán xuán,鸟在屋顶盘旋，像在呼唤同伴。,"niǎo zài wū dǐng pán xuán, xiàng zài hū huàn tóng bàn.",The bird circles the roof as if calling its companions.
0,馒头,mán tou,堂倌给客人端来热腾腾的馒头。,táng guān gěi kè rén duān lái rè téng téng de mán tou.,The waiter brings the guests steaming buns.
1,藤蔓,téng wàn,藤蔓贯穿篱笆，葛藤爬满墙头。,"téng wàn guàn chuān lí ba, gé téng pá mǎn qiáng tóu.","Vines thread through the fence, and kudzu covers the wall."
1,蔓菁,mán jing,汤里有芹菜、蔓菁和淡淡酸味。,"tāng lǐ yǒu qín cài, mán jing hé dàn dàn suān wèi.","The soup contains celery, turnips, and a mild sourness."
2,鳗鱼,mán yú,厨师用木烟熏制鲜美鳗鱼。,chú shī yòng mù yān xūn zhì xiān měi mán yú.,The cook smokes the fresh eel over wood.
0,瞒骗,mán piàn,他企图文过饰非，瞒骗众人。,"tā qǐ tú wén guò shì fēi, mán piàn zhòng rén.",He tries to hide his faults and deceive everyone.
1,曼妙,màn miào,美轮美奂的殿内传来曼妙乐声。,měi lún měi huàn de diàn nèi zhuàn lái màn miào lè shēng.,Beautiful music fills the magnificent hall.
0,搅拌,jiǎo bàn,她用牛奶代替水，把一切材料搅拌好。,"tā yòng niú nǎi dài tì shuǐ, bǎ yī qiè cái liào jiǎo bàn hǎo.",She used milk instead of water and mixed all the ingredients.
1,潘,pān,潘老师姗姗来迟，连忙向大家致歉。,"pān lǎo shī shān shān lái chí, lián máng xiàng dà jiā zhì qiàn.",Teacher Pan arrives late and quickly apologizes.
0,恩断义绝,ēn duàn yì jué,故事中的将士恩断义绝后自刎。,gù shi zhōng de jiàng shì ēn duàn yì jué hòu zì wěn.,The soldier in the story severs all ties before taking his own life.
0,折断,zhé duàn,他先切割木板，再折断多余部分。,"tā xiān qiē gē mù bǎn, zài zhé duàn duō yú bù fèn.",He cuts the board and breaks off the excess.
0,短暂,duǎn zàn,课间休息一般很短暂，大家抓紧喝水。,"kè jiān xiū xi yī bān hěn duǎn zàn, dà jiā zhuā jǐn hē shuǐ.","School breaks are usually brief, so everyone makes time to drink water."
0,坦白,tǎn bái,他坦白自己有口吃，希望得到理解。,"tā tǎn bái zì jǐ yǒu kǒu chī, xī wàng dé dào lǐ jiě.",He openly explains his stutter and hopes for understanding.
1,瘫痪,tān huàn,交通虽发达，暴雪仍使路网瘫痪。,"jiāo tōng suī fā dá, bào xuě réng shǐ lù wǎng tān huàn.","Despite good transport links, the blizzard paralyzes the roads."
0,诞生,dàn shēng,婴儿诞生后，家里充满欢笑。,"yīng ér dàn shēng hòu, jiā lǐ chōng mǎn huān xiào.","After the baby's birth, the house was full of laughter."
1,袒护,tǎn hù,尽好本分，不应袒护做错事的人。,"jǐn hǎo běn fèn, bù yīng tǎn hù zuò cuò shì de rén.",Do your duty without shielding those who act wrongly.
0,绸缎,chóu duàn,灿烂阳光照亮了彩色绸缎。,càn làn yáng guāng zhào liàng le cǎi sè chóu duàn.,Bright sunlight illuminates the colorful silk.
0,温暖,wēn nuǎn,他们结婚后，搬进了温暖的新家。,"tā men jié hūn hòu, bān jìn le wēn nuǎn de xīn jiā.","After getting married, they moved into a warm new home."
0,懒惰,lǎn duò,他不再懒惰，每天按时完成作业。,"tā bù zài lǎn duò, měi tiān àn shí wán chéng zuò yè.",He stopped being lazy and finished his homework on time each day.
0,卵子,luǎn zǐ,这份图册分别介绍肝脏与卵子。,zhè fèn tú cè fēn bié jiè shào gān zàng yǔ luǎn zǐ.,The illustrated book describes the liver and egg cells separately.
0,散文,sǎn wén,这篇散文蕴含深厚的故乡情。,zhè piān sǎn wén yùn hán shēn hòu de gù xiāng qíng.,The essay carries deep affection for home.
0,散步,sàn bù,郁闷时，他喜欢去河边散步。,"yù mèn shí, tā xǐ huan qù hé biān sàn bù.","When feeling down, he enjoys walking by the river."
0,计算,jì suàn,她计算总价后，决定买一把雨伞。,"tā jì suàn zǒng jià hòu, jué dìng mǎi yī bǎ yǔ sǎn.","After calculating the total cost, she decided to buy an umbrella."
0,雨伞,yǔ sǎn,嘿，你忘了带走自己的雨伞！,"hēi, nǐ wàng le dài zǒu zì jǐ de yǔ sǎn!","Hey, you forgot to take your umbrella!"
0,管理,guǎn lǐ,他负责管理花园，种下一棵新树。,"tā fù zé guǎn lǐ huā yuán, zhòng xià yī kē xīn shù.",He manages the garden and plants a new tree.
0,麦秆,mài gǎn,他用畚箕装走木屑和麦秆。,tā yòng běn jī zhuāng zǒu mù xiè hé mài gǎn.,He carries off sawdust and wheat stalks in a basket.
2,侃侃而谈,kǎn kǎn ér tán,翰林学士侃侃而谈，解释古文。,"hàn lín xué shì kǎn kǎn ér tán, jiě shì gǔ wén.",The imperial scholar confidently explains the classical text.
0,款式,kuǎn shì,这件檀木家具的款式十分典雅。,zhè jiàn tán mù jiā jù de kuǎn shì shí fēn diǎn yǎ.,The sandalwood furniture has an elegant design.
0,一棵,yī kē,他负责管理花园，种下一棵新树。,"tā fù zé guǎn lǐ huā yuán, zhòng xià yī kē xīn shù.",He manages the garden and plants a new tree.
2,浣衣,huàn yī,天气干燥，她浣衣后很快晾干。,"tiān qì gān zào, tā huàn yī hòu hěn kuài liàng gān.",The dry weather lets her freshly washed clothes dry quickly.
0,干旱,gān hàn,长期干旱使池塘渐渐干涸。,cháng qī gān hàn shǐ chí táng jiàn jiàn gān hé.,A prolonged drought gradually dried up the pond.
0,延缓,yán huǎn,交通紊乱延缓了救援车抵达。,jiāo tōng wěn luàn yán huǎn le jiù yuán chē dǐ dá.,Traffic disorder delays the rescue vehicle.
0,满意,mǎn yì,元旦那天，大家对晚饭都很满意。,"yuán dàn nà tiān, dà jiā duì wǎn fàn dōu hěn mǎn yì.","On New Year's Day, everyone was pleased with dinner."
0,元旦,yuán dàn,元旦那天，大家对晚饭都很满意。,"yuán dàn nà tiān, dà jiā duì wǎn fàn dōu hěn mǎn yì.","On New Year's Day, everyone was pleased with dinner."
0,花旦,huā dàn,花旦登台，戏院氛围顿时热烈。,"huā dàn dēng tái, xì yuàn fēn wéi dùn shí rè liè.",The young female-role performer livens up the theater.
0,锻炼,duàn liàn,游泳可以锻炼肌肉，保持健康。,"yóu yǒng kě yǐ duàn liàn jī ròu, bǎo chí jiàn kāng.",Swimming can strengthen muscles and keep you healthy.
0,感叹,gǎn tàn,他感叹往事，只说辛苦云云。,"tā gǎn tàn wǎng shì, zhǐ shuō xīn kǔ yún yún.","He reflects on the past, mentioning hardship and so on."
0,木炭,mù tàn,木炭不是直接焚烧后留下的灰。,mù tàn bù shì zhí jiē fén shāo hòu liú xià de huī.,Charcoal is not simply ash left after open burning.
2,忌惮,jì dàn,守军弹药充足，令敌军忌惮。,"shǒu jūn dàn yào chōng zú, lìng dí jūn jì dàn.",The defenders' ample ammunition makes the enemy wary.
0,段落,duàn luò,编辑修改段落，使文章更加流畅。,"biān jí xiū gǎi duàn luò, shǐ wén zhāng gèng jiā liú chàng.",The editor revised the paragraphs to make the article flow better.
0,腐烂,fǔ làn,腐烂的大蒜不能用来调味。,fǔ làn de dà suàn bù néng yòng lái tiáo wèi.,Rotten garlic cannot be used for seasoning.
0,称赞,chēng zàn,老师称赞这个办法，也赞成试一试。,"lǎo shī chēng zàn zhè ge bàn fǎ, yě zàn chéng shì yī shì.",The teacher praised the method and agreed to try it.
0,赞成,zàn chéng,所有学生举起右手，表示赞成。,"suǒ yǒu xué sheng jǔ qǐ yòu shǒu, biǎo shì zàn chéng.",All the students raised their right hands in agreement.
0,灿烂,càn làn,灿烂阳光照亮了彩色绸缎。,càn làn yáng guāng zhào liàng le cǎi sè chóu duàn.,Bright sunlight illuminates the colorful silk.
0,逃窜,táo cuàn,盗贼遁逃后，仍在山间逃窜。,"dào zéi dùn táo hòu, réng zài shān jiān táo cuàn.","After fleeing, the thief keeps running through the hills."
0,大蒜,dà suàn,腐烂的大蒜不能用来调味。,fǔ làn de dà suàn bù néng yòng lái tiáo wèi.,Rotten garlic cannot be used for seasoning.
2,白鹳,bái guàn,白鹳在河畔吃食，动作缓慢。,"bái guàn zài hé pàn chī shí, dòng zuò huǎn màn.",The stork feeds slowly by the river.
0,罐头,guàn tou,宾馆提供面包和水果罐头。,bīn guǎn tí gōng miàn bāo hé shuǐ guǒ guàn tou.,The hotel provides bread and canned fruit.
0,宾馆,bīn guǎn,宾馆提供面包和水果罐头。,bīn guǎn tí gōng miàn bāo hé shuǐ guǒ guàn tou.,The hotel provides bread and canned fruit.
0,树干,shù gàn,树干上有小洞，里面藏着昆虫。,"shù gàn shàng yǒu xiǎo dòng, lǐ miàn cáng zhe kūn chóng.",There is a small hole in the tree trunk with insects hiding inside.
0,海岸,hǎi àn,这些鸟栖息在西方海岸附近。,zhè xiē niǎo qī xī zài xī fāng hǎi àn fù jìn.,These birds live near the western coast.
0,去玩,qù wán,孩子想去玩，但先要写完作业。,"hái zi xiǎng qù wán, dàn xiān yào xiě wán zuò yè.",The child wants to go out and play but must finish the homework first.
2,美轮美奂,měi lún měi huàn,美轮美奂的殿内传来曼妙乐声。,měi lún měi huàn de diàn nèi zhuàn lái màn miào lè shēng.,Beautiful music fills the magnificent hall.
0,呼唤,hū huàn,鸟在屋顶盘旋，像在呼唤同伴。,"niǎo zài wū dǐng pán xuán, xiàng zài hū huàn tóng bàn.",The bird circles the roof as if calling its companions.
0,汉族,hàn zú,老师讲解汉族民歌的押韵方式。,lǎo shī jiǎng jiě hàn zú mín gē de yā yùn fāng shì.,The teacher explains rhyme in Han folk songs.
1,焕发,huàn fā,春日万物勃发，树林焕发生机。,"chūn rì wàn wù bó fā, shù lín huàn fā shēng jī.",Spring growth brings fresh life to the woods.
0,交换,jiāo huàn,两国通过贸易交换了商品。,liǎng guó tōng guò mào yì jiāo huàn le shāng pǐn.,The two countries exchanged goods through trade.
1,强悍,qiáng hàn,他筋骨结实，体格十分强悍。,"tā jīn gǔ jiē shí, tǐ gé shí fēn qiáng hàn.",He is solidly built and physically powerful.
2,浩瀚,hào hàn,她望着浩瀚的大海，心情渐渐平静。,"tā wàng zhe hào hàn de dà hǎi, xīn qíng jiàn jiàn píng jìng.",She gazed at the vast sea and gradually felt calmer.
0,档案,dàng àn,点击按钮，就能查看档案。,"diǎn jī àn niǔ, jiù néng chá kàn dàng àn.",Click the button to view the records.
0,按钮,àn niǔ,点击按钮，就能查看档案。,"diǎn jī àn niǔ, jiù néng chá kàn dàng àn.",Click the button to view the records.
1,手腕,shǒu wàn,他用干净的毛巾擦拭手腕。,tā yòng gān jìng de máo jīn cā shì shǒu wàn.,He wiped his wrist with a clean towel.
1,惋惜,wǎn xī,看见老人乞讨，她感到惋惜。,"kàn jiàn lǎo rén qǐ tǎo, tā gǎn dào wǎn xī.",Seeing the old man beg saddens her.
2,晏起,yàn qǐ,老人晏起后，步履蹒跚地出门。,"lǎo rén yàn qǐ hòu, bù lǚ pán shān de chū mén.",The old man rises late and walks out unsteadily.
0,一半,yī bàn,他把一半面包留给了饥饿的小狗。,tā bǎ yī bàn miàn bāo liú gěi le jī è de xiǎo gǒu.,He left half of the bread for the hungry puppy.
1,牵绊,qiān bàn,豁达的人较少受旧怨牵绊。,huò dá de rén jiào shǎo shòu jiù yuàn qiān bàn.,Open-minded people are less bound by old grievances.
0,背叛,bèi pàn,朋友的背叛让他久久无法释怀。,péng you de bèi pàn ràng tā jiǔ jiǔ wú fǎ shì huái.,His friend's betrayal troubled him for a long time.
1,河畔,hé pàn,白鹳在河畔吃食，动作缓慢。,"bái guàn zài hé pàn chī shí, dòng zuò huǎn màn.",The stork feeds slowly by the river.
0,漫长,màn cháng,漫长的等待后，他终于返回家乡。,"màn cháng de děng dài hòu, tā zhōng yú fǎn huí jiā xiāng.","After a long wait, he finally returned to his hometown."
1,帷幔,wéi màn,帷幔后面传来低沉的鼾声。,wéi màn hòu mian chuán lái dī chén de hān shēng.,Low snores come from behind the curtains.
0,判断,pàn duàn,判断之前，要了解信息的来源。,"pàn duàn zhī qián, yào liǎo jiě xìn xī de lái yuán.","Before making a judgment, find out where the information comes from."
0,心广体胖,xīn guǎng tǐ pán,灯火阑珊处，他心广体胖地闲坐。,"dēng huǒ lán shān chù, tā xīn guǎng tǐ pán de xián zuò.","In the dim lamplight, he sits at ease with an open heart."
0,发达,fā dá,交通虽发达，暴雪仍使路网瘫痪。,"jiāo tōng suī fā dá, bào xuě réng shǐ lù wǎng tān huàn.","Despite good transport links, the blizzard paralyzes the roads."
2,水獭,shuǐ tǎ,研究员观察水獭粪便中的食物残渣。,yán jiū yuán guān chá shuǐ tǎ fèn biàn zhōng de shí wù cán zhā.,The researcher examines food remains in otter droppings.
0,争夺,zhēng duó,两队争夺冠军，比赛十分激烈。,"liǎng duì zhēng duó guàn jūn, bǐ sài shí fēn jī liè.",The two teams compete fiercely for the championship.
0,脱离,tuō lí,这份报告包括脱离危险后的处理办法。,zhè fèn bào gào bāo kuò tuō lí wēi xiǎn hòu de chǔ lǐ bàn fǎ.,This report includes procedures to follow after escaping danger.
1,按捺,àn nà,面对奸诈之徒，他按捺心中怒气。,"miàn duì jiān zhà zhī tú, tā àn nà xīn zhōng nù qì.",He restrains his anger toward the deceitful man.
1,一小撮,yī xiǎo cuō,一小撮鸟在屋檐下聒噪不停。,yī xiǎo cuō niǎo zài wū yán xià guō zào bù tíng.,A handful of birds chatter loudly under the eaves.
2,聒噪,guō zào,一小撮鸟在屋檐下聒噪不停。,yī xiǎo cuō niǎo zài wū yán xià guō zào bù tíng.,A handful of birds chatter loudly under the eaves.
0,切割,qiē gē,他先切割木板，再折断多余部分。,"tā xiān qiē gē mù bǎn, zài zhé duàn duō yú bù fèn.",He cuts the board and breaks off the excess.
0,生活,shēng huó,历史书里介绍了奴隶的生活。,lì shǐ shū lǐ jiè shào le nú lì de shēng huó.,The history book describes the lives of slaves.
0,包括,bāo kuò,这份报告包括脱离危险后的处理办法。,zhè fèn bào gào bāo kuò tuō lí wēi xiǎn hòu de chǔ lǐ bàn fǎ.,This report includes procedures to follow after escaping danger.
0,葛藤,gé téng,藤蔓贯穿篱笆，葛藤爬满墙头。,"téng wàn guàn chuān lí ba, gé téng pá mǎn qiáng tóu.","Vines thread through the fence, and kudzu covers the wall."
0,宽阔,kuān kuò,宽阔道路连接远近各个村庄。,kuān kuò dào lù lián jiē yuǎn jìn gè gè cūn zhuāng.,The broad road connects villages near and far.
0,口渴,kǒu kě,口渴的孩子喝了一杯温水。,kǒu kě de hái zi hē le yī bēi wēn shuǐ.,The thirsty child drank a glass of warm water.
1,豁达,huò dá,豁达的人较少受旧怨牵绊。,huò dá de rén jiào shǎo shòu jiù yuàn qiān bàn.,Open-minded people are less bound by old grievances.
1,褐色,hè sè,她穿着褐色外套，站在门口等人。,"tā chuān zhe hè sè wài tào, zhàn zài mén kǒu děng rén.",She wears a brown coat and waits for someone at the door.
1,遏制,è zhì,必须及时遏制疾病的传播。,bì xū jí shí è zhì jí bìng de chuán bō.,The spread of the disease must be contained promptly.
0,拨款,bō kuǎn,委员会正酝酿新的拨款方案。,wěi yuán huì zhèng yùn niàng xīn de bō kuǎn fāng àn.,The committee is developing a new funding plan.
1,跋涉,bá shè,他拚命跋涉，终于越过山岭。,"tā pàn mìng bá shè, zhōng yú yuè guò shān lǐng.",He struggles onward and finally crosses the ridge.
0,末尾,mò wěi,这篇章的末尾留下悬念。,zhè piān zhāng de mò wěi liú xià xuán niàn.,The chapter ends with a mystery.
0,涂抹,tú mǒ,他涂抹颜色，渲染画中的云雾。,"tā tú mǒ yán sè, xuàn rǎn huà zhōng de yún wù.",He applies color to shade the mist in the painting.
0,抹台,mǒ tái,她掀开桌布，拿湿布抹台。,"tā xiān kāi zhuō bù, ná shī bù mǒ tái.",She lifts the tablecloth and wipes the table.
0,来源,lái yuán,判断之前，要了解信息的来源。,"pàn duàn zhī qián, yào liǎo jiě xìn xī de lái yuán.","Before making a judgment, find out where the information comes from."
2,阮咸,ruǎn xián,老师用通俗言语介绍阮咸。,lǎo shī yòng tōng sú yán yǔ jiè shào ruǎn xián.,The teacher introduces the ruanxian instrument in plain language.
0,原来,yuán lái,原来他心不在焉，是因为担忧家人。,"yuán lái tā xīn bù zài yān, shì yīn wèi dān yōu jiā rén.",It turns out he was distracted because he was worried about his family.
0,言语,yán yǔ,老师用通俗言语介绍阮咸。,lǎo shī yòng tōng sú yán yǔ jiè shào ruǎn xián.,The teacher introduces the ruanxian instrument in plain language.
0,掀开,xiān kāi,她掀开桌布，拿湿布抹台。,"tā xiān kāi zhuō bù, ná shī bù mǒ tái.",She lifts the tablecloth and wipes the table.
1,轩昂,xuān áng,将军气宇轩昂地检阅队伍。,jiāng jūn qì yǔ xuān áng de jiǎn yuè duì wǔ.,The dignified general reviews the troops.
1,喧哗,xuān huá,集市十分热闹，到处有人喧哗。,"jí shì shí fēn rè nao, dào chù yǒu rén xuān huá.",The busy market is noisy with voices.
2,寒暄,hán xuān,他先搭讪，再与陌生人寒暄几句。,"tā xiān dā shàn, zài yǔ mò shēng rén hán xuān jǐ jù.",He starts a conversation and exchanges greetings with the stranger.
1,鸳鸯,yuān yāng,两只鸳鸯游过，水面泛起圆圈。,"liǎng zhǐ yuān yāng yóu guò, shuǐ miàn fàn qǐ yuán quān.","Two mandarin ducks swim past, leaving circles on the water."
2,焉知非福,yān zhī fēi fú,失去机会焉知非福，不必怨恨。,"shī qù jī huì yān zhī fēi fú, bù bì yuàn hèn.",Losing an opportunity may be a blessing; do not resent it.
2,心不在焉,xīn bù zài yān,原来他心不在焉，是因为担忧家人。,"yuán lái tā xīn bù zài yān, shì yīn wèi dān yōu jiā rén.",It turns out he was distracted because he was worried about his family.
0,冤屈,yuān qū,撤销处罚后，他的冤屈得到洗清。,"chè xiāo chǔ fá hòu, tā de yuān qū dé dào xǐ qīng.","His punishment is revoked, and his name is cleared."
0,怨恨,yuàn hèn,失去机会焉知非福，不必怨恨。,"shī qù jī huì yān zhī fēi fú, bù bì yuàn hèn.",Losing an opportunity may be a blessing; do not resent it.
1,宛如,wǎn rú,月色婵娟，湖面宛如银镜。,"yuè sè chán juān, hú miàn wǎn rú yín jìng.",The lovely moonlight makes the lake like a silver mirror.
1,大宛,dà yuān,张骞出使西域，曾到达大宛。,"zhāng qiān chū shǐ xī yù, céng dào dá dà yuān.",Zhang Qian reached Dayuan during his western mission.
1,蜿蜒,wān yán,蜿蜒的小路通向安静的村庄。,wān yán de xiǎo lù tōng xiàng ān jìng de cūn zhuāng.,The winding path leads to a quiet village.
0,公园,gōng yuán,大家反对在公园里修建工厂。,dà jiā fǎn duì zài gōng yuán lǐ xiū jiàn gōng chǎng.,Everyone opposed building a factory in the park.
0,援助,yuán zhù,他频繁访问村庄，为人民提供援助。,"tā pín fán fǎng wèn cūn zhuāng, wèi rén mín tí gōng yuán zhù.",He visits the village frequently to provide help to the people.
1,辕门,yuán mén,将士在辕门集合，准备出征讨伐。,"jiàng shì zài yuán mén jí hé, zhǔn bèi chū zhēng tǎo fá.",The soldiers gather at the camp gate for a campaign.
1,猿猴,yuán hóu,一只猿猴蜷缩在树枝间睡觉。,yī zhī yuán hóu quán suō zài shù zhī jiān shuì jiào.,A monkey sleeps curled up among the branches.
1,袁,yuán,袁老师和樊老师一同带队出游。,yuán lǎo shī hé fán lǎo shī yī tóng dài duì chū yóu.,Teachers Yuan and Fan lead the outing together.
2,城垣,chéng yuán,城垣外的栈道紧靠陡峭山壁。,chéng yuán wài de zhàn dào jǐn kào dǒu qiào shān bì.,The walkway outside the city wall hugs the steep cliff.
2,藩篱,fān lí,旧观念的藩篱限制了他的眼界。,jiù guān niàn de fān lí xiàn zhì le tā de yǎn jiè.,Old ideas restrict his view of the world.
1,樊,fán,袁老师和樊老师一同带队出游。,yuán lǎo shī hé fán lǎo shī yī tóng dài duì chū yóu.,Teachers Yuan and Fan lead the outing together.
0,繁荣,fán róng,城中贸易繁荣，郊外草木蕃盛。,"chéng zhōng mào yì fán róng, jiāo wài cǎo mù fān shèng.","Trade flourishes in town, and vegetation thrives outside."
2,蟠桃,pán táo,传说仙女在天宫采摘蟠桃。,chuán shuō xiān nǚ zài tiān gōng cǎi zhāi pán táo.,Legend tells of fairies picking divine peaches in heaven.
0,轮番,lún fān,老师轮番勉励即将参赛的学生。,lǎo shī lún fān miǎn lì jí jiāng cān sài de xué sheng.,The teachers take turns encouraging the competitors.
2,蕃盛,fān shèng,城中贸易繁荣，郊外草木蕃盛。,"chéng zhōng mào yì fán róng, jiāo wài cǎo mù fān shèng.","Trade flourishes in town, and vegetation thrives outside."
2,吐蕃,tǔ bō,历史课介绍吐蕃与唐朝的往来。,lì shǐ kè jiè shào tǔ bō yǔ táng cháo de wǎng lái.,The history lesson covers relations between Tibet and Tang China.
0,烦恼,fán nǎo,长期的烦恼使他备受煎熬。,cháng qī de fán nǎo shǐ tā bèi shòu jiān áo.,His lasting worries cause great suffering.
0,反对,fǎn duì,大家反对在公园里修建工厂。,dà jiā fǎn duì zài gōng yuán lǐ xiū jiàn gōng chǎng.,Everyone opposed building a factory in the park.
0,翻滚,fān gǔn,山泉先潺湲流淌，再越石翻滚。,"shān quán xiān chán yuán liú tǎng, zài yuè shí fān gǔn.",The spring flows gently before tumbling over rocks.
1,堤堰,dī yàn,堤堰把山涧水引入农田。,dī yàn bǎ shān jiàn shuǐ yǐn rù nóng tián.,The embankment channels stream water into the fields.
2,苑囿,yuàn yòu,苑囿里的水塘吸引了许多大雁。,yuàn yòu lǐ de shuǐ táng xī yǐn le xǔ duō dà yàn.,The park's pond attracts many wild geese.
2,鼹鼠,yǎn shǔ,他放下铁铲，观察土中的鼹鼠。,"tā fàng xià tiě chǎn, guān chá tǔ zhōng de yǎn shǔ.",He puts down the spade to watch the mole.
1,婉转,wǎn zhuǎn,老师婉转劝他亲君子、远小人。,"lǎo shī wǎn zhuǎn quàn tā qīn jūn zǐ, yuǎn xiǎo rén.",The teacher gently advises him to choose worthy companions.
0,远方,yuǎn fāng,她盼望远方的亲人早日回来。,tā pàn wàng yuǎn fāng de qīn rén zǎo rì huí lai.,She hopes her distant family will return soon.
0,远小人,yuǎn xiǎo rén,老师婉转劝他亲君子、远小人。,"lǎo shī wǎn zhuǎn quàn tā qīn jūn zǐ, yuǎn xiǎo rén.",The teacher gently advises him to choose worthy companions.
2,大阪,dà bǎn,大阪的朋友邀请我们去看樱花。,dà bǎn de péng you yāo qǐng wǒ men qù kàn yīng huā.,Our friends in Osaka invited us to see the cherry blossoms.
0,返回,fǎn huí,研究人员发现燕子返回了旧巢。,yán jiū rén yuán fā xiàn yàn zi fǎn huí le jiù cháo.,The researchers found that the swallows had returned to their old nest.
0,挽救,wǎn jiù,消防员竭力挽救受困者的生命。,xiāo fáng yuán jié lì wǎn jiù shòu kùn zhě de shēng mìng.,The firefighters strive to save the trapped people.
0,挽联,wǎn lián,这副挽联表达对逝者的缅怀。,zhè fù wǎn lián biǎo dá duì shì zhě de miǎn huái.,The funeral couplet honors the deceased.
0,夜晚,yè wǎn,尖锐的叫声打破了夜晚的寂静。,jiān ruì de jiào shēng dǎ pò le yè wǎn de jì jìng.,A piercing cry broke the silence of the night.
0,猪圈,zhū juàn,猪圈旁的鸭子嘎嘎叫个不停。,zhū juàn páng de yā zi gā gā jiào gè bù tíng.,The ducks beside the pigsty quack constantly.
0,圆圈,yuán quān,两只鸳鸯游过，水面泛起圆圈。,"liǎng zhǐ yuān yāng yóu guò, shuǐ miàn fàn qǐ yuán quān.","Two mandarin ducks swim past, leaving circles on the water."
0,建设,jiàn shè,工人夜晚仍在工地建设新的学校。,gōng rén yè wǎn réng zài gōng dì jiàn shè xīn de xué xiào.,The workers are still building a new school at the site at night.
0,债券,zhài quàn,债券到期后，发行方归还本金。,"zhài quàn dào qī hòu, fā xíng fāng guī huán běn jīn.",The issuer repays the principal when the bond matures.
0,劝告,quàn gào,听了劝告，他愿意重新尝试。,"tīng le quàn gào, tā yuàn yì chóng xīn cháng shì.","After listening to the advice, he was willing to try again."
0,愿意,yuàn yì,听了劝告，他愿意重新尝试。,"tīng le quàn gào, tā yuàn yì chóng xīn cháng shì.","After listening to the advice, he was willing to try again."
0,宪法,xiàn fǎ,这本手册简单介绍了国家宪法。,zhè běn shǒu cè jiǎn dān jiè shào le guó jiā xiàn fǎ.,This handbook briefly introduces the country's constitution.
0,贩卖,fàn mài,商店禁止贩卖来源不明的药物。,shāng diàn jìn zhǐ fàn mài lái yuán bù míng de yào wù.,The shop prohibits selling medicine of unknown origin.
0,千万,qiān wàn,路很滑，你千万要小心。,"lù hěn huá, nǐ qiān wàn yào xiǎo xīn.","The road is slippery, so please be extremely careful."
0,健康,jiàn kāng,游泳可以锻炼肌肉，保持健康。,"yóu yǒng kě yǐ duàn liàn jī ròu, bǎo chí jiàn kāng.",Swimming can strengthen muscles and keep you healthy.
2,撅嘴,juē zuǐ,孩子撅嘴，母亲连忙上前安慰。,"hái zi juē zuǐ, mǔ qīn lián máng shàng qián ān wèi.","The child pouts, and his mother quickly comforts him."
2,蕨菜,jué cài,她仔细挑拣刚采回来的蕨菜。,tā zǐ xì tiāo jiǎn gāng cǎi huí lai de jué cài.,She sorts the freshly gathered fern shoots carefully.
2,宫阙,gōng què,古画以宫阙象征寰宇中的王朝。,gǔ huà yǐ gōng què xiàng zhēng huán yǔ zhōng de wáng cháo.,The painting uses palace halls to represent the dynasty.
0,月亮,yuè liang,月亮升起时，妈妈正在梳头发。,"yuè liang shēng qǐ shí, mā ma zhèng zài shū tóu fa.","When the moon rose, Mom was combing her hair."
0,歇息,xiē xi,姑姑用茶壶沏茶，请我留下歇息。,"gū gu yòng chá hú qī chá, qǐng wǒ liú xià xiē xi.",My aunt brewed tea in a teapot and invited me to stay for a rest.
1,粤语,yuè yǔ,他用粤语诠释这首民歌的含义。,tā yòng yuè yǔ quán shì zhè shǒu mín gē de hán yì.,He explains the folk song's meaning in Cantonese.
2,子曰,zǐ yuē,老师从子曰一句开始阐述思想。,lǎo shī cóng zǐ yuē yī jù kāi shǐ chǎn shù sī xiǎng.,The teacher begins explaining the idea with the phrase Confucius said.
0,超越,chāo yuè,老师的鞭策帮助她超越自己。,lǎo shī de biān cè bāng zhù tā chāo yuè zì jǐ.,The teacher's encouragement helps her improve.
0,头发,tóu fa,月亮升起时，妈妈正在梳头发。,"yuè liang shēng qǐ shí, mā ma zhèng zài shū tóu fa.","When the moon rose, Mom was combing her hair."
0,发展,fā zhǎn,新技术促进了当地农业的发展。,xīn jì shù cù jìn le dāng dì nóng yè de fā zhǎn.,New technology has helped local agriculture develop.
0,处罚,chǔ fá,撤销处罚后，他的冤屈得到洗清。,"chè xiāo chǔ fá hòu, tā de yuān qū dé dào xǐ qīng.","His punishment is revoked, and his name is cleared."
0,提拔,tí bá,古代官员通过铨选获得提拔。,gǔ dài guān yuán tōng guò quán xuǎn huò dé tí bá.,Officials in ancient times gained promotion through selection.
1,竹筏,zhú fá,一叶扁舟从竹筏旁缓缓驶过。,yī yè piān zhōu cóng zhú fá páng huǎn huǎn shǐ guò.,A small boat glides slowly past the bamboo raft.
0,讨伐,tǎo fá,将士在辕门集合，准备出征讨伐。,"jiàng shì zài yuán mén jí hé, zhǔn bèi chū zhēng tǎo fá.",The soldiers gather at the camp gate for a campaign.
0,袜子,wà zi,他在清单里删除袜子，决定暂时不买。,"tā zài qīng dān lǐ shān chú wà zi, jué dìng zàn shí bù mǎi.",He removes socks from the list and decides not to buy them yet.
0,竭力,jié lì,消防员竭力挽救受困者的生命。,xiāo fáng yuán jié lì wǎn jiù shòu kùn zhě de shēng mìng.,The firefighters strive to save the trapped people.
2,搭讪,dā shàn,他先搭讪，再与陌生人寒暄几句。,"tā xiān dā shàn, zài yǔ mò shēng rén hán xuān jǐ jù.",He starts a conversation and exchanges greetings with the stranger.
0,删除,shān chú,他在清单里删除袜子，决定暂时不买。,"tā zài qīng dān lǐ shān chú wà zi, jué dìng zàn shí bù mǎi.",He removes socks from the list and decides not to buy them yet.
0,关心,guān xīn,她关心孩子，但没有顽固地坚持旧方法。,"tā guān xīn hái zi, dàn méi yǒu wán gù de jiān chí jiù fāng fǎ.",She cares about the children without stubbornly sticking to old methods.
0,奸淫,jiān yín,故事谴责野蛮的奸淫与掠夺。,gù shi qiǎn zé yě mán de jiān yín yǔ lüè duó.,The story condemns brutal sexual violence and plunder.
0,顽固,wán gù,她关心孩子，但没有顽固地坚持旧方法。,"tā guān xīn hái zi, dàn méi yǒu wán gù de jiān chí jiù fāng fǎ.",She cares about the children without stubbornly sticking to old methods.
0,颜色,yán sè,海湾的颜色随着光线变化。,hǎi wān de yán sè suí zhe guāng xiàn biàn huà.,The bay's colors change with the light.
0,环境,huán jìng,我们希望减少污染，保护周围环境。,"wǒ men xī wàng jiǎn shǎo wū rǎn, bǎo hù zhōu wéi huán jìng.",We hope to reduce pollution and protect our surroundings.
2,寰宇,huán yǔ,古画以宫阙象征寰宇中的王朝。,gǔ huà yǐ gōng què xiàng zhēng huán yǔ zhōng de wáng cháo.,The painting uses palace halls to represent the dynasty.
2,云鬟,yún huán,她整理云鬟，向镜中嫣然一笑。,"tā zhěng lǐ yún huán, xiàng jìng zhōng yān rán yī xiào.",She arranges her coiffure and smiles gracefully into the mirror.
0,归还,guī huán,债券到期后，发行方归还本金。,"zhài quàn dào qī hòu, fā xíng fāng guī huán běn jīn.",The issuer repays the principal when the bond matures.
0,海湾,hǎi wān,海湾的颜色随着光线变化。,hǎi wān de yán sè suí zhe guāng xiàn biàn huà.,The bay's colors change with the light.
0,斑点,bān diǎn,蝴蝶翅膀色彩斑斓，布满斑点。,"hú dié chì bǎng sè cǎi bān lán, bù mǎn bān diǎn.",The butterfly's colorful wings are covered in spots.
0,班级,bān jí,班级组织同学攀登附近的山峰。,bān jí zǔ zhī tóng xué pān dēng fù jìn de shān fēng.,The class organized a climb up a nearby mountain.
0,野蛮,yě mán,故事谴责野蛮的奸淫与掠夺。,gù shi qiǎn zé yě mán de jiān yín yǔ lüè duó.,The story condemns brutal sexual violence and plunder.
0,攀登,pān dēng,班级组织同学攀登附近的山峰。,bān jí zǔ zhī tóng xué pān dēng fù jìn de shān fēng.,The class organized a climb up a nearby mountain.
1,撰写,zhuàn xiě,他沿途撰写札记，记录见闻。,"tā yán tú zhuàn xiě zhá jì, jì lù jiàn wén.",He writes travel notes to record what he sees.
0,木板,mù bǎn,这道木栅旁边堆着几块木板。,zhè dào mù zhà páng biān duī zhe jǐ kuài mù bǎn.,Several boards are stacked beside this wooden fence.
0,版本,bǎn běn,他用键盘输入修订后的版本。,tā yòng jiàn pán shū rù xiū dìng hòu de bǎn běn.,He types the revised version on the keyboard.
1,木栅,mù zhà,这道木栅旁边堆着几块木板。,zhè dào mù zhà páng biān duī zhe jǐ kuài mù bǎn.,Several boards are stacked beside this wooden fence.
1,栅极,shān jí,技术员检查晶体管的栅极电压。,jì shù yuán jiǎn chá jīng tǐ guǎn de shān jí diàn yā.,The technician checks the transistor's gate voltage.
0,习惯,xí guàn,他习惯放慢脚步，缓慢地走回家。,"tā xí guàn fàng màn jiǎo bù, huǎn màn de zǒu huí jiā.",He is used to slowing down and walking home at a leisurely pace.
1,山涧,shān jiàn,堤堰把山涧水引入农田。,dī yàn bǎ shān jiàn shuǐ yǐn rù nóng tián.,The embankment channels stream water into the fields.
2,进谏,jìn jiàn,他虔诚守礼，也敢向君王进谏。,"tā qián chéng shǒu lǐ, yě gǎn xiàng jūn wáng jìn jiàn.",He respects tradition and dares to advise the ruler.
0,一串,yī chuàn,她把一串珠子放在手绢上。,tā bǎ yī chuàn zhū zi fàng zài shǒu juàn shàng.,She places a string of beads on the handkerchief.
0,大雁,dà yàn,苑囿里的水塘吸引了许多大雁。,yuàn yòu lǐ de shuǐ táng xī yǐn le xǔ duō dà yàn.,The park's pond attracts many wild geese.
0,患病,huàn bìng,患病的小猫在寒风中颤抖。,huàn bìng de xiǎo māo zài hán fēng zhōng chàn dǒu.,The sick kitten shivers in the cold wind.
0,缓慢,huǎn màn,道路上的车辆缓慢通过积水。,dào lù shàng de chē liàng huǎn màn tōng guò jī shuǐ.,Vehicles on the road move slowly through the standing water.
0,印刷,yìn shuā,印刷厂已经印好了这些书籍。,yìn shuā chǎng yǐ jīng yìn hǎo le zhè xiē shū jí.,The printing house has finished printing these books.
0,刮风,guā fēng,外面刮风了，衣服在风中摇晃。,"wài miàn guā fēng le, yī fu zài fēng zhōng yáo huàng.","It is windy outside, and the clothes are swaying in the wind."
0,瞎子,xiā zi,故事里的瞎子靠脚步声辨认来人。,gù shi lǐ de xiā zi kào jiǎo bù shēng biàn rèn lái rén.,The blind man in the story recognizes people by their footsteps.
0,舌头,shé tou,小猫伸出舌头，舔了舔水。,"xiǎo māo shēn chū shé tou, tiǎn le tiǎn shuǐ.",The kitten stuck out its tongue and lapped the water.
1,手帕,shǒu pà,绅士弯腰捡起女士掉落的手帕。,shēn shì wān yāo jiǎn qǐ nǚ shì diào luò de shǒu pà.,The gentleman bent down to pick up the lady's dropped handkerchief.
2,斑斓,bān lán,蝴蝶翅膀色彩斑斓，布满斑点。,"hú dié chì bǎng sè cǎi bān lán, bù mǎn bān diǎn.",The butterfly's colorful wings are covered in spots.
2,潺潺,chán chán,她空闲时坐在河边，听潺潺的流水。,"tā kòng xián shí zuò zài hé biān, tīng chán chán de liú shuǐ.","In her free time, she sits by the river and listens to its gentle murmur."
0,山峰,shān fēng,远处的山峰好像一头大象。,yuǎn chù de shān fēng hǎo xiàng yī tóu dà xiàng.,The distant mountain looks like an elephant.
0,空闲,kòng xián,她空闲时坐在河边，听潺潺的流水。,"tā kòng xián shí zuò zài hé biān, tīng chán chán de liú shuǐ.","In her free time, she sits by the river and listens to its gentle murmur."
0,艰难,jiān nán,他们渡过河流，告别艰难岁月。,"tā men dù guò hé liú, gào bié jiān nán suì yuè.",They cross the river and leave their difficult years behind.
2,潺湲,chán yuán,山泉先潺湲流淌，再越石翻滚。,"shān quán xiān chán yuán liú tǎng, zài yuè shí fān gǔn.",The spring flows gently before tumbling over rocks.
0,一盏,yī zhǎn,桌上有一盏灯，方便他晚上写字。,"zhuō shàng yǒu yī zhǎn dēng, fāng biàn tā wǎn shang xiě zì.",There is a lamp on the desk so he can write at night.
0,铁铲,tiě chǎn,他放下铁铲，观察土中的鼹鼠。,"tā fàng xià tiě chǎn, guān chá tǔ zhōng de yǎn shǔ.",He puts down the spade to watch the mole.
1,栈道,zhàn dào,城垣外的栈道紧靠陡峭山壁。,chéng yuán wài de zhàn dào jǐn kào dǒu qiào shān bì.,The walkway outside the city wall hugs the steep cliff.
0,生产,shēng chǎn,这座工厂以前靠燃烧煤炭生产能源。,zhè zuò gōng chǎng yǐ qián kào rán shāo méi tàn shēng chǎn néng yuán.,This factory used to produce energy by burning coal.
0,挑拣,tiāo jiǎn,她仔细挑拣刚采回来的蕨菜。,tā zǐ xì tiāo jiǎn gāng cǎi huí lai de jué cài.,She sorts the freshly gathered fern shoots carefully.
0,简单,jiǎn dān,这本手册简单介绍了国家宪法。,zhè běn shǒu cè jiǎn dān jiè shào le guó jiā xiàn fǎ.,This handbook briefly introduces the country's constitution.
0,眼睛,yǎn jing,她睁开眼睛，看见妈妈在床边。,"tā zhēng kāi yǎn jing, kàn jiàn mā ma zài chuáng biān.",She opened her eyes and saw Mom beside the bed.
0,限制,xiàn zhì,旧观念的藩篱限制了他的眼界。,jiù guān niàn de fān lí xiàn zhì le tā de yǎn jiè.,Old ideas restrict his view of the world.
1,绽放,zhàn fàng,花朵渐渐绽放，露出粉红花瓣。,"huā duǒ jiàn jiàn zhàn fàng, lù chū fěn hóng huā bàn.","The flower gradually opens, revealing pink petals."
0,幻想,huàn xiǎng,幻想未来时，也要考虑现实条件。,"huàn xiǎng wèi lái shí, yě yào kǎo lǜ xiàn shí tiáo jiàn.","When dreaming about the future, consider the real circumstances too."
0,花瓣,huā bàn,花朵渐渐绽放，露出粉红花瓣。,"huā duǒ jiàn jiàn zhàn fàng, lù chū fěn hóng huā bàn.","The flower gradually opens, revealing pink petals."
0,办理,bàn lǐ,航行以前，船长去银行办理手续。,"háng xíng yǐ qián, chuán zhǎng qù yín háng bàn lǐ shǒu xù.","Before sailing, the captain visited the bank to complete the paperwork."
0,盼望,pàn wàng,她盼望远方的亲人早日回来。,tā pàn wàng yuǎn fāng de qīn rén zǎo rì huí lai.,She hopes her distant family will return soon.
2,札记,zhá jì,他沿途撰写札记，记录见闻。,"tā yán tú zhuàn xiě zhá jì, jì lù jiàn wén.",He writes travel notes to record what he sees.
0,包扎,bāo zā,及时包扎伤口能免除部分痛苦。,jí shí bāo zā shāng kǒu néng miǎn chú bù fèn tòng kǔ.,Promptly dressing the wound can ease some pain.
0,挣扎,zhēng zhá,落水的人奋力挣扎，终于抓住救生圈。,"luò shuǐ de rén fèn lì zhēng zhá, zhōng yú zhuā zhù jiù shēng quān.",The person in the water struggles and finally grabs a life ring.
0,观察,guān chá,聪明的儿童爱观察小昆虫。,cōng ming de ér tóng ài guān chá xiǎo kūn chóng.,Bright children enjoy watching little insects.
1,刹车,shā chē,刹车失灵了，八个乘客都很紧张。,"shā chē shī líng le, bā gè chéng kè dōu hěn jǐn zhāng.","The brakes failed, and all eight passengers were nervous."
2,嘎嘎,gā gā,猪圈旁的鸭子嘎嘎叫个不停。,zhū juàn páng de yā zi gā gā jiào gè bù tíng.,The ducks beside the pigsty quack constantly.
1,楔子,xiē zi,他用楔子固定松动的门栓。,tā yòng xiē zi gù dìng sōng dòng de mén shuān.,He secures the loose door bolt with a wedge.
2,仓颉,cāng jié,仓颉造字的传说隽永动人。,cāng jié zào zì de chuán shuō juàn yǒng dòng rén.,The legend of Cangjie inventing writing has lasting charm.
2,狡黠,jiǎo xiá,狡猾的狐狸露出狡黠笑容。,jiǎo huá de hú li lù chū jiǎo xiá xiào róng.,The cunning fox flashes a sly smile.
0,狡猾,jiǎo huá,狡猾的狐狸露出狡黠笑容。,jiǎo huá de hú li lù chū jiǎo xiá xiào róng.,The cunning fox flashes a sly smile.
0,轧钢,zhá gāng,轧钢机把钢材碾压成薄板。,zhá gāng jī bǎ gāng cái niǎn yā chéng báo bǎn.,The rolling mill presses steel into thin sheets.
1,捌,bā,他买一令纸，收据金额写捌元。,"tā mǎi yī lǐng zhǐ, shōu jù jīn é xiě bā yuán.","He buys one ream of paper, and the receipt records eight yuan."
0,八个,bā gè,刹车失灵了，八个乘客都很紧张。,"shā chē shī líng le, bā gè chéng kè dōu hěn jǐn zhāng.","The brakes failed, and all eight passengers were nervous."
0,连忙,lián máng,孩子撅嘴，母亲连忙上前安慰。,"hái zi juē zuǐ, mǔ qīn lián máng shàng qián ān wèi.","The child pouts, and his mother quickly comforts him."
0,令居,lìng jū,历史地图标注令居与令狐两地。,lì shǐ dì tú biāo zhù lìng jū yǔ líng hú liǎng dì.,The historical map marks the places Lingju and Linghu.
0,令狐,líng hú,历史地图标注令居与令狐两地。,lì shǐ dì tú biāo zhù lìng jū yǔ líng hú liǎng dì.,The historical map marks the places Lingju and Linghu.
0,命令,mìng lìng,收到命令后，大家完全停止了工作。,"shōu dào mìng lìng hòu, dà jiā wán quán tíng zhǐ le gōng zuò.","After receiving the order, everyone stopped working completely."
0,一令纸,yī lǐng zhǐ,他买一令纸，收据金额写捌元。,"tā mǎi yī lǐng zhǐ, shōu jù jīn é xiě bā yuán.","He buys one ream of paper, and the receipt records eight yuan."
0,煎熬,jiān áo,长期的烦恼使他备受煎熬。,cháng qī de fán nǎo shǐ tā bèi shòu jiān áo.,His lasting worries cause great suffering.
0,搬迁,bān qiān,命途多舛的一家又被迫搬迁。,mìng tú duō chuǎn de yī jiā yòu bèi pò bān qiān.,The unlucky family is forced to move yet again.
2,诠释,quán shì,他用粤语诠释这首民歌的含义。,tā yòng yuè yǔ quán shì zhè shǒu mín gē de hán yì.,He explains the folk song's meaning in Cantonese.
0,拴住,shuān zhù,他用绳子拴住木箱，再把绳结拴紧。,"tā yòng shéng zi shuān zhù mù xiāng, zài bǎ shéng jié shuān jǐn.",He ties the crate and tightens the knot.
0,拴紧,shuān jǐn,他用绳子拴住木箱，再把绳结拴紧。,"tā yòng shéng zi shuān zhù mù xiāng, zài bǎ shéng jié shuān jǐn.",He ties the crate and tightens the knot.
2,铨选,quán xuǎn,古代官员通过铨选获得提拔。,gǔ dài guān yuán tōng guò quán xuǎn huò dé tí bá.,Officials in ancient times gained promotion through selection.
0,痊愈,quán yù,她为病人祈祷，希望他们早日痊愈。,"tā wèi bìng rén qí dǎo, xī wàng tā men zǎo rì quán yù.",She prays for the patients and hopes they recover soon.
0,完全,wán quán,收到命令后，大家完全停止了工作。,"shōu dào mìng lìng hòu, dà jiā wán quán tíng zhǐ le gōng zuò.","After receiving the order, everyone stopped working completely."
0,金钱,jīn qián,保护纯净泉水，比获取金钱更重要。,"bǎo hù chún jìng quán shuǐ, bǐ huò qǔ jīn qián gèng zhòng yào.",Protecting pure spring water matters more than earning money.
0,泉水,quán shuǐ,保护纯净泉水，比获取金钱更重要。,"bǎo hù chún jìng quán shuǐ, bǐ huò qǔ jīn qián gèng zhòng yào.",Protecting pure spring water matters more than earning money.
0,新鲜,xīn xiān,晚饭有鸡肉、鲑鱼和新鲜蔬菜。,"wǎn fàn yǒu jī ròu, guī yú hé xīn xiān shū cài.","Dinner includes chicken, salmon, and fresh vegetables."
0,鲜有,xiǎn yǒu,旧时卑贱者鲜有求学机会。,jiù shí bēi jiàn zhě xiǎn yǒu qiú xué jī huì.,"In the past, people of low status seldom had a chance to study."
0,仙女,xiān nǚ,传说仙女在天宫采摘蟠桃。,chuán shuō xiān nǚ zài tiān gōng cǎi zhāi pán táo.,Legend tells of fairies picking divine peaches in heaven.
0,宣传,xuān chuán,店里宣传新鲜水果，专门开了一个柜台。,"diàn lǐ xuān chuán xīn xiān shuǐ guǒ, zhuān mén kāi le yī ge guì tái.",The shop advertises fresh fruit and has a dedicated counter for it.
0,旋转,xuán zhuǎn,地球绕自身轴旋转，称为自转。,"dì qiú rào zì shēn zhóu xuán zhuǎn, chēng wéi zì zhuàn.",Earth's rotation around its own axis is called axial rotation.
0,专门,zhuān mén,店里宣传新鲜水果，专门开了一个柜台。,"diàn lǐ xuān chuán xīn xiān shuǐ guǒ, zhuān mén kāi le yī ge guì tái.",The shop advertises fresh fruit and has a dedicated counter for it.
1,毡子,zhān zi,卷曲的毡子摊开后盖住木板。,juǎn qū de zhān zi tān kāi hòu gài zhù mù bǎn.,The rolled felt is spread out over the boards.
0,山川,shān chuān,绵延山川在夕阳下显得壮丽。,mián yán shān chuān zài xī yáng xià xiǎn de zhuàng lì.,The extensive mountains and rivers look grand at sunset.
0,穿衣,chuān yī,穿衣时，他把扇子放进了口袋。,"chuān yī shí, tā bǎ shàn zi fàng jìn le kǒu dài.","While dressing, he put the fan into his pocket."
1,蝉联,chán lián,作品隽秀的青年蝉联书法奖。,zuò pǐn juàn xiù de qīng nián chán lián shū fǎ jiǎng.,The young calligrapher wins again with his elegant work.
2,禅师,chán shī,禅师解释禅让与出家并无关联。,chán shī jiě shì shàn ràng yǔ chū jiā bìng wú guān lián.,The monk explains that abdication is unrelated to becoming a monk.
2,禅让,shàn ràng,禅师解释禅让与出家并无关联。,chán shī jiě shì shàn ràng yǔ chū jiā bìng wú guān lián.,The monk explains that abdication is unrelated to becoming a monk.
0,扇子,shàn zi,穿衣时，他把扇子放进了口袋。,"chuān yī shí, tā bǎ shàn zi fàng jìn le kǒu dài.","While dressing, he put the fan into his pocket."
2,煽动,shān dòng,他反对煽动仇恨，主张消灭偏见。,"tā fǎn duì shān dòng chóu hèn, zhǔ zhāng xiāo miè piān jiàn.",He opposes stirring up hatred and calls for ending prejudice.
0,船只,chuán zhī,距离太远，我们看不清那艘巨大船只。,"jù lí tài yuǎn, wǒ men kàn bù qīng nà sōu jù dà chuán zhī.",The enormous ship was too far away for us to see clearly.
0,燃烧,rán shāo,这座工厂以前靠燃烧煤炭生产能源。,zhè zuò gōng chǎng yǐ qián kào rán shāo méi tàn shēng chǎn néng yuán.,This factory used to produce energy by burning coal.
0,然后,rán hòu,先洗菜，然后再烧水。,"xiān xǐ cài, rán hòu zài shāo shuǐ.","Wash the vegetables first, then boil the water."
2,婵娟,chán juān,月色婵娟，湖面宛如银镜。,"yuè sè chán juān, hú miàn wǎn rú yín jìng.",The lovely moonlight makes the lake like a silver mirror.
2,筵席,yán xí,筵席结束后，主人捐献了剩余食物。,"yán xí jié shù hòu, zhǔ rén juān xiàn le shèng yú shí wù.","After the banquet, the host donated the remaining food."
2,纸鸢,zhǐ yuān,纸鸢飞到树林边缘，轻轻摇晃。,"zhǐ yuān fēi dào shù lín biān yuán, qīng qīng yáo huàng.",The kite sways near the edge of the woods.
0,捐献,juān xiàn,大家呼吁富裕的人捐献物资。,dà jiā hū yù fù yù de rén juān xiàn wù zī.,People called on those with wealth to donate supplies.
0,边缘,biān yuán,纸鸢飞到树林边缘，轻轻摇晃。,"zhǐ yuān fēi dào shù lín biān yuán, qīng qīng yáo huàng.",The kite sways near the edge of the woods.
0,沿途,yán tú,她辗转多地，沿途寻找亲人的消息。,"tā zhǎn zhuǎn duō dì, yán tú xún zhǎo qīn rén de xiāo xi.",She travels through many places seeking news of her family.
0,延长,yán cháng,延长营业时间，为客人提供便利。,"yán cháng yíng yè shí jiān, wèi kè rén tí gōng biàn lì.",Longer opening hours make things more convenient for customers.
0,鞭策,biān cè,老师的鞭策帮助她超越自己。,lǎo shī de biān cè bāng zhù tā chāo yuè zì jǐ.,The teacher's encouragement helps her improve.
0,便利,biàn lì,延长营业时间，为客人提供便利。,"yán cháng yíng yè shí jiān, wèi kè rén tí gōng biàn lì.",Longer opening hours make things more convenient for customers.
0,大腹便便,dà fù pián pián,大腹便便的男子爬楼后不停喘气。,dà fù pián pián de nán zǐ pá lóu hòu bù tíng chuǎn qì.,The potbellied man pants after climbing the stairs.
0,平安,píng ān,她祈祷上天保佑家人平安。,tā qí dǎo shàng tiān bǎo yòu jiā rén píng ān.,She prayed that heaven would protect her family and keep them safe.
0,棉花,mián hua,工人把棉花纺成了棉纱。,gōng rén bǎ mián hua fǎng chéng le mián shā.,The workers spun cotton into yarn.
0,绵延,mián yán,绵延山川在夕阳下显得壮丽。,mián yán shān chuān zài xī yáng xià xiǎn de zhuàng lì.,The extensive mountains and rivers look grand at sunset.
1,翩翩,piān piān,饯行宴上，宾客随乐翩翩起舞。,"jiàn xíng yàn shàng, bīn kè suí lè piān piān qǐ wǔ.",The guests dance gracefully at the farewell feast.
0,篇章,piān zhāng,这篇章的末尾留下悬念。,zhè piān zhāng de mò wěi liú xià xuán niàn.,The chapter ends with a mystery.
0,偏离,piān lí,木轮偏离轨道，撞击后折断。,"mù lún piān lí guǐ dào, zhuàng jī hòu zhé duàn.",The wooden wheel leaves the track and breaks in the collision.
0,扁平,biǎn píng,扁平石块上覆盖着绿色苔藓。,biǎn píng shí kuài shàng fù gài zhe lǜ sè tái xiǎn.,Green moss covers the flat stone.
0,一叶扁舟,yī yè piān zhōu,一叶扁舟从竹筏旁缓缓驶过。,yī yè piān zhōu cóng zhú fá páng huǎn huǎn shǐ guò.,A small boat glides slowly past the bamboo raft.
0,剪刀,jiǎn dāo,她用剪刀剪开棉花做的布料。,tā yòng jiǎn dāo jiǎn kāi mián hua zuò de bù liào.,She cut the cotton fabric with scissors.
2,翦除,jiǎn chú,园丁翦除枯枝，让树木健康生长。,"yuán dīng jiǎn chú kū zhī, ràng shù mù jiàn kāng shēng zhǎng.",The gardener cuts off dead branches to keep the tree healthy.
0,实践,shí jiàn,他在实践中积累了经验。,tā zài shí jiàn zhōng jī lěi le jīng yàn.,He gained experience through practice.
2,隽永,juàn yǒng,仓颉造字的传说隽永动人。,cāng jié zào zì de chuán shuō juàn yǒng dòng rén.,The legend of Cangjie inventing writing has lasting charm.
2,隽秀,juàn xiù,作品隽秀的青年蝉联书法奖。,zuò pǐn juàn xiù de qīng nián chán lián shū fǎ jiǎng.,The young calligrapher wins again with his elegant work.
2,饯行,jiàn xíng,饯行宴上，宾客随乐翩翩起舞。,"jiàn xíng yàn shàng, bīn kè suí lè piān piān qǐ wǔ.",The guests dance gracefully at the farewell feast.
0,选择,xuǎn zé,请填写姓名，并选择报名的月份。,"qǐng tián xiě xìng míng, bìng xuǎn zé bào míng de yuè fèn.",Please enter your name and select the month for registration.
2,苔藓,tái xiǎn,扁平石块上覆盖着绿色苔藓。,biǎn píng shí kuài shàng fù gài zhe lǜ sè tái xiǎn.,Green moss covers the flat stone.
1,阐述,chǎn shù,老师从子曰一句开始阐述思想。,lǎo shī cóng zǐ yuē yī jù kāi shǐ chǎn shù sī xiǎng.,The teacher begins explaining the idea with the phrase Confucius said.
2,命途多舛,mìng tú duō chuǎn,命途多舛的一家又被迫搬迁。,mìng tú duō chuǎn de yī jiā yòu bèi pò bān qiān.,The unlucky family is forced to move yet again.
0,喘气,chuǎn qì,大腹便便的男子爬楼后不停喘气。,dà fù pián pián de nán zǐ pá lóu hòu bù tíng chuǎn qì.,The potbellied man pants after climbing the stairs.
0,善良,shàn liáng,善良的邻居经常帮助老人。,shàn liáng de lín jū jīng cháng bāng zhù lǎo rén.,The kind neighbor often helps older people.
0,柔软,róu ruǎn,这条围巾摸起来十分柔软。,zhè tiáo wéi jīn mō qǐ lai shí fēn róu ruǎn.,This scarf feels very soft.
1,衍生,yǎn shēng,拙劣的改编衍生出更多剧情漏洞。,zhuō liè de gǎi biān yǎn shēng chū gèng duō jù qíng lòu dòng.,The poor adaptation creates more plot holes.
0,表演,biǎo yǎn,她认真打扮，准备参加学校表演。,"tā rèn zhēn dǎ ban, zhǔn bèi cān jiā xué xiào biǎo yǎn.",She dressed carefully to take part in the school performance.
1,缅怀,miǎn huái,这副挽联表达对逝者的缅怀。,zhè fù wǎn lián biǎo dá duì shì zhě de miǎn huái.,The funeral couplet honors the deceased.
0,恋爱,liàn ài,恋爱中的两人一起讨论旅行路线。,liàn ài zhōng de liǎng rén yī qǐ tǎo lùn lǚ xíng lù xiàn.,The couple in love discussed their travel route together.
0,卑贱,bēi jiàn,旧时卑贱者鲜有求学机会。,jiù shí bēi jiàn zhě xiǎn yǒu qiú xué jī huì.,"In the past, people of low status seldom had a chance to study."
2,渲染,xuàn rǎn,他涂抹颜色，渲染画中的云雾。,"tā tú mǒ yán sè, xuàn rǎn huà zhōng de yún wù.",He applies color to shade the mist in the painting.
0,路线,lù xiàn,出差前，她向同事咨询路线。,"chū chāi qián, tā xiàng tóng shì zī xún lù xiàn.","Before her business trip, she asked a colleague about the route."
0,颤抖,chàn dǒu,患病的小猫在寒风中颤抖。,huàn bìng de xiǎo māo zài hán fēng zhōng chàn dǒu.,The sick kitten shivers in the cold wind.
0,战争,zhàn zhēng,他们的爱情没有被战争摧毁。,tā men de ài qíng méi yǒu bèi zhàn zhēng cuī huǐ.,Their love was not destroyed by the war.
1,擅长,shàn cháng,她擅长画画，却不会弹钢琴。,"tā shàn cháng huà huà, què bù huì tán gāng qín.",She is good at drawing but cannot play the piano.
2,缮写,shàn xiě,薛先生仔细缮写需要提交的文书。,xuē xiān sheng zǐ xì shàn xiě xū yào tí jiāo de wén shū.,Mr. Xue carefully copies the documents for submission.
0,手绢,shǒu juàn,她把一串珠子放在手绢上。,tā bǎ yī chuàn zhū zi fàng zài shǒu juàn shàng.,She places a string of beads on the handkerchief.
1,谴责,qiǎn zé,虐待动物的人应该受到谴责。,nüè dài dòng wù de rén yīng gāi shòu dào qiǎn zé.,People who abuse animals should be condemned.
0,面前,miàn qián,他在父亲面前握紧了拳头。,tā zài fù qīn miàn qián wò jǐn le quán tou.,He clenched his fists in front of his father.
0,恶劣,è liè,大家强烈谴责这种恶劣的行为。,dà jiā qiáng liè qiǎn zé zhè zhǒng è liè de xíng wéi.,Everyone strongly condemned this appalling behavior.
1,凛冽,lǐn liè,凛冽寒风吹过浙江沿海。,lǐn liè hán fēng chuī guò zhè jiāng yán hǎi.,A biting wind blows along the Zhejiang coast.
0,强烈,qiáng liè,大家强烈谴责这种恶劣的行为。,dà jiā qiáng liè qiǎn zé zhè zhǒng è liè de xíng wéi.,Everyone strongly condemned this appalling behavior.
0,破裂,pò liè,下雪以后，水管发生了破裂。,"xià xuě yǐ hòu, shuǐ guǎn fā shēng le pò liè.","After the snowfall, the water pipe burst."
0,绝对,jué duì,绝对不能靠假设判断一个人的性格。,jué duì bù néng kào jiǎ shè pàn duàn yī gè rén de xìng gé.,You must never judge someone's character on assumptions alone.
0,下雪,xià xuě,下雪以后，水管发生了破裂。,"xià xuě yǐ hòu, shuǐ guǎn fā shēng le pò liè.","After the snowfall, the water pipe burst."
1,薛,xuē,薛先生仔细缮写需要提交的文书。,xuē xiān sheng zǐ xì shàn xiě xū yào tí jiāo de wén shū.,Mr. Xue carefully copies the documents for submission.
0,浙江,zhè jiāng,凛冽寒风吹过浙江沿海。,lǐn liè hán fēng chuī guò zhè jiāng yán hǎi.,A biting wind blows along the Zhejiang coast.
1,拙劣,zhuō liè,拙劣的改编衍生出更多剧情漏洞。,zhuō liè de gǎi biān yǎn shēng chū gèng duō jù qíng lòu dòng.,The poor adaptation creates more plot holes.
0,假设,jiǎ shè,绝对不能靠假设判断一个人的性格。,jué duì bù néng kào jiǎ shè pàn duàn yī gè rén de xìng gé.,You must never judge someone's character on assumptions alone.
0,热闹,rè nao,集市十分热闹，到处有人喧哗。,"jí shì shí fēn rè nao, dào chù yǒu rén xuān huá.",The busy market is noisy with voices.
0,检阅,jiǎn yuè,将军气宇轩昂地检阅队伍。,jiāng jūn qì yǔ xuān áng de jiǎn yuè duì wǔ.,The dignified general reviews the troops.
0,消灭,xiāo miè,他反对煽动仇恨，主张消灭偏见。,"tā fǎn duì shān dòng chóu hèn, zhǔ zhāng xiāo miè piān jiàn.",He opposes stirring up hatred and calls for ending prejudice.
0,传播,chuán bō,必须及时遏制疾病的传播。,bì xū jí shí è zhì jí bìng de chuán bō.,The spread of the disease must be contained promptly.
0,自传,zì zhuàn,她在自传里介绍了自己的童年。,tā zài zì zhuàn lǐ jiè shào le zì jǐ de tóng nián.,She described her childhood in her autobiography.
0,缠绕,chán rào,他收好缠绕的绳索，准备辗谷。,"tā shōu hǎo chán rào de shéng suǒ, zhǔn bèi niǎn gǔ.",He gathers the tangled ropes before rolling grain.
1,门栓,mén shuān,他用楔子固定松动的门栓。,tā yòng xiē zi gù dìng sōng dòng de mén shuān.,He secures the loose door bolt with a wedge.
2,张骞,zhāng qiān,张骞出使西域，曾到达大宛。,"zhāng qiān chū shǐ xī yù, céng dào dá dà yuān.",Zhang Qian reached Dayuan during his western mission.
2,嫣然,yān rán,她整理云鬟，向镜中嫣然一笑。,"tā zhěng lǐ yún huán, xiàng jìng zhōng yān rán yī xiào.",She arranges her coiffure and smiles gracefully into the mirror.
0,圆形,yuán xíng,圆形的饼干摆在盘子中央。,yuán xíng de bǐng gān bǎi zài pán zi zhōng yāng.,The round biscuits are arranged in the center of the plate.
0,席卷,xí juǎn,大风席卷村庄，把许多树木吹倒。,"dà fēng xí juǎn cūn zhuāng, bǎ xǔ duō shù mù chuī dào.",Strong winds swept through the village and blew down many trees.
2,虔诚,qián chéng,他虔诚守礼，也敢向君王进谏。,"tā qián chéng shǒu lǐ, yě gǎn xiàng jūn wáng jìn jiàn.",He respects tradition and dares to advise the ruler.
2,蜷缩,quán suō,一只猿猴蜷缩在树枝间睡觉。,yī zhī yuán hóu quán suō zài shù zhī jiān shuì jiào.,A monkey sleeps curled up among the branches.
0,键盘,jiàn pán,他用键盘输入修订后的版本。,tā yòng jiàn pán shū rù xiū dìng hòu de bǎn běn.,He types the revised version on the keyboard.
0,权力,quán lì,他利用权力，帮助村民解决问题。,"tā lì yòng quán lì, bāng zhù cūn mín jiě jué wèn tí.",He used his authority to help villagers solve their problems.
0,试卷,shì juàn,老师发下试卷，请大家认真答题。,"lǎo shī fā xià shì juàn, qǐng dà jiā rèn zhēn dá tí.",The teacher handed out the test papers and asked everyone to answer carefully.
0,卷曲,juǎn qū,卷曲的毡子摊开后盖住木板。,juǎn qū de zhān zi tān kāi hòu gài zhù mù bǎn.,The rolled felt is spread out over the boards.
0,拳头,quán tou,他在父亲面前握紧了拳头。,tā zài fù qīn miàn qián wò jǐn le quán tou.,He clenched his fists in front of his father.
0,展览,zhǎn lǎn,展览中的照片显示了城市的转变。,zhǎn lǎn zhōng de zhào piàn xiǎn shì le chéng shì de zhuǎn biàn.,The photographs in the exhibition show the city's transformation.
2,辗转,zhǎn zhuǎn,她辗转多地，沿途寻找亲人的消息。,"tā zhǎn zhuǎn duō dì, yán tú xún zhǎo qīn rén de xiāo xi.",She travels through many places seeking news of her family.
2,辗谷,niǎn gǔ,他收好缠绕的绳索，准备辗谷。,"tā shōu hǎo chán rào de shéng suǒ, zhǔn bèi niǎn gǔ.",He gathers the tangled ropes before rolling grain.
0,转变,zhuǎn biàn,展览中的照片显示了城市的转变。,zhǎn lǎn zhōng de zhào piàn xiǎn shì le chéng shì de zhuǎn biàn.,The photographs in the exhibition show the city's transformation.
0,自转,zì zhuàn,地球绕自身轴旋转，称为自转。,"dì qiú rào zì shēn zhóu xuán zhuǎn, chēng wéi zì zhuàn.",Earth's rotation around its own axis is called axial rotation.
0,辨别,biàn bié,辩论之前，要先辨别信息是否真实。,"biàn lùn zhī qián, yào xiān biàn bié xìn xī shì fǒu zhēn shí.","Before debating, determine whether the information is true."
0,辩论,biàn lùn,辩论之前，要先辨别信息是否真实。,"biàn lùn zhī qián, yào xiān biàn bié xìn xī shì fǒu zhēn shí.","Before debating, determine whether the information is true."
1,加冕,jiā miǎn,新国王加冕时，广场响起欢呼。,"xīn guó wáng jiā miǎn shí, guǎng chǎng xiǎng qǐ huān hū.",Cheers fill the square when the new king is crowned.
0,免除,miǎn chú,及时包扎伤口能免除部分痛苦。,jí shí bāo zā shāng kǒu néng miǎn chú bù fèn tòng kǔ.,Promptly dressing the wound can ease some pain.
0,勉励,miǎn lì,老师轮番勉励即将参赛的学生。,lǎo shī lún fān miǎn lì jí jiāng cān sài de xué sheng.,The teachers take turns encouraging the competitors.
0,文件,wén jiàn,这个文件解释了谚语的含义。,zhè ge wén jiàn jiě shì le yàn yǔ de hán yì.,This document explains the meaning of the proverb.
1,碾压,niǎn yā,轧钢机把钢材碾压成薄板。,zhá gāng jī bǎ gāng cái niǎn yā chéng báo bǎn.,The rolling mill presses steel into thin sheets.
1,眷属,juàn shǔ,他在信笺上写下对眷属的牵挂。,tā zài xìn jiān shàng xiě xià duì juàn shǔ de qiān guà.,He writes of his concern for his family in the letter.
0,这个,zhè ge,这个小屏幕只有三英寸宽。,zhè ge xiǎo píng mù zhǐ yǒu sān yīng cùn kuān.,This little screen is only three inches wide.
1,谚语,yàn yǔ,这个文件解释了谚语的含义。,zhè ge wén jiàn jiě shì le yàn yǔ de hán yì.,This document explains the meaning of the proverb.
2,俊彦,jùn yàn,宴会邀请各地俊彦与豪杰。,yàn huì yāo qǐng gè dì jùn yàn yǔ háo jié.,The banquet invites talented and outstanding people.
2,汴京,biàn jīng,古画描绘汴京车马阗门的盛况。,gǔ huà miáo huì biàn jīng chē mǎ tián mén de shèng kuàng.,The painting shows a busy gathering of carriages in Bianjing.
0,疲倦,pí juàn,疲倦时，他仍然认真研究哲学。,"pí juàn shí, tā réng rán rèn zhēn yán jiū zhé xué.","Even when tired, he continued studying philosophy carefully."
1,呐喊,nà hǎn,有人呐喊求救，也有人嚎啕大哭。,"yǒu rén nà hǎn qiú jiù, yě yǒu rén háo táo dà kū.",Some shout for help while others sob loudly.
0,哲学,zhé xué,疲倦时，他仍然认真研究哲学。,"pí juàn shí, tā réng rán rèn zhēn yán jiū zhé xué.","Even when tired, he continued studying philosophy carefully."
1,车辙,chē zhé,撤退队伍留下深深的车辙。,chè tuì duì wǔ liú xià shēn shēn de chē zhé.,The retreating column leaves deep wheel ruts.
0,撤退,chè tuì,撤退队伍留下深深的车辙。,chè tuì duì wǔ liú xià shēn shēn de chē zhé.,The retreating column leaves deep wheel ruts.
0,彻底,chè dǐ,他彻底改变了习惯，睡眠也改善了。,"tā chè dǐ gǎi biàn le xí guàn, shuì mián yě gǎi shàn le.","He completely changed his habits, and his sleep improved too."
1,清澈,qīng chè,清澈浅水中，莲花映出倒影。,"qīng chè qiǎn shuǐ zhōng, lián huā yìng chū dào yǐng.",Lotus flowers are reflected in the clear shallow water.
0,分别,fēn bié,分别之后，她始终牵挂好友。,"fēn bié zhī hòu, tā shǐ zhōng qiān guà hǎo yǒu.","After parting, she continues to think of her friend."
0,豪杰,háo jié,宴会邀请各地俊彦与豪杰。,yàn huì yāo qǐng gè dì jùn yàn yǔ háo jié.,The banquet invites talented and outstanding people.
2,癫狂,diān kuáng,他癫狂地奔跑，终于摔跤受伤。,"tā diān kuáng de bēn pǎo, zhōng yú shuāi jiāo shòu shāng.",He runs wildly until he falls and hurts himself.
2,巅峰,diān fēng,他锲而不舍，终于登上事业巅峰。,"tā qiè ér bù shě, zhōng yú dēng shàng shì yè diān fēng.",He perseveres and finally reaches the peak of his career.
0,颠倒,diān dǎo,这本书有两张页面装订颠倒。,zhè běn shū yǒu liǎng zhāng yè miàn zhuāng dìng diān dǎo.,Two pages in this book have been bound upside down.
2,车马阗门,chē mǎ tián mén,古画描绘汴京车马阗门的盛况。,gǔ huà miáo huì biàn jīng chē mǎ tián mén de shèng kuàng.,The painting shows a busy gathering of carriages in Bianjing.
0,田地,tián dì,佃农在租来的田地里佃作。,diàn nóng zài zū lái de tián dì lǐ diàn zuò.,The tenant farmer works the land he rents.
1,佃作,diàn zuò,佃农在租来的田地里佃作。,diàn nóng zài zū lái de tián dì lǐ diàn zuò.,The tenant farmer works the land he rents.
1,佃农,diàn nóng,佃农在租来的田地里佃作。,diàn nóng zài zū lái de tián dì lǐ diàn zuò.,The tenant farmer works the land he rents.
0,年龄,nián líng,随着年龄增长，他更注重锻炼。,"suí zhe nián líng zēng zhǎng, tā gèng zhù zhòng duàn liàn.","As he grows older, he pays more attention to exercise."
0,零分,líng fēn,不能因一次零分而轻蔑同学。,bù néng yīn yī cì líng fēn ér qīng miè tóng xué.,Do not despise a classmate for scoring zero once.
0,莲花,lián huā,清澈浅水中，莲花映出倒影。,"qīng chè qiǎn shuǐ zhōng, lián huā yìng chū dào yǐng.",Lotus flowers are reflected in the clear shallow water.
0,可怜,kě lián,可怜的小狗蹲在前面，等人喂食。,"kě lián de xiǎo gǒu dūn zài qián miàn, děng rén wèi shí.","The poor puppy sits up ahead, waiting to be fed."
0,浅水,qiǎn shuǐ,清澈浅水中，莲花映出倒影。,"qīng chè qiǎn shuǐ zhōng, lián huā yìng chū dào yǐng.",Lotus flowers are reflected in the clear shallow water.
2,信笺,xìn jiān,他在信笺上写下对眷属的牵挂。,tā zài xìn jiān shàng xiě xià duì juàn shǔ de qiān guà.,He writes of his concern for his family in the letter.
1,溅溅,jiān jiān,溪水溅溅，水花飞溅到石上。,"xī shuǐ jiān jiān, shuǐ huā fēi jiàn dào shí shàng.","The stream gurgles, splashing water onto the rocks."
1,飞溅,fēi jiàn,溪水溅溅，水花飞溅到石上。,"xī shuǐ jiān jiān, shuǐ huā fēi jiàn dào shí shàng.","The stream gurgles, splashing water onto the rocks."
2,阡陌,qiān mò,涓涓溪流穿过田间阡陌。,juān juān xī liú chuān guò tián jiān qiān mò.,A small stream flows through the paths between fields.
0,前面,qián miàn,可怜的小狗蹲在前面，等人喂食。,"kě lián de xiǎo gǒu dūn zài qián miàn, děng rén wèi shí.","The poor puppy sits up ahead, waiting to be fed."
0,首先,shǒu xiān,首先保持冷静，再坚强面对困难。,"shǒu xiān bǎo chí lěng jìng, zài jiān qiáng miàn duì kùn nan.","First stay calm, then face the difficulty with courage."
0,肩膀,jiān bǎng,他背着书包，肩膀有些酸。,"tā bèi zhe shū bāo, jiān bǎng yǒu xiē suān.",His shoulders ache a little from carrying his schoolbag.
0,坚强,jiān qiáng,首先保持冷静，再坚强面对困难。,"shǒu xiān bǎo chí lěng jìng, zài jiān qiáng miàn duì kùn nan.","First stay calm, then face the difficulty with courage."
2,涓涓,juān juān,涓涓溪流穿过田间阡陌。,juān juān xī liú chuān guò tián jiān qiān mò.,A small stream flows through the paths between fields.
1,杜鹃,dù juān,树梢上鸟声啁啾，杜鹃也在鸣叫。,"shù shāo shàng niǎo shēng zhōu jiū, dù juān yě zài míng jiào.","Birds chirp in the treetops, joined by a cuckoo."
0,纤绳,qiàn shéng,船夫拉紧纤绳，再用竹篙撑船。,"chuán fū lā jǐn qiàn shéng, zài yòng zhú gāo chēng chuán.",The boatman tightens the towline and poles the boat.
0,牵挂,qiān guà,分别之后，她始终牵挂好友。,"fēn bié zhī hòu, tā shǐ zhōng qiān guà hǎo yǒu.","After parting, she continues to think of her friend."
2,妍丽,yán lì,妍丽的姑娘在湖边留下倩影。,yán lì de gū niang zài hú biān liú xià qiàn yǐng.,The lovely young woman is silhouetted by the lake.
0,研究,yán jiū,疲倦时，他仍然认真研究哲学。,"pí juàn shí, tā réng rán rèn zhēn yán jiū zhé xué.","Even when tired, he continued studying philosophy carefully."
2,眩晕,xuàn yùn,他感到眩晕，还伴着腹部绞痛。,"tā gǎn dào xuàn yùn, hái bàn zhe fù bù jiǎo tòng.",He feels dizzy and has abdominal cramps.
0,县城,xiàn chéng,他们周末造访这座古老县城。,tā men zhōu mò zào fǎng zhè zuò gǔ lǎo xiàn chéng.,They visit the old county town at the weekend.
0,琴弦,qín xián,老师用口诀讲解琴弦的顺序。,lǎo shī yòng kǒu jué jiǎng jiě qín xián de shùn xù.,The teacher uses a mnemonic to explain the strings' order.
0,圣贤,shèng xián,古代圣贤主张荐举有德之人。,gǔ dài shèng xián zhǔ zhāng jiàn jǔ yǒu dé zhī rén.,Ancient sages favored recommending virtuous people.
1,玄妙,xuán miào,古文中的玄妙可指深奥的奥妙。,gǔ wén zhōng de xuán miào kě zhǐ shēn ào de ào miào.,"In classical writing, this word can refer to profound mysteries."
0,燕子,yàn zi,研究人员发现燕子返回了旧巢。,yán jiū rén yuán fā xiàn yàn zi fǎn huí le jiù cháo.,The researchers found that the swallows had returned to their old nest.
0,燕国,yān guó,地图分别标出燕国和郑国桔柣门。,dì tú fēn bié biāo chū yān guó hé zhèng guó jié dié mén.,The map marks Yan and the Ju Die gate of Zheng separately.
1,深渊,shēn yuān,波涛在深渊般的峡谷中翻滚。,bō tāo zài shēn yuān bān de xiá gǔ zhōng fān gǔn.,Waves churn in the abyss-like gorge.
0,咽喉,yān hóu,她哽咽不语，咽喉像被堵住。,"tā gěng yè bù yǔ, yān hóu xiàng bèi dǔ zhù.",She chokes with emotion and feels her throat tighten.
0,狼吞虎咽,láng tūn hǔ yàn,他饿坏了，坐下就狼吞虎咽地吃饭。,"tā è huài le, zuò xia jiù láng tūn hǔ yàn de chī fàn.",He was starving and began eating ravenously as soon as he sat down.
0,哽咽,gěng yè,她哽咽不语，咽喉像被堵住。,"tā gěng yè bù yǔ, yān hóu xiàng bèi dǔ zhù.",She chokes with emotion and feels her throat tighten.
0,旁边,páng biān,请把椅子移动到窗户旁边。,qǐng bǎ yǐ zi yí dòng dào chuāng hu páng biān.,Please move the chair beside the window.
0,编辑,biān jí,编辑修改段落，使文章更加流畅。,"biān jí xiū gǎi duàn luò, shǐ wén zhāng gèng jiā liú chàng.",The editor revised the paragraphs to make the article flow better.
0,睡眠,shuì mián,他彻底改变了习惯，睡眠也改善了。,"tā chè dǐ gǎi biàn le xí guàn, shuì mián yě gǎi shàn le.","He completely changed his habits, and his sleep improved too."
0,词典,cí diǎn,旁边的词典里有这个词的解释。,páng biān de cí diǎn lǐ yǒu zhè ge cí de jiě shì.,The dictionary beside us has an explanation of this word.
2,腆着脸,tiǎn zhe liǎn,他腆着脸求赏，竟然觍颜事仇。,"tā tiǎn zhe liǎn qiú shǎng, jìng rán tiǎn yán shì chóu.",He shamelessly begs for favor and serves his enemy.
2,觍颜事仇,tiǎn yán shì chóu,觍颜事仇指厚着脸皮侍奉仇人。,tiǎn yán shì chóu zhǐ hòu zhe liǎn pí shì fèng chóu rén.,Tianyan shichou means shamelessly serving an enemy.
2,腼腆,miǎn tiǎn,这个孩子有点腼腆。,zhè ge hái zi yǒu diǎn miǎn tiǎn.,This child is a little shy.
0,蚕茧,cán jiǎn,竹篾编成的篮里放着蚕茧。,zhú miè biān chéng de lán lǐ fàng zhe cán jiǎn.,Silkworm cocoons lie in a woven bamboo basket.
0,猎犬,liè quǎn,猎犬用爪子轻轻扒动地面。,liè quǎn yòng zhuǎ zi qīng qīng bā dòng dì miàn.,The hunting dog lightly scratches the ground with its paws.
0,明显,míng xiǎn,这处错误很明显，一眼就能看出。,"zhè chù cuò wù hěn míng xiǎn, yī yǎn jiù néng kàn chū.",This error is obvious at a glance.
0,宴会,yàn huì,宴会上，她的辫子十分引人注意。,"yàn huì shàng, tā de biàn zi shí fēn yǐn rén zhù yì.",Her braid attracted considerable attention at the banquet.
1,匾额,biǎn é,他看着匾额，吟诵上面的诗句。,"tā kàn zhe biǎn é, yín sòng shàng miàn de shī jù.",He looks at the plaque and recites its verse.
0,辫子,biàn zi,宴会上，她的辫子十分引人注意。,"yàn huì shàng, tā de biàn zi shí fēn yǐn rén zhù yì.",Her braid attracted considerable attention at the banquet.
0,吟诵,yín sòng,他看着匾额，吟诵上面的诗句。,"tā kàn zhe biǎn é, yín sòng shàng miàn de shī jù.",He looks at the plaque and recites its verse.
1,奠基,diàn jī,工匠先为宫殿奠基，再砌高墙。,"gōng jiàng xiān wèi gōng diàn diàn jī, zài qì gāo qiáng.",The builders lay the palace foundations before raising the walls.
0,电话,diàn huà,他在电话里推荐了一本书。,tā zài diàn huà lǐ tuī jiàn le yī běn shū.,He recommended a book over the phone.
0,宫殿,gōng diàn,工匠先为宫殿奠基，再砌高墙。,"gōng jiàng xiān wèi gōng diàn diàn jī, zài qì gāo qiáng.",The builders lay the palace foundations before raising the walls.
1,伊甸园,yī diàn yuán,画中的伊甸园花色绚烂。,huà zhōng de yī diàn yuán huā sè xuàn làn.,The painted Garden of Eden has brilliantly colored flowers.
1,淀粉,diàn fěn,谷物中的淀粉经处理后参与发酵。,gǔ wù zhōng de diàn fěn jīng chǔ lǐ hòu cān yù fā jiào.,Processed starch from the grain is used in fermentation.
0,练习,liàn xí,她的骑马技术在练习中提高了。,tā de qí mǎ jì shù zài liàn xí zhōng tí gāo le.,Her riding skills improved with practice.
0,推荐,tuī jiàn,他在电话里推荐了一本书。,tā zài diàn huà lǐ tuī jiàn le yī běn shū.,He recommended a book over the phone.
2,倩影,qiàn yǐng,妍丽的姑娘在湖边留下倩影。,yán lì de gū niang zài hú biān liú xià qiàn yǐng.,The lovely young woman is silhouetted by the lake.
0,荐举,jiàn jǔ,古代圣贤主张荐举有德之人。,gǔ dài shèng xián zhǔ zhāng jiàn jǔ yǒu dé zhī rén.,Ancient sages favored recommending virtuous people.
0,看见,kàn jiàn,女儿旅行时，看见一只蟾蜍。,"nǚ ér lǚ xíng shí, kàn jiàn yī zhī chán chú.",My daughter saw a toad while traveling.
0,发见,fā jiàn,旧文中的发见可表示发现。,jiù wén zhōng de fā jiàn kě biǎo shì fā xiàn.,This spelling in older writing can mean to discover.
1,砚台,yàn tái,他在砚台里磨墨，准备抄写古诗。,"tā zài yàn tái lǐ mó mò, zhǔn bèi chāo xiě gǔ shī.",He grinds ink in the inkstone to copy an old poem.
2,绚烂,xuàn làn,画中的伊甸园花色绚烂。,huà zhōng de yī diàn yuán huā sè xuàn làn.,The painted Garden of Eden has brilliantly colored flowers.
1,炫耀,xuàn yào,他不断炫耀自己的豪华汽车。,tā bù duàn xuàn yào zì jǐ de háo huá qì chē.,He keeps showing off his luxury car.
0,现在,xiàn zài,手表坏了，我不知道现在几点。,"shǒu biǎo huài le, wǒ bù zhī dào xiàn zài jǐ diǎn.","My watch is broken, so I do not know what time it is."
0,普遍,pǔ biàn,现在，使用智能手机已经很普遍。,"xiàn zài, shǐ yòng zhì néng shǒu jī yǐ jīng hěn pǔ biàn.",Using smartphones is now very common.
0,面条,miàn tiáo,他胃口很好，一下吃了两碗面条。,"tā wèi kǒu hěn hǎo, yī xià chī le liǎng wǎn miàn tiáo.",He has a good appetite and ate two bowls of noodles at once.
0,图片,tú piàn,这两张图片的确值得仔细比较。,zhè liǎng zhāng tú piàn dí què zhí de zǐ xì bǐ jiào.,These two pictures really deserve a careful comparison.
0,钢铁,gāng tiě,机器把钢铁截断成短段。,jī qì bǎ gāng tiě jié duàn chéng duǎn duàn.,The machine cuts the steel into short lengths.
0,跌倒,diē dǎo,他跌倒了，膝盖擦出了伤口。,"tā diē dǎo le, xī gài cā chū le shāng kǒu.",He fell and scraped his knee.
2,更迭,gēng dié,四季更迭，山林面貌随之改变。,"sì jì gēng dié, shān lín miàn mào suí zhī gǎi biàn.",The forest's appearance changes with the seasons.
0,捏造,niē zào,他捏造证据，炮制虚假新闻。,"tā niē zào zhèng jù, páo zhì xū jiǎ xīn wén.",He fabricates evidence to produce false news.
0,节日,jié rì,节日那天，他因盗窃被警察带走。,"jié rì nà tiān, tā yīn dào qiè bèi jǐng chá dài zǒu.","On the festival day, he was taken away by the police for theft."
2,疖子,jiē zi,医生说明疖子与疱疹的区别。,yī shēng shuō míng jiē zi yǔ pào zhěn de qū bié.,The doctor explains the difference between boils and herpes lesions.
0,盗窃,dào qiè,节日那天，他因盗窃被警察带走。,"jié rì nà tiān, tā yīn dào qiè bèi jǐng chá dài zǒu.","On the festival day, he was taken away by the police for theft."
2,沏茶,qī chá,姑姑用茶壶沏茶，请我留下歇息。,"gū gu yòng chá hú qī chá, qǐng wǒ liú xià xiē xi.",My aunt brewed tea in a teapot and invited me to stay for a rest.
0,截断,jié duàn,机器把钢铁截断成短段。,jī qì bǎ gāng tiě jié duàn chéng duǎn duàn.,The machine cuts the steel into short lengths.
1,口诀,kǒu jué,老师用口诀讲解琴弦的顺序。,lǎo shī yòng kǒu jué jiǎng jiě qín xián de shùn xù.,The teacher uses a mnemonic to explain the strings' order.
2,桔梗,jié gěng,桔梗的花苞像一个小气球。,jié gěng de huā bāo xiàng yī ge xiǎo qì qiú.,The balloon flower's bud looks like a tiny balloon.
2,桔柣,jié dié,地图分别标出燕国和郑国桔柣门。,dì tú fēn bié biāo chū yān guó hé zhèng guó jié dié mén.,The map marks Yan and the Ju Die gate of Zheng separately.
0,结束,jié shù,祷告结束后，他戴上手套出门。,"dǎo gào jié shù hòu, tā dài shang shǒu tào chū mén.","After the prayer, he put on his gloves and went out."
2,锲而不舍,qiè ér bù shě,他锲而不舍，终于登上事业巅峰。,"tā qiè ér bù shě, zhōng yú dēng shàng shì yè diān fēng.",He perseveres and finally reaches the peak of his career.
2,抉择,jué zé,抉择时要谨慎，也不能因噎废食。,"jué zé shí yào jǐn shèn, yě bù néng yīn yē fèi shí.",Choose carefully without giving up because of a small risk.
0,清洁,qīng jié,刷牙时，要清洁牙齿和牙龈。,"shuā yá shí, yào qīng jié yá chǐ hé yá yín.","When brushing, clean both your teeth and your gums."
0,缺少,quē shǎo,缺少某种物质可能导致身体不适。,quē shǎo mǒu zhǒng wù zhì kě néng dǎo zhì shēn tǐ bù shì.,A deficiency of a substance may cause physical discomfort.
0,决定,jué dìng,联盟决定明天举行新的会议。,lián méng jué dìng míng tiān jǔ xíng xīn de huì yì.,The alliance decided to hold another meeting tomorrow.
0,血液,xuè yè,血液检查以后，医生发现他缺少铁。,"xuè yè jiǎn chá yǐ hòu, yī shēng fā xiàn tā quē shǎo tiě.","After a blood test, the doctor found that he was deficient in iron."
0,页面,yè miàn,这本书有两张页面装订颠倒。,zhè běn shū yǒu liǎng zhāng yè miàn zhuāng dìng diān dǎo.,Two pages in this book have been bound upside down.
0,洞穴,dòng xué,经过洞穴时，他瞥见一只蝙蝠。,"jīng guò dòng xué shí, tā piē jiàn yī zhī biān fú.","As he passed the cave, he caught sight of a bat."
2,因噎废食,yīn yē fèi shí,抉择时要谨慎，也不能因噎废食。,"jué zé shí yào jǐn shèn, yě bù néng yīn yē fèi shí.",Choose carefully without giving up because of a small risk.
1,瘪三,biē sān,小说以瘪三描写街头游荡的无赖。,xiǎo shuō yǐ biē sān miáo xiě jiē tóu yóu dàng de wú lài.,The novel uses this derogatory word for a street loafer.
2,竹篾,zhú miè,竹篾编成的篮里放着蚕茧。,zhú miè biān chéng de lán lǐ fàng zhe cán jiǎn.,Silkworm cocoons lie in a woven bamboo basket.
0,轻蔑,qīng miè,不能因一次零分而轻蔑同学。,bù néng yīn yī cì líng fēn ér qīng miè tóng xué.,Do not despise a classmate for scoring zero once.
2,瞥见,piē jiàn,经过洞穴时，他瞥见一只蝙蝠。,"jīng guò dòng xué shí, tā piē jiàn yī zhī biān fú.","As he passed the cave, he caught sight of a bat."
0,刀剑,dāo jiàn,蟹的螯足像两把小小刀剑。,xiè de áo zú xiàng liǎng bǎ xiǎo xiǎo dāo jiàn.,The crab's claws resemble two little blades.
0,滔滔,tāo tāo,洪水滔滔，岸上有人悲声哀号。,"hóng shuǐ tāo tāo, àn shàng yǒu rén bēi shēng āi háo.",The flood surges as people onshore cry mournfully.
2,绦虫,tāo chóng,绦虫是寄生在动物肠道中的虫。,tāo chóng shì jì shēng zài dòng wù cháng dào zhōng de chóng.,Tapeworms are worms that live in animals’ intestines.
0,叨扰,tāo rǎo,临别时，他向大嫂说叨扰了。,"lín bié shí, tā xiàng dà sǎo shuō tāo rǎo le.","Before leaving, he thanks the hostess for her hospitality."
0,唠叨,láo dao,妈妈一直唠叨，他便掏出手机打电话。,"mā ma yī zhí láo dao, tā biàn tāo chū shǒu jī dǎ diàn huà.","Mom kept nagging, so he took out his phone to make a call."
0,掏出,tāo chū,孩子打开口袋，掏出一枚硬币。,"hái zi dǎ kāi kǒu dài, tāo chū yī méi yìng bì.",The child opened the pocket and took out a coin.
0,逃跑,táo pǎo,小偷逃跑时，踩坏了地上的葡萄。,"xiǎo tōu táo pǎo shí, cǎi huài le dì shang de pú tao.",The thief crushed grapes on the ground while running away.
0,桃子,táo zi,她把洗好的桃子放在盘子里。,tā bǎ xǐ hǎo de táo zi fàng zài pán zi lǐ.,She put the washed peaches on a plate.
2,嚎啕,háo táo,有人呐喊求救，也有人嚎啕大哭。,"yǒu rén nà hǎn qiú jiù, yě yǒu rén háo táo dà kū.",Some shout for help while others sob loudly.
0,波涛,bō tāo,波涛在深渊般的峡谷中翻滚。,bō tāo zài shēn yuān bān de xiá gǔ zhōng fān gǔn.,Waves churn in the abyss-like gorge.
0,葡萄,pú tao,小偷逃跑时，踩坏了地上的葡萄。,"xiǎo tōu táo pǎo shí, cǎi huài le dì shang de pú tao.",The thief crushed grapes on the ground while running away.
0,捞取,lāo qǔ,他从水槽中捞取漂浮的水藻。,tā cóng shuǐ cáo zhōng lāo qǔ piāo fú de shuǐ zǎo.,He scoops floating algae out of the trough.
0,勤劳,qín láo,主人慰劳勤劳的工人，送来热饭。,"zhǔ rén wèi láo qín láo de gōng rén, sòng lái rè fàn.",The owner brings hot food to thank the hardworking workers.
0,慰劳,wèi láo,主人慰劳勤劳的工人，送来热饭。,"zhǔ rén wèi láo qín láo de gōng rén, sòng lái rè fàn.",The owner brings hot food to thank the hardworking workers.
0,糟糕,zāo gāo,今天的天气实在很糟糕。,jīn tiān de tiān qì shí zài hěn zāo gāo.,The weather is truly awful today.
0,水槽,shuǐ cáo,他从水槽中捞取漂浮的水藻。,tā cóng shuǐ cáo zhōng lāo qǔ piāo fú de shuǐ zǎo.,He scoops floating algae out of the trough.
0,遭遇,zāo yù,计划遭遇阻挠，大家仍继续努力。,"jì huà zāo yù zǔ náo, dà jiā réng jì xù nǔ lì.","The plan meets resistance, but everyone keeps trying."
0,早操,zǎo cāo,曹老师每天带学生做早操。,cáo lǎo shī měi tiān dài xué sheng zuò zǎo cāo.,Teacher Cao leads morning exercises every day.
0,操行,cāo xíng,老师褒扬这名学生良好的操行。,lǎo shī bāo yáng zhè míng xué shēng liáng hǎo de cāo xíng.,The teacher praises the student's good conduct.
2,嘈杂,cáo zá,嘈杂的市场里，大家大声交谈。,"cáo zá de shì chǎng lǐ, dà jiā dà shēng jiāo tán.",People speak loudly in the noisy market.
1,曹,cáo,曹老师每天带学生做早操。,cáo lǎo shī měi tiān dài xué sheng zuò zǎo cāo.,Teacher Cao leads morning exercises every day.
1,搔痒,sāo yǎng,不断搔痒会骚扰旁边休息的人。,bù duàn sāo yǎng huì sāo rǎo páng biān xiū xi de rén.,Constant scratching can disturb someone resting nearby.
1,骚扰,sāo rǎo,不断搔痒会骚扰旁边休息的人。,bù duàn sāo yǎng huì sāo rǎo páng biān xiū xi de rén.,Constant scratching can disturb someone resting nearby.
0,牙膏,yá gāo,他把牙膏放在高大的柜子上。,tā bǎ yá gāo fàng zài gāo dà de guì zi shàng.,He put the toothpaste on the tall cabinet.
0,高大,gāo dà,他把牙膏放在高大的柜子上。,tā bǎ yá gāo fàng zài gāo dà de guì zi shàng.,He put the toothpaste on the tall cabinet.
1,羊羔,yáng gāo,羊羔在蒿草边低头吃草。,yáng gāo zài hāo cǎo biān dī tóu chī cǎo.,The lamb grazes beside the wormwood.
1,竹篙,zhú gāo,船夫拉紧纤绳，再用竹篙撑船。,"chuán fū lā jǐn qiàn shéng, zài yòng zhú gāo chēng chuán.",The boatman tightens the towline and poles the boat.
2,咎由自取,jiù yóu zì qǔ,他因凶暴伤人获罪，实属咎由自取。,"tā yīn xiōng bào shāng rén huò zuì, shí shǔ jiù yóu zì qǔ.",His conviction for violent assault is his own fault.
1,熬夜,áo yè,他熬夜赶完了这份报告。,tā áo yè gǎn wán le zhè fèn bào gào.,He stayed up late and finished this report.
2,翱翔,áo xiáng,雄鹰展开双翅，在高空翱翔。,"xióng yīng zhǎn kāi shuāng chì, zài gāo kōng áo xiáng.",The eagle spreads its wings and soars high.
2,遨游,áo yóu,敖游表示游逛，意思接近遨游。,"áo yóu biǎo shì yóu guàng, yì si jiē jìn áo yóu.","The classical term means roaming, similar to the modern word."
2,敖游,áo yóu,敖游表示游逛，意思接近遨游。,"áo yóu biǎo shì yóu guàng, yì si jiē jìn áo yóu.","The classical term means roaming, similar to the modern word."
2,螯足,áo zú,蟹的螯足像两把小小刀剑。,xiè de áo zú xiàng liǎng bǎ xiǎo xiǎo dāo jiàn.,The crab's claws resemble two little blades.
0,阻挠,zǔ náo,计划遭遇阻挠，大家仍继续努力。,"jì huà zāo yù zǔ náo, dà jiā réng jì xù nǔ lì.","The plan meets resistance, but everyone keeps trying."
1,蒿草,hāo cǎo,羊羔在蒿草边低头吃草。,yáng gāo zài hāo cǎo biān dī tóu chī cǎo.,The lamb grazes beside the wormwood.
0,哀号,āi háo,洪水滔滔，岸上有人悲声哀号。,"hóng shuǐ tāo tāo, àn shàng yǒu rén bēi shēng āi háo.",The flood surges as people onshore cry mournfully.
0,号码,hào mǎ,请把房间号码告诉前台。,qǐng bǎ fáng jiān hào mǎ gào su qián tái.,Please tell reception your room number.
0,豪华,háo huá,他不断炫耀自己的豪华汽车。,tā bù duàn xuàn yào zì jǐ de háo huá qì chē.,He keeps showing off his luxury car.
0,丝毫,sī háo,他丝毫没有放弃的念头。,tā sī háo méi yǒu fàng qì de niàn tou.,He has no intention of giving up at all.
1,褒扬,bāo yáng,老师褒扬这名学生良好的操行。,lǎo shī bāo yáng zhè míng xué shēng liáng hǎo de cāo xíng.,The teacher praises the student's good conduct.
0,长袍,cháng páo,她用轻薄绉纱缝制一件长袍。,tā yòng qīng bó zhòu shā féng zhì yī jiàn cháng páo.,She makes a long robe from light crepe gauze.
0,毛衣,máo yī,他痴迷于编织，做了许多毛衣。,"tā chī mí yú biān zhī, zuò le xǔ duō máo yī.",He is fascinated by knitting and has made many sweaters.
2,时髦,shí máo,她穿着一件时髦的新外套。,tā chuān zhe yī jiàn shí máo de xīn wài tào.,She wears a fashionable new coat.
1,捣衣,dǎo yī,古时妇女捣衣，方便洗濯衣物。,"gǔ shí fù nǚ dǎo yī, fāng biàn xǐ zhuó yī wù.",Women once beat garments to help wash them.
0,倒下,dǎo xià,倒下的大树阻挡了去墓地的路。,dǎo xià de dà shù zǔ dǎng le qù mù dì de lù.,The fallen tree blocked the road to the cemetery.
0,倒水,dào shuǐ,倒水时，他不小心碰倒了杯子。,"dào shuǐ shí, tā bù xiǎo xīn pèng dǎo le bēi zi.","While pouring water, he accidentally knocked over the cup."
1,祷告,dǎo gào,祷告结束后，他戴上手套出门。,"dǎo gào jié shù hòu, tā dài shang shǒu tào chū mén.","After the prayer, he put on his gloves and went out."
0,手套,shǒu tào,祷告结束后，他戴上手套出门。,"dǎo gào jié shù hòu, tā dài shang shǒu tào chū mén.","After the prayer, he put on his gloves and went out."
0,稻米,dào mǐ,这袋稻米很重，要两个人搬。,"zhè dài dào mǐ hěn zhòng, yào liǎng gè rén bān.",This sack of rice is heavy and needs two people to carry it.
0,脑袋,nǎo dai,小狗挠着脑袋，身上可能有跳蚤。,"xiǎo gǒu náo zhe nǎo dai, shēn shang kě néng yǒu tiào zao.",The puppy is scratching its head and may have fleas.
1,流潦,liú lǎo,大雨过后，流潦冲走地上的茅草。,"dà yǔ guò hòu, liú lǎo chōng zǒu dì shang de máo cǎo.","After the rain, runoff washes away the straw."
1,潦倒,liáo dǎo,生活潦倒时，友好的邻居帮了他。,"shēng huó liáo dǎo shí, yǒu hǎo de lín jū bāng le tā.","When he was struggling to get by, a friendly neighbor helped him."
0,老人,lǎo rén,善良的邻居经常帮助老人。,shàn liáng de lín jū jīng cháng bāng zhù lǎo rén.,The kind neighbor often helps older people.
0,红枣,hóng zǎo,祖母用红枣馅做甜包子。,zǔ mǔ yòng hóng zǎo xiàn zuò tián bāo zi.,Grandmother makes sweet buns filled with red dates.
1,水藻,shuǐ zǎo,他从水槽中捞取漂浮的水藻。,tā cóng shuǐ cáo zhōng lāo qǔ piāo fú de shuǐ zǎo.,He scoops floating algae out of the trough.
1,跳蚤,tiào zao,小狗挠着脑袋，身上可能有跳蚤。,"xiǎo gǒu náo zhe nǎo dai, shēn shang kě néng yǒu tiào zao.",The puppy is scratching its head and may have fleas.
0,草地,cǎo dì,孩子们坐在草地上休息。,hái zi men zuò zài cǎo dì shàng xiū xi.,The children sit on the grass to rest.
0,新造,xīn zào,他把新造的木椅搬进书房。,tā bǎ xīn zào de mù yǐ bān jìn shū fáng.,He moves the newly made chair into the study.
0,造访,zào fǎng,他们周末造访这座古老县城。,tā men zhōu mò zào fǎng zhè zuò gǔ lǎo xiàn chéng.,They visit the old county town at the weekend.
0,打扫,dǎ sǎo,大家打扫完教室便休息了。,dà jiā dǎ sǎo wán jiào shì biàn xiū xi le.,Everyone rested after cleaning the classroom.
0,大嫂,dà sǎo,临别时，他向大嫂说叨扰了。,"lín bié shí, tā xiàng dà sǎo shuō tāo rǎo le.","Before leaving, he thanks the hostess for her hospitality."
0,友好,yǒu hǎo,生活潦倒时，友好的邻居帮了他。,"shēng huó liáo dǎo shí, yǒu hǎo de lín jū bāng le tā.","When he was struggling to get by, a friendly neighbor helped him."
0,好客,hào kè,好客的主人拥抱客人，欢迎他们进屋。,"hào kè de zhǔ rén yōng bào kè rén, huān yíng tā men jìn wū.",The hospitable host hugged the guests and welcomed them inside.
0,浩大,hào dà,浩大的山火迅速蔓延，几乎燎原。,"hào dà de shān huǒ xùn sù màn yán, jī hū liáo yuán.",The immense wildfire spreads rapidly across the land.
0,棉袄,mián ǎo,她把棉袄披在裹着襁褓的婴儿上。,tā bǎ mián ǎo pī zài guǒ zhe qiǎng bǎo de yīng ér shàng.,She lays the padded coat over the swaddled baby.
1,懊悔,ào huǐ,想到自己的错误，他非常懊悔。,"xiǎng dào zì jǐ de cuò wù, tā fēi cháng ào huǐ.",He deeply regretted his mistake when he thought about it.
0,宝贝,bǎo bèi,他把这个旧玩具当作宝贝。,tā bǎ zhè ge jiù wán jù dàng zuò bǎo bèi.,He treasures this old toy.
0,城堡,chéng bǎo,雾里的小屋仿佛一座城堡。,wù lǐ de xiǎo wū fǎng fú yī zuò chéng bǎo.,The cottage in the mist looks like a castle.
2,永葆,yǒng bǎo,古老艺术经过创新，永葆活力。,"gǔ lǎo yì shù jīng guò chuàng xīn, yǒng bǎo huó lì.",Innovation keeps the old art form vibrant.
2,襁褓,qiǎng bǎo,她把棉袄披在裹着襁褓的婴儿上。,tā bǎ mián ǎo pī zài guǒ zhe qiǎng bǎo de yīng ér shàng.,She lays the padded coat over the swaddled baby.
0,拥抱,yōng bào,好客的主人拥抱客人，欢迎他们进屋。,"hào kè de zhǔ rén yōng bào kè rén, huān yíng tā men jìn wū.",The hospitable host hugged the guests and welcomed them inside.
0,到达,dào dá,货物准时到达，经理祝贺团队。,"huò wù zhǔn shí dào dá, jīng lǐ zhù hè tuán duì.","The goods arrived on time, and the manager congratulated the team."
0,悼念,dào niàn,人们静静悼念逝者，心中悲哀。,"rén men jìng jìng dào niàn shì zhě, xīn zhōng bēi āi.",People quietly mourn the deceased with sorrow.
0,领导,lǐng dǎo,领导给出忠告，提醒他不要骄傲。,"lǐng dǎo gěi chū zhōng gào, tí xǐng tā bù yào jiāo ào.",The leader gave him advice and reminded him not to become arrogant.
0,烦躁,fán zào,噪音越来越大，让她感到烦躁。,"zào yīn yuè lái yuè dà, ràng tā gǎn dào fán zào.",The increasing noise made her feel irritable.
1,噪音,zào yīn,噪音越来越大，让她感到烦躁。,"zào yīn yuè lái yuè dà, ràng tā gǎn dào fán zào.",The increasing noise made her feel irritable.
0,报告,bào gào,他仔细检查报告中的数字。,tā zǐ xì jiǎn chá bào gào zhōng de shù zì.,He carefully checks the figures in the report.
0,忠告,zhōng gào,领导给出忠告，提醒他不要骄傲。,"lǐng dǎo gěi chū zhōng gào, tí xǐng tā bù yào jiāo ào.",The leader gave him advice and reminded him not to become arrogant.
0,骄傲,jiāo ào,领导给出忠告，提醒他不要骄傲。,"lǐng dǎo gěi chū zhōng gào, tí xǐng tā bù yào jiāo ào.",The leader gave him advice and reminded him not to become arrogant.
0,奥妙,ào miào,古文中的玄妙可指深奥的奥妙。,gǔ wén zhōng de xuán miào kě zhǐ shēn ào de ào miào.,"In classical writing, this word can refer to profound mysteries."
1,澳洲,ào zhōu,在澳洲旅行时，我们看到了瀑布。,"zài ào zhōu lǚ xíng shí, wǒ men kàn dào le pù bù.",We saw a waterfall while traveling in Australia.
0,报纸,bào zhǐ,报纸刊登了看守仓库的招聘信息。,bào zhǐ kān dēng le kān shǒu cāng kù de zhāo pìn xìn xī.,The newspaper published an advertisement for a warehouse guard.
0,凶暴,xiōng bào,他因凶暴伤人获罪，实属咎由自取。,"tā yīn xiōng bào shāng rén huò zuì, shí shǔ jiù yóu zì qǔ.",His conviction for violent assault is his own fault.
0,一暴十寒,yī pù shí hán,孝顺应持之以恒，不能一暴十寒。,"xiào shùn yīng chí zhī yǐ héng, bù néng yī pù shí hán.","Care for parents should be steady, never intermittent."
2,曝晒,pù shài,水果先经曝晒，再存进地窖。,"shuǐ guǒ xiān jīng pù shài, zài cún jìn dì jiào.",The fruit is exposed to the sun before storage in the cellar.
1,瀑布,pù bù,在澳洲旅行时，我们看到了瀑布。,"zài ào zhōu lǚ xíng shí, wǒ men kàn dào le pù bù.",We saw a waterfall while traveling in Australia.
0,帽子,mào zi,他摘下帽子，礼貌地向女士问好。,"tā zhāi xià mào zi, lǐ mào de xiàng nǚ shì wèn hǎo.",He took off his hat and politely greeted the lady.
0,冒犯,mào fàn,嘲笑别人的外貌会冒犯对方。,cháo xiào bié ren de wài mào huì mào fàn duì fāng.,Mocking someone's appearance can offend them.
1,嘲笑,cháo xiào,嘲笑别人的外貌会冒犯对方。,cháo xiào bié ren de wài mào huì mào fàn duì fāng.,Mocking someone's appearance can offend them.
2,啁啾,zhōu jiū,树梢上鸟声啁啾，杜鹃也在鸣叫。,"shù shāo shàng niǎo shēng zhōu jiū, dù juān yě zài míng jiào.","Birds chirp in the treetops, joined by a cuckoo."
0,抓住,zhuā zhù,抓住这张钞票，别让风吹走。,"zhuā zhù zhè zhāng chāo piào, bié ràng fēng chuī zǒu.",Hold on to this banknote so the wind does not blow it away.
0,钞票,chāo piào,抓住这张钞票，别让风吹走。,"zhuā zhù zhè zhāng chāo piào, bié ràng fēng chuī zǒu.",Hold on to this banknote so the wind does not blow it away.
0,抄写,chāo xiě,他在砚台里磨墨，准备抄写古诗。,"tā zài yàn tái lǐ mó mò, zhǔn bèi chāo xiě gǔ shī.",He grinds ink in the inkstone to copy an old poem.
1,巢穴,cháo xué,鸟咬住枯枝，带回巢穴筑巢。,"niǎo yǎo zhù kū zhī, dài huí cháo xué zhù cháo.",The bird grasps a twig and takes it to the nest.
0,树梢,shù shāo,树梢上鸟声啁啾，杜鹃也在鸣叫。,"shù shāo shàng niǎo shēng zhōu jiū, dù juān yě zài míng jiào.","Birds chirp in the treetops, joined by a cuckoo."
0,交流,jiāo liú,住在郊区的朋友经常交流养花经验。,zhù zài jiāo qū de péng you jīng cháng jiāo liú yǎng huā jīng yàn.,Friends living in the suburbs often exchange gardening tips.
2,蛟龙,jiāo lóng,直觉告诉他，传说中的蛟龙并不存在。,"zhí jué gào su tā, chuán shuō zhōng de jiāo lóng bìng bù cún zài.",His intuition tells him the legendary dragon does not exist.
0,教书,jiāo shū,辞职之后，他开始在家乡教书。,"cí zhí zhī hòu, tā kāi shǐ zài jiā xiāng jiāo shū.","After resigning, he began teaching in his hometown."
0,咬住,yǎo zhù,鸟咬住枯枝，带回巢穴筑巢。,"niǎo yǎo zhù kū zhī, dài huí cháo xué zhù cháo.",The bird grasps a twig and takes it to the nest.
0,郊区,jiāo qū,住在郊区的朋友经常交流养花经验。,zhù zài jiāo qū de péng you jīng cháng jiāo liú yǎng huā jīng yàn.,Friends living in the suburbs often exchange gardening tips.
0,胶水,jiāo shuǐ,她用胶水把纸片粘在盒子上。,tā yòng jiāo shuǐ bǎ zhǐ piàn zhān zài hé zi shàng.,She glues the pieces of paper onto the box.
2,摔跤,shuāi jiāo,他癫狂地奔跑，终于摔跤受伤。,"tā diān kuáng de bēn pǎo, zhōng yú shuāi jiāo shòu shāng.",He runs wildly until he falls and hurts himself.
0,敲门,qiāo mén,敲门以后，请等主人回应再进去。,"qiāo mén yǐ hòu, qǐng děng zhǔ rén huí yìng zài jìn qù.","After knocking, wait for the host to respond before entering."
1,哮喘,xiào chuǎn,哮喘发作时，他感到呼吸困难。,"xiào chuǎn fā zuò shí, tā gǎn dào hū xī kùn nan.","During an asthma attack, he has difficulty breathing."
1,佳肴,jiā yáo,他炒菜时加入鲍鱼，做成佳肴。,"tā chǎo cài shí jiā rù bào yú, zuò chéng jiā yáo.",He adds abalone to make a delicious dish.
1,混淆,hùn xiáo,别混淆这两道菜肴的名称。,bié hùn xiáo zhè liǎng dào cài yáo de míng chēng.,Do not mix up the names of these two dishes.
1,菜肴,cài yáo,别混淆这两道菜肴的名称。,bié hùn xiáo zhè liǎng dào cài yáo de míng chēng.,Do not mix up the names of these two dishes.
0,细胞,xì bāo,科学课上，我们观察植物细胞。,"kē xué kè shàng, wǒ men guān chá zhí wù xì bāo.","In science class, we observe plant cells."
1,花苞,huā bāo,桔梗的花苞像一个小气球。,jié gěng de huā bāo xiàng yī ge xiǎo qì qiú.,The balloon flower's bud looks like a tiny balloon.
0,包子,bāo zi,祖母用红枣馅做甜包子。,zǔ mǔ yòng hóng zǎo xiàn zuò tián bāo zi.,Grandmother makes sweet buns filled with red dates.
0,跑步,pǎo bù,他的跑步速度逐渐提高。,tā de pǎo bù sù dù zhú jiàn tí gāo.,His running speed is gradually improving.
0,炮弹,pào dàn,哨子声一响，士兵远离未爆炮弹。,"shào zi shēng yī xiǎng, shì bīng yuǎn lí wèi bào pào dàn.","At the whistle, the soldiers move away from the unexploded shell."
0,炮制,páo zhì,他捏造证据，炮制虚假新闻。,"tā niē zào zhèng jù, páo zhì xū jiǎ xīn wén.",He fabricates evidence to produce false news.
0,炮鸡丁,bāo jī dīng,鸡肉须熟透，炮鸡丁也不能例外。,"jī ròu xū shú tòu, bāo jī dīng yě bù néng lì wài.","Chicken must be cooked through, including quick-fried diced chicken."
1,咆哮,páo xiào,老虎发出咆哮，小动物急忙逃跑。,"lǎo hǔ fā chū páo xiào, xiǎo dòng wù jí máng táo pǎo.","The tiger roared, and the little animals quickly fled."
0,茅草,máo cǎo,大雨过后，流潦冲走地上的茅草。,"dà yǔ guò hòu, liú lǎo chōng zǒu dì shang de máo cǎo.","After the rain, runoff washes away the straw."
0,浸泡,jìn pào,豆子经浸泡后变得饱满。,dòu zi jīng jìn pào hòu biàn de bǎo mǎn.,The beans become plump after soaking.
0,灯泡,dēng pào,灯泡爆炸以后，房间陷入黑暗。,"dēng pào bào zhà yǐ hòu, fáng jiān xiàn rù hēi àn.","After the light bulb exploded, the room became dark."
0,水泡,shuǐ pào,走路太多，他脚上长了水泡。,"zǒu lù tài duō, tā jiǎo shàng zhǎng le shuǐ pào.",He developed blisters on his feet from walking too much.
0,抛弃,pāo qì,他没有抛弃原来的计划。,tā méi yǒu pāo qì yuán lái de jì huà.,He has not abandoned his original plan.
0,爪子,zhuǎ zi,猎犬用爪子轻轻扒动地面。,liè quǎn yòng zhuǎ zi qīng qīng bā dòng dì miàn.,The hunting dog lightly scratches the ground with its paws.
0,炒菜,chǎo cài,他炒菜时加入鲍鱼，做成佳肴。,"tā chǎo cài shí jiā rù bào yú, zuò chéng jiā yáo.",He adds abalone to make a delicious dish.
0,绞痛,jiǎo tòng,他感到眩晕，还伴着腹部绞痛。,"tā gǎn dào xuàn yùn, hái bàn zhe fù bù jiǎo tòng.",He feels dizzy and has abdominal cramps.
0,巧妙,qiǎo miào,他巧妙地改进了旧方法。,tā qiǎo miào de gǎi jìn le jiù fāng fǎ.,He cleverly improved the old method.
0,饱满,bǎo mǎn,豆子经浸泡后变得饱满。,dòu zi jīng jìn pào hòu biàn de bǎo mǎn.,The beans become plump after soaking.
2,鲍鱼,bào yú,他炒菜时加入鲍鱼，做成佳肴。,"tā chǎo cài shí jiā rù bào yú, zuò chéng jiā yáo.",He adds abalone to make a delicious dish.
2,鲍鱼之肆,bào yú zhī sì,鲍鱼之肆原指售卖咸鱼的店。,bào yú zhī sì yuán zhǐ shòu mài xián yú de diàn.,This old phrase originally meant a shop selling salted fish.
2,卯时,mǎo shí,卯时天刚亮，她起床煮元宵。,"mǎo shí tiān gāng liàng, tā qǐ chuáng zhǔ yuán xiāo.","At dawn, she gets up to cook sweet rice balls."
0,口罩,kǒu zhào,口罩稍微有点大，他调整了带子。,"kǒu zhào shāo wēi yǒu diǎn dà, tā tiáo zhěng le dài zi.","The mask was slightly too large, so he adjusted the straps."
2,洗濯,xǐ zhuó,古时妇女捣衣，方便洗濯衣物。,"gǔ shí fù nǚ dǎo yī, fāng biàn xǐ zhuó yī wù.",Women once beat garments to help wash them.
2,绉纱,zhòu shā,她用轻薄绉纱缝制一件长袍。,tā yòng qīng bó zhòu shā féng zhì yī jiàn cháng páo.,She makes a long robe from light crepe gauze.
0,稍微,shāo wēi,口罩稍微有点大，他调整了带子。,"kǒu zhào shāo wēi yǒu diǎn dà, tā tiáo zhěng le dài zi.","The mask was slightly too large, so he adjusted the straps."
0,直觉,zhí jué,直觉告诉他，传说中的蛟龙并不存在。,"zhí jué gào su tā, chuán shuō zhōng de jiāo lóng bìng bù cún zài.",His intuition tells him the legendary dragon does not exist.
1,发酵,fā jiào,谷物中的淀粉经处理后参与发酵。,gǔ wù zhōng de diàn fěn jīng chǔ lǐ hòu cān yù fā jiào.,Processed starch from the grain is used in fermentation.
1,地窖,dì jiào,水果先经曝晒，再存进地窖。,"shuǐ guǒ xiān jīng pù shài, zài cún jìn dì jiào.",The fruit is exposed to the sun before storage in the cellar.
0,快乐,kuài lè,快乐的孩子跟着音乐轻轻唱歌。,kuài lè de hái zi gēn zhe yīn yuè qīng qīng chàng gē.,The happy child sang softly along with the music.
0,音乐,yīn yuè,快乐的孩子跟着音乐轻轻唱歌。,kuài lè de hái zi gēn zhe yīn yuè qīng qīng chàng gē.,The happy child sang softly along with the music.
0,仁者乐山,rén zhě yào shān,仁者乐山以山比喻安稳宽厚的品德。,rén zhě yào shān yǐ shān bǐ yù ān wěn kuān hòu de pǐn dé.,"This saying links mountains with steady, generous virtue."
0,孝顺,xiào shùn,孝顺应持之以恒，不能一暴十寒。,"xiào shùn yīng chí zhī yǐ héng, bù néng yī pù shí hán.","Care for parents should be steady, never intermittent."
0,校对,jiào duì,这份稿件需要仔细校对。,zhè fèn gǎo jiàn xū yào zǐ xì jiào duì.,This manuscript needs careful proofreading.
0,效果,xiào guǒ,这个办法有效果，情况正在改善。,"zhè ge bàn fǎ yǒu xiào guǒ, qíng kuàng zhèng zài gǎi shàn.","This method is working, and the situation is improving."
1,猎豹,liè bào,猎豹焦急地寻找走散的幼崽。,liè bào jiāo jí de xún zhǎo zǒu sàn de yòu zǎi.,The cheetah anxiously searches for its lost cub.
0,爆炸,bào zhà,灯泡爆炸以后，房间陷入黑暗。,"dēng pào bào zhà yǐ hòu, fáng jiān xiàn rù hēi àn.","After the light bulb exploded, the room became dark."
0,面貌,miàn mào,四季更迭，山林面貌随之改变。,"sì jì gēng dié, shān lín miàn mào suí zhī gǎi biàn.",The forest's appearance changes with the seasons.
2,疱疹,pào zhěn,医生说明疖子与疱疹的区别。,yī shēng shuō míng jiē zi yǔ pào zhěn de qū bié.,The doctor explains the difference between boils and herpes lesions.
1,燎原,liáo yuán,浩大的山火迅速蔓延，几乎燎原。,"hào dà de shān huǒ xùn sù màn yán, jī hū liáo yuán.",The immense wildfire spreads rapidly across the land.
0,香蕉,xiāng jiāo,香蕉和辣椒放在不同的篮子里。,xiāng jiāo hé là jiāo fàng zài bù tóng de lán zi lǐ.,The bananas and chili peppers are in separate baskets.
0,焦急,jiāo jí,猎豹焦急地寻找走散的幼崽。,liè bào jiāo jí de xún zhǎo zǒu sàn de yòu zǎi.,The cheetah anxiously searches for its lost cub.
0,辣椒,là jiāo,香蕉和辣椒放在不同的篮子里。,xiāng jiāo hé là jiāo fàng zài bù tóng de lán zi lǐ.,The bananas and chili peppers are in separate baskets.
2,樵夫,qiáo fū,樵夫发现路消失在茂密的森林里。,qiáo fū fā xiàn lù xiāo shī zài mào mì de sēn lín lǐ.,The woodcutter noticed the path disappearing into the dense forest.
0,消失,xiāo shī,樵夫发现路消失在茂密的森林里。,qiáo fū fā xiàn lù xiāo shī zài mào mì de sēn lín lǐ.,The woodcutter noticed the path disappearing into the dense forest.
0,元宵,yuán xiāo,卯时天刚亮，她起床煮元宵。,"mǎo shí tiān gāng liàng, tā qǐ chuáng zhǔ yuán xiāo.","At dawn, she gets up to cook sweet rice balls."
2,逍遥,xiāo yáo,退休以后，他想过逍遥自在的生活。,"tuì xiū yǐ hòu, tā xiǎng guò xiāo yáo zì zai de shēng huó.","After retirement, he wants to live a carefree life."
0,哨子,shào zi,哨子声一响，士兵远离未爆炮弹。,"shào zi shēng yī xiǎng, shì bīng yuǎn lí wèi bào pào dàn.","At the whistle, the soldiers move away from the unexploded shell."
2,云霄,yún xiāo,一声长啸直冲云霄，山谷回应。,"yī shēng cháng xiào zhí chōng yún xiāo, shān gǔ huí yìng.",A long cry rises to the sky and echoes through the valley.
0,销售,xiāo shòu,这次销售弥补了上个月的亏损。,zhè cì xiāo shòu mí bǔ le shàng gè yuè de kuī sǔn.,These sales made up for last month's losses.
1,硝石,xiāo shí,展柜里的硝石呈现细小颗粒。,zhǎn guì lǐ de xiāo shí chéng xiàn xì xiǎo kē lì.,The saltpeter in the case has fine grains.
1,昭示,zhāo shì,灾难昭示了污染带来的祸害。,zāi nàn zhāo shì le wū rǎn dài lái de huò hài.,The disaster reveals the damage caused by pollution.
0,招呼,zhāo hu,侄子彬彬有礼地向客人打招呼。,zhí zi bīn bīn yǒu lǐ de xiàng kè rén dǎ zhāo hu.,My nephew greeted the guests politely.
2,韶华,sháo huá,年少时莫蹉跎，珍惜美好韶华。,"nián shào shí mò cuō tuó, zhēn xī měi hǎo sháo huá.",Do not waste your youth; treasure those fine years.
0,饶恕,ráo shù,她愿意饶恕朋友，也要求对方改正。,"tā yuàn yì ráo shù péng you, yě yāo qiú duì fāng gǎi zhèng.",She is willing to forgive her friend but also asks for a change in behavior.
1,跷跷板,qiāo qiāo bǎn,他挪动跷跷板旁的长椅。,tā nuó dòng qiāo qiāo bǎn páng de cháng yǐ.,He moves the bench beside the seesaw.
0,要求,yāo qiú,严格的教练要求大家按时集合。,yán gé de jiào liàn yāo qiú dà jiā àn shí jí hé.,The strict coach required everyone to gather on time.
0,腰带,yāo dài,他系好腰带，准备去遥远的村庄。,"tā jì hǎo yāo dài, zhǔn bèi qù yáo yuǎn de cūn zhuāng.",He fastened his belt and prepared to travel to a distant village.
0,遥远,yáo yuǎn,广袤的草原延伸到遥远的山脚。,guǎng mào de cǎo yuán yán shēn dào yáo yuǎn de shān jiǎo.,The vast grassland stretches to the foot of distant mountains.
2,瑶池,yáo chí,画中嫦娥经过瑶池，望向明月。,"huà zhōng cháng é jīng guò yáo chí, wàng xiàng míng yuè.","In the painting, Chang'e passes the heavenly lake and looks at the moon."
0,摇晃,yáo huàng,外面刮风了，衣服在风中摇晃。,"wài miàn guā fēng le, yī fu zài fēng zhōng yáo huàng.","It is windy outside, and the clothes are swaying in the wind."
0,皋陶,gāo táo,老师分别介绍皋陶和孟轲。,lǎo shī fēn bié jiè shào gāo táo hé mèng kē.,The teacher introduces Gao Yao and Meng Ke separately.
0,陶瓷,táo cí,这个锅子由耐热陶瓷制成。,zhè ge guō zi yóu nài rè táo cí zhì chéng.,This pot is made from heat-resistant ceramic.
0,谣言,yáo yán,她澄清了谣言，让大家放心。,"tā chéng qīng le yáo yán, ràng dà jiā fàng xīn.",She cleared up the rumor and reassured everyone.
0,窑洞,yáo dòng,窑洞门口摆着装粮食的竹箩。,yáo dòng mén kǒu bǎi zhe zhuāng liáng shi de zhú luó.,A bamboo grain basket stands by the cave dwelling.
1,姚,yáo,姚老师介绍赵姓与廖姓的来历。,yáo lǎo shī jiè shào zhào xìng yǔ liào xìng de lái lì.,Teacher Yao explains the origins of the Zhao and Liao surnames.
2,飙车,biāo chē,道路颠簸，他仍冒险飙车。,"dào lù diān bǒ, tā réng mào xiǎn biāo chē.",He recklessly speeds along the bumpy road.
1,水瓢,shuǐ piáo,他用水瓢舀满桶，再挑水回家。,"tā yòng shuǐ piáo yǎo mǎn tǒng, zài tiāo shuǐ huí jiā.",He fills the buckets with a dipper and carries them home.
0,飘扬,piāo yáng,锣鼓齐鸣，旗帜迎风飘扬。,"luó gǔ qí míng, qí zhì yíng fēng piāo yáng.",Drums and gongs sound as flags flutter in the wind.
0,漂泊,piāo bó,他多年漂泊，经历许多坎坷。,"tā duō nián piāo bó, jīng lì xǔ duō kǎn kě.",He wanders for years through many hardships.
0,漂亮,piào liang,柱子上挂着几根漂亮的羽毛。,zhù zi shàng guà zhe jǐ gēn piào liang de yǔ máo.,Several lovely feathers hang from the pillar.
2,瞟一眼,piǎo yī yǎn,她嫌他啰嗦，只瞟一眼便走开。,"tā xián tā luō suo, zhǐ piǎo yī yǎn biàn zǒu kāi.","Finding him too talkative, she glances once and leaves."
1,翘首,qiáo shǒu,他翘首远眺，盼着亲人归来。,"tā qiáo shǒu yuǎn tiào, pàn zhe qīn rén guī lái.","He lifts his head to look into the distance, hoping for his family's return."
1,翘起,qiào qǐ,螺丝松了，木板的一端翘起。,"luó sī sōng le, mù bǎn de yī duān qiào qǐ.",A loose screw makes one end of the board rise.
0,悄悄,qiāo qiāo,猫咪悄悄走到我的脚边。,māo mī qiāo qiāo zǒu dào wǒ de jiǎo biān.,The cat quietly came up beside my feet.
0,小心,xiǎo xīn,路很滑，你千万要小心。,"lù hěn huá, nǐ qiān wàn yào xiǎo xīn.","The road is slippery, so please be extremely careful."
1,沼泽,zhǎo zé,沼泽里潮湿，鞋子很容易弄脏。,"zhǎo zé lǐ cháo shī, xié zi hěn róng yì nòng zāng.","The swamp is damp, and shoes get dirty easily."
0,多少,duō shao,这里还剩多少水果？,zhè lǐ hái shèng duō shao shuǐ guǒ?,How much fruit is left here?
0,年少,nián shào,年少时莫蹉跎，珍惜美好韶华。,"nián shào shí mò cuō tuó, zhēn xī měi hǎo sháo huá.",Do not waste your youth; treasure those fine years.
0,打扰,dǎ rǎo,请别打扰她，她正在认真写字。,"qǐng bié dǎ rǎo tā, tā zhèng zài rèn zhēn xiě zì.",Please do not disturb her; she is concentrating on writing.
0,围绕,wéi rào,枝柯围绕小亭，树影婆娑。,"zhī kē wéi rào xiǎo tíng, shù yǐng pó suō.","Branches surround the pavilion, casting swaying shadows."
1,渺茫,miǎo máng,他多年杳无音信，寻人希望渺茫。,"tā duō nián yǎo wú yīn xìn, xún rén xī wàng miǎo máng.","He has been missing for years, and hope of finding him is faint."
0,吵闹,chǎo nào,孩子不再吵闹，妈妈露出了微笑。,"hái zi bù zài chǎo nào, mā ma lù chū le wēi xiào.","The child stopped making noise, and Mom smiled."
0,秒钟,miǎo zhōng,运动员几秒钟内连续跳跃三次。,yùn dòng yuán jǐ miǎo zhōng nèi lián xù tiào yuè sān cì.,The athlete jumps three times within a few seconds.
0,治疗,zhì liáo,他因痢疾住院，已经接受治疗。,"tā yīn lì ji zhù yuàn, yǐ jīng jiē shòu zhì liáo.",He was hospitalized with dysentery and is receiving treatment.
1,峭壁,qiào bì,峨眉的峭壁隐在云雾里。,é méi de qiào bì yǐn zài yún wù lǐ.,Mount Emei's cliffs hide in the mist.
1,俊俏,jùn qiào,画中的女子俊俏窈窕，姿态优雅。,"huà zhōng de nǚ zǐ jùn qiào yǎo tiǎo, zī tài yōu yǎ.","The woman in the painting is lovely, slender, and graceful."
1,生肖,shēng xiào,他们约定交换各自生肖的玩偶。,tā men yuē dìng jiāo huàn gè zì shēng xiào de wán ǒu.,They agree to exchange toys of their zodiac animals.
0,微笑,wēi xiào,他赢得比赛，向大家露出微笑。,"tā yíng dé bǐ sài, xiàng dà jiā lù chū wēi xiào.",He won the competition and smiled at everyone.
0,照片,zhào piàn,镜子的背后贴着一张旧照片。,jìng zi de bèi hòu tiē zhe yī zhāng jiù zhào piàn.,An old photograph is attached to the back of the mirror.
2,年高德劭,nián gāo dé shào,文章称赞邵雍年高德劭。,wén zhāng chēng zàn shào yōng nián gāo dé shào.,The article praises Shao Yong as an elder of great virtue.
2,邵雍,shào yōng,文章称赞邵雍年高德劭。,wén zhāng chēng zàn shào yōng nián gāo dé shào.,The article praises Shao Yong as an elder of great virtue.
0,约定,yuē dìng,他们约定交换各自生肖的玩偶。,tā men yuē dìng jiāo huàn gè zì shēng xiào de wán ǒu.,They agree to exchange toys of their zodiac animals.
2,日曜,rì yào,古代星曜名中，日曜指太阳。,"gǔ dài xīng yào míng zhōng, rì yào zhǐ tài yang.","In ancient astronomy, this celestial name refers to the sun."
0,照耀,zhào yào,阳光照耀着花园，景色十分美妙。,"yáng guāng zhào yào zhe huā yuán, jǐng sè shí fēn měi miào.","Sunlight shines on the garden, creating a wonderful view."
0,美妙,měi miào,阳光照耀着花园，景色十分美妙。,"yáng guāng zhào yào zhe huā yuán, jǐng sè shí fēn měi miào.","Sunlight shines on the garden, creating a wonderful view."
0,朝夕,zhāo xī,孩子与爹娘朝夕相处，感情深厚。,"hái zi yǔ diē niáng zhāo xī xiāng chǔ, gǎn qíng shēn hòu.",The child is close to his parents after sharing daily life.
0,朝廷,cháo tíng,历史书讲述晁错向朝廷献策。,lì shǐ shū jiǎng shù cháo cuò xiàng cháo tíng xiàn cè.,The history book recounts Chao Cuo advising the court.
0,超过,chāo guò,这辆车的速度超过了规定上限。,zhè liàng chē de sù dù chāo guò le guī dìng shàng xiàn.,This car's speed exceeds the permitted limit.
0,潮湿,cháo shī,沼泽里潮湿，鞋子很容易弄脏。,"zhǎo zé lǐ cháo shī, xié zi hěn róng yì nòng zāng.","The swamp is damp, and shoes get dirty easily."
2,晁错,cháo cuò,历史书讲述晁错向朝廷献策。,lì shǐ shū jiǎng shù cháo cuò xiàng cháo tíng xiàn cè.,The history book recounts Chao Cuo advising the court.
0,乔木,qiáo mù,乔木遮住阳光，保护娇嫩禾苗。,"qiáo mù zhē zhù yáng guāng, bǎo hù jiāo nen hé miáo.",The tree shades and protects the tender seedlings.
0,娇嫩,jiāo nen,乔木遮住阳光，保护娇嫩禾苗。,"qiáo mù zhē zhù yáng guāng, bǎo hù jiāo nen hé miáo.",The tree shades and protects the tender seedlings.
1,喧嚣,xuān xiāo,喧嚣街头传来商贩的叫喊。,xuān xiāo jiē tóu chuán lái shāng fàn de jiào hǎn.,Vendors shout in the noisy street.
0,妖怪,yāo guài,故事中，妖怪指使喽啰抢东西。,"gù shi zhōng, yāo guài zhǐ shǐ lóu luo qiǎng dōng xī.",The monster orders its minions to steal in the story.
1,夭折,yāo zhé,计划夭折，让团队遭遇挫折。,"jì huà yāo zhé, ràng tuán duì zāo yù cuò zhé.",The failed plan is a setback for the team.
2,分道扬镳,fēn dào yáng biāo,他们不愿互相束缚，决定分道扬镳。,"tā men bù yuàn hù xiāng shù fù, jué dìng fēn dào yáng biāo.",They choose separate paths rather than hold each other back.
0,描写,miáo xiě,小说描写貂蝉在月下的身影。,xiǎo shuō miáo xiě diāo chán zài yuè xià de shēn yǐng.,The novel describes Diaochan's silhouette beneath the moon.
0,幼苗,yòu miáo,莎草幼苗从湿润土中长出。,suō cǎo yòu miáo cóng shī rùn tǔ zhōng zhǎng chū.,Nut-sedge seedlings emerge from the damp soil.
0,猫咪,māo mī,猫咪悄悄走到我的脚边。,māo mī qiāo qiāo zǒu dào wǒ de jiǎo biān.,The cat quietly came up beside my feet.
0,桥梁,qiáo liáng,轿车缓缓驶过河上的桥梁。,jiào chē huǎn huǎn shǐ guò hé shàng de qiáo liáng.,The car slowly crosses the bridge.
0,轿车,jiào chē,轿车缓缓驶过河上的桥梁。,jiào chē huǎn huǎn shǐ guò hé shàng de qiáo liáng.,The car slowly crosses the bridge.
0,华侨,huá qiáo,华侨把借来的古籍归还图书馆。,huá qiáo bǎ jiè lái de gǔ jí guī huán tú shū guǎn.,The overseas Chinese visitor returns the borrowed old books.
0,赵姓,zhào xìng,姚老师介绍赵姓与廖姓的来历。,yáo lǎo shī jiè shào zhào xìng yǔ liào xìng de lái lì.,Teacher Yao explains the origins of the Zhao and Liao surnames.
0,征兆,zhēng zhào,乌云可能是下雨的征兆。,wū yún kě néng shì xià yǔ de zhēng zhào.,Dark clouds may be a sign of rain.
1,矫正,jiǎo zhèng,老师帮助他矫正口音。,lǎo shī bāng zhù tā jiǎo zhèng kǒu yīn.,The teacher helps him correct his accent.
0,召唤,zhào huàn,画中释迦以手势召唤弟子。,huà zhōng shì jiā yǐ shǒu shì zhào huàn dì zǐ.,The painting shows Shakyamuni beckoning his disciples.
0,召南,zhào nán,召南是诗经中一组诗篇的名称。,zhào nán shì shī jīng zhōng yī zǔ shī piān de míng chēng.,Shaonan is the name of a group of poems in the Book of Songs.
1,刁难,diāo nàn,苛刻的考官故意刁难考生。,kē kè de kǎo guān gù yì diāo nàn kǎo shēng.,The strict examiner deliberately makes things difficult.
0,雕刻,diāo kè,工匠用木头雕刻展翅的大雕。,gōng jiàng yòng mù tou diāo kè zhǎn chì de dà diāo.,The craftsman carves a large eagle with spread wings.
2,凋零,diāo líng,秋风过后，枝上的花逐渐凋零。,"qiū fēng guò hòu, zhī shàng de huā zhú jiàn diāo líng.",The flowers on the branch gradually wither after autumn winds.
2,貂蝉,diāo chán,小说描写貂蝉在月下的身影。,xiǎo shuō miáo xiě diāo chán zài yuè xià de shēn yǐng.,The novel describes Diaochan's silhouette beneath the moon.
0,大雕,dà diāo,工匠用木头雕刻展翅的大雕。,gōng jiàng yòng mù tou diāo kè zhǎn chì de dà diāo.,The craftsman carves a large eagle with spread wings.
0,挑水,tiāo shuǐ,他用水瓢舀满桶，再挑水回家。,"tā yòng shuǐ piáo yǎo mǎn tǒng, zài tiāo shuǐ huí jiā.",He fills the buckets with a dipper and carries them home.
0,挑达,tāo tà,古文中的挑达可指自在游荡。,gǔ wén zhōng de tāo tà kě zhǐ zì zai yóu dàng.,This classical expression can mean wandering freely.
0,跳跃,tiào yuè,运动员几秒钟内连续跳跃三次。,yùn dòng yuán jǐ miǎo zhōng nèi lián xù tiào yuè sān cì.,The athlete jumps three times within a few seconds.
0,调味,tiáo wèi,腐烂的大蒜不能用来调味。,fǔ làn de dà suàn bù néng yòng lái tiáo wèi.,Rotten garlic cannot be used for seasoning.
0,调动,diào dòng,将军调动骁勇骑兵，准备迎敌。,"jiāng jūn diào dòng xiāo yǒng qí bīng, zhǔn bèi yíng dí.",The general moves the brave cavalry to meet the enemy.
2,迢迢,tiáo tiáo,商队驮运货物，走过迢迢长路。,"shāng duì tuó yùn huò wù, zǒu guò tiáo tiáo cháng lù.",The caravan carries its goods over a long journey.
0,条件,tiáo jiàn,幻想未来时，也要考虑现实条件。,"huàn xiǎng wèi lái shí, yě yào kǎo lǜ xiàn shí tiáo jiàn.","When dreaming about the future, consider the real circumstances too."
1,聊天,liáo tiān,下课后，大家在走廊聊天。,"xià kè hòu, dà jiā zài zǒu láng liáo tiān.",Everyone chats in the hallway after class.
1,撩拨,liáo bō,他轻轻撩拨琴弦，试探音色。,"tā qīng qīng liáo bō qín xián, shì tàn yīn sè.",He lightly plucks the strings to test their tone.
1,嘹亮,liáo liàng,嘹亮歌声响彻辽阔草原。,liáo liàng gē shēng xiǎng chè liáo kuò cǎo yuán.,"A clear, strong song rings over the vast grassland."
1,瞭望,liào wàng,他登上高塔瞭望，发现一艘船。,"tā dēng shàng gāo tǎ liào wàng, fā xiàn yī sōu chuán.",He climbed the tall tower to look out and spotted a ship.
1,明了,míng liǎo,听完解释，我已明了事情的经过。,"tīng wán jiě shì, wǒ yǐ míng liǎo shì qing de jīng guò.","After hearing the explanation, I now understand what happened."
0,辽阔,liáo kuò,嘹亮歌声响彻辽阔草原。,liáo liàng gē shēng xiǎng chè liáo kuò cǎo yuán.,"A clear, strong song rings over the vast grassland."
1,缭绕,liáo rào,茶寮烟雾缭绕，空院颇显寂寥。,"chá liáo yān wù liáo rào, kōng yuàn pǒ xiǎn jì liáo.",Mist curls around the teahouse's lonely courtyard.
1,寂寥,jì liáo,茶寮烟雾缭绕，空院颇显寂寥。,"chá liáo yān wù liáo rào, kōng yuàn pǒ xiǎn jì liáo.",Mist curls around the teahouse's lonely courtyard.
0,官僚,guān liáo,他批评官僚作风，认真辅佐长官。,"tā pī píng guān liáo zuò fēng, rèn zhēn fǔ zuǒ zhǎng guān.",He criticizes bureaucracy and assists his superior diligently.
2,廖姓,liào xìng,姚老师介绍赵姓与廖姓的来历。,yáo lǎo shī jiè shào zhào xìng yǔ liào xìng de lái lì.,Teacher Yao explains the origins of the Zhao and Liao surnames.
2,茶寮,chá liáo,茶寮烟雾缭绕，空院颇显寂寥。,"chá liáo yān wù liáo rào, kōng yuàn pǒ xiǎn jì liáo.",Mist curls around the teahouse's lonely courtyard.
1,萧条,xiāo tiáo,萧条街巷里响起低低洞箫声。,xiāo tiáo jiē xiàng lǐ xiǎng qǐ dī dī dòng xiāo shēng.,Low flute music sounds in the deserted street.
0,一艘,yī sōu,他登上高塔瞭望，发现一艘船。,"tā dēng shàng gāo tǎ liào wàng, fā xiàn yī sōu chuán.",He climbed the tall tower to look out and spotted a ship.
1,洞箫,dòng xiāo,萧条街巷里响起低低洞箫声。,xiāo tiáo jiē xiàng lǐ xiǎng qǐ dī dī dòng xiāo shēng.,Low flute music sounds in the deserted street.
2,骁勇,xiāo yǒng,将军调动骁勇骑兵，准备迎敌。,"jiāng jūn diào dòng xiāo yǒng qí bīng, zhǔn bèi yíng dí.",The general moves the brave cavalry to meet the enemy.
0,浇水,jiāo shuǐ,给花浇水时，别惊动附近的鸟类。,"gěi huā jiāo shuǐ shí, bié jīng dòng fù jìn de niǎo lèi.","When watering the flowers, do not disturb the birds nearby."
0,邀请,yāo qǐng,大阪的朋友邀请我们去看樱花。,dà bǎn de péng you yāo qǐng wǒ men qù kàn yīng huā.,Our friends in Osaka invited us to see the cherry blossoms.
1,僬侥,jiāo yáo,古代传说中的僬侥国居民身材矮小。,gǔ dài chuán shuō zhōng de jiāo yáo guó jū mín shēn cái ǎi xiǎo.,The people of the legendary Jiaoyao country were very small.
0,侥幸,jiǎo xìng,他侥幸赶上最后一天缴费。,tā jiǎo xìng gǎn shàng zuì hòu yī tiān jiǎo fèi.,He just manages to pay on the final day.
0,鸟类,niǎo lèi,给花浇水时，别惊动附近的鸟类。,"gěi huā jiāo shuǐ shí, bié jīng dòng fù jìn de niǎo lèi.","When watering the flowers, do not disturb the birds nearby."
0,掉落,diào luò,绅士弯腰捡起女士掉落的手帕。,shēn shì wān yāo jiǎn qǐ nǚ shì diào luò de shǒu pà.,The gentleman bent down to pick up the lady's dropped handkerchief.
2,窈窕,yǎo tiǎo,画中的女子俊俏窈窕，姿态优雅。,"huà zhōng de nǚ zǐ jùn qiào yǎo tiǎo, zī tài yōu yǎ.","The woman in the painting is lovely, slender, and graceful."
0,了解,liǎo jiě,她参观寺庙，了解佛教的历史。,"tā cān guān sì miào, liǎo jiě fó jiào de lì shǐ.",She visited the temple to learn about the history of Buddhism.
0,缴费,jiǎo fèi,他侥幸赶上最后一天缴费。,tā jiǎo xìng gǎn shàng zuì hòu yī tiān jiǎo fèi.,He just manages to pay on the final day.
2,皎洁,jiǎo jié,他在皎洁月光下吟哦新作。,tā zài jiǎo jié yuè guāng xià yín é xīn zuò.,He chants his new poem beneath the bright moon.
0,晓得,xiǎo de,学会窍门后，她晓得怎样修补衣服。,"xué huì qiào mén hòu, tā xiǎo de zěn yàng xiū bǔ yī fu.","After learning the trick, she knows how to mend clothes."
2,杳无音信,yǎo wú yīn xìn,他多年杳无音信，寻人希望渺茫。,"tā duō nián yǎo wú yīn xìn, xún rén xī wàng miǎo máng.","He has been missing for years, and hope of finding him is faint."
0,吊唁,diào yàn,前来吊唁的人听见家属哀号。,qián lái diào yàn de rén tīng jiàn jiā shǔ āi háo.,The mourners hear the family's cries of grief.
0,钓鱼,diào yú,他周末常到河边钓鱼。,tā zhōu mò cháng dào hé biān diào yú.,He often fishes by the river on weekends.
2,远眺,yuǎn tiào,他翘首远眺，盼着亲人归来。,"tā qiáo shǒu yuǎn tiào, pàn zhe qīn rén guī lái.","He lifts his head to look into the distance, hoping for his family's return."
0,尿液,niào yè,护士把尿液样本送到检验室。,hù shi bǎ niào yè yàng běn sòng dào jiǎn yàn shì.,The nurse takes the urine sample to the laboratory.
1,长啸,cháng xiào,一声长啸直冲云霄，山谷回应。,"yī shēng cháng xiào zhí chōng yún xiāo, shān gǔ huí yìng.",A long cry rises to the sky and echoes through the valley.
0,激动,jī dòng,他平静地叙述经过，没有激动的情绪。,"tā píng jìng de xù shù jīng guò, méi yǒu jī dòng de qíng xù.",He calmly described what happened without becoming emotional.
0,叫喊,jiào hǎn,喧嚣街头传来商贩的叫喊。,xuān xiāo jiē tóu chuán lái shāng fàn de jiào hǎn.,Vendors shout in the noisy street.
1,窍门,qiào mén,学会窍门后，她晓得怎样修补衣服。,"xué huì qiào mén hòu, tā xiǎo de zěn yàng xiū bǔ yī fu.","After learning the trick, she knows how to mend clothes."
0,他们,tā men,春天，他们开始驯养小马。,"chūn tiān, tā men kāi shǐ xùn yǎng xiǎo mǎ.","In spring, they began training the foal."
0,它们,tā men,这些鱼很灵活，很难抓住它们。,"zhè xiē yú hěn líng huó, hěn nán zhuā zhù tā men.",These fish are agile and hard to catch.
2,蹉跎,cuō tuó,年少时莫蹉跎，珍惜美好韶华。,"nián shào shí mò cuō tuó, zhēn xī měi hǎo sháo huá.",Do not waste your youth; treasure those fine years.
2,陀螺,tuó luó,陀螺在岸上转，蝌蚪在水里游。,"tuó luó zài àn shàng zhuǎn, kē dǒu zài shuǐ lǐ yóu.",The top spins on the bank as tadpoles swim.
2,华佗,huà tuó,古代名医华佗擅长治疗疾病。,gǔ dài míng yī huà tuó shàn cháng zhì liáo jí bìng.,Hua Tuo was a renowned ancient physician.
2,滂沱,pāng tuó,大雨滂沱，涡河水位上涨。,"dà yǔ pāng tuó, guō hé shuǐ wèi shàng zhǎng.",Torrential rain raises the Guo River's water level.
0,骆驼,luò tuo,骆驼能在沙漠里行走很远。,luò tuo néng zài shā mò lǐ xíng zǒu hěn yuǎn.,Camels can travel long distances in the desert.
1,驮运,tuó yùn,商队驮运货物，走过迢迢长路。,"shāng duì tuó yùn huò wù, zǒu guò tiáo tiáo cháng lù.",The caravan carries its goods over a long journey.
0,挪动,nuó dòng,他挪动跷跷板旁的长椅。,tā nuó dòng qiāo qiāo bǎn páng de cháng yǐ.,He moves the bench beside the seesaw.
0,那个,nà ge,有人欺负她，我怀疑就是那个人。,"yǒu rén qī fu tā, wǒ huái yí jiù shì nà ge rén.","Someone bullied her, and I suspect it was that person."
1,啰嗦,luō suo,她嫌他啰嗦，只瞟一眼便走开。,"tā xián tā luō suo, zhǐ piǎo yī yǎn biàn zǒu kāi.","Finding him too talkative, she glances once and leaves."
1,喽啰,lóu luo,故事中，妖怪指使喽啰抢东西。,"gù shi zhōng, yāo guài zhǐ shǐ lóu luo qiǎng dōng xī.",The monster orders its minions to steal in the story.
0,萝卜,luó bo,骡子拉着装满萝卜的小车。,luó zi lā zhe zhuāng mǎn luó bo de xiǎo chē.,The mule pulls a small cart full of radishes.
0,罗列,luó liè,他把琐碎任务逐条罗列出来。,tā bǎ suǒ suì rèn wù zhú tiáo luó liè chū lái.,He lists the small tasks one by one.
0,骡子,luó zi,骡子拉着装满萝卜的小车。,luó zi lā zhe zhuāng mǎn luó bo de xiǎo chē.,The mule pulls a small cart full of radishes.
0,竹箩,zhú luó,窑洞门口摆着装粮食的竹箩。,yáo dòng mén kǒu bǎi zhe zhuāng liáng shi de zhú luó.,A bamboo grain basket stands by the cave dwelling.
0,锣鼓,luó gǔ,锣鼓齐鸣，旗帜迎风飘扬。,"luó gǔ qí míng, qí zhì yíng fēng piāo yáng.",Drums and gongs sound as flags flutter in the wind.
0,螺丝,luó sī,螺丝松了，木板的一端翘起。,"luó sī sōng le, mù bǎn de yī duān qiào qǐ.",A loose screw makes one end of the board rise.
2,切磋,qiē cuō,他们搓手取暖，再切磋棋艺。,"tā men cuō shǒu qǔ nuǎn, zài qiē cuō qí yì.",They warm their hands before comparing their chess skills.
1,搓手,cuō shǒu,他们搓手取暖，再切磋棋艺。,"tā men cuō shǒu qǔ nuǎn, zài qiē cuō qí yì.",They warm their hands before comparing their chess skills.
2,婆娑,pó suō,枝柯围绕小亭，树影婆娑。,"zhī kē wéi rào xiǎo tíng, shù yǐng pó suō.","Branches surround the pavilion, casting swaying shadows."
2,莎草,suō cǎo,莎草幼苗从湿润土中长出。,suō cǎo yòu miáo cóng shī rùn tǔ zhōng zhǎng chū.,Nut-sedge seedlings emerge from the damp soil.
2,丽莎,lì shā,丽莎在家看书。,lì shā zài jiā kàn shū.,Lisa is reading at home.
1,穿梭,chuān suō,天鹅在水草之间缓缓穿梭。,tiān é zài shuǐ cǎo zhī jiān huǎn huǎn chuān suō.,The swan moves gently among the aquatic plants.
2,枝柯,zhī kē,枝柯围绕小亭，树影婆娑。,"zhī kē wéi rào xiǎo tíng, shù yǐng pó suō.","Branches surround the pavilion, casting swaying shadows."
0,过程,guò chéng,请把事情发生的过程讲清楚。,qǐng bǎ shì qing fā shēng de guò chéng jiǎng qīng chu.,Please explain clearly how things happened.
1,漩涡,xuán wō,波浪撞上礁石，形成小漩涡。,"bō làng zhuàng shàng jiāo shí, xíng chéng xiǎo xuán wō.",Waves hit the reef and form small whirlpools.
1,涡河,guō hé,大雨滂沱，涡河水位上涨。,"dà yǔ pāng tuó, guō hé shuǐ wèi shàng zhǎng.",Torrential rain raises the Guo River's water level.
0,哥哥,gē ge,她表示很羡慕哥哥的勇气。,tā biǎo shì hěn xiàn mù gē ge de yǒng qì.,She said she wished she had her older brother's courage.
0,锅子,guō zi,这个锅子由耐热陶瓷制成。,zhè ge guō zi yóu nài rè táo cí zhì chéng.,This pot is made from heat-resistant ceramic.
0,歌曲,gē qǔ,这首歌曲唤起了她童年的记忆。,zhè shǒu gē qǔ huàn qǐ le tā tóng nián de jì yì.,This song brought back memories of her childhood.
1,干戈,gān gē,百姓期望止息干戈，免受戕害。,"bǎi xìng qī wàng zhǐ xī gān gē, miǎn shòu qiāng hài.",The people hope for an end to war and its harm.
2,戕害,qiāng hài,百姓期望止息干戈，免受戕害。,"bǎi xìng qī wàng zhǐ xī gān gē, miǎn shòu qiāng hài.",The people hope for an end to war and its harm.
2,释迦,shì jiā,画中释迦以手势召唤弟子。,huà zhōng shì jiā yǐ shǒu shì zhào huàn dì zǐ.,The painting shows Shakyamuni beckoning his disciples.
2,孟轲,mèng kē,老师分别介绍皋陶和孟轲。,lǎo shī fēn bié jiè shào gāo táo hé mèng kē.,The teacher introduces Gao Yao and Meng Ke separately.
0,课程,kè chéng,她有绘画天赋，却付不起课程费用。,"tā yǒu huì huà tiān fù, què fù bù qǐ kè chéng fèi yòng.",She has a talent for painting but cannot afford the lessons.
1,蝌蚪,kē dǒu,陀螺在岸上转，蝌蚪在水里游。,"tuó luó zài àn shàng zhuǎn, kē dǒu zài shuǐ lǐ yóu.",The top spins on the bank as tadpoles swim.
2,青稞,qīng kē,餐桌上摆着青稞饼和菜头粿。,cān zhuō shàng bǎi zhe qīng kē bǐng hé cài tóu guǒ.,The table holds barley cakes and radish cakes.
0,科学,kē xué,科学课上，我们观察植物细胞。,"kē xué kè shàng, wǒ men guān chá zhí wù xì bāo.","In science class, we observe plant cells."
1,讹诈,é zhà,他因讹诈老人而受到众人唾弃。,tā yīn é zhà lǎo rén ér shòu dào zhòng rén tuò qì.,Everyone condemns him for extorting an old person.
2,峨眉,é méi,峨眉的峭壁隐在云雾里。,é méi de qiào bì yǐn zài yún wù lǐ.,Mount Emei's cliffs hide in the mist.
0,飞蛾,fēi é,飞蛾绕着灯光飞，不停地打转。,"fēi é rào zhe dēng guāng fēi, bù tíng de dǎ zhuàn.",The moth keeps circling around the light.
2,吟哦,yín é,他在皎洁月光下吟哦新作。,tā zài jiǎo jié yuè guāng xià yín é xīn zuò.,He chants his new poem beneath the bright moon.
2,哦,ò,哦，原来你在这里。,"ò, yuán lái nǐ zài zhè lǐ.","Oh, so you are here."
1,俄罗斯,é luó sī,去俄罗斯之前，她买了保暖的靴子。,"qù é luó sī zhī qián, tā mǎi le bǎo nuǎn de xuē zi.","Before going to Russia, she bought warm boots."
0,天鹅,tiān é,天鹅在水草之间缓缓穿梭。,tiān é zài shuǐ cǎo zhī jiān huǎn huǎn chuān suō.,The swan moves gently among the aquatic plants.
2,嫦娥,cháng é,画中嫦娥经过瑶池，望向明月。,"huà zhōng cháng é jīng guò yáo chí, wàng xiàng míng yuè.","In the painting, Chang'e passes the heavenly lake and looks at the moon."
1,呵斥,hē chì,她轻声劝阻孩子，避免大声呵斥。,"tā qīng shēng quàn zǔ hái zi, bì miǎn dà shēng hē chì.",She gently stops the child instead of scolding loudly.
1,靴子,xuē zi,去俄罗斯之前，她买了保暖的靴子。,"qù é luó sī zhī qián, tā mǎi le bǎo nuǎn de xuē zi.","Before going to Russia, she bought warm boots."
0,如何,rú hé,老师示范如何正确使用剪刀。,lǎo shī shì fàn rú hé zhèng què shǐ yòng jiǎn dāo.,The teacher demonstrates how to use scissors correctly.
1,苛刻,kē kè,苛刻的考官故意刁难考生。,kē kè de kǎo guān gù yì diāo nàn kǎo shēng.,The strict examiner deliberately makes things difficult.
0,荷花,hé huā,船装满荷花后，已接近负荷上限。,"chuán zhuāng mǎn hé huā hòu, yǐ jiē jìn fù hè shàng xiàn.",The boat is nearly at its load limit after taking on lotus flowers.
0,负荷,fù hè,船装满荷花后，已接近负荷上限。,"chuán zhuāng mǎn hé huā hòu, yǐ jiē jìn fù hè shàng xiàn.",The boat is nearly at its load limit after taking on lotus flowers.
0,唱和,chàng hè,婆婆与朋友以诗唱和，十分投契。,"pó po yǔ péng you yǐ shī chàng hè, shí fēn tóu qì.",Grandmother and her friend exchange poems congenially.
0,河流,hé liú,根据地图，废墟就在河流旁边。,"gēn jù dì tú, fèi xū jiù zài hé liú páng biān.","According to the map, the ruins are beside the river."
0,禾苗,hé miáo,乔木遮住阳光，保护娇嫩禾苗。,"qiáo mù zhē zhù yáng guāng, bǎo hù jiāo nen hé miáo.",The tree shades and protects the tender seedlings.
0,阿伯,ā bó,阿伯从菜园摘来新鲜茄瓜。,ā bó cóng cài yuán zhāi lái xīn xiān jiā guā.,Uncle picks fresh eggplants from the garden.
0,波浪,bō làng,波浪撞上礁石，形成小漩涡。,"bō làng zhuàng shàng jiāo shí, xíng chéng xiǎo xuán wō.",Waves hit the reef and form small whirlpools.
0,婆婆,pó po,婆婆与朋友以诗唱和，十分投契。,"pó po yǔ péng you yǐ shī chàng hè, shí fēn tóu qì.",Grandmother and her friend exchange poems congenially.
0,摩擦,mó cā,磨刀时有摩擦声，旁边石磨也在转。,"mó dāo shí yǒu mó cā shēng, páng biān shí mò yě zài zhuǎn.",Scraping sounds accompany knife sharpening beside a turning millstone.
0,磨刀,mó dāo,磨刀时有摩擦声，旁边石磨也在转。,"mó dāo shí yǒu mó cā shēng, páng biān shí mò yě zài zhuǎn.",Scraping sounds accompany knife sharpening beside a turning millstone.
0,石磨,shí mò,磨刀时有摩擦声，旁边石磨也在转。,"mó dāo shí yǒu mó cā shēng, páng biān shí mò yě zài zhuǎn.",Scraping sounds accompany knife sharpening beside a turning millstone.
0,山坡,shān pō,山坡上的花朵颇为美丽。,shān pō shàng de huā duǒ pō wéi měi lì.,The flowers on the hillside are quite beautiful.
1,颇为,pō wéi,山坡上的花朵颇为美丽。,shān pō shàng de huā duǒ pō wéi měi lì.,The flowers on the hillside are quite beautiful.
2,伽蓝,qié lán,游客参观伽蓝后，到院外练瑜伽。,"yóu kè cān guān qié lán hòu, dào yuàn wài liàn yú jiā.",The visitors tour the Buddhist temple and practice yoga outside.
2,瑜伽,yú jiā,游客参观伽蓝后，到院外练瑜伽。,"yóu kè cān guān qié lán hòu, dào yuàn wài liàn yú jiā.",The visitors tour the Buddhist temple and practice yoga outside.
0,茄瓜,jiā guā,阿伯从菜园摘来新鲜茄瓜。,ā bó cóng cài yuán zhāi lái xīn xiān jiā guā.,Uncle picks fresh eggplants from the garden.
0,雪茄,xuě jiā,他放下雪茄，认真听我们说话。,"tā fàng xià xuě jiā, rèn zhēn tīng wǒ men shuō huà.",He put down his cigar and listened to us carefully.
1,枷锁,jiā suǒ,裸露的手腕留下枷锁磨出的伤痕。,luǒ lù de shǒu wàn liú xià jiā suǒ mó chū de shāng hén.,The bare wrist bears scars from the shackles.
0,花朵,huā duǒ,山坡上的花朵颇为美丽。,shān pō shàng de huā duǒ pō wéi měi lì.,The flowers on the hillside are quite beautiful.
0,妥当,tuǒ dang,椭圆形的镜子已经安装妥当。,tuǒ yuán xíng de jìng zi yǐ jīng ān zhuāng tuǒ dang.,The oval mirror has been properly installed.
1,椭圆,tuǒ yuán,椭圆形的镜子已经安装妥当。,tuǒ yuán xíng de jìng zi yǐ jīng ān zhuāng tuǒ dang.,The oval mirror has been properly installed.
1,舵手,duò shǒu,舵手稳住木槎，沿河缓缓前行。,"duò shǒu wěn zhù mù chá, yán hé huǎn huǎn qián xíng.",The boatman steadies the raft as it moves downstream.
1,婀娜,ē nuó,安娜舞姿婀娜，吸引大家目光。,"ān nà wǔ zī ē nuó, xī yǐn dà jiā mù guāng.",Anna's graceful dancing draws everyone's attention.
1,安娜,ān nà,安娜舞姿婀娜，吸引大家目光。,"ān nà wǔ zī ē nuó, xī yǐn dà jiā mù guāng.",Anna's graceful dancing draws everyone's attention.
1,裸露,luǒ lù,裸露的手腕留下枷锁磨出的伤痕。,luǒ lù de shǒu wàn liú xià jiā suǒ mó chū de shāng hén.,The bare wrist bears scars from the shackles.
0,左右,zuǒ yòu,左右看看，确认没有车再过马路。,"zuǒ yòu kàn kan, què rèn méi yǒu chē zài guò mǎ lù.",Look both ways and make sure there are no cars before crossing.
0,坐下,zuò xia,我的喉咙疼痛，想坐下喝水。,"wǒ de hóu lóng téng tòng, xiǎng zuò xia hē shuǐ.","My throat hurts, and I would like to sit down and drink some water."
1,琐碎,suǒ suì,他把琐碎任务逐条罗列出来。,tā bǎ suǒ suì rèn wù zhú tiáo luó liè chū lái.,He lists the small tasks one by one.
0,锁门,suǒ mén,锁门以前，先把包裹拿进来。,"suǒ mén yǐ qián, xiān bǎ bāo guǒ ná jìn lái.",Bring the parcel inside before locking the door.
2,菜头粿,cài tóu guǒ,餐桌上摆着青稞饼和菜头粿。,cān zhuō shàng bǎi zhe qīng kē bǐng hé cài tóu guǒ.,The table holds barley cakes and radish cakes.
0,包裹,bāo guǒ,锁门以前，先把包裹拿进来。,"suǒ mén yǐ qián, xiān bǎ bāo guǒ ná jìn lái.",Bring the parcel inside before locking the door.
1,坎坷,kǎn kě,他多年漂泊，经历许多坎坷。,"tā duō nián piāo bó, jīng lì xǔ duō kǎn kě.",He wanders for years through many hardships.
0,颗粒,kē lì,展柜里的硝石呈现细小颗粒。,zhǎn guì lǐ de xiāo shí chéng xiàn xì xiǎo kē lì.,The saltpeter in the case has fine grains.
0,我们,wǒ men,好吧，我们先回宿舍休息。,"hǎo ba, wǒ men xiān huí sù shè xiū xi.","All right, let's return to the dormitory and rest first."
0,火焰,huǒ yàn,火焰很快吞噬了这间小屋。,huǒ yàn hěn kuài tūn shì le zhè jiān xiǎo wū.,The flames quickly engulfed the cottage.
0,祸害,huò hài,灾难昭示了污染带来的祸害。,zāi nàn zhāo shì le wū rǎn dài lái de huò hài.,The disaster reveals the damage caused by pollution.
1,跛行,bǒ xíng,他因道路颠簸跌伤，走路跛行。,"tā yīn dào lù diān bǒ diē shāng, zǒu lù bǒ xíng.",He hurts himself on the rough road and walks with a limp.
1,跛,bǒ,他一条腿受伤，走路有点跛。,"tā yī tiáo tuǐ shòu shāng, zǒu lù yǒu diǎn bǒ.","One of his legs is injured, so he walks with a slight limp."
1,跛,bì,古文中的跛可指偏着身子站立。,gǔ wén zhōng de bì kě zhǐ piān zhe shēn zi zhàn lì.,"In classical writing, bi can mean standing with the body leaning to one side."
1,颠簸,diān bǒ,道路颠簸，他仍冒险飙车。,"dào lù diān bǒ, tā réng mào xiǎn biāo chē.",He recklessly speeds along the bumpy road.
0,爸爸,bà ba,爸爸告诫我们，不要破坏公共设施。,"bà ba gào jiè wǒ men, bù yào pò huài gōng gòng shè shī.",Dad warned us not to damage public facilities.
0,什么,shén me,亲家来吃饭，他询问对方想吃什么。,"qìng jia lái chī fàn, tā xún wèn duì fāng xiǎng chī shén me.","When the in-laws came for dinner, he asked what they would like to eat."
0,拖延,tuō yán,不要拖延，今天就把卧室打扫好。,"bù yào tuō yán, jīn tiān jiù bǎ wò shì dǎ sǎo hǎo.",Do not put it off; clean the bedroom today.
1,唾弃,tuò qì,他因讹诈老人而受到众人唾弃。,tā yīn é zhà lǎo rén ér shòu dào zhòng rén tuò qì.,Everyone condemns him for extorting an old person.
1,逻辑,luó ji,这个悖论让我们重新思考逻辑。,zhè ge bèi lùn ràng wǒ men chóng xīn sī kǎo luó ji.,This paradox makes us reconsider the logic.
1,挫折,cuò zhé,计划夭折，让团队遭遇挫折。,"jì huà yāo zhé, ràng tuán duì zāo yù cuò zhé.",The failed plan is a setback for the team.
2,辅佐,fǔ zuǒ,他批评官僚作风，认真辅佐长官。,"tā pī píng guān liáo zuò fēng, rèn zhēn fǔ zuǒ zhǎng guān.",He criticizes bureaucracy and assists his superior diligently.
0,座位,zuò wèi,舒适的座位旁放着几本书籍。,shū shì de zuò wèi páng fàng zhe jǐ běn shū jí.,Several books lie beside the comfortable seat.
0,个人,gè rén,这只是他的个人意见。,zhè zhǐ shì tā de gè rén yì jiàn.,This is only his personal opinion.
0,卧室,wò shì,不要拖延，今天就把卧室打扫好。,"bù yào tuō yán, jīn tiān jiù bǎ wò shì dǎ sǎo hǎo.",Do not put it off; clean the bedroom today.
0,货物,huò wù,货物准时到达，经理祝贺团队。,"huò wù zhǔn shí dào dá, jīng lǐ zhù hè tuán duì.","The goods arrived on time, and the manager congratulated the team."
0,祝贺,zhù hè,货物准时到达，经理祝贺团队。,"huò wù zhǔn shí dào dá, jīng lǐ zhù hè tuán duì.","The goods arrived on time, and the manager congratulated the team."
0,播放,bō fàng,她播放音乐，让大家放松。,"tā bō fàng yīn yuè, ràng dà jiā fàng sōng.",She plays music to help everyone relax.
1,束缚,shù fù,他们不愿互相束缚，决定分道扬镳。,"tā men bù yuàn hù xiāng shù fù, jué dìng fēn dào yáng biāo.",They choose separate paths rather than hold each other back.
0,一些,yī xiē,她买了一些新鲜的茶叶。,tā mǎi le yī xiē xīn xiān de chá yè.,She bought some fresh tea leaves.
0,爹娘,diē niáng,孩子与爹娘朝夕相处，感情深厚。,"hái zi yǔ diē niáng zhāo xī xiāng chǔ, gǎn qíng shēn hòu.",The child is close to his parents after sharing daily life.
0,茶叶,chá yè,她买了一些新鲜的茶叶。,tā mǎi le yī xiē xīn xiān de chá yè.,She bought some fresh tea leaves.
0,渣滓,zhā zǐ,他用纱布遮盖桶口，滤去渣滓。,"tā yòng shā bù zhē gài tǒng kǒu, lǜ qù zhā zǐ.",He covers the bucket with gauze to filter out residue.
2,木槎,mù chá,舵手稳住木槎，沿河缓缓前行。,"duò shǒu wěn zhù mù chá, yán hé huǎn huǎn qián xíng.",The boatman steadies the raft as it moves downstream.
2,鲨鱼,shā yú,鲨鱼从海底的沙子上方游过。,shā yú cóng hǎi dǐ de shā zi shàng fāng yóu guò.,A shark swam over the sand on the seabed.
1,砂石,shā shí,工人用纱布包住沾有砂石的样本。,gōng rén yòng shā bù bāo zhù zhān yǒu shā shí de yàng běn.,The worker wraps the grit-covered sample in gauze.
0,纱布,shā bù,工人用纱布包住沾有砂石的样本。,gōng rén yòng shā bù bāo zhù zhān yǒu shā shí de yàng běn.,The worker wraps the grit-covered sample in gauze.
0,沙子,shā zi,鲨鱼从海底的沙子上方游过。,shā yú cóng hǎi dǐ de shā zi shàng fāng yóu guò.,A shark swam over the sand on the seabed.
0,遮盖,zhē gài,他用纱布遮盖桶口，滤去渣滓。,"tā yòng shā bù zhē gài tǒng kǒu, lǜ qù zhā zǐ.",He covers the bucket with gauze to filter out residue.
0,假若,jiǎ ruò,假若人数增加，我们就换大房间。,"jiǎ ruò rén shù zēng jiā, wǒ men jiù huàn dà fáng jiān.","If more people join, we will move to a larger room."
0,增加,zēng jiā,这次报酬增加了他的收入。,zhè cì bào chou zēng jiā le tā de shōu rù.,The payment for this work increased his income.
0,西瓜,xī guā,她切开西瓜，分给大家。,"tā qiè kāi xī guā, fēn gěi dà jiā.",She cuts up the watermelon to share.
0,嘉宾,jiā bīn,嘉宾入场时，大家起立欢迎。,"jiā bīn rù chǎng shí, dà jiā qǐ lì huān yíng.",Everyone stands to welcome the guests.
0,家人,jiā rén,她祈祷上天保佑家人平安。,tā qí dǎo shàng tiān bǎo yòu jiā rén píng ān.,She prayed that heaven would protect her family and keep them safe.
0,曹大家,cáo dà gū,曹大家是东汉学者班昭的尊称。,cáo dà gū shì dōng hàn xué zhě bān zhāo de zūn chēng.,Cao Dagu is an honorific title for the Han scholar Ban Zhao.
0,跨越,kuà yuè,他跨越车厢连接处，走向餐车。,"tā kuà yuè chē xiāng lián jiē chù, zǒu xiàng cān chē.",He crosses between the carriages toward the dining car.
0,夸父,kuā fù,传说夸父追赶灼热的太阳。,chuán shuō kuā fù zhuī gǎn zhuó rè de tài yang.,Legend tells of Kuafu chasing the scorching sun.
0,夸奖,kuā jiǎng,老师夸奖他诚实守信的品行。,lǎo shī kuā jiǎng tā chéng shí shǒu xìn de pǐn xíng.,"The teacher praises his honest, trustworthy conduct."
0,发芽,fā yá,春雨过后，高粱种子开始发芽。,"chūn yǔ guò hòu, gāo liáng zhǒng zi kāi shǐ fā yá.",The sorghum seeds begin sprouting after spring rain.
0,哎呀,āi yā,哎呀，她竟诧异地发现钱不见了。,"āi yā, tā jìng chà yì de fā xiàn qián bù jiàn le.","Oh dear, she is surprised to find the money missing."
0,哗然,huá rán,诈骗真相公布后，听众一片哗然。,"zhà piàn zhēn xiàng gōng bù hòu, tīng zhòng yī piàn huá rán.",The audience reacts noisily when the fraud is exposed.
2,遐想,xiá xiǎng,绚丽晚霞引起她无尽遐想。,xuàn lì wǎn xiá yǐn qǐ tā wú jìn xiá xiǎng.,The vivid sunset stirs her imagination.
1,白桦,bái huà,白桦与桑树在园里相邻生长。,bái huà yǔ sāng shù zài yuán lǐ xiāng lín shēng zhǎng.,A birch and a mulberry grow beside each other.
0,划船,huá chuán,我们在湖上划船欣赏风景。,wǒ men zài hú shàng huá chuán xīn shǎng fēng jǐng.,We row on the lake to enjoy the scenery.
0,划算,huá suàn,买整袋虾仁比零买更加划算。,mǎi zhěng dài xiā rén bǐ líng mǎi gèng jiā huá suàn.,Buying a bag of shelled shrimp is better value.
0,虾仁,xiā rén,买整袋虾仁比零买更加划算。,mǎi zhěng dài xiā rén bǐ líng mǎi gèng jiā huá suàn.,Buying a bag of shelled shrimp is better value.
0,虾蟆,há ma,虾蟆是蛤蟆的另一种写法。,há ma shì há ma de lìng yī zhǒng xiě fǎ.,These are two spellings of the same word for a toad.
0,晚霞,wǎn xiá,绚丽晚霞引起她无尽遐想。,xuàn lì wǎn xiá yǐn qǐ tā wú jìn xiá xiǎng.,The vivid sunset stirs her imagination.
0,中华,zhōng huá,展览介绍中华文明的辉煌成就。,zhǎn lǎn jiè shào zhōng huá wén míng de huī huáng chéng jiù.,The exhibition presents Chinese civilization's great achievements.
0,华山,huà shān,他在华山行路，小心避开碎石。,"tā zài huà shān xíng lù, xiǎo xīn bì kāi suì shí.","He walks on Mount Hua, carefully avoiding loose stones."
0,春华秋实,chūn huá qiū shí,果树春华秋实，见证四季更替。,"guǒ shù chūn huá qiū shí, jiàn zhèng sì jì gēng tì.",The fruit tree blossoms in spring and bears fruit in autumn.
2,树桠,shù yā,山冈上的树桠挂着一个鸟巢。,shān gāng shàng de shù yā guà zhe yī ge niǎo cháo.,A bird's nest hangs from a branch on the hill.
1,洼地,wā dì,荒地中的洼地积满了雨水。,huāng dì zhōng de wā dì jī mǎn le yǔ shuǐ.,Rainwater fills the hollow in the wasteland.
2,丫头,yā tou,这丫头相貌清秀，说话很爽快。,"zhè yā tou xiàng mào qīng xiù, shuō huà hěn shuǎng kuai.",The girl has delicate features and speaks frankly.
0,斜坡,xié pō,斜坡上种着芭蕉，旁边就是巴士站。,"xié pō shàng zhòng zhe bā jiāo, páng biān jiù shì bā shì zhàn.",Banana plants grow on the slope beside the bus stop.
1,椰子,yē zi,他把椰子肉与豆浆打成饮品。,tā bǎ yē zi ròu yǔ dòu jiāng dǎ chéng yǐn pǐn.,He blends coconut flesh and soy milk into a drink.
0,邪恶,xié è,故事中的村民反抗邪恶势力。,gù shi zhōng de cūn mín fǎn kàng xié è shì lì.,The villagers resist evil forces in the story.
0,巴士,bā shì,斜坡上种着芭蕉，旁边就是巴士站。,"xié pō shàng zhòng zhe bā jiāo, páng biān jiù shì bā shì zhàn.",Banana plants grow on the slope beside the bus stop.
1,芭蕉,bā jiāo,斜坡上种着芭蕉，旁边就是巴士站。,"xié pō shàng zhòng zhe bā jiāo, páng biān jiù shì bā shì zhàn.",Banana plants grow on the slope beside the bus stop.
0,爬山,pá shān,周末，他们一起去山里爬山。,"zhōu mò, tā men yī qǐ qù shān lǐ pá shān.",They go hiking in the mountains together on the weekend.
0,麻烦,má fan,他想甩掉麻烦，却不愿承担责任。,"tā xiǎng shuǎi diào má fan, què bù yuàn chéng dān zé rèn.",He wants to get rid of the trouble without taking responsibility.
1,蛤蟆,há ma,虾蟆是蛤蟆的另一种写法。,há ma shì há ma de lìng yī zhǒng xiě fǎ.,These are two spellings of the same word for a toad.
0,酒吧,jiǔ bā,姐姐在酒吧听音乐，没有喝酒。,"jiě jie zài jiǔ bā tīng yīn yuè, méi yǒu hē jiǔ.",My older sister listened to music at the bar without drinking.
0,好吧,hǎo ba,好吧，我们先回宿舍休息。,"hǎo ba, wǒ men xiān huí sù shè xiū xi.","All right, let's return to the dormitory and rest first."
0,姐姐,jiě jie,姐姐在酒吧听音乐，没有喝酒。,"jiě jie zài jiǔ bā tīng yīn yuè, méi yǒu hē jiǔ.",My older sister listened to music at the bar without drinking.
0,腹泻,fù xiè,肠胃不适时，他出现了腹泻。,"cháng wèi bù shì shí, tā chū xiàn le fù xiè.",He develops diarrhea during a stomach upset.
0,写字,xiě zì,请别打扰她，她正在认真写字。,"qǐng bié dǎ rǎo tā, tā zhèng zài rèn zhēn xiě zì.",Please do not disturb her; she is concentrating on writing.
2,姹紫嫣红,chà zǐ yān hóng,海棠盛开，满园姹紫嫣红。,"hǎi táng shèng kāi, mǎn yuán chà zǐ yān hóng.",Blooming crabapples fill the garden with vivid colors.
0,傻瓜,shǎ guā,别人叫他傻瓜，他感到很难过。,"bié ren jiào tā shǎ guā, tā gǎn dào hěn nán guò.",He felt hurt when someone called him a fool.
0,作者,zuò zhě,作者用故事介绍了当时的社会。,zuò zhě yòng gù shi jiè shào le dāng shí de shè huì.,The author used a story to describe society at that time.
0,社会,shè huì,作者用故事介绍了当时的社会。,zuò zhě yòng gù shi jiè shào le dāng shí de shè huì.,The author used a story to describe society at that time.
0,舍弃,shě qì,舍生取义是为正义舍弃生命。,shě shēng qǔ yì shì wèi zhèng yì shě qì shēng mìng.,This expression means sacrificing one's life for righteousness.
0,宿舍,sù shè,好吧，我们先回宿舍休息。,"hǎo ba, wǒ men xiān huí sù shè xiū xi.","All right, let's return to the dormitory and rest first."
0,舍生取义,shě shēng qǔ yì,舍生取义是为正义舍弃生命。,shě shēng qǔ yì shì wèi zhèng yì shě qì shēng mìng.,This expression means sacrificing one's life for righteousness.
0,惹事,rě shì,别在这里惹事，请安静地离开。,"bié zài zhè lǐ rě shì, qǐng ān jìng de lí kāi.",Do not cause trouble here; please leave quietly.
1,寡妇,guǎ fu,寡妇牢记邻居相助的恩情。,guǎ fu láo jì lín jū xiāng zhù de ēn qíng.,The widow remembers her neighbor's kindness.
0,假如,jiǎ rú,假如明天放假，我们就去海边。,"jiǎ rú míng tiān fàng jià, wǒ men jiù qù hǎi biān.","If tomorrow is a holiday, we will go to the seaside."
0,放假,fàng jià,假如明天放假，我们就去海边。,"jiǎ rú míng tiān fàng jià, wǒ men jiù qù hǎi biān.","If tomorrow is a holiday, we will go to the seaside."
0,优雅,yōu yǎ,她优雅地跳舞，却扭伤了脚踝。,"tā yōu yǎ de tiào wǔ, què niǔ shāng le jiǎo huái.",She danced gracefully but twisted her ankle.
0,瓦片,wǎ piàn,展览陈列古代瓦片与瓦铛。,zhǎn lǎn chén liè gǔ dài wǎ piàn yǔ wǎ dāng.,The exhibition displays old roof tiles and earthenware cookware.
2,脚踝,jiǎo huái,她优雅地跳舞，却扭伤了脚踝。,"tā yōu yǎ de tiào wǔ, què niǔ shāng le jiǎo huái.",She danced gracefully but twisted her ankle.
0,夏天,xià tiān,夏天，大厦下面常有人乘凉。,"xià tiān, dà shà xià miàn cháng yǒu rén chéng liáng.","In summer, people often cool off beneath the tall building."
0,大厦,dà shà,夏天，大厦下面常有人乘凉。,"xià tiān, dà shà xià miàn cháng yǒu rén chéng liáng.","In summer, people often cool off beneath the tall building."
0,下面,xià miàn,夏天，大厦下面常有人乘凉。,"xià tiān, dà shà xià miàn cháng yǒu rén chéng liáng.","In summer, people often cool off beneath the tall building."
0,一下,yī xià,他胃口很好，一下吃了两碗面条。,"tā wèi kǒu hěn hǎo, yī xià chī le liǎng wǎn miàn tiáo.",He has a good appetite and ate two bowls of noodles at once.
0,呕哑,ōu yā,车轮呕哑作响，远处歌声高亢。,"chē lún ōu yā zuò xiǎng, yuǎn chù gē shēng gāo kàng.","The wheel creaks while a high, strong song sounds in the distance."
0,哑然,yǎ rán,他先是哑然失笑，随后一声不吭。,"tā xiān shì yǎ rán shī xiào, suí hòu yī shēng bù kēng.","He laughs despite himself, then falls silent."
0,冶金,yě jīn,冶金展厅介绍古代炼铜工艺。,yě jīn zhǎn tīng jiè shào gǔ dài liàn tóng gōng yì.,The metallurgy gallery explains ancient copper smelting.
0,也许,yě xǔ,也许天气会变，我们先把握这次机会。,"yě xǔ tiān qì huì biàn, wǒ men xiān bǎ wò zhè cì jī huì.","The weather may change, so let's make the most of this opportunity now."
0,把握,bǎ wò,也许天气会变，我们先把握这次机会。,"yě xǔ tiān qì huì biàn, wǒ men xiān bǎ wò zhè cì jī huì.","The weather may change, so let's make the most of this opportunity now."
0,骂人,mà rén,他忍住怒气，没有开口骂人。,"tā rěn zhù nù qì, méi yǒu kāi kǒu mà rén.",He restrains his anger and does not insult anyone.
0,码头,mǎ tou,货船停泊码头，工人忙着卸载。,"huò chuán tíng bó mǎ tou, gōng rén máng zhe xiè zài.","The cargo ship docks, and workers unload it."
0,马上,mǎ shàng,请离开轨道，列车马上就到。,"qǐng lí kāi guǐ dào, liè chē mǎ shàng jiù dào.",Please move away from the tracks; the train is arriving soon.
0,借钱,jiè qián,借钱以后，他不再找借口拖延还款。,"jiè qián yǐ hòu, tā bù zài zhǎo jiè kǒu tuō yán huán kuǎn.","After borrowing money, he stopped making excuses to delay repaying it."
2,借口,jiè kǒu,借钱以后，他不再找借口拖延还款。,"jiè qián yǐ hòu, tā bù zài zhǎo jiè kǒu tuō yán huán kuǎn.","After borrowing money, he stopped making excuses to delay repaying it."
0,卸载,xiè zài,货船停泊码头，工人忙着卸载。,"huò chuán tíng bó mǎ tou, gōng rén máng zhe xiè zài.","The cargo ship docks, and workers unload it."
2,水榭,shuǐ xiè,杭州园林的水榭倒映在湖中。,háng zhōu yuán lín de shuǐ xiè dào yìng zài hú zhōng.,A waterside pavilion in Hangzhou is reflected in the lake.
0,感谢,gǎn xiè,她感谢朋友多年的帮助。,tā gǎn xiè péng you duō nián de bāng zhù.,She thanks her friend for years of help.
0,哪吒,né zhā,戏台上的哪吒叱咤风云，英姿勃发。,"xì tái shàng de né zhā chì zhà fēng yún, yīng zī bó fā.","Onstage, Nezha strides powerfully through the dramatic action."
2,叱咤,chì zhà,戏台上的哪吒叱咤风云，英姿勃发。,"xì tái shàng de né zhā chì zhà fēng yún, yīng zī bó fā.","Onstage, Nezha strides powerfully through the dramatic action."
2,诧异,chà yì,哎呀，她竟诧异地发现钱不见了。,"āi yā, tā jìng chà yì de fā xiàn qián bù jiàn le.","Oh dear, she is surprised to find the money missing."
1,诈骗,zhà piàn,诈骗真相公布后，听众一片哗然。,"zhà piàn zhēn xiàng gōng bù hòu, tīng zhòng yī piàn huá rán.",The audience reacts noisily when the fraud is exposed.
0,榨取,zhà qǔ,机器从甘蔗中榨取甜汁。,jī qì cóng gān zhe zhōng zhà qǔ tián zhī.,The machine extracts sweet juice from sugarcane.
1,乍看,zhà kàn,乍看这幅复杂地图，他一脸茫然。,"zhà kàn zhè fú fù zá dì tú, tā yī liǎn máng rán.",The complicated map leaves him bewildered at first glance.
1,甘蔗,gān zhe,机器从甘蔗中榨取甜汁。,jī qì cóng gān zhe zhōng zhà qǔ tián zhī.,The machine extracts sweet juice from sugarcane.
2,炙热,zhì rè,炙热炉火使炕头渐渐暖和。,zhì rè lú huǒ shǐ kàng tóu jiàn jiàn nuǎn huo.,The hot fire gradually warms the heated bed.
0,排斥,pái chì,学校反对排斥，欢迎广大学生。,"xué xiào fǎn duì pái chì, huān yíng guǎng dà xué sheng.",The school opposes exclusion and welcomes all students.
1,赦免,shè miǎn,将领获得赦免，得以返回故乡。,"jiàng lǐng huò dé shè miǎn, dé yǐ fǎn huí gù xiāng.",The general receives a pardon and returns home.
0,价格,jià gé,从图表看，价格呈下降趋势。,"cóng tú biǎo kàn, jià gé chéng xià jiàng qū shì.",The chart shows that prices are trending downward.
0,出嫁,chū jià,女儿出嫁当天，新郎早早到来。,"nǚ ér chū jià dàng tiān, xīn láng zǎo zǎo dào lái.",The groom arrives early on the daughter's wedding day.
0,架子,jià zi,谢谢你帮我把架子搬进房间。,xiè xie nǐ bāng wǒ bǎ jià zi bān jìn fáng jiān.,Thank you for helping me move the shelf into the room.
0,惊讶,jīng yà,他听到价格以后，惊讶地睁大眼睛。,"tā tīng dào jià gé yǐ hòu, jīng yà de zhēng dà yǎn jing.",He opened his eyes wide in surprise after hearing the price.
0,惊吓,jīng xià,别吓唬孩子，他刚才已经受了惊吓。,"bié xià hu hái zi, tā gāng cái yǐ jīng shòu le jīng xià.",Do not frighten the child; he has already had a scare.
1,吓唬,xià hu,别吓唬孩子，他刚才已经受了惊吓。,"bié xià hu hái zi, tā gāng cái yǐ jīng shòu le jīng xià.",Do not frighten the child; he has already had a scare.
0,变化,biàn huà,海湾的颜色随着光线变化。,hǎi wān de yán sè suí zhe guāng xiàn biàn huà.,The bay's colors change with the light.
1,闲暇,xián xiá,闲暇时，她观察天气的变化。,"xián xiá shí, tā guān chá tiān qì de biàn huà.","In her spare time, she watches changes in the weather."
0,亚洲,yà zhōu,亚洲有许多不同的文化。,yà zhōu yǒu xǔ duō bù tóng de wén huà.,Asia has many different cultures.
0,发射,fā shè,火箭按计划发射成功。,huǒ jiàn àn jì huà fā shè chéng gōng.,The rocket launches successfully as planned.
0,无射,wú yì,无射是古代十二律中的一律。,wú yì shì gǔ dài shí èr lǜ zhōng de yī lǜ.,Wuyi is one of the twelve ancient musical pitches.
0,仆射,pú yè,唐朝仆射是重要的中央官职。,táng cháo pú yè shì zhòng yào de zhōng yāng guān zhí.,Puye was an important central office in the Tang dynasty.
0,射箭,shè jiàn,他练习射箭，努力瞄准靶子。,"tā liàn xí shè jiàn, nǔ lì miáo zhǔn bǎ zi.",He practices archery and aims carefully at the target.
0,霸道,bà dào,霸道恶徒越发猖狂，欺压邻里。,"bà dào è tú yuè fā chāng kuáng, qī yā lín lǐ.",The domineering thug grows bolder and bullies his neighbors.
1,靶子,bǎ zi,他练习射箭，努力瞄准靶子。,"tā liàn xí shè jiàn, nǔ lì miáo zhǔn bǎ zi.",He practices archery and aims carefully at the target.
0,高档,gāo dàng,这家店卖高档衣服，当然也有普通款式。,"zhè jiā diàn mài gāo dàng yī fu, dāng rán yě yǒu pǔ tōng kuǎn shì.","This shop sells high-end clothing, and of course it also has ordinary styles."
0,当然,dāng rán,这家店卖高档衣服，当然也有普通款式。,"zhè jiā diàn mài gāo dàng yī fu, dāng rán yě yǒu pǔ tōng kuǎn shì.","This shop sells high-end clothing, and of course it also has ordinary styles."
0,适当,shì dàng,护士解释检查前膀胱应适当充盈。,hù shi jiě shì jiǎn chá qián páng guāng yīng shì dàng chōng yíng.,The nurse explains that the bladder should be suitably full before the scan.
1,铛铛,dāng dāng,锣声铛铛，节奏铿锵有力。,"luó shēng dāng dāng, jié zòu kēng qiāng yǒu lì.","The gong clangs in a strong, ringing rhythm."
1,瓦铛,wǎ dāng,展览陈列古代瓦片与瓦铛。,zhǎn lǎn chén liè gǔ dài wǎ piàn yǔ wǎ dāng.,The exhibition displays old roof tiles and earthenware cookware.
0,动荡,dòng dàng,各政党协商，努力结束社会动荡。,"gè zhèng dǎng xié shāng, nǔ lì jié shù shè huì dòng dàng.",The parties negotiate to end social unrest.
0,糖果,táng guǒ,糖果落进池塘，孩子有点失望。,"táng guǒ luò jìn chí táng, hái zi yǒu diǎn shī wàng.","The sweets fell into the pond, leaving the child a little disappointed."
1,海棠,hǎi táng,海棠盛开，满园姹紫嫣红。,"hǎi táng shèng kāi, mǎn yuán chà zǐ yān hóng.",Blooming crabapples fill the garden with vivid colors.
0,池塘,chí táng,长期干旱使池塘渐渐干涸。,cháng qī gān hàn shǐ chí táng jiàn jiàn gān hé.,A prolonged drought gradually dried up the pond.
0,唐朝,táng cháo,唐朝仆射是重要的中央官职。,táng cháo pú yè shì zhòng yào de zhōng yāng guān zhí.,Puye was an important central office in the Tang dynasty.
2,螳螂,táng láng,孩子观察螳螂，又远远看着蟒蛇。,"hái zi guān chá táng láng, yòu yuǎn yuǎn kàn zhe mǎng shé.",The child observes a mantis and watches a python from afar.
0,教堂,jiào táng,教堂的墙上画着耶稣的故事。,jiào táng de qiáng shàng huà zhe yē sū de gù shi.,Stories about Jesus are painted on the church walls.
0,囊括,náng kuò,琳琅满目的展品囊括多个时代。,lín láng mǎn mù de zhǎn pǐn náng kuò duō ge shí dài.,The varied exhibits span many historical periods.
1,琳琅,lín láng,琳琅满目的展品囊括多个时代。,lín láng mǎn mù de zhǎn pǐn náng kuò duō ge shí dài.,The varied exhibits span many historical periods.
0,新郎,xīn láng,女儿出嫁当天，新郎早早到来。,"nǚ ér chū jià dàng tiān, xīn láng zǎo zǎo dào lái.",The groom arrives early on the daughter's wedding day.
0,沧浪,cāng láng,诗人以沧浪之水联想湘江景色。,shī rén yǐ cāng láng zhī shuǐ lián xiǎng xiāng jiāng jǐng sè.,The poet links the clear waters of Canglang with the Xiang River.
0,走廊,zǒu láng,走廊里站着一位脸色苍白的老人。,zǒu láng lǐ zhàn zhe yī wèi liǎn sè cāng bái de lǎo rén.,An elderly person with a pale face stands in the corridor.
0,狼狗,láng gǒu,狼狗突然吼叫，使孩子十分惶恐。,"láng gǒu tū rán hǒu jiào, shǐ hái zi shí fēn huáng kǒng.",The wolfdog's sudden barking frightens the child.
1,赃款,zāng kuǎn,警方追回赃款，受害人索取赔偿。,"jǐng fāng zhuī huí zāng kuǎn, shòu hài rén suǒ qǔ péi cháng.","The police recover stolen money, and the victim seeks compensation."
1,沧桑,cāng sāng,岁月沧桑在老屋留下深深烙印。,suì yuè cāng sāng zài lǎo wū liú xià shēn shēn lào yìn.,The passing years leave a deep mark on the old house.
0,苍白,cāng bái,病人轻轻呻吟，嘴唇有些苍白。,"bìng rén qīng qīng shēn yín, zuǐ chún yǒu xiē cāng bái.","The patient groaned softly, and his lips were rather pale."
0,收藏,shōu cáng,这家餐厅的老板收藏钻石。,zhè jiā cān tīng de lǎo bǎn shōu cáng zuàn shí.,The owner of this restaurant collects diamonds.
0,宝藏,bǎo zàng,郭先生在旧宅发现珍贵宝藏。,guō xiān sheng zài jiù zhái fā xiàn zhēn guì bǎo zàng.,Mr. Guo discovers valuable treasure in the old house.
0,桑树,sāng shù,白桦与桑树在园里相邻生长。,bái huà yǔ sāng shù zài yuán lǐ xiāng lín shēng zhǎng.,A birch and a mulberry grow beside each other.
0,丧事,sāng shì,丧事结束后，他仍为丧失亲人而悲伤。,"sāng shì jié shù hòu, tā réng wèi sàng shī qīn rén ér bēi shāng.","After the funeral, he was still grieving the loss of a loved one."
0,丧失,sàng shī,丧事结束后，他仍为丧失亲人而悲伤。,"sāng shì jié shù hòu, tā réng wèi sàng shī qīn rén ér bēi shāng.","After the funeral, he was still grieving the loss of a loved one."
2,高亢,gāo kàng,车轮呕哑作响，远处歌声高亢。,"chē lún ōu yā zuò xiǎng, yuǎn chù gē shēng gāo kàng.","The wheel creaks while a high, strong song sounds in the distance."
0,刚才,gāng cái,你刚才说的是啥意思？,nǐ gāng cái shuō de shì shá yì si?,What did you mean by what you just said?
0,膀胱,páng guāng,护士解释检查前膀胱应适当充盈。,hù shi jiě shì jiǎn chá qián páng guāng yīng shì dàng chōng yíng.,The nurse explains that the bladder should be suitably full before the scan.
0,岗位,gǎng wèi,霜降后更冷，他仍坚守岗位。,"shuāng jiàng hòu gèng lěng, tā réng jiān shǒu gǎng wèi.","After Frost's Descent, he stays at his post in colder weather."
0,光明,guāng míng,我们相信未来是光明的。,wǒ men xiāng xìn wèi lái shì guāng míng de.,We believe the future is bright.
0,山冈,shān gāng,山冈上的树桠挂着一个鸟巢。,shān gāng shàng de shù yā guà zhe yī ge niǎo cháo.,A bird's nest hangs from a branch on the hill.
0,横行,héng xíng,他摒挡行李，准备绕开横行的盗匪。,"tā bìng dàng xíng li, zhǔn bèi rào kāi héng xíng de dào fěi.",He packs his bags to avoid the roaming bandits.
0,纲领,gāng lǐng,这份纲领反映团队共同的目标。,zhè fèn gāng lǐng fǎn yìng tuán duì gòng tóng de mù biāo.,The program reflects the team's shared goals.
0,昂贵,áng guì,这枚戒指十分昂贵。,zhè méi jiè zhi shí fēn áng guì.,This ring is very expensive.
0,炕头,kàng tóu,炙热炉火使炕头渐渐暖和。,zhì rè lú huǒ shǐ kàng tóu jiàn jiàn nuǎn huo.,The hot fire gradually warms the heated bed.
0,荒地,huāng dì,荒地中的洼地积满了雨水。,huāng dì zhōng de wā dì jī mǎn le yǔ shuǐ.,Rainwater fills the hollow in the wasteland.
1,杭州,háng zhōu,杭州园林的水榭倒映在湖中。,háng zhōu yuán lín de shuǐ xiè dào yìng zài hú zhōng.,A waterside pavilion in Hangzhou is reflected in the lake.
0,航行,háng xíng,轮船正在宽阔的海面上航行。,lún chuán zhèng zài kuān kuò de hǎi miàn shàng háng xíng.,The ship sails across the open sea.
1,惶恐,huáng kǒng,狼狗突然吼叫，使孩子十分惶恐。,"láng gǒu tū rán hǒu jiào, shǐ hái zi shí fēn huáng kǒng.",The wolfdog's sudden barking frightens the child.
2,彷徨,páng huáng,彷徨与徬徨都可描写犹豫不决。,páng huáng yǔ páng huáng dōu kě miáo xiě yóu yù bù jué.,Both spellings can describe wavering and indecision.
2,弹簧,tán huáng,弹簧松了，椅子坐起来晃荡。,"tán huáng sōng le, yǐ zi zuò qǐ lái huàng dang.",The loose spring makes the chair wobble.
0,银行,yín háng,她到银行办理转账手续。,tā dào yín háng bàn lǐ zhuǎn zhàng shǒu xù.,She goes to the bank to arrange a transfer.
0,步行,bù xíng,我们步行去看刚刚装潢好的房子。,wǒ men bù xíng qù kàn gāng gang zhuāng huáng hǎo de fáng zi.,We walked over to see the newly decorated house.
0,行路,xíng lù,他在华山行路，小心避开碎石。,"tā zài huà shān xíng lù, xiǎo xīn bì kāi suì shí.","He walks on Mount Hua, carefully avoiding loose stones."
0,行行,hàng hàng,古文中的行行可以形容刚强。,gǔ wén zhōng de hàng hàng kě yǐ xíng róng gāng qiáng.,"In classical Chinese, this term can describe strength and determination."
0,品行,pǐn xíng,老师夸奖他诚实守信的品行。,lǎo shī kuā jiǎng tā chéng shí shǒu xìn de pǐn xíng.,"The teacher praises his honest, trustworthy conduct."
0,反抗,fǎn kàng,故事中的村民反抗邪恶势力。,gù shi zhōng de cūn mín fǎn kàng xié è shì lì.,The villagers resist evil forces in the story.
1,引吭高歌,yǐn háng gāo gē,春意盎然，大家在田野引吭高歌。,"chūn yì àng rán, dà jiā zài tián yě yǐn háng gāo gē.","In the lively spring fields, everyone sings loudly."
1,一声不吭,yī shēng bù kēng,他先是哑然失笑，随后一声不吭。,"tā xiān shì yǎ rán shī xiào, suí hòu yī shēng bù kēng.","He laughs despite himself, then falls silent."
2,装潢,zhuāng huáng,我们步行去看刚刚装潢好的房子。,wǒ men bù xíng qù kàn gāng gang zhuāng huáng hǎo de fáng zi.,We walked over to see the newly decorated house.
0,黄色,huáng sè,傍晚时，天空染上了黄色。,"bàng wǎn shí, tiān kōng rǎn shàng le huáng sè.",The sky took on a yellow hue in the evening.
0,辉煌,huī huáng,展览介绍中华文明的辉煌成就。,zhǎn lǎn jiè shào zhōng huá wén míng de huī huáng chéng jiù.,The exhibition presents Chinese civilization's great achievements.
0,汪洋,wāng yáng,汪洋大海展现磅礴气势。,wāng yáng dà hǎi zhǎn xiàn páng bó qì shì.,The vast sea displays tremendous grandeur.
0,依傍,yī bàng,他们依傍河流，开拓新的农田。,"tā men yī bàng hé liú, kāi tuò xīn de nóng tián.",They settle beside the river and open new farmland.
0,傍晚,bàng wǎn,傍晚时，天空染上了黄色。,"bàng wǎn shí, tiān kōng rǎn shàng le huáng sè.",The sky took on a yellow hue in the evening.
0,茫然,máng rán,乍看这幅复杂地图，他一脸茫然。,"zhà kàn zhè fú fù zá dì tú, tā yī liǎn máng rán.",The complicated map leaves him bewildered at first glance.
1,磅礴,páng bó,汪洋大海展现磅礴气势。,wāng yáng dà hǎi zhǎn xiàn páng bó qì shì.,The vast sea displays tremendous grandeur.
1,磅,bàng,这个包裹重三磅，需要加付运费。,"zhè ge bāo guǒ zhòng sān bàng, xū yào jiā fù yùn fèi.",This parcel weighs three pounds and requires additional postage.
0,政党,zhèng dǎng,各政党协商，努力结束社会动荡。,"gè zhèng dǎng xié shāng, nǔ lì jié shù shè huì dòng dàng.",The parties negotiate to end social unrest.
0,晃荡,huàng dang,弹簧松了，椅子坐起来晃荡。,"tán huáng sōng le, yǐ zi zuò qǐ lái huàng dang.",The loose spring makes the chair wobble.
0,明朗,míng lǎng,情况变得明朗后，他不再慌张。,"qíng kuàng biàn de míng lǎng hòu, tā bù zài huāng zhāng.","Once the situation became clear, he stopped panicking."
0,肮脏,āng zāng,清理肮脏环境，也须去除思想糟粕。,"qīng lǐ āng zāng huán jìng, yě xū qù chú sī xiǎng zāo pò.",Cleaning the surroundings also calls for discarding harmful ideas.
2,玄奘,xuán zàng,庄严塑像描绘玄奘求法的身影。,zhuāng yán sù xiàng miáo huì xuán zàng qiú fǎ de shēn yǐng.,The solemn statue depicts Xuanzang's quest for Buddhist teachings.
0,广大,guǎng dà,学校反对排斥，欢迎广大学生。,"xué xiào fǎn duì pái chì, huān yíng guǎng dà xué sheng.",The school opposes exclusion and welcomes all students.
1,慷慨,kāng kǎi,慷慨的邻居给大家送来面包。,kāng kǎi de lín jū gěi dà jiā sòng lái miàn bāo.,The generous neighbor brought everyone bread.
0,慌张,huāng zhāng,情况变得明朗后，他不再慌张。,"qíng kuàng biàn de míng lǎng hòu, tā bù zài huāng zhāng.","Once the situation became clear, he stopped panicking."
0,反映,fǎn yìng,这份纲领反映团队共同的目标。,zhè fèn gāng lǐng fǎn yìng tuán duì gòng tóng de mù biāo.,The program reflects the team's shared goals.
2,盎然,àng rán,春意盎然，大家在田野引吭高歌。,"chūn yì àng rán, dà jiā zài tián yě yǐn háng gāo gē.","In the lively spring fields, everyone sings loudly."
2,蟒蛇,mǎng shé,孩子观察螳螂，又远远看着蟒蛇。,"hái zi guān chá táng láng, yòu yuǎn yuǎn kàn zhe mǎng shé.",The child observes a mantis and watches a python from afar.
0,摒挡,bìng dàng,他摒挡行李，准备绕开横行的盗匪。,"tā bìng dàng xíng li, zhǔn bèi rào kāi héng xíng de dào fěi.",He packs his bags to avoid the roaming bandits.
0,阻挡,zǔ dǎng,倒下的大树阻挡了去墓地的路。,dǎo xià de dà shù zǔ dǎng le qù mù dì de lù.,The fallen tree blocked the road to the cemetery.
2,跌宕,diē dàng,故事跌宕起伏，写到魂魄离散。,"gù shi diē dàng qǐ fú, xiě dào hún pò lí sàn.",The dramatic story describes a soul leaving the body.
0,埋葬,mái zàng,家人准备埋葬老人，并举行纪念仪式。,"jiā rén zhǔn bèi mái zàng lǎo rén, bìng jǔ xíng jì niàn yí shì.",The family prepared to bury the elderly person and hold a memorial ceremony.
0,旷野,kuàng yě,牧民扩大牧场，羊群散布旷野。,"mù mín kuò dà mù chǎng, yáng qún sàn bù kuàng yě.","The herder expands the pasture, and sheep spread across the wilderness."
0,扩大,kuò dà,牧民扩大牧场，羊群散布旷野。,"mù mín kuò dà mù chǎng, yáng qún sàn bù kuàng yě.","The herder expands the pasture, and sheep spread across the wilderness."
2,徬徨,páng huáng,彷徨与徬徨都可描写犹豫不决。,páng huáng yǔ páng huáng dōu kě miáo xiě yóu yù bù jué.,Both spellings can describe wavering and indecision.
0,魂魄,hún pò,故事跌宕起伏，写到魂魄离散。,"gù shi diē dàng qǐ fú, xiě dào hún pò lí sàn.",The dramatic story describes a soul leaving the body.
0,落魄,luò pò,他一度落魄，经济基础十分薄弱。,"tā yī dù luò pò, jīng jì jī chǔ shí fēn bó ruò.","He was once impoverished, with very little financial security."
0,旁魄,páng pò,古文中的旁魄可形容广大充盈。,gǔ wén zhōng de páng pò kě xíng róng guǎng dà chōng yíng.,This classical word can describe vastness and abundance.
0,拜托,bài tuō,拜托你帮忙联络明天来的客人。,bài tuō nǐ bāng máng lián luò míng tiān lái de kè rén.,Please help contact the guests who are coming tomorrow.
1,开拓,kāi tuò,他们依傍河流，开拓新的农田。,"tā men yī bàng hé liú, kāi tuò xīn de nóng tián.",They settle beside the river and open new farmland.
1,拓本,tà běn,他在洛阳收集古代碑刻拓本。,tā zài luò yáng shōu jí gǔ dài bēi kè tà běn.,He collects rubbings of ancient inscriptions in Luoyang.
1,踱步,duó bù,他一边踱步，一边揉着生冻疮的手。,"tā yī biān duó bù, yī biān róu zhe shēng dòng chuāng de shǒu.",He paces while rubbing his chilblained hands.
1,诺言,nuò yán,这对姊妹认真履行照顾父亲的诺言。,zhè duì zǐ mèi rèn zhēn lǚ xíng zhào gu fù qīn de nuò yán.,These two sisters faithfully keep their promise to care for their father.
1,乳酪,rǔ lào,这块乳酪是昨天在商店买的。,zhè kuài rǔ lào shì zuó tiān zài shāng diàn mǎi de.,This cheese was bought at the shop yesterday.
1,杏仁酪,xìng rén lào,蒋奶奶给客人端来热杏仁酪。,jiǎng nǎi nai gěi kè rén duān lái rè xìng rén lào.,Grandmother Jiang brings the guests warm almond pudding.
1,洛阳,luò yáng,他在洛阳收集古代碑刻拓本。,tā zài luò yáng shōu jí gǔ dài bēi kè tà běn.,He collects rubbings of ancient inscriptions in Luoyang.
1,烙印,lào yìn,岁月沧桑在老屋留下深深烙印。,suì yuè cāng sāng zài lǎo wū liú xià shēn shēn lào yìn.,The passing years leave a deep mark on the old house.
0,联络,lián luò,拜托你帮忙联络明天来的客人。,bài tuō nǐ bāng máng lián luò míng tiān lái de kè rén.,Please help contact the guests who are coming tomorrow.
0,落下,luò xià,太阳落下后，大人带孩子回家。,"tài yang luò xià hòu, dà rén dài hái zi huí jiā.","After sunset, the adults took the children home."
0,落低,,字目表中的落低一词还需核实。,,The entry “落低” in the source list still needs verification.
0,昨天,zuó tiān,这块乳酪是昨天在商店买的。,zhè kuài rǔ lào shì zuó tiān zài shāng diàn mǎi de.,This cheese was bought at the shop yesterday.
0,索取,suǒ qǔ,警方追回赃款，受害人索取赔偿。,"jǐng fāng zhuī huí zāng kuǎn, shòu hài rén suǒ qǔ péi cháng.","The police recover stolen money, and the victim seeks compensation."
0,风格,fēng gé,他的绘画风格受到同学的欢迎。,tā de huì huà fēng gé shòu dào tóng xué de huān yíng.,His painting style is popular with his classmates.
0,阁楼,gé lóu,阁楼里放着旧椅子和几只箱子。,gé lóu lǐ fàng zhe jiù yǐ zi hé jǐ zhī xiāng zi.,Old chairs and several boxes are stored in the attic.
0,胳膊,gē bo,他抬起胳膊，画出山峰的轮廓。,"tā tái qǐ gē bo, huà chū shān fēng de lún kuò.",He raised his arm and drew the outline of the mountain.
0,各自,gè zì,各自准备好后，大家抢先回答。,"gè zì zhǔn bèi hǎo hòu, dà jiā qiǎng xiān huí dá.","Once ready, everyone tries to answer first."
1,郭,guō,郭先生在旧宅发现珍贵宝藏。,guō xiān sheng zài jiù zhái fā xiàn zhēn guì bǎo zàng.,Mr. Guo discovers valuable treasure in the old house.
1,轮廓,lún kuò,他抬起胳膊，画出山峰的轮廓。,"tā tái qǐ gē bo, huà chū shān fēng de lún kuò.",He raised his arm and drew the outline of the mountain.
1,噩梦,è mèng,她从噩梦中醒来，感到很害怕。,"tā cóng è mèng zhōng xǐng lái, gǎn dào hěn hài pà.",She wakes from a nightmare feeling frightened.
1,惊愕,jīng è,莫非消息有误，他惊愕地问道。,"mò fēi xiāo xi yǒu wù, tā jīng è de wèn dào.",He asks in astonishment whether the news might be wrong.
2,颚骨,è gǔ,研究员从白垩中清理出颚骨化石。,yán jiū yuán cóng bái è zhōng qīng lǐ chū è gǔ huà shí.,The researcher uncovers a fossil jawbone from chalk.
2,沟壑,gōu hè,郝老师带学生观察深深的沟壑。,hǎo lǎo shī dài xué sheng guān chá shēn shēn de gōu hè.,Teacher Hao takes the students to inspect the deep gullies.
1,霍,huò,霍先生住在学校隔壁。,huò xiān sheng zhù zài xué xiào gé bì.,Mr. Huo lives next to the school.
2,郝,hǎo,郝老师带学生观察深深的沟壑。,hǎo lǎo shī dài xué sheng guān chá shēn shēn de gōu hè.,Teacher Hao takes the students to inspect the deep gullies.
0,收获,shōu huò,辛勤耕作终于带来了好收获。,xīn qín gēng zuò zhōng yú dài lái le hǎo shōu huò.,Hard work in the fields finally brought a good harvest.
2,干涸,gān hé,长期干旱使池塘渐渐干涸。,cháng qī gān hàn shǐ chí táng jiàn jiàn gān hé.,A prolonged drought gradually dried up the pond.
1,仙鹤,xiān hè,画上的仙鹤展翅，柜中放着樟脑。,"huà shàng de xiān hè zhǎn chì, guì zhōng fàng zhe zhāng nǎo.",A crane spreads its wings in the painting above a camphor-filled cabinet.
2,白垩,bái è,研究员从白垩中清理出颚骨化石。,yán jiū yuán cóng bái è zhōng qīng lǐ chū è gǔ huà shí.,The researcher uncovers a fossil jawbone from chalk.
0,博士,bó shì,他获得了物理学博士学位。,tā huò dé le wù lǐ xué bó shì xué wèi.,He earned a doctorate in physics.
0,薄弱,bó ruò,他一度落魄，经济基础十分薄弱。,"tā yī dù luò pò, jīng jì jī chǔ shí fēn bó ruò.","He was once impoverished, with very little financial security."
0,停泊,tíng bó,货船停泊码头，工人忙着卸载。,"huò chuán tíng bó mǎ tou, gōng rén máng zhe xiè zài.","The cargo ship docks, and workers unload it."
2,锡箔,xī bó,他用锡箔包好粮食样品。,tā yòng xī bó bāo hǎo liáng shi yàng pǐn.,He wraps the grain sample in foil.
0,莫非,mò fēi,莫非消息有误，他惊愕地问道。,"mò fēi xiāo xi yǒu wù, tā jīng è de wèn dào.",He asks in astonishment whether the news might be wrong.
1,寂寞,jì mò,独自在家时，她感到很寂寞。,"dú zì zài jiā shí, tā gǎn dào hěn jì mò.",She feels lonely when home alone.
0,沙漠,shā mò,骆驼能在沙漠里行走很远。,luò tuo néng zài shā mò lǐ xíng zǒu hěn yuǎn.,Camels can travel long distances in the desert.
0,屏幕,píng mù,屏幕上的画面让他想起旧日创伤。,píng mù shàng de huà miàn ràng tā xiǎng qǐ jiù rì chuāng shāng.,The images on the screen recall his past trauma.
2,糟粕,zāo pò,清理肮脏环境，也须去除思想糟粕。,"qīng lǐ āng zāng huán jìng, yě xū qù chú sī xiǎng zāo pò.",Cleaning the surroundings also calls for discarding harmful ideas.
0,姑娘,gū niang,凉爽的风让姑娘想起了家乡。,liáng shuǎng de fēng ràng gū niang xiǎng qǐ le jiā xiāng.,The cool breeze reminded the young woman of her hometown.
0,粮食,liáng shi,他用锡箔包好粮食样品。,tā yòng xī bó bāo hǎo liáng shi yàng pǐn.,He wraps the grain sample in foil.
0,测量,cè liáng,工人正在测量房间的面积。,gōng rén zhèng zài cè liáng fáng jiān de miàn jī.,The workers measure the room's area.
0,高粱,gāo liáng,春雨过后，高粱种子开始发芽。,"chūn yǔ guò hòu, gāo liáng zhǒng zi kāi shǐ fā yá.",The sorghum seeds begin sprouting after spring rain.
0,凉爽,liáng shuǎng,凉爽的风让姑娘想起了家乡。,liáng shuǎng de fēng ràng gū niang xiǎng qǐ le jiā xiāng.,The cool breeze reminded the young woman of her hometown.
1,蒋,jiǎng,蒋奶奶给客人端来热杏仁酪。,jiǎng nǎi nai gěi kè rén duān lái rè xìng rén lào.,Grandmother Jiang brings the guests warm almond pudding.
0,将来,jiāng lái,将来，他想开一家自己的商店。,"jiāng lái, tā xiǎng kāi yī jiā zì jǐ de shāng diàn.","In the future, he wants to open his own shop."
0,将领,jiàng lǐng,将领获得赦免，得以返回故乡。,"jiàng lǐng huò dé shè miǎn, dé yǐ fǎn huí gù xiāng.",The general receives a pardon and returns home.
0,豆浆,dòu jiāng,他把椰子肉与豆浆打成饮品。,tā bǎ yē zi ròu yǔ dòu jiāng dǎ chéng yǐn pǐn.,He blends coconut flesh and soy milk into a drink.
0,抢劫,qiǎng jié,警察追回了抢劫中丢失的财物。,jǐng chá zhuī huí le qiǎng jié zhōng diū shī de cái wù.,The police recovered the property lost in the robbery.
0,抢先,qiǎng xiān,各自准备好后，大家抢先回答。,"gè zì zhǔn bèi hǎo hòu, dà jiā qiǎng xiān huí dá.","Once ready, everyone tries to answer first."
2,铿锵,kēng qiāng,锣声铛铛，节奏铿锵有力。,"luó shēng dāng dāng, jié zòu kēng qiāng yǒu lì.","The gong clangs in a strong, ringing rhythm."
0,枪支,qiāng zhī,墙壁上挂着关于枪支安全的说明。,qiáng bì shàng guà zhe guān yú qiāng zhī ān quán de shuō míng.,Instructions about firearm safety hang on the wall.
0,墙壁,qiáng bì,墙壁上挂着关于枪支安全的说明。,qiáng bì shàng guà zhe guān yú qiāng zhī ān quán de shuō míng.,Instructions about firearm safety hang on the wall.
2,襄助,xiāng zhù,工匠襄助整理古代圭璋礼器。,gōng jiàng xiāng zhù zhěng lǐ gǔ dài guī zhāng lǐ qì.,The craftsman helps arrange the ancient jade ritual objects.
1,湘江,xiāng jiāng,诗人以沧浪之水联想湘江景色。,shī rén yǐ cāng láng zhī shuǐ lián xiǎng xiāng jiāng jǐng sè.,The poet links the clear waters of Canglang with the Xiang River.
0,相貌,xiàng mào,这丫头相貌清秀，说话很爽快。,"zhè yā tou xiàng mào qīng xiù, shuō huà hěn shuǎng kuai.",The girl has delicate features and speaks frankly.
1,车厢,chē xiāng,他跨越车厢连接处，走向餐车。,"tā kuà yuè chē xiāng lián jiē chù, zǒu xiàng cān chē.",He crosses between the carriages toward the dining car.
0,箱子,xiāng zi,他把衣服装进了箱子里。,tā bǎ yī fu zhuāng jìn le xiāng zi lǐ.,He packed his clothes into the box.
1,飞翔,fēi xiáng,鸟儿张开翅膀，在蓝天中飞翔。,"niǎo r zhāng kāi chì bǎng, zài lán tiān zhōng fēi xiáng.",The bird spreads its wings and flies through the blue sky.
0,张开,zhāng kāi,鸟儿张开翅膀，在蓝天中飞翔。,"niǎo r zhāng kāi chì bǎng, zài lán tiān zhōng fēi xiáng.",The bird spreads its wings and flies through the blue sky.
0,涨价,zhǎng jià,商品涨价了，顾客希望价格稳定。,"shāng pǐn zhǎng jià le, gù kè xī wàng jià gé wěn dìng.","Prices have risen, and customers hope they will stabilize."
0,长久,cháng jiǔ,他们希望友谊能够长久。,tā men xī wàng yǒu yì néng gòu cháng jiǔ.,They hope their friendship will last.
0,长大,zhǎng dà,孩子长大后，离开家乡求学。,"hái zi zhǎng dà hòu, lí kāi jiā xiāng qiú xué.","After growing up, the child leaves home to study."
0,肠胃,cháng wèi,肠胃不适时，他出现了腹泻。,"cháng wèi bù shì shí, tā chū xiàn le fù xiè.",He develops diarrhea during a stomach upset.
0,场所,chǎng suǒ,公共场所要注意预防病毒传播。,gōng gòng chǎng suǒ yào zhù yì yù fáng bìng dú chuán bō.,Take care to prevent the spread of viruses in public places.
1,化妆,huà zhuāng,她坐在镜子前认真化妆。,tā zuò zài jìng zi qián rèn zhēn huà zhuāng.,She carefully applies makeup before the mirror.
0,庄严,zhuāng yán,庄严塑像描绘玄奘求法的身影。,zhuāng yán sù xiàng miáo huì xuán zàng qiú fǎ de shēn yǐng.,The solemn statue depicts Xuanzang's quest for Buddhist teachings.
0,装饰,zhuāng shì,孩子们用彩纸装饰教室。,hái zi men yòng cǎi zhǐ zhuāng shì jiào shì.,The children decorate the classroom with colored paper.
0,创伤,chuāng shāng,屏幕上的画面让他想起旧日创伤。,píng mù shàng de huà miàn ràng tā xiǎng qǐ jiù rì chuāng shāng.,The images on the screen recall his past trauma.
0,创造,chuàng zào,她用双手创造了美丽的作品。,tā yòng shuāng shǒu chuàng zào le měi lì de zuò pǐn.,She created beautiful works with her hands.
0,冻疮,dòng chuāng,他一边踱步，一边揉着生冻疮的手。,"tā yī biān duó bù, yī biān róu zhe shēng dòng chuāng de shǒu.",He paces while rubbing his chilblained hands.
0,床铺,chuáng pù,她每天早上把床铺整理好。,tā měi tiān zǎo shang bǎ chuáng pù zhěng lǐ hǎo.,She makes the bed every morning.
0,霜降,shuāng jiàng,霜降后更冷，他仍坚守岗位。,"shuāng jiàng hòu gèng lěng, tā réng jiān shǒu gǎng wèi.","After Frost's Descent, he stays at his post in colder weather."
0,保障,bǎo zhàng,完善的制度保障了学生的安全。,wán shàn de zhì dù bǎo zhàng le xué sheng de ān quán.,A well-developed system protects the students' safety.
2,圭璋,guī zhāng,工匠襄助整理古代圭璋礼器。,gōng jiàng xiāng zhù zhěng lǐ gǔ dài guī zhāng lǐ qì.,The craftsman helps arrange the ancient jade ritual objects.
1,樟脑,zhāng nǎo,画上的仙鹤展翅，柜中放着樟脑。,"huà shàng de xiān hè zhǎn chì, guì zhōng fàng zhe zhāng nǎo.",A crane spreads its wings in the painting above a camphor-filled cabinet.
0,文章,wén zhāng,这篇文章记载了海洋动物的变化。,zhè piān wén zhāng jì zǎi le hǎi yáng dòng wù de biàn huà.,This article records changes in marine animals.
2,漳州,zhāng zhōu,漳州古城彰显当地历史文化。,zhāng zhōu gǔ chéng zhāng xiǎn dāng dì lì shǐ wén huà.,The old town of Zhangzhou showcases local history and culture.
1,彰显,zhāng xiǎn,漳州古城彰显当地历史文化。,zhāng zhōu gǔ chéng zhāng xiǎn dāng dì lì shǐ wén huà.,The old town of Zhangzhou showcases local history and culture.
1,猖狂,chāng kuáng,霸道恶徒越发猖狂，欺压邻里。,"bà dào è tú yuè fā chāng kuáng, qī yā lín lǐ.",The domineering thug grows bolder and bullies his neighbors.
0,倡优,chāng yōu,古代倡优以歌舞技艺娱乐观众。,gǔ dài chāng yōu yǐ gē wǔ jì yì yú lè guān zhòng.,Ancient entertainers performed song and dance for audiences.
0,倡导,chàng dǎo,老师倡导助人为乐的高尚品德。,lǎo shī chàng dǎo zhù rén wéi lè de gāo shàng pǐn dé.,The teacher promotes the virtue of helping others.
0,昌盛,chāng shèng,国家昌盛，城中贸易日益兴旺。,"guó jiā chāng shèng, chéng zhōng mào yì rì yì xīng wàng.","The country flourishes, and urban trade grows."
2,菖蒲,chāng pú,他把菖蒲插在装有清水的瓶里。,tā bǎ chāng pú chā zài zhuāng yǒu qīng shuǐ de píng lǐ.,He places the sweet flag in a vase of fresh water.
0,尝试,cháng shì,听了劝告，他愿意重新尝试。,"tīng le quàn gào, tā yuàn yì chóng xīn cháng shì.","After listening to the advice, he was willing to try again."
0,平常,píng cháng,尝试新方法前，他先记录平常的情况。,"cháng shì xīn fāng fǎ qián, tā xiān jì lù píng cháng de qíng kuàng.","Before trying the new method, he recorded what normally happened."
0,赔偿,péi cháng,损坏物品的人需要支付赔偿。,sǔn huài wù pǐn de rén xū yào zhī fù péi cháng.,The person who damaged the items must pay compensation.
2,徜徉,cháng yáng,她在松柏林间徜徉，呼吸清新空气。,"tā zài sōng bǎi lín jiān cháng yáng, hū xī qīng xīn kōng qì.","She strolls among the pines and cypresses, breathing fresh air."
0,高尚,gāo shàng,老师倡导助人为乐的高尚品德。,lǎo shī chàng dǎo zhù rén wéi lè de gāo shàng pǐn dé.,The teacher promotes the virtue of helping others.
0,衣裳,yī shang,裁缝用柔软布帛制作衣裳。,cái feng yòng róu ruǎn bù bó zhì zuò yī shang.,The tailor makes clothes from soft fabric.
0,商店,shāng diàn,这块乳酪是昨天在商店买的。,zhè kuài rǔ lào shì zuó tiān zài shāng diàn mǎi de.,This cheese was bought at the shop yesterday.
0,伤害,shāng hài,他挥手驱赶苍蝇，没有伤害小鸟。,"tā huī shǒu qū gǎn cāng ying, méi yǒu shāng hài xiǎo niǎo.",He waved away the flies without hurting the birds.
0,汤汁,tāng zhī,他把菜里的汤汁盛入小碗。,tā bǎ cài lǐ de tāng zhī shèng rù xiǎo wǎn.,He ladles the dish’s sauce into a small bowl.
1,攘除,rǎng chú,古人举行仪式，期望攘除灾殃。,"gǔ rén jǔ xíng yí shì, qī wàng rǎng chú zāi yāng.",Ancient people held rituals to ward off calamities.
1,扰攘,rǎo rǎng,街市扰攘，他在人群中感到迷惘。,"jiē shì rǎo rǎng, tā zài rén qún zhōng gǎn dào mí wǎng.",The bustling market leaves him feeling lost in the crowd.
1,镶嵌,xiāng qiàn,银饰上镶嵌着一块透明水晶。,yín shì shàng xiāng qiàn zhe yī kuài tòu míng shuǐ jīng.,A clear crystal is set into the silver jewelry.
0,边疆,biān jiāng,将领讨论保卫边疆的战略。,jiàng lǐng tǎo lùn bǎo wèi biān jiāng de zhàn lüè.,The officers discuss strategies for defending the frontier.
0,姜汤,jiāng tāng,母亲端来热姜汤，他终于放心休息。,"mǔ qīn duān lái rè jiāng tāng, tā zhōng yú fàng xīn xiū xi.","His mother brings hot ginger tea, and he relaxes."
1,缰绳,jiāng shéng,手指冻得僵硬，他仍握紧缰绳。,"shǒu zhǐ dòng de jiāng yìng, tā réng wò jǐn jiāng shéng.","His fingers are stiff with cold, but he holds the reins."
0,僵硬,jiāng yìng,手指冻得僵硬，他仍握紧缰绳。,"shǒu zhǐ dòng de jiāng yìng, tā réng wò jǐn jiāng shéng.","His fingers are stiff with cold, but he holds the reins."
0,框架,kuàng jià,木制框架散发出淡淡的香味。,mù zhì kuàng jià sàn fā chū dàn dàn de xiāng wèi.,The wooden frame gives off a faint pleasant scent.
0,筐子,kuāng zi,筐子里装着刚采下的芒果。,kuāng zi lǐ zhuāng zhe gāng cǎi xià de máng guǒ.,The basket holds freshly picked mangoes.
2,羌族,qiāng zú,展览分别介绍羌族文化和芦笙乐器。,zhǎn lǎn fēn bié jiè shào qiāng zú wén huà hé lú shēng yuè qì.,The exhibition presents Qiang culture and the lusheng instrument separately.
1,眼眶,yǎn kuàng,他怔住了，眼眶渐渐湿润。,"tā zhèng zhù le, yǎn kuàng jiàn jiàn shī rùn.","He freezes in surprise, his eyes filling with tears."
0,家乡,jiā xiāng,凉爽的风让姑娘想起了家乡。,liáng shuǎng de fēng ràng gū niang xiǎng qǐ le jiā xiāng.,The cool breeze reminded the young woman of her hometown.
0,香味,xiāng wèi,厨房弥漫着烤肉的香味。,chú fáng mí màn zhe kǎo ròu de xiāng wèi.,The smell of roast meat fills the kitchen.
0,中央,zhōng yāng,圆形的饼干摆在盘子中央。,yuán xíng de bǐng gān bǎi zài pán zi zhōng yāng.,The round biscuits are arranged in the center of the plate.
0,灾殃,zāi yāng,古人举行仪式，期望攘除灾殃。,"gǔ rén jǔ xíng yí shì, qī wàng rǎng chú zāi yāng.",Ancient people held rituals to ward off calamities.
0,秧苗,yāng miáo,农人耕种田地，栽下翠绿秧苗。,"nóng rén gēng zhòng tián dì, zāi xià cuì lǜ yāng miáo.",The farmer tills the field and plants green seedlings.
0,国王,guó wáng,国王详细询问了灾难的情况。,guó wáng xiáng xì xún wèn le zāi nàn de qíng kuàng.,The king asked detailed questions about the disaster.
0,王天下,wàng tiān xià,古文中王天下指成为天下的君主。,gǔ wén zhōng wàng tiān xià zhǐ chéng wéi tiān xià de jūn zhǔ.,"In classical Chinese, this phrase means ruling the realm."
0,详细,xiáng xì,国王详细询问了灾难的情况。,guó wáng xiáng xì xún wèn le zāi nàn de qíng kuàng.,The king asked detailed questions about the disaster.
0,山羊,shān yáng,山羊在杨树旁低头吃草。,shān yáng zài yáng shù páng dī tóu chī cǎo.,The goat grazes beside the poplar.
0,阳光,yáng guāng,阳光照耀着花园，景色十分美妙。,"yáng guāng zhào yào zhe huā yuán, jǐng sè shí fēn měi miào.","Sunlight shines on the garden, creating a wonderful view."
0,杨树,yáng shù,山羊在杨树旁低头吃草。,shān yáng zài yáng shù páng dī tóu chī cǎo.,The goat grazes beside the poplar.
0,方向,fāng xiàng,走错方向，会妨碍大家准时到达。,"zǒu cuò fāng xiàng, huì fáng ài dà jiā zhǔn shí dào dá.",Going the wrong way will prevent everyone from arriving on time.
0,防止,fáng zhǐ,加固堤坊有助于防止洪水漫入。,jiā gù dī fáng yǒu zhù yú fáng zhǐ hóng shuǐ màn rù.,Strengthening the embankment helps keep floodwater out.
0,街坊,jiē fāng,街坊都愿意帮这位老伯搬东西。,jiē fāng dōu yuàn yì bāng zhè wèi lǎo bó bān dōng xī.,The neighbors are happy to help the old man move things.
0,堤坊,dī fáng,加固堤坊有助于防止洪水漫入。,jiā gù dī fáng yǒu zhù yú fáng zhǐ hóng shuǐ màn rù.,Strengthening the embankment helps keep floodwater out.
0,光芒,guāng máng,晶莹水滴在阳光下闪烁光芒。,jīng yíng shuǐ dī zài yáng guāng xià shǎn shuò guāng máng.,The clear droplets sparkle in sunlight.
0,芒果,máng guǒ,筐子里装着刚采下的芒果。,kuāng zi lǐ zhuāng zhe gāng cǎi xià de máng guǒ.,The basket holds freshly picked mangoes.
0,妨碍,fáng ài,走错方向，会妨碍大家准时到达。,"zǒu cuò fāng xiàng, huì fáng ài dà jiā zhǔn shí dào dá.",Going the wrong way will prevent everyone from arriving on time.
0,强壮,qiáng zhuàng,他身体强壮，很少觉得疲倦。,"tā shēn tǐ qiáng zhuàng, hěn shǎo jué de pí juàn.",He is strong and rarely feels tired.
0,勉强,miǎn qiǎng,他不愿勉强自己，接受了新的安排。,"tā bù yuàn miǎn qiǎng zì jǐ, jiē shòu le xīn de ān pái.",He did not want to force himself and accepted the new arrangements.
0,疯狂,fēng kuáng,这两个孩子疯狂地追着气球跑。,zhè liǎng gè hái zi fēng kuáng de zhuī zhe qì qiú pǎo.,These two children ran wildly after the balloon.
0,两个,liǎng gè,这袋稻米很重，要两个人搬。,"zhè dài dào mǐ hěn zhòng, yào liǎng gè rén bān.",This sack of rice is heavy and needs two people to carry it.
0,十两,shí liǎng,账簿记着他借出的十两白银。,zhàng bù jì zhe tā jiè chū de shí liǎng bái yín.,The ledger records the ten taels of silver he lent.
0,奖励,jiǎng lì,老师奖励了认真完成作业的孩子。,lǎo shī jiǎng lì le rèn zhēn wán chéng zuò yè de hái zi.,The teacher rewarded the child who completed the homework carefully.
0,船桨,chuán jiǎng,他给船桨手柄套上橡胶保护套。,tā gěi chuán jiǎng shǒu bǐng tào shàng xiàng jiāo bǎo hù tào.,He fits a rubber cover over the paddle handle.
0,橡胶,xiàng jiāo,他给船桨手柄套上橡胶保护套。,tā gěi chuán jiǎng shǒu bǐng tào shàng xiàng jiāo bǎo hù tào.,He fits a rubber cover over the paddle handle.
0,好像,hǎo xiàng,远处的山峰好像一头大象。,yuǎn chù de shān fēng hǎo xiàng yī tóu dà xiàng.,The distant mountain looks like an elephant.
0,大象,dà xiàng,远处的山峰好像一头大象。,yuǎn chù de shān fēng hǎo xiàng yī tóu dà xiàng.,The distant mountain looks like an elephant.
0,仗义,zhàng yì,他仗义作证，为被冤枉的人辩护。,"tā zhàng yì zuò zhèng, wèi bèi yuān wang de rén biàn hù.",He bravely testifies in defense of the wrongfully accused person.
0,打仗,dǎ zhàng,打仗时，丈夫离开了妻子和孩子。,"dǎ zhàng shí, zhàng fu lí kāi le qī zi hé hái zi.","During the war, the husband left his wife and children."
0,丈夫,zhàng fu,打仗时，丈夫离开了妻子和孩子。,"dǎ zhàng shí, zhàng fu lí kāi le qī zi hé hái zi.","During the war, the husband left his wife and children."
2,悲怆,bēi chuàng,悲怆乐声使她陷入深深惆怅。,bēi chuàng lè shēng shǐ tā xiàn rù shēn shēn chóu chàng.,The mournful music fills her with melancholy.
0,爽快,shuǎng kuai,爽快的主人敞开大门迎客。,shuǎng kuai de zhǔ rén chǎng kāi dà mén yíng kè.,The friendly host opens the door wide to welcome guests.
0,手掌,shǒu zhǎng,手掌碰到火炉，他马上缩回手。,"shǒu zhǎng pèng dào huǒ lú, tā mǎ shàng suō huí shǒu.","His palm touched the stove, and he immediately pulled his hand back."
0,敞开,chǎng kāi,爽快的主人敞开大门迎客。,shuǎng kuai de zhǔ rén chǎng kāi dà mén yíng kè.,The friendly host opens the door wide to welcome guests.
0,工厂,gōng chǎng,大家反对在公园里修建工厂。,dà jiā fǎn duì zài gōng yuán lǐ xiū jiàn gōng chǎng.,Everyone opposed building a factory in the park.
0,上面,shàng miàn,上面的照片是我们逛街时拍的。,shàng miàn de zhào piàn shì wǒ men guàng jiē shí pāi de.,The photo above was taken while we were shopping.
0,上去,shàng qù,勇敢的英雄冲上去扑灭大火。,yǒng gǎn de yīng xióng chōng shàng qù pū miè dà huǒ.,The brave hero rushed forward to put out the fire.
0,土壤,tǔ rǎng,培养草莓时，要注意土壤的湿度。,"péi yǎng cǎo méi shí, yào zhù yì tǔ rǎng de shī dù.","When growing strawberries, pay attention to the soil's moisture."
1,逛街,guàng jiē,上面的照片是我们逛街时拍的。,shàng miàn de zhào piàn shì wǒ men guàng jiē shí pāi de.,The photo above was taken while we were shopping.
2,粗犷,cū guǎng,粗犷歌声歌咏草原上的生活。,cū guǎng gē shēng gē yǒng cǎo yuán shàng de shēng huó.,The rugged voice sings of life on the grassland.
0,信仰,xìn yǎng,人们尊重这座对其信仰神圣的殿堂。,rén men zūn zhòng zhè zuò duì qí xìn yǎng shén shèng de diàn táng.,They honor this temple as sacred to their faith.
0,向往,xiàng wǎng,她向往平静的生活，不喜欢吵闹。,"tā xiàng wǎng píng jìng de shēng huó, bù xǐ huan chǎo nào.",She longs for a peaceful life and dislikes noise.
0,响亮,xiǎng liàng,响亮的钟声打破了往常的寂静。,xiǎng liàng de zhōng shēng dǎ pò le wǎng cháng de jì jìng.,The loud bell broke the usual silence.
2,飨宴,xiǎng yàn,阔绰主人设下飨宴招待宾客。,kuò chuò zhǔ rén shè xià xiǎng yàn zhāo dài bīn kè.,The wealthy host gives a feast for the guests.
1,冤枉,yuān wang,他仗义作证，为被冤枉的人辩护。,"tā zhàng yì zuò zhèng, wèi bèi yuān wang de rén biàn hù.",He bravely testifies in defense of the wrongfully accused person.
0,往常,wǎng cháng,响亮的钟声打破了往常的寂静。,xiǎng liàng de zhōng shēng dǎ pò le wǎng cháng de jì jìng.,The loud bell broke the usual silence.
0,发痒,fā yǎng,蚱蜢落在手上，使他感到发痒。,"zhà měng luò zài shǒu shàng, shǐ tā gǎn dào fā yǎng.",The grasshopper on his hand makes it itch.
0,放心,fàng xīn,母亲端来热姜汤，他终于放心休息。,"mǔ qīn duān lái rè jiāng tāng, tā zhōng yú fàng xīn xiū xi.","His mother brings hot ginger tea, and he relaxes."
2,迷惘,mí wǎng,街市扰攘，他在人群中感到迷惘。,"jiē shì rǎo rǎng, tā zài rén qún zhōng gǎn dào mí wǎng.",The bustling market leaves him feeling lost in the crowd.
0,网络,wǎng luò,这辆私家汽车可以连接网络。,zhè liàng sī jiā qì chē kě yǐ lián jiē wǎng luò.,This private car can connect to the internet.
0,模仿,mó fǎng,网络里流传的视频模仿了他的动作。,wǎng luò lǐ liú chuán de shì pín mó fǎng le tā de dòng zuò.,The video circulating online imitates his movements.
0,纺织,fǎng zhī,工匠用纺织技术制作布料。,gōng jiàng yòng fǎng zhī jì shù zhì zuò bù liào.,The craftsman makes cloth using weaving techniques.
0,酿造,niàng zào,工坊用传统方法酿造酱油。,gōng fáng yòng chuán tǒng fāng fǎ niàng zào jiàng yóu.,The workshop makes soy sauce by traditional fermentation.
0,明亮,míng liàng,擦净窗户后，房间更明亮了。,"cā jìng chuāng hu hòu, fáng jiān gèng míng liàng le.",The room became brighter after the windows were cleaned.
0,掠夺,lüè duó,百姓反抗外敌的掠夺与压迫。,bǎi xìng fǎn kàng wài dí de lüè duó yǔ yā pò.,The people resist the invaders' plunder and oppression.
0,原谅,yuán liàng,得到原谅以后，他松了一口气。,"dé dào yuán liàng yǐ hòu, tā sōng le yī kǒu qì.","After being forgiven, he breathed a sigh of relief."
0,酱油,jiàng yóu,工坊用传统方法酿造酱油。,gōng fáng yòng chuán tǒng fāng fǎ niàng zào jiàng yóu.,The workshop makes soy sauce by traditional fermentation.
0,工匠,gōng jiàng,工匠用纺织技术制作布料。,gōng jiàng yòng fǎng zhī jì shù zhì zuò bù liào.,The craftsman makes cloth using weaving techniques.
0,膨胀,péng zhàng,气球膨胀后，孩子们开心地拍手。,"qì qiú péng zhàng hòu, hái zi men kāi xīn de pāi shǒu.",The children clapped happily as the balloon expanded.
2,惆怅,chóu chàng,悲怆乐声使她陷入深深惆怅。,bēi chuàng lè shēng shǐ tā xiàn rù shēn shēn chóu chàng.,The mournful music fills her with melancholy.
0,流畅,liú chàng,编辑修改段落，使文章更加流畅。,"biān jí xiū gǎi duàn luò, shǐ wén zhāng gèng jiā liú chàng.",The editor revised the paragraphs to make the article flow better.
0,壮大,zhuàng dà,团队秉承互助精神，逐渐壮大。,"tuán duì bǐng chéng hù zhù jīng shen, zhú jiàn zhuàng dà.",The team grows while preserving its spirit of cooperation.
0,状态,zhuàng tài,比赛前，他的状态很好。,"bǐ sài qián, tā de zhuàng tài hěn hǎo.",He is in good form before the competition.
0,唱歌,chàng gē,快乐的孩子跟着音乐轻轻唱歌。,kuài lè de hái zi gēn zhe yīn yuè qīng qīng chàng gē.,The happy child sang softly along with the music.
0,谦让,qiān ràng,他谦让名次，不因丙等而争吵。,"tā qiān ràng míng cì, bù yīn bǐng děng ér zhēng chǎo.",He accepts his lower ranking without arguing.
0,情况,qíng kuàng,国王详细询问了灾难的情况。,guó wáng xiáng xì xún wèn le zāi nàn de qíng kuàng.,The king asked detailed questions about the disaster.
0,兴旺,xīng wàng,国家昌盛，城中贸易日益兴旺。,"guó jiā chāng shèng, chéng zhōng mào yì rì yì xīng wàng.","The country flourishes, and urban trade grows."
1,荡漾,dàng yàng,湖面荡漾，岸边传来黄莺鸣叫。,"hú miàn dàng yàng, àn biān chuán lái huáng yīng míng jiào.",The lake ripples as an oriole sings onshore.
0,狂妄,kuáng wàng,他狂妄地瞪眼，不肯承认错误。,"tā kuáng wàng de dèng yǎn, bù kěn chéng rèn cuò wù.",He glares arrogantly and refuses to admit his mistake.
0,忘记,wàng jì,忘记朋友的名字，让他感到尴尬。,"wàng jì péng you de míng zi, ràng tā gǎn dào gān gà.",Forgetting his friend's name made him feel embarrassed.
0,访问,fǎng wèn,他频繁访问村庄，为人民提供援助。,"tā pín fán fǎng wèn cūn zhuāng, wèi rén mín tí gōng yuán zhù.",He visits the village frequently to provide help to the people.
0,战略,zhàn lüè,将领讨论保卫边疆的战略。,jiàng lǐng tǎo lùn bǎo wèi biān jiāng de zhàn lüè.,The officers discuss strategies for defending the frontier.
0,麻雀,má què,麻雀站在窗边，羽毛在阳光里闪烁。,"má què zhàn zài chuāng biān, yǔ máo zài yáng guāng lǐ shǎn shuò.","The sparrow stands by the window, its feathers glinting in the sunlight."
1,爵位,jué wèi,他虽爵位显赫，仍待人谦和。,"tā suī jué wèi xiǎn hè, réng dài rén qiān hé.","Despite his high noble rank, he treats people modestly."
0,喜鹊,xǐ què,正月里，一只喜鹊飞到屋檐上。,"zhēng yuè lǐ, yī zhī xǐ què fēi dào wū yán shàng.",A magpie lands on the eaves in the first lunar month.
0,削减,xuē jiǎn,削减开支之前，必须仔细斟酌。,"xuē jiǎn kāi zhī zhī qián, bì xū zǐ xì zhēn zhuó.",Consider carefully before cutting spending.
1,斟酌,zhēn zhuó,削减开支之前，必须仔细斟酌。,"xuē jiǎn kāi zhī zhī qián, bì xū zǐ xì zhēn zhuó.",Consider carefully before cutting spending.
1,灼热,zhuó rè,传说夸父追赶灼热的太阳。,chuán shuō kuā fù zhuī gǎn zhuó rè de tài yang.,Legend tells of Kuafu chasing the scorching sun.
0,勺子,sháo zi,我忘记带勺子，向主人借了一把。,"wǒ wàng jì dài sháo zi, xiàng zhǔ rén jiè le yī bǎ.",I forgot to bring a spoon and borrowed one from the host.
1,阔绰,kuò chuò,阔绰主人设下飨宴招待宾客。,kuò chuò zhǔ rén shè xià xiǎng yàn zhāo dài bīn kè.,The wealthy host gives a feast for the guests.
1,闪烁,shǎn shuò,麻雀站在窗边，羽毛在阳光里闪烁。,"má què zhàn zài chuāng biān, yǔ máo zài yáng guāng lǐ shǎn shuò.","The sparrow stands by the window, its feathers glinting in the sunlight."
1,溺水,nì shuǐ,救生员发现有人溺水，马上跳进水中。,"jiù shēng yuán fā xiàn yǒu rén nì shuǐ, mǎ shàng tiào jìn shuǐ zhōng.",The lifeguard spotted someone drowning and immediately jumped into the water.
1,便溺,biàn niào,管理员劝阻游客在园内随地便溺。,guǎn lǐ yuán quàn zǔ yóu kè zài yuán nèi suí dì biàn niào.,The attendant stops a visitor from relieving himself in the park.
2,箬竹,ruò zhú,箬竹生长在田埂旁的湿地。,ruò zhú shēng zhǎng zài tián gěng páng de shī dì.,Broad-leaved bamboo grows in the wet ground beside the field ridge.
0,软弱,ruǎn ruò,遇到困难不必因软弱而退却。,yù dào kùn nan bù bì yīn ruǎn ruò ér tuì què.,Do not retreat from difficulties out of weakness.
0,退却,tuì què,遇到困难不必因软弱而退却。,yù dào kùn nan bù bì yīn ruǎn ruò ér tuì què.,Do not retreat from difficulties out of weakness.
1,疟疾,nüè jí,医生解释了疟疾的症状。,yī shēng jiě shì le nüè jí de zhèng zhuàng.,The doctor explained the symptoms of malaria.
1,虐待,nüè dài,虐待动物的人应该受到谴责。,nüè dài dòng wù de rén yīng gāi shòu dào qiǎn zé.,People who abuse animals should be condemned.
2,戏谑,xì xuè,他啧啧称奇，朋友却以戏谑回应。,"tā zé zé chēng qí, péng you què yǐ xì xuè huí yìng.","He clicks his tongue in amazement, but his friend responds jokingly."
0,药物,yào wù,商店禁止贩卖来源不明的药物。,shāng diàn jìn zhǐ fàn mài lái yuán bù míng de yào wù.,The shop prohibits selling medicine of unknown origin.
1,狰狞,zhēng níng,狰狞的面具让孩子瞠目结舌。,zhēng níng de miàn jù ràng hái zi chēng mù jié shé.,The fierce mask leaves the child speechless.
0,一趟,yī tàng,我想去一趟邮局，更改收信地址。,"wǒ xiǎng qù yī tàng yóu jú, gēng gǎi shōu xìn dì zhǐ.",I want to visit the post office to change my mailing address.
2,瞠目结舌,chēng mù jié shé,狰狞的面具让孩子瞠目结舌。,zhēng níng de miàn jù ràng hái zi chēng mù jié shé.,The fierce mask leaves the child speechless.
0,盯住,dīng zhù,猩猩盯住游客手中的香蕉。,xīng xing dīng zhù yóu kè shǒu zhōng de xiāng jiāo.,The ape stares at the banana in the visitor's hand.
1,澄清,chéng qīng,她澄清了谣言，让大家放心。,"tā chéng qīng le yáo yán, ràng dà jiā fàng xīn.",She cleared up the rumor and reassured everyone.
2,峥嵘,zhēng róng,峥嵘山岭遮住远处的天空。,zhēng róng shān lǐng zhē zhù yuǎn chù de tiān kōng.,The towering ridges block the distant sky.
0,牲畜,shēng chù,农户储备粮食，也为牲畜备草料。,"nóng hù chǔ bèi liáng shí, yě wèi shēng chù bèi cǎo liào.",The farmer stores grain and fodder for livestock.
1,芦笙,lú shēng,展览分别介绍羌族文化和芦笙乐器。,zhǎn lǎn fēn bié jiè shào qiāng zú wén huà hé lú shēng yuè qì.,The exhibition presents Qiang culture and the lusheng instrument separately.
1,猩猩,xīng xing,猩猩盯住游客手中的香蕉。,xīng xing dīng zhù yóu kè shǒu zhōng de xiāng jiāo.,The ape stares at the banana in the visitor's hand.
1,外甥,wài shēng,外甥三更半夜还在玩游戏。,wài shēng sān gēng bàn yè hái zài wán yóu xì.,My nephew is still playing games in the middle of the night.
1,蛋羹,dàn gēng,餐桌上有软嫩蛋羹和一小碟杏仁。,cān zhuō shàng yǒu ruǎn nèn dàn gēng hé yī xiǎo dié xìng rén.,The table holds steamed egg custard and a small dish of almonds.
0,更改,gēng gǎi,我想去一趟邮局，更改收信地址。,"wǒ xiǎng qù yī tàng yóu jú, gēng gǎi shōu xìn dì zhǐ.",I want to visit the post office to change my mailing address.
0,三更半夜,sān gēng bàn yè,外甥三更半夜还在玩游戏。,wài shēng sān gēng bàn yè hái zài wán yóu xì.,My nephew is still playing games in the middle of the night.
0,更加,gèng jiā,编辑修改段落，使文章更加流畅。,"biān jí xiū gǎi duàn luò, shǐ wén zhāng gèng jiā liú chàng.",The editor revised the paragraphs to make the article flow better.
1,田埂,tián gěng,箬竹生长在田埂旁的湿地。,ruò zhú shēng zhǎng zài tián gěng páng de shī dì.,Broad-leaved bamboo grows in the wet ground beside the field ridge.
2,庚子,gēng zǐ,这段庚子年的历史曾引起轰动。,zhè duàn gēng zǐ nián de lì shǐ céng yǐn qǐ hōng dòng.,This episode from a Gengzi year once caused a sensation.
0,北京,běi jīng,北京的兄弟俩在门口欢迎客人。,běi jīng de xiōng dì liǎ zài mén kǒu huān yíng kè rén.,The two brothers from Beijing welcomed the guests at the door.
1,荆棘,jīng jí,他绕开荆棘，小心跨过坑洞。,"tā rào kāi jīng jí, xiǎo xīn kuà guò kēng dòng.",He avoids the thorn bushes and steps over the holes.
0,坑洞,kēng dòng,他绕开荆棘，小心跨过坑洞。,"tā rào kāi jīng jí, xiǎo xīn kuà guò kēng dòng.",He avoids the thorn bushes and steps over the holes.
1,爱卿,ài qīng,君王称他爱卿，也听取他的诤谏。,"jūn wáng chēng tā ài qīng, yě tīng qǔ tā de zhèng jiàn.",The ruler affectionately addresses him and hears his frank advice.
0,欢迎,huān yíng,这间房屋出租，欢迎前来询问。,"zhè jiān fáng wū chū zū, huān yíng qián lái xún wèn.",This house is for rent; inquiries are welcome.
2,亨通,hēng tōng,运势逆转后，他的事业渐渐亨通。,"yùn shì nì zhuǎn hòu, tā de shì yè jiàn jiàn hēng tōng.","After his fortunes turn, his career begins to prosper."
0,兄弟,xiōng dì,北京的兄弟俩在门口欢迎客人。,běi jīng de xiōng dì liǎ zài mén kǒu huān yíng kè rén.,The two brothers from Beijing welcomed the guests at the door.
0,平衡,píng héng,保持平衡，是学会骑车的基础。,"bǎo chí píng héng, shì xué huì qí chē de jī chǔ.",Maintaining balance is the foundation of learning to ride a bicycle.
2,瑛瑶,yīng yáo,展柜陈列瑛瑶美玉和精巧器皿。,zhǎn guì chén liè yīng yáo měi yù hé jīng qiǎo qì mǐn.,The case displays fine jade and delicate vessels.
1,晶莹,jīng yíng,晶莹水滴在阳光下闪烁光芒。,jīng yíng shuǐ dī zài yáng guāng xià shǎn shuò guāng máng.,The clear droplets sparkle in sunlight.
0,光荣,guāng róng,他因帮助别人而感到光荣。,tā yīn bāng zhù bié ren ér gǎn dào guāng róng.,He feels proud of helping others.
0,帐棚,zhàng peng,彭先生在草地上搭起帐棚。,péng xiān sheng zài cǎo dì shàng dā qǐ zhàng peng.,Mr. Peng pitches a tent on the grass.
0,榜样,bǎng yàng,她把这位老师当作自己的榜样。,tā bǎ zhè wèi lǎo shī dàng zuò zì jǐ de bǎng yàng.,She takes this teacher as her role model.
1,彭,péng,彭先生在草地上搭起帐棚。,péng xiān sheng zài cǎo dì shàng dā qǐ zhàng peng.,Mr. Peng pitches a tent on the grass.
1,草坪,cǎo píng,最后一场雪覆盖了整片草坪。,zuì hòu yī cháng xuě fù gài le zhěng piàn cǎo píng.,The last snowfall covered the entire lawn.
0,盲目,máng mù,不要盲目跟随，要先思考清楚。,"bù yào máng mù gēn suí, yào xiān sī kǎo qīng chu.",Do not follow blindly; think it through first.
0,雷鸣,léi míng,小狗畏惧雷鸣，躲到了床下。,"xiǎo gǒu wèi jù léi míng, duǒ dào le chuáng xià.",The puppy is afraid of thunder and hid under the bed.
0,联盟,lián méng,联盟决定明天举行新的会议。,lián méng jué dìng míng tiān jǔ xíng xīn de huì yì.,The alliance decided to hold another meeting tomorrow.
0,明天,míng tiān,联盟决定明天举行新的会议。,lián méng jué dìng míng tiān jǔ xíng xīn de huì yì.,The alliance decided to hold another meeting tomorrow.
1,引擎,yǐn qíng,引擎启动后，船慢慢驶离码头。,"yǐn qíng qǐ dòng hòu, chuán màn màn shǐ lí mǎ tou.","After the engine starts, the boat slowly leaves the pier."
1,鲸鱼,jīng yú,他们在海面上看见了一头鲸鱼。,tā men zài hǎi miàn shàng kàn jiàn le yī tóu jīng yú.,They saw a whale on the sea's surface.
0,打击,dǎ jī,这次失败打击了他，但没有摧毁希望。,"zhè cì shī bài dǎ jī le tā, dàn méi yǒu cuī huǐ xī wàng.",This failure discouraged him without destroying his hope.
0,打人,dǎ rén,他因打人受罚，开始反省行为。,"tā yīn dǎ rén shòu fá, kāi shǐ fǎn xǐng xíng wéi.","Punished for hitting someone, he reflects on his behavior."
0,反省,fǎn xǐng,他因打人受罚，开始反省行为。,"tā yīn dǎ rén shòu fá, kāi shǐ fǎn xǐng xíng wéi.","Punished for hitting someone, he reflects on his behavior."
0,省城,shěng chéng,他到省城参加招聘面试。,tā dào shěng chéng cān jiā zhāo pìn miàn shì.,He goes to the provincial capital for a job interview.
0,矿物,kuàng wù,研究矿物时，教授顺便观察周围的风景。,"yán jiū kuàng wù shí, jiào shòu shùn biàn guān chá zhōu wéi de fēng jǐng.","While studying minerals, the professor also observed the surrounding scenery."
1,梗概,gěng gài,摘要概括文章，梗概介绍故事大意。,"zhāi yào gài kuò wén zhāng, gěng gài jiè shào gù shi dà yì.",An abstract summarizes an article; an outline gives a story's main events.
0,警察,jǐng chá,警察给嫌疑人戴上手铐。,jǐng chá gěi xián yí rén dài shang shǒu kào.,The police put handcuffs on the suspect.
0,风景,fēng jǐng,研究矿物时，教授顺便观察周围的风景。,"yán jiū kuàng wù shí, jiào shòu shùn biàn guān chá zhōu wéi de fēng jǐng.","While studying minerals, the professor also observed the surrounding scenery."
0,杏仁,xìng rén,餐桌上有软嫩蛋羹和一小碟杏仁。,cān zhuō shàng yǒu ruǎn nèn dàn gēng hé yī xiǎo dié xìng rén.,The table holds steamed egg custard and a small dish of almonds.
0,电影,diàn yǐng,你愿意和我们一起看电影吗？,nǐ yuàn yì hé wǒ men yī qǐ kàn diàn yǐng ma?,Would you like to watch a film with us?
0,永远,yǒng yuǎn,学生永远尊敬这位认真教书的老师。,xué sheng yǒng yuǎn zūn jìng zhè wèi rèn zhēn jiāo shū de lǎo shī.,The students will always respect this dedicated teacher.
2,彪炳,biāo bǐng,宏伟纪念碑记录彪炳史册的功绩。,hóng wěi jì niàn bēi jì lù biāo bǐng shǐ cè de gōng jì.,The grand monument records historically glorious achievements.
1,秉承,bǐng chéng,团队秉承互助精神，逐渐壮大。,"tuán duì bǐng chéng hù zhù jīng shen, zhú jiàn zhuàng dà.",The team grows while preserving its spirit of cooperation.
0,丙等,bǐng děng,他谦让名次，不因丙等而争吵。,"tā qiān ràng míng cì, bù yīn bǐng děng ér zhēng chǎo.",He accepts his lower ranking without arguing.
0,猛烈,měng liè,猛烈撞击使石块迸发火星。,měng liè zhuàng jī shǐ shí kuài bèng fā huǒ xīng.,The strong impact sends sparks flying from the stone.
2,蚱蜢,zhà měng,蚱蜢落在手上，使他感到发痒。,"zhà měng luò zài shǒu shàng, shǐ tā gǎn dào fā yǎng.",The grasshopper on his hand makes it itch.
1,器皿,qì mǐn,展柜陈列瑛瑶美玉和精巧器皿。,zhǎn guì chén liè yīng yáo měi yù hé jīng qiǎo qì mǐn.,The case displays fine jade and delicate vessels.
0,尊敬,zūn jìng,学生永远尊敬这位认真教书的老师。,xué sheng yǒng yuǎn zūn jìng zhè wèi rèn zhēn jiāo shū de lǎo shī.,The students will always respect this dedicated teacher.
0,眼镜,yǎn jìng,他找了半天，眼镜竟然在口袋里。,"tā zhǎo le bàn tiān, yǎn jìng jìng rán zài kǒu dài lǐ.","He searched for a long time, but his glasses turned out to be in his pocket."
0,竟然,jìng rán,他找了半天，眼镜竟然在口袋里。,"tā zhǎo le bàn tiān, yǎn jìng jìng rán zài kǒu dài lǐ.","He searched for a long time, but his glasses turned out to be in his pocket."
0,庆祝,qìng zhù,团队取得胜利后，聚集在广场庆祝。,"tuán duì qǔ dé shèng lì hòu, jù jí zài guǎng chǎng qìng zhù.","After the team's victory, they gathered in the square to celebrate."
0,歌咏,gē yǒng,粗犷歌声歌咏草原上的生活。,cū guǎng gē shēng gē yǒng cǎo yuán shàng de shēng huó.,The rugged voice sings of life on the grassland.
0,游泳,yóu yǒng,游泳可以锻炼肌肉，保持健康。,"yóu yǒng kě yǐ duàn liàn jī ròu, bǎo chí jiàn kāng.",Swimming can strengthen muscles and keep you healthy.
0,手柄,shǒu bǐng,这件工具的手柄坚硬耐用。,zhè jiàn gōng jù de shǒu bǐng jiān yìng nài yòng.,The tool's handle is hard and durable.
0,孟子,mèng zǐ,老师讲解孟子对春秋五伯的看法。,lǎo shī jiǎng jiě mèng zǐ duì chūn qiū wǔ bà de kàn fǎ.,The teacher explains Mencius's view of the Five Hegemons.
0,生命,shēng mìng,竞争重要，但不能危及别人的生命。,"jìng zhēng zhòng yào, dàn bù néng wēi jí bié ren de shēng mìng.","Competition matters, but it must not endanger anyone's life."
0,竞争,jìng zhēng,竞争重要，但不能危及别人的生命。,"jìng zhēng zhòng yào, dàn bù néng wēi jí bié ren de shēng mìng.","Competition matters, but it must not endanger anyone's life."
0,住宅,zhù zhái,未经允许，不要进入私人住宅。,"wèi jīng yǔn xǔ, bù yào jìn rù sī rén zhù zhái.",Do not enter a private home without permission.
0,光泽,guāng zé,骨骼标本表面带着淡淡光泽。,gǔ gé biāo běn biǎo miàn dài zhe dàn dàn guāng zé.,The skeletal specimen has a faint sheen.
2,啧啧,zé zé,他啧啧称奇，朋友却以戏谑回应。,"tā zé zé chēng qí, péng you què yǐ xì xuè huí yìng.","He clicks his tongue in amazement, but his friend responds jokingly."
0,狭窄,xiá zhǎi,他从狭窄空隙中挤过围栏。,tā cóng xiá zhǎi kòng xì zhōng jǐ guò wéi lán.,He squeezes through a narrow gap in the fence.
2,骨骼,gǔ gé,骨骼标本表面带着淡淡光泽。,gǔ gé biāo běn biǎo miàn dài zhe dàn dàn guāng zé.,The skeletal specimen has a faint sheen.
2,喀什,kā shí,喀什集市上出现了新颖手工艺品。,kā shí jí shì shàng chū xiàn le xīn yǐng shǒu gōng yì pǐn.,New styles of handicrafts appear in Kashgar's market.
0,客人,kè rén,侄子彬彬有礼地向客人打招呼。,zhí zi bīn bīn yǒu lǐ de xiàng kè rén dǎ zhāo hu.,My nephew greeted the guests politely.
0,空隙,kòng xì,他从狭窄空隙中挤过围栏。,tā cóng xiá zhǎi kòng xì zhōng jǐ guò wéi lán.,He squeezes through a narrow gap in the fence.
0,额头,é tóu,妈妈亲吻孩子的额头，让他安心。,"mā ma qīn wěn hái zi de é tóu, ràng tā ān xīn.",Mom kissed the child's forehead to reassure him.
0,逆转,nì zhuǎn,运势逆转后，他的事业渐渐亨通。,"yùn shì nì zhuǎn hòu, tā de shì yè jiàn jiàn hēng tōng.","After his fortunes turn, his career begins to prosper."
1,显赫,xiǎn hè,他虽爵位显赫，仍待人谦和。,"tā suī jué wèi xiǎn hè, réng dài rén qiān hé.","Despite his high noble rank, he treats people modestly."
0,松柏,sōng bǎi,她在松柏林间徜徉，呼吸清新空气。,"tā zài sōng bǎi lín jiān cháng yáng, hū xī qīng xīn kōng qì.","She strolls among the pines and cypresses, breathing fresh air."
0,老伯,lǎo bó,街坊都愿意帮这位老伯搬东西。,jiē fāng dōu yuàn yì bāng zhè wèi lǎo bó bān dōng xī.,The neighbors are happy to help the old man move things.
0,春秋五伯,chūn qiū wǔ bà,老师讲解孟子对春秋五伯的看法。,lǎo shī jiǎng jiě mèng zǐ duì chūn qiū wǔ bà de kàn fǎ.,The teacher explains Mencius's view of the Five Hegemons.
0,一百,yī bǎi,这一百元是陌生人还给我的。,zhè yī bǎi yuán shì mò shēng rén huán gěi wǒ de.,A stranger returned these one hundred yuan to me.
0,压迫,yā pò,百姓反抗外敌的掠夺与压迫。,bǎi xìng fǎn kàng wài dí de lüè duó yǔ yā pò.,The people resist the invaders' plunder and oppression.
2,布帛,bù bó,裁缝用柔软布帛制作衣裳。,cái feng yòng róu ruǎn bù bó zhì zuò yī shang.,The tailor makes clothes from soft fabric.
0,白色,bái sè,这包白色粉末是做蛋糕用的面粉。,zhè bāo bái sè fěn mò shì zuò dàn gāo yòng de miàn fěn.,This white powder is flour for making a cake.
2,蓦然,mò rán,他蓦然回头，顷刻认出了旧友。,"tā mò rán huí tóu, qǐng kè rèn chū le jiù yǒu.",He suddenly turns and instantly recognizes his old friend.
1,陌生,mò shēng,这一百元是陌生人还给我的。,zhè yī bǎi yuán shì mò shēng rén huán gěi wǒ de.,A stranger returned these one hundred yuan to me.
2,佰,bǎi,收据写着壹佰元，用来购买月饼。,"shōu jù xiě zhe yī bǎi yuán, yòng lái gòu mǎi yuè bǐng.",The receipt records one hundred yuan for mooncakes.
0,拍照,pāi zhào,拍照结束后，她们一起去看戏剧。,"pāi zhào jié shù hòu, tā men yī qǐ qù kàn xì jù.","After taking photos, the women went to see a play together."
0,戏剧,xì jù,拍照结束后，她们一起去看戏剧。,"pāi zhào jié shù hòu, tā men yī qǐ qù kàn xì jù.","After taking photos, the women went to see a play together."
0,园丁,yuán dīng,园丁在果树旁捡到了风筝。,yuán dīng zài guǒ shù páng jiǎn dào liǎo fēng zheng.,The gardener found a kite beside a fruit tree.
1,瞪眼,dèng yǎn,他狂妄地瞪眼，不肯承认错误。,"tā kuáng wàng de dèng yǎn, bù kěn chéng rèn cuò wù.",He glares arrogantly and refuses to admit his mistake.
1,橙子,chéng zi,桌上的橙子刚刚摘下来。,zhuō shàng de chéng zi gāng gang zhāi xià lái.,The oranges on the table have just been picked.
0,风筝,fēng zheng,园丁在果树旁捡到了风筝。,yuán dīng zài guǒ shù páng jiǎn dào liǎo fēng zheng.,The gardener found a kite beside a fruit tree.
0,耕种,gēng zhòng,农人耕种田地，栽下翠绿秧苗。,"nóng rén gēng zhòng tián dì, zāi xià cuì lǜ yāng miáo.",The farmer tills the field and plants green seedlings.
0,轰动,hōng dòng,这段庚子年的历史曾引起轰动。,zhè duàn gēng zǐ nián de lì shǐ céng yǐn qǐ hōng dòng.,This episode from a Gengzi year once caused a sensation.
2,闳大,hóng dà,画中琼楼气象闳大，装饰华美。,"huà zhōng qióng lóu qì xiàng hóng dà, zhuāng shì huá měi.",The painted palace is grand and richly decorated.
0,宏伟,hóng wěi,宏伟纪念碑记录彪炳史册的功绩。,hóng wěi jì niàn bēi jì lù biāo bǐng shǐ cè de gōng jì.,The grand monument records historically glorious achievements.
0,根茎,gēn jīng,根茎上的小芽开始萌芽生长。,gēn jīng shàng de xiǎo yá kāi shǐ méng yá shēng zhǎng.,Small buds on the rootstock begin to grow.
1,黄莺,huáng yīng,湖面荡漾，岸边传来黄莺鸣叫。,"hú miàn dàng yàng, àn biān chuán lái huáng yīng míng jiào.",The lake ripples as an oriole sings onshore.
2,罂粟,yīng sù,植物展览介绍罂粟的生长周期。,zhí wù zhǎn lǎn jiè shào yīng sù de shēng zhǎng zhōu qī.,The botanical exhibition explains the poppy's life cycle.
0,樱花,yīng huā,大阪的朋友邀请我们去看樱花。,dà bǎn de péng you yāo qǐng wǒ men qù kàn yīng huā.,Our friends in Osaka invited us to see the cherry blossoms.
0,拼音,pīn yīn,耿直的老师认真纠正学生拼音。,gěng zhí de lǎo shī rèn zhēn jiū zhèng xué sheng pīn yīn.,The forthright teacher carefully corrects students' pinyin.
1,绷带,bēng dài,手上绑着绷带，他仍然砰砰地敲门。,"shǒu shàng bǎng zhe bēng dài, tā réng rán pēng pēng de qiāo mén.","Even with his hand bandaged, he knocked loudly on the door."
1,绷脸,běng liǎn,他遭遇厄运后总是绷脸不笑。,tā zāo yù è yùn hòu zǒng shì běng liǎn bù xiào.,"After his misfortune, he keeps a stern face."
0,萌芽,méng yá,根茎上的小芽开始萌芽生长。,gēn jīng shàng de xiǎo yá kāi shǐ méng yá shēng zhǎng.,Small buds on the rootstock begin to grow.
1,砰砰,pēng pēng,手上绑着绷带，他仍然砰砰地敲门。,"shǒu shàng bǎng zhe bēng dài, tā réng rán pēng pēng de qiāo mén.","Even with his hand bandaged, he knocked loudly on the door."
1,耿直,gěng zhí,耿直的老师认真纠正学生拼音。,gěng zhí de lǎo shī rèn zhēn jiū zhèng xué sheng pīn yīn.,The forthright teacher carefully corrects students' pinyin.
2,诤谏,zhèng jiàn,君王称他爱卿，也听取他的诤谏。,"jūn wáng chēng tā ài qīng, yě tīng qǔ tā de zhèng jiàn.",The ruler affectionately addresses him and hears his frank advice.
0,坚硬,jiān yìng,这件工具的手柄坚硬耐用。,zhè jiàn gōng jù de shǒu bǐng jiān yìng nài yòng.,The tool's handle is hard and durable.
2,迸发,bèng fā,猛烈撞击使石块迸发火星。,měng liè zhuàng jī shǐ shí kuài bèng fā huǒ xīng.,The strong impact sends sparks flying from the stone.
0,摘要,zhāi yào,摘要概括文章，梗概介绍故事大意。,"zhāi yào gài kuò wén zhāng, gěng gài jiè shào gù shi dà yì.",An abstract summarizes an article; an outline gives a story's main events.
0,责任,zé rèn,他想甩掉麻烦，却不愿承担责任。,"tā xiǎng shuǎi diào má fan, què bù yuàn chéng dān zé rèn.",He wants to get rid of the trouble without taking responsibility.
0,手册,shǒu cè,这本手册简单介绍了国家宪法。,zhè běn shǒu cè jiǎn dān jiè shào le guó jiā xiàn fǎ.,This handbook briefly introduces the country's constitution.
0,政策,zhèng cè,评论文章抨击了这项不公平的政策。,píng lùn wén zhāng pēng jī le zhè xiàng bù gōng píng de zhèng cè.,The opinion piece sharply criticized this unfair policy.
0,隔壁,gé bì,霍先生住在学校隔壁。,huò xiān sheng zhù zài xué xiào gé bì.,Mr. Huo lives next to the school.
0,革命,gé mìng,这场革命改变了国家的政治制度。,zhè chǎng gé mìng gǎi biàn le guó jiā de zhèng zhì zhì dù.,This revolution changed the country's political system.
0,获得,huò dé,离开监狱后，他重新获得了自由。,"lí kāi jiān yù hòu, tā chóng xīn huò dé le zì yóu.","After leaving prison, he regained his freedom."
0,核心,hé xīn,合并后的团队保留原有核心成员。,hé bìng hòu de tuán duì bǎo liú yuán yǒu hé xīn chéng yuán.,The merged team keeps its original core members.
2,厄运,è yùn,他遭遇厄运后总是绷脸不笑。,tā zāo yù è yùn hòu zǒng shì běng liǎn bù xiào.,"After his misfortune, he keeps a stern face."
0,小麦,xiǎo mài,山脉脚下的农田里种着小麦。,shān mài jiǎo xià de nóng tián lǐ zhòng zhe xiǎo mài.,Wheat grows in the fields at the foot of the mountain range.
0,山脉,shān mài,山脉脚下的农田里种着小麦。,shān mài jiǎo xià de nóng tián lǐ zhòng zhe xiǎo mài.,Wheat grows in the fields at the foot of the mountain range.
0,精神,jīng shen,休息以后，他很有精神。,"xiū xi yǐ hòu, tā hěn yǒu jīng shen.","After resting, he feels full of energy."
2,菁华,jīng huá,整理古籍要摒弃糟粕，保存菁华。,"zhěng lǐ gǔ jí yào bìng qì zāo pò, bǎo cún jīng huá.",Editing old texts means discarding flaws and preserving their best parts.
0,蜻蜓,qīng tíng,蜻蜓停在水井旁的木栏上。,qīng tíng tíng zài shuǐ jǐng páng de mù lán shàng.,A dragonfly rests on the wooden rail beside the well.
0,水晶,shuǐ jīng,银饰上镶嵌着一块透明水晶。,yín shì shàng xiāng qiàn zhe yī kuài tòu míng shuǐ jīng.,A clear crystal is set into the silver jewelry.
0,感情,gǎn qíng,他们之间有深厚的感情。,tā men zhī jiān yǒu shēn hòu de gǎn qíng.,They have deep feelings for each other.
0,晴天,qíng tiān,晴天的正午，我们坐在树荫里吃饭。,"qíng tiān de zhèng wǔ, wǒ men zuò zài shù yīn lǐ chī fàn.","At noon on a sunny day, we ate in the shade of a tree."
0,正月,zhēng yuè,正月里，一只喜鹊飞到屋檐上。,"zhēng yuè lǐ, yī zhī xǐ què fēi dào wū yán shàng.",A magpie lands on the eaves in the first lunar month.
0,正午,zhèng wǔ,晴天的正午，我们坐在树荫里吃饭。,"qíng tiān de zhèng wǔ, wǒ men zuò zài shù yīn lǐ chī fàn.","At noon on a sunny day, we ate in the shade of a tree."
1,怔住,zhèng zhù,他怔住了，眼眶渐渐湿润。,"tā zhèng zhù le, yǎn kuàng jiàn jiàn shī rùn.","He freezes in surprise, his eyes filling with tears."
0,征服,zhēng fú,旺盛的好奇心驱使他征服高山。,wàng shèng de hào qí xīn qū shǐ tā zhēng fú gāo shān.,Strong curiosity drives him to conquer the mountain.
0,真诚,zhēn chéng,主人真诚地邀请我留下来吃饭。,zhǔ rén zhēn chéng de yāo qǐng wǒ liú xià lái chī fàn.,The host sincerely invited me to stay for a meal.
0,成功,chéng gōng,警察成功救出了被绑架的人质。,jǐng chá chéng gōng jiù chū le bèi bǎng jià de rén zhì.,The police successfully rescued the kidnapped hostage.
0,旺盛,wàng shèng,旺盛的好奇心驱使他征服高山。,wàng shèng de hào qí xīn qū shǐ tā zhēng fú gāo shān.,Strong curiosity drives him to conquer the mountain.
0,盛汤,shèng tāng,盛汤时，他把碗稍稍倾斜了一点。,"shèng tāng shí, tā bǎ wǎn shāo shāo qīng xié le yī diǎn.","While serving the soup, he tilted the bowl slightly."
0,声音,shēng yīn,降低声音后，大家能听清题目。,"jiàng dī shēng yīn hòu, dà jiā néng tīng qīng tí mù.","Once the volume was lowered, everyone could hear the question clearly."
0,顷刻,qǐng kè,他蓦然回头，顷刻认出了旧友。,"tā mò rán huí tóu, qǐng kè rèn chū le jiù yǒu.",He suddenly turns and instantly recognizes his old friend.
0,倾斜,qīng xié,盛汤时，他把碗稍稍倾斜了一点。,"shèng tāng shí, tā bǎ wǎn shāo shāo qīng xié le yī diǎn.","While serving the soup, he tilted the bowl slightly."
2,萦绕,yíng rào,她努力屏除萦绕心头的杂念。,tā nǔ lì bǐng chú yíng rào xīn tóu de zá niàn.,She tries to dismiss the distracting thoughts on her mind.
1,婴儿,yīng ér,婴儿诞生后，家里充满欢笑。,"yīng ér dàn shēng hòu, jiā lǐ chōng mǎn huān xiào.","After the baby's birth, the house was full of laughter."
0,经营,jīng yíng,经营一年以后，这家店终于开始盈利。,"jīng yíng yī nián yǐ hòu, zhè jiā diàn zhōng yú kāi shǐ yíng lì.","After a year in business, this shop finally became profitable."
0,盈利,yíng lì,经营一年以后，这家店终于开始盈利。,"jīng yíng yī nián yǐ hòu, zhè jiā diàn zhōng yú kāi shǐ yíng lì.","After a year in business, this shop finally became profitable."
0,赢得,yíng dé,他赢得比赛，向大家露出微笑。,"tā yíng dé bǐ sài, xiàng dà jiā lù chū wēi xiào.",He won the competition and smiled at everyone.
1,屏除,bǐng chú,她努力屏除萦绕心头的杂念。,tā nǔ lì bǐng chú yíng rào xīn tóu de zá niàn.,She tries to dismiss the distracting thoughts on her mind.
0,合并,hé bìng,合并后的团队保留原有核心成员。,hé bìng hòu de tuán duì bǎo liú yuán yǒu hé xīn chéng yuán.,The merged team keeps its original core members.
0,名字,míng zi,忘记朋友的名字，让他感到尴尬。,"wàng jì péng you de míng zi, ràng tā gǎn dào gān gà.",Forgetting his friend's name made him feel embarrassed.
1,琼楼,qióng lóu,画中琼楼气象闳大，装饰华美。,"huà zhōng qióng lóu qì xiàng hóng dà, zhuāng shì huá měi.",The painted palace is grand and richly decorated.
0,颈部,jǐng bù,他颈部酸痛，不能使劲转头。,"tā jǐng bù suān tòng, bù néng shǐ jìn zhuǎn tóu.","His neck hurts, so he cannot turn his head forcefully."
0,山岭,shān lǐng,峥嵘山岭遮住远处的天空。,zhēng róng shān lǐng zhē zhù yuǎn chù de tiān kōng.,The towering ridges block the distant sky.
0,水井,shuǐ jǐng,蜻蜓停在水井旁的木栏上。,qīng tíng tíng zài shuǐ jǐng páng de mù lán shàng.,A dragonfly rests on the wooden rail beside the well.
0,睁开,zhēng kāi,她睁开眼睛，看见妈妈在床边。,"tā zhēng kāi yǎn jing, kàn jiàn mā ma zài chuáng biān.",She opened her eyes and saw Mom beside the bed.
1,陷阱,xiàn jǐng,小鸟掉进陷阱，园丁赶紧把它救出。,"xiǎo niǎo diào jìn xiàn jǐng, yuán dīng gǎn jǐn bǎ tā jiù chū.","The little bird fell into a trap, and the gardener quickly rescued it."
1,绥靖,suí jìng,历史课分析绥靖政策的后果。,lì shǐ kè fēn xī suí jìng zhèng cè de hòu guǒ.,The history lesson examines the effects of appeasement.
0,安静,ān jìng,蜿蜒的小路通向安静的村庄。,wān yán de xiǎo lù tōng xiàng ān jìng de cūn zhuāng.,The winding path leads to a quiet village.
0,整体,zhěng tǐ,整体效果不错，可惜颜色稍微太暗。,"zhěng tǐ xiào guǒ bù cuò, kě xī yán sè shāo wēi tài àn.","The overall result is good, but unfortunately the colors are a little too dark."
2,颍水,yǐng shuǐ,颍水流经田野，汇入淮河。,"yǐng shuǐ liú jīng tián yě, huì rù huái hé.",The Ying River crosses the fields and joins the Huai River.
1,新颖,xīn yǐng,喀什集市上出现了新颖手工艺品。,kā shí jí shì shàng chū xiàn le xīn yǐng shǒu gōng yì pǐn.,New styles of handicrafts appear in Kashgar's market.
0,月饼,yuè bǐng,收据写着壹佰元，用来购买月饼。,"shōu jù xiě zhe yī bǎi yuán, yòng lái gòu mǎi yuè bǐng.",The receipt records one hundred yuan for mooncakes.
0,干净,gān jìng,他用干净的毛巾擦拭手腕。,tā yòng gān jìng de máo jīn cā shì shǒu wàn.,He wiped his wrist with a clean towel.
0,性格,xìng gé,绝对不能靠假设判断一个人的性格。,jué duì bù néng kào jiǎ shè pàn duàn yī gè rén de xìng gé.,You must never judge someone's character on assumptions alone.
0,姓名,xìng míng,工作人员正在登记来访者的姓名。,gōng zuò rén yuán zhèng zài dēng jì lái fǎng zhě de xìng míng.,The staff are recording the visitors' names.
0,政治,zhèng zhì,这场革命改变了国家的政治制度。,zhè chǎng gé mìng gǎi biàn le guó jiā de zhèng zhì zhì dù.,This revolution changed the country's political system.
0,神圣,shén shèng,人们尊重这座对其信仰神圣的殿堂。,rén men zūn zhòng zhè zuò duì qí xìn yǎng shén shèng de diàn táng.,They honor this temple as sacred to their faith.
0,使劲,shǐ jìn,他颈部酸痛，不能使劲转头。,"tā jǐng bù suān tòng, bù néng shǐ jìn zhuǎn tóu.","His neck hurts, so he cannot turn his head forcefully."
2,摒弃,bìng qì,整理古籍要摒弃糟粕，保存菁华。,"zhěng lǐ gǔ jí yào bìng qì zāo pò, bǎo cún jīng huá.",Editing old texts means discarding flaws and preserving their best parts.
1,招聘,zhāo pìn,他到省城参加招聘面试。,tā dào shěng chéng cān jiā zhāo pìn miàn shì.,He goes to the provincial capital for a job interview.
0,事迹,shì jì,文章记录了他昔日助人的事迹。,wén zhāng jì lù le tā xī rì zhù rén de shì jì.,The article records his past acts of kindness.
0,脊柱,jǐ zhù,脊柱受伤后，他不再逞强搬重物。,"jǐ zhù shòu shāng hòu, tā bù zài chěng qiáng bān zhòng wù.","After injuring his spine, he stops trying to lift heavy loads."
2,瘠薄,jí bó,他们在瘠薄土地上开辟果园。,tā men zài jí bó tǔ dì shàng kāi pì guǒ yuán.,They establish an orchard on poor soil.
0,国籍,guó jí,这份档案记录他的国籍和服役经历。,zhè fèn dàng àn jì lù tā de guó jí hé fú yì jīng lì.,The file records his nationality and military service.
0,可惜,kě xī,整体效果不错，可惜颜色稍微太暗。,"zhěng tǐ xiào guǒ bù cuò, kě xī yán sè shāo wēi tài àn.","The overall result is good, but unfortunately the colors are a little too dark."
1,昔日,xī rì,文章记录了他昔日助人的事迹。,wén zhāng jì lù le tā xī rì zhù rén de shì jì.,The article records his past acts of kindness.
2,潮汐,cháo xī,潮汐变化时，汀洲时隐时现。,"cháo xī biàn huà shí, tīng zhōu shí yǐn shí xiàn.",The small island appears and disappears with the tides.
0,夕阳,xī yáng,夕阳照着窗户，我们准备出席晚会。,"xī yáng zhào zhe chuāng hu, wǒ men zhǔn bèi chū xí wǎn huì.",The evening sun shone on the window as we prepared to attend the party.
0,竹席,zhú xí,他们在亭子里铺开竹席休息。,tā men zài tíng zi lǐ pù kāi zhú xí xiū xi.,They spread a bamboo mat in the pavilion to rest.
0,出席,chū xí,夕阳照着窗户，我们准备出席晚会。,"xī yáng zhào zhe chuāng hu, wǒ men zhǔn bèi chū xí wǎn huì.",The evening sun shone on the window as we prepared to attend the party.
0,一只,yī zhī,角落的鸟笼里有一只鹦鹉。,jiǎo luò de niǎo lóng lǐ yǒu yī zhī yīng wǔ.,There is a parrot in the birdcage in the corner.
0,赤色,chì sè,战士挺立，手里举着赤色旗帜。,"zhàn shì tǐng lì, shǒu lǐ jǔ zhe chì sè qí zhì.",The soldier stands tall holding a red flag.
1,硕士,shuò shì,硕士毕业后，他开始从事翻译工作。,"shuò shì bì yè hòu, tā kāi shǐ cóng shì fān yì gōng zuò.","After completing his master's degree, he began working as a translator."
0,石头,shí tou,乌龟慢慢爬过石头，躲进水池。,"wū guī màn màn pá guò shí tou, duǒ jìn shuǐ chí.",The turtle crawled slowly over the stone and hid in the pond.
0,解释,jiě shì,医生解释了疟疾的症状。,yī shēng jiě shì le nüè jí de zhèng zhuàng.,The doctor explained the symptoms of malaria.
0,适合,shì hé,这件衣服确实很适合他。,zhè jiàn yī fu què shí hěn shì hé tā.,These clothes really suit him well.
0,亦能,yì néng,她拎著水桶，亦能稳稳走过小桥。,"tā līn zhe shuǐ tǒng, yì néng wěn wěn zǒu guò xiǎo qiáo.",She can cross the little bridge steadily while carrying a bucket.
0,疫情,yì qíng,大家采取措施，不听任疫情扩散。,"dà jiā cǎi qǔ cuò shī, bù tīng rèn yì qíng kuò sàn.",They take action instead of letting the epidemic spread.
0,液体,yè tǐ,液体洒在桌上，他用毛巾擦干。,"yè tǐ sǎ zài zhuō shàng, tā yòng máo jīn cā gān.","Liquid spilled onto the table, and he dried it with a towel."
1,神采奕奕,shén cǎi yì yì,心灵平静的她看起来神采奕奕。,xīn líng píng jìng de tā kàn qǐ lai shén cǎi yì yì.,"With peace of mind, she looks bright and energetic."
2,驿站,yì zhàn,偏僻山路旁留着一座古驿站。,piān pì shān lù páng liú zhe yī zuò gǔ yì zhàn.,An old relay station stands beside the remote mountain road.
1,腋下,yè xià,跑步后，他的腋下出了很多汗。,"pǎo bù hòu, tā de yè xià chū le hěn duō hàn.",His armpits were very sweaty after running.
1,演绎,yǎn yì,演员在台上演绎完璧归赵的故事。,yǎn yuán zài tái shàng yǎn yì wán bì guī zhào de gù shi.,The actors perform the story of returning the jade intact to Zhao.
2,伺视,sì shì,他暗中伺视，发现血腥争斗的踪迹。,"tā àn zhōng sì shì, fā xiàn xuè xīng zhēng dòu de zōng jì.",He watches secretly and finds signs of a bloody fight.
2,睾丸,gāo wán,医学图册介绍睾丸的基本结构。,yī xué tú cè jiè shào gāo wán de jī běn jié gòu.,The medical atlas shows the basic structure of the testicle.
0,翻译,fān yì,硕士毕业后，他开始从事翻译工作。,"shuò shì bì yè hòu, tā kāi shǐ cóng shì fān yì gōng zuò.","After completing his master's degree, he began working as a translator."
2,蜥蜴,xī yì,蜥蜴躲进石缝，羚羊从旁跑过。,"xī yì duǒ jìn shí fèng, líng yáng cóng páng pǎo guò.",The lizard hides in a crack as an antelope runs past.
0,服役,fú yì,这份档案记录他的国籍和服役经历。,zhè fèn dàng àn jì lù tā de guó jí hé fú yì jīng lì.,The file records his nationality and military service.
1,完璧归赵,wán bì guī zhào,演员在台上演绎完璧归赵的故事。,yǎn yuán zài tái shàng yǎn yì wán bì guī zhào de gù shi.,The actors perform the story of returning the jade intact to Zhao.
0,开辟,kāi pì,他们在瘠薄土地上开辟果园。,tā men zài jí bó tǔ dì shàng kāi pì guǒ yuán.,They establish an orchard on poor soil.
0,偏僻,piān pì,偏僻山路旁留着一座古驿站。,piān pì shān lù páng liú zhe yī zuò gǔ yì zhàn.,An old relay station stands beside the remote mountain road.
2,桢干,zhēn gàn,古文可用桢干比喻支撑大局的人。,gǔ wén kě yòng zhēn gàn bǐ yù zhī chēng dà jú de rén.,Classical writing can use this word for a mainstay.
0,贞洁,zhēn jié,诗人赞美人物坚守贞洁的品德。,shī rén zàn měi rén wù jiān shǒu zhēn jié de pǐn dé.,The poet praises the character's commitment to purity.
2,祯祥,zhēn xiáng,他郑重送上象征祯祥的礼物。,tā zhèng zhòng sòng shàng xiàng zhēng zhēn xiáng de lǐ wù.,He solemnly presents a gift symbolizing good fortune.
0,侦探,zhēn tàn,侦探分析证据，呈现了完整的经过。,"zhēn tàn fēn xī zhèng jù, chéng xiàn le wán zhěng de jīng guò.",The detective analyzed the evidence and presented the full sequence of events.
0,呈现,chéng xiàn,侦探分析证据，呈现了完整的经过。,"zhēn tàn fēn xī zhèng jù, chéng xiàn le wán zhěng de jīng guò.",The detective analyzed the evidence and presented the full sequence of events.
1,逞强,chěng qiáng,脊柱受伤后，他不再逞强搬重物。,"jǐ zhù shòu shāng hòu, tā bù zài chěng qiáng bān zhòng wù.","After injuring his spine, he stops trying to lift heavy loads."
2,驰骋,chí chěng,骑手在草原驰骋，练习投掷标枪。,"qí shǒu zài cǎo yuán chí chěng, liàn xí tóu zhì biāo qiāng.",The rider gallops on the grassland and practices throwing a javelin.
0,郑重,zhèng zhòng,他郑重送上象征祯祥的礼物。,tā zhèng zhòng sòng shàng xiàng zhēng zhēn xiáng de lǐ wù.,He solemnly presents a gift symbolizing good fortune.
1,投掷,tóu zhì,骑手在草原驰骋，练习投掷标枪。,"qí shǒu zài cǎo yuán chí chěng, liàn xí tóu zhì biāo qiāng.",The rider gallops on the grassland and practices throwing a javelin.
0,碧绿,bì lǜ,碧绿浮萍覆盖着池塘一角。,bì lǜ fú píng fù gài zhe chí táng yī jiǎo.,Bright green duckweed covers a corner of the pond.
2,伶仃,líng dīng,伶仃老人看着院中飞舞的萤火虫。,líng dīng lǎo rén kàn zhe yuàn zhōng fēi wǔ de yíng huǒ chóng.,The lonely old man watches fireflies in the yard.
0,钉子,dīng zi,钉子太尖，请不要放在地上。,"dīng zi tài jiān, qǐng bù yào fàng zài dì shàng.",The nail is very sharp; please do not leave it on the floor.
2,汀洲,tīng zhōu,潮汐变化时，汀洲时隐时现。,"cháo xī biàn huà shí, tīng zhōu shí yǐn shí xiàn.",The small island appears and disappears with the tides.
0,听力,tīng lì,他订阅了一个练习英语听力的课程。,tā dìng yuè le yī ge liàn xí yīng yǔ tīng lì de kè chéng.,He subscribed to a course for practicing English listening skills.
0,听任,tīng rèn,大家采取措施，不听任疫情扩散。,"dà jiā cǎi qǔ cuò shī, bù tīng rèn yì qíng kuò sàn.",They take action instead of letting the epidemic spread.
0,订阅,dìng yuè,他订阅了一个练习英语听力的课程。,tā dìng yuè le yī ge liàn xí yīng yǔ tīng lì de kè chéng.,He subscribed to a course for practicing English listening skills.
0,客厅,kè tīng,青年坐在客厅，享受片刻的安宁。,"qīng nián zuò zài kè tīng, xiǎng shòu piàn kè de ān níng.","The young man sits in the living room, enjoying a moment of peace."
2,町畦,tīng qí,町畦可指田界，畹町则是地名。,"tīng qí kě zhǐ tián jiè, wǎn tīng zé shì dì míng.",The first term can mean field boundaries; the second is a place name.
2,畹町,wǎn tīng,町畦可指田界，畹町则是地名。,"tīng qí kě zhǐ tián jiè, wǎn tīng zé shì dì míng.",The first term can mean field boundaries; the second is a place name.
0,亭子,tíng zi,他们在亭子里铺开竹席休息。,tā men zài tíng zi lǐ pù kāi zhú xí xiū xi.,They spread a bamboo mat in the pavilion to rest.
0,挺立,tǐng lì,战士挺立，手里举着赤色旗帜。,"zhàn shì tǐng lì, shǒu lǐ jǔ zhe chì sè qí zhì.",The soldier stands tall holding a red flag.
2,雷霆,léi tíng,雷霆响起，他想起母亲的叮咛。,"léi tíng xiǎng qǐ, tā xiǎng qǐ mǔ qīn de dīng níng.",Thunder reminds him of his mother's careful advice.
0,家庭,jiā tíng,她把家庭照片放在桌上。,tā bǎ jiā tíng zhào piàn fàng zài zhuō shàng.,She put a family photograph on the table.
2,叮咛,dīng níng,雷霆响起，他想起母亲的叮咛。,"léi tíng xiǎng qǐ, tā xiǎng qǐ mǔ qīn de dīng níng.",Thunder reminds him of his mother's careful advice.
0,安宁,ān níng,青年坐在客厅，享受片刻的安宁。,"qīng nián zuò zài kè tīng, xiǎng shòu piàn kè de ān níng.","The young man sits in the living room, enjoying a moment of peace."
2,聆听,líng tīng,她安静聆听檐下铃铛的声音。,tā ān jìng líng tīng yán xià líng dang de shēng yīn.,She quietly listens to the bell under the eaves.
2,羚羊,líng yáng,蜥蜴躲进石缝，羚羊从旁跑过。,"xī yì duǒ jìn shí fèng, líng yáng cóng páng pǎo guò.",The lizard hides in a crack as an antelope runs past.
1,蜻蛉,qīng líng,伶俐的孩子认出了水边蜻蛉。,líng lì de hái zi rèn chū le shuǐ biān qīng líng.,The clever child recognizes the dragonfly by the water.
0,铃铛,líng dang,她安静聆听檐下铃铛的声音。,tā ān jìng líng tīng yán xià líng dang de shēng yīn.,She quietly listens to the bell under the eaves.
0,伶俐,líng lì,伶俐的孩子认出了水边蜻蛉。,líng lì de hái zi rèn chū le shuǐ biān qīng líng.,The clever child recognizes the dragonfly by the water.
2,拎着,līn zhe,她拎着水桶，亦能稳稳走过小桥。,"tā līn zhe shuǐ tǒng, yì néng wěn wěn zǒu guò xiǎo qiáo.",She can cross the little bridge steadily while carrying a bucket.
0,心灵,xīn líng,心灵平静的她看起来神采奕奕。,xīn líng píng jìng de tā kàn qǐ lai shén cǎi yì yì.,"With peace of mind, she looks bright and energetic."
0,青年,qīng nián,青年坐在客厅，享受片刻的安宁。,"qīng nián zuò zài kè tīng, xiǎng shòu piàn kè de ān níng.","The young man sits in the living room, enjoying a moment of peace."
0,醒来,xǐng lái,她从噩梦中突然醒来。,tā cóng è mèng zhōng tū rán xǐng lái.,She suddenly woke from a nightmare.
0,血腥,xuè xīng,他暗中伺视，发现血腥争斗的踪迹。,"tā àn zhōng sì shì, fā xiàn xuè xīng zhēng dòu de zōng jì.",He watches secretly and finds signs of a bloody fight.
0,星星,xīng xing,晴朗的夜空布满星星。,qíng lǎng de yè kōng bù mǎn xīng xing.,Stars fill the clear night sky.
2,泾渭分明,jīng wèi fēn míng,法律中奖励与刑罚泾渭分明。,fǎ lǜ zhòng jiǎng lì yǔ xíng fá jīng wèi fēn míng.,The law clearly distinguishes rewards from punishments.
0,经过,jīng guò,经过洞穴时，他瞥见一只蝙蝠。,"jīng guò dòng xué shí, tā piē jiàn yī zhī biān fú.","As he passed the cave, he caught sight of a bat."
2,馨香,xīn xiāng,雨后花园散发着淡淡馨香。,yǔ hòu huā yuán sàn fā zhe dàn dàn xīn xiāng.,The garden gives off a gentle fragrance after rain.
0,刑罚,xíng fá,法律中奖励与刑罚泾渭分明。,fǎ lǜ zhòng jiǎng lì yǔ xíng fá jīng wèi fēn míng.,The law clearly distinguishes rewards from punishments.
0,类型,lèi xíng,这种类型的瓶子可以反复使用。,zhè zhǒng lèi xíng de píng zi kě yǐ fǎn fù shǐ yòng.,This type of bottle can be reused repeatedly.
1,萤火虫,yíng huǒ chóng,伶仃老人看着院中飞舞的萤火虫。,líng dīng lǎo rén kàn zhe yuàn zhōng fēi wǔ de yíng huǒ chóng.,The lonely old man watches fireflies in the yard.
0,形状,xíng zhuàng,她收到一颗形状特殊的珍珠。,tā shōu dào yī kē xíng zhuàng tè shū de zhēn zhū.,She received a pearl with an unusual shape.
0,瓶子,píng zi,这种类型的瓶子可以反复使用。,zhè zhǒng lèi xíng de píng zi kě yǐ fǎn fù shǐ yòng.,This type of bottle can be reused repeatedly.
0,浮萍,fú píng,碧绿浮萍覆盖着池塘一角。,bì lǜ fú píng fù gài zhe chí táng yī jiǎo.,Bright green duckweed covers a corner of the pond.
2,冥想,míng xiǎng,冥想之后，她更容易集中注意力。,"míng xiǎng zhī hòu, tā gèng róng yì jí zhōng zhù yì lì.","After meditating, she finds it easier to concentrate."
1,铭记,míng jì,我会铭记你的帮助，并且一定回报你。,"wǒ huì míng jì nǐ de bāng zhù, bìng qiě yī dìng huí bào nǐ.",I will remember your help and will certainly repay your kindness.
1,螟虫,míng chóng,农民正在检查稻田里的螟虫。,nóng mín zhèng zài jiǎn chá dào tián lǐ de míng chóng.,The farmers check the rice field for borers.
1,鼎盛,dǐng shèng,这个王朝正处于鼎盛时期。,zhè ge wáng cháo zhèng chǔ yú dǐng shèng shí qī.,The dynasty is at its peak.
0,山顶,shān dǐng,星星点点的灯光照着山顶。,xīng xing diǎn diǎn de dēng guāng zhào zhe shān dǐng.,Scattered points of light illuminate the mountaintop.
0,船艇,chuán tǐng,几艘船艇停在码头边。,jǐ sōu chuán tǐng tíng zài mǎ tou biān.,Several boats are moored by the pier.
1,泥泞,ní nìng,雨后这条路径十分泥泞。,yǔ hòu zhè tiáo lù jìng shí fēn ní nìng.,This path is very muddy after rain.
2,迥然,jiǒng rán,他们的想法迥然不同。,tā men de xiǎng fǎ jiǒng rán bù tóng.,Their ideas are completely different.
2,炯炯有神,jiǒng jiǒng yǒu shén,老人的双眼炯炯有神。,lǎo rén de shuāng yǎn jiǒng jiǒng yǒu shén.,The old man's eyes are bright and lively.
0,并且,bìng qiě,我会铭记你的帮助，并且一定回报你。,"wǒ huì míng jì nǐ de bāng zhù, bìng qiě yī dìng huí bào nǐ.",I will remember your help and will certainly repay your kindness.
0,一定,yī dìng,我会铭记你的帮助，并且一定回报你。,"wǒ huì míng jì nǐ de bāng zhù, bìng qiě yī dìng huí bào nǐ.",I will remember your help and will certainly repay your kindness.
2,径自,jìng zì,他没打招呼就径自走了。,tā méi dǎ zhāo hu jiù jìng zì zǒu le.,He left on his own without saying goodbye.
0,路径,lù jìng,雨后这条路径十分泥泞。,yǔ hòu zhè tiáo lù jìng shí fēn ní nìng.,This path is very muddy after rain.
2,告罄,gào qìng,仓库里的粮食已经告罄。,cāng kù lǐ de liáng shi yǐ jīng gào qìng.,The warehouse has run out of grain.
0,目的,mù dì,这次调查的目的，是了解水滴的形状。,"zhè cì diào chá de mù dì, shì liǎo jiě shuǐ dī de xíng zhuàng.",The purpose of this study is to understand the shape of water droplets.
0,水滴,shuǐ dī,这次调查的目的，是了解水滴的形状。,"zhè cì diào chá de mù dì, shì liǎo jiě shuǐ dī de xíng zhuàng.",The purpose of this study is to understand the shape of water droplets.
0,踢球,tī qiú,孩子们放学后在操场踢球。,hái zi men fàng xué hòu zài cāo chǎng tī qiú.,The children play soccer after school.
1,剔除,tī chú,请把名单里的重复项剔除。,qǐng bǎ míng dān lǐ de chóng fù xiàng tī chú.,Please remove the duplicate entries from the list.
0,警惕,jǐng tì,士兵保持警惕，防止敌人突然袭击。,"shì bīng bǎo chí jǐng tì, fáng zhǐ dí rén tū rán xí jī.",The soldiers remain alert to prevent a surprise attack by the enemy.
0,笛子,dí zi,她用笛子吹了一首小曲。,tā yòng dí zi chuī le yī shǒu xiǎo qǔ.,She plays a little tune on the flute.
1,洗涤,xǐ dí,这件衣服适合用冷水洗涤。,zhè jiàn yī fu shì hé yòng lěng shuǐ xǐ dí.,This garment can be washed in cold water.
2,迪斯可,dí sī kě,舞厅里响起了迪斯可音乐。,wǔ tīng lǐ xiǎng qǐ le dí sī kě yīn yuè.,Disco music starts playing in the dance hall.
0,敌人,dí rén,士兵保持警惕，防止敌人突然袭击。,"shì bīng bǎo chí jǐng tì, fáng zhǐ dí rén tū rán xí jī.",The soldiers remain alert to prevent a surprise attack by the enemy.
2,荻花,dí huā,河边的荻花随风摇动。,hé biān de dí huā suí fēng yáo dòng.,The silvergrass flowers sway beside the river.
2,狄,dí,这位老师姓狄。,zhè wèi lǎo shī xìng dí.,This teacher's surname is Di.
1,沥干,lì gān,把洗好的青菜沥干再炒。,bǎ xǐ hǎo de qīng cài lì gān zài chǎo.,Drain the washed greens before stir-frying them.
1,大沥,dà lì,他坐车去大沥看朋友。,tā zuò chē qù dà lì kàn péng you.,He takes a bus to Dali to visit a friend.
1,霹雳,pī lì,骤然一声霹雳，大家都惊醒了。,"zhòu rán yī shēng pī lì, dà jiā dōu jīng xǐng le.",A sudden thunderclap wakes everyone.
0,日历,rì lì,她在日历上记下了公布成绩的日期。,tā zài rì lì shàng jì xià le gōng bù chéng jì de rì qī.,She marked the date when the results would be announced on the calendar.
1,砂砾,shā lì,鞋底沾了不少砂砾。,xié dǐ zhān le bù shǎo shā lì.,Grit sticks to the soles.
0,成绩,chéng jì,温柔的姐姐鼓励我争取优秀成绩。,wēn róu de jiě jiě gǔ lì wǒ zhēng qǔ yōu xiù chéng jì.,My gentle older sister encouraged me to aim for excellent results.
0,亲戚,qīn qi,周末有几位亲戚来家里做客。,zhōu mò yǒu jǐ wèi qīn qi lái jiā lǐ zuò kè.,Several relatives came to visit us at home at the weekend.
1,寂静,jì jìng,尖锐的叫声打破了夜晚的寂静。,jiān ruì de jiào shēng dǎ pò le yè wǎn de jì jìng.,A piercing cry broke the silence of the night.
2,淅沥,xī lì,窗外传来淅沥的雨声。,chuāng wài zhuàn lái xī lì de yǔ shēng.,Rain patters outside the window.
0,锡矿,xī kuàng,山里发现了一处锡矿。,shān lǐ fā xiàn le yī chù xī kuàng.,A tin deposit was found in the mountains.
0,分析,fēn xī,侦探分析证据，呈现了完整的经过。,"zhēn tàn fēn xī zhèng jù, chéng xiàn le wán zhěng de jīng guò.",The detective analyzed the evidence and presented the full sequence of events.
1,寻觅,xún mì,她在花丛中寻觅小猫。,tā zài huā cóng zhōng xún mì xiǎo māo.,She looks for the kitten among the flowers.
0,劈开,pī kāi,他用斧子把木柴劈开。,tā yòng fǔ zi bǎ mù chái pī kāi.,He splits the firewood with an axe.
0,灯光,dēng guāng,星星点点的灯光照着山顶。,xīng xing diǎn diǎn de dēng guāng zhào zhe shān dǐng.,Scattered points of light illuminate the mountaintop.
0,登记,dēng jì,工作人员正在登记来访者的姓名。,gōng zuò rén yuán zhèng zài dēng jì lái fǎng zhě de xìng míng.,The staff are recording the visitors' names.
1,棱角,léng jiǎo,这块石头有锋利的棱角。,zhè kuài shí tou yǒu fēng lì de léng jiǎo.,This stone has sharp edges and corners.
1,发愣,fā lèng,他看着窗外发愣。,tā kàn zhe chuāng wài fā lèng.,He stares blankly out of the window.
1,憎恨,zēng hèn,村民们憎恨这种欺骗行为。,cūn mín men zēng hèn zhè zhǒng qī piàn xíng wéi.,The villagers detest this deception.
0,曾孙,zēng sūn,老人抱着刚出生的曾孙。,lǎo rén bào zhe gāng chū shēng de zēng sūn.,The old man holds his newborn great-grandson.
0,曾经,céng jīng,他曾经特别害羞，现在很愿意交流。,"tā céng jīng tè bié hài xiū, xiàn zài hěn yuàn yì jiāo liú.",He used to be especially shy but now enjoys communicating.
0,层次,céng cì,这篇文章的层次很清楚。,zhè piān wén zhāng de céng cì hěn qīng chu.,This article is clearly structured.
1,僧人,sēng rén,一位僧人在院里扫地。,yī wèi sēng rén zài yuàn lǐ sǎo dì.,A monk sweeps the courtyard.
0,恒心,héng xīn,练习书法需要耐心和恒心。,liàn xí shū fǎ xū yào nài xīn hé héng xīn.,Practicing calligraphy takes patience and perseverance.
2,弘扬,hóng yáng,学校举办活动弘扬传统文化。,xué xiào jǔ bàn huó dòng hóng yáng chuán tǒng wén huà.,The school holds events to promote traditional culture.
1,崩溃,bēng kuì,桥梁在洪水中崩溃了。,qiáo liáng zài hóng shuǐ zhōng bēng kuì le.,The bridge collapsed in the flood.
0,朋友,péng you,她想拜访世界各地的朋友。,tā xiǎng bài fǎng shì jiè gè dì de péng you.,She wants to visit friends around the world.
1,大鹏,dà péng,传说中的大鹏能飞得很高。,chuán shuō zhōng de dà péng néng fēi de hěn gāo.,The legendary giant peng bird can fly very high.
0,肯定,kěn dìng,在关键时刻，她肯定能克服困难。,"zài guān jiàn shí kè, tā kěn dìng néng kè fú kùn nan.","At the crucial moment, she will surely overcome the difficulty."
0,凳子,dèng zi,她搬来凳子坐在门边。,tā bān lái dèng zi zuò zài mén biān.,She brings a stool and sits by the door.
1,蹬腿,dēng tuǐ,小宝宝躺着不停地蹬腿。,xiǎo bǎo bǎo tǎng zhe bù tíng de dēng tuǐ.,The baby keeps kicking its legs while lying down.
1,邓,dèng,我们的新邻居姓邓。,wǒ men de xīn lín jū xìng dèng.,Our new neighbor's surname is Deng.
0,赠送,zèng sòng,店员赠送了一张明信片。,diàn yuán zèng sòng le yī zhāng míng xìn piàn.,The shop assistant gives away a postcard.
2,亘古,gèn gǔ,这片大地见证了亘古的岁月。,zhè piàn dà dì jiàn zhèng le gèn gǔ de suì yuè.,This land has witnessed ages since ancient times.
0,品德,pǐn dé,他因品德高尚而受到尊敬。,tā yīn pǐn dé gāo shàng ér shòu dào zūn jìng.,He is respected for his noble character.
0,得到,dé dào,得到原谅以后，他松了一口气。,"dé dào yuán liàng yǐ hòu, tā sōng le yī kǒu qì.","After being forgiven, he breathed a sigh of relief."
0,特别,tè bié,他曾经特别害羞，现在很愿意交流。,"tā céng jīng tè bié hài xiū, xiàn zài hěn yuàn yì jiāo liú.",He used to be especially shy but now enjoys communicating.
1,肋骨,lèi gǔ,医生正在检查他的肋骨。,yī shēng zhèng zài jiǎn chá tā de lèi gǔ.,The doctor examines his ribs.
0,勒令,lè lìng,店主被勒令停止营业。,diàn zhǔ bèi lè lìng tíng zhǐ yíng yè.,The owner was ordered to close the shop.
0,盗贼,dào zéi,盗贼趁夜偷走了珠宝。,dào zéi chèn yè tōu zǒu le zhū bǎo.,The thieves stole the jewels at night.
0,国家,guó jiā,这本手册简单介绍了国家宪法。,zhè běn shǒu cè jiǎn dān jiè shào le guó jiā xiàn fǎ.,This handbook briefly introduces the country's constitution.
0,克星,kè xīng,猫是老鼠的克星。,māo shì lǎo shǔ de kè xīng.,Cats are the bane of mice.
0,时刻,shí kè,在关键时刻，她肯定能克服困难。,"zài guān jiàn shí kè, tā kěn dìng néng kè fú kùn nan.","At the crucial moment, she will surely overcome the difficulty."
0,克服,kè fú,在关键时刻，她肯定能克服困难。,"zài guān jiàn shí kè, tā kěn dìng néng kè fú kùn nan.","At the crucial moment, she will surely overcome the difficulty."
0,黑色,hēi sè,她用黑色墨水写了一封信。,tā yòng hēi sè mò shuǐ xiě le yī fēng xìn.,She wrote a letter in black ink.
0,疑惑,yí huò,他对这个答案感到疑惑。,tā duì zhè ge dá àn gǎn dào yí huò.,He felt puzzled by this answer.
0,或者,huò zhě,你可以乘车，或者步行去公园。,"nǐ kě yǐ chéng chē, huò zhě bù xíng qù gōng yuán.",You can go to the park by vehicle or on foot.
0,北方,běi fāng,她去北方看望朋友。,tā qù běi fāng kàn wàng péng you.,She went north to visit a friend.
0,墨水,mò shuǐ,她用黑色墨水写了一封信。,tā yòng hēi sè mò shuǐ xiě le yī fēng xìn.,She wrote a letter in black ink.
0,沉默,chén mò,他一直沉默，没有回答。,"tā yī zhí chén mò, méi yǒu huí dá.",He remained silent and did not answer.
1,凌晨,líng chén,凌晨的街道十分安静。,líng chén de jiē dào shí fēn ān jìng.,The streets are very quiet in the early hours.
0,陵墓,líng mù,游客安静地参观这座陵墓。,yóu kè ān jìng de cān guān zhè zuò líng mù.,The visitors quietly tour the mausoleum.
1,菱角,líng jiao,奶奶煮了一锅菱角。,nǎi nai zhǔ le yī guō líng jiao.,Grandma cooks a pot of water caltrops.
0,征求,zhēng qiú,作出决定前，老师征求了家长的意见。,"zuò chū jué dìng qián, lǎo shī zhēng qiú le jiā zhǎng de yì jiàn.","Before making a decision, the teacher asked for the parents' opinions."
0,五音之一,wǔ yīn zhī yī,徵是古代五音之一。,Zhǐ shì gǔ dài wǔ yīn zhī yī.,Zhi is one of the five tones in ancient Chinese music.
0,症结,zhēng jié,我们终于找到了问题的症结。,wǒ men zhōng yú zhǎo dào le wèn tí de zhēng jié.,We finally found the crux of the problem.
0,惩罚,chéng fá,受到惩罚以后，他承认自己做错了。,"shòu dào chéng fá yǐ hòu, tā chéng rèn zì jǐ zuò cuò le.","After being punished, he admitted that he had acted wrongly."
0,蒸汽,zhēng qì,热水壶冒出蒸汽，请不要靠近。,"rè shuǐ hú mào chū zhēng qì, qǐng bù yào kào jìn.",Steam is rising from the kettle; please keep your distance.
0,称呼,chēng hu,大家称呼他为王老师，认为他很称职。,"dà jiā chēng hu tā wéi wáng lǎo shī, rèn wéi tā hěn chèn zhí.",Everyone calls him Teacher Wang and considers him capable in his job.
0,称职,chèn zhí,大家称呼他为王老师，认为他很称职。,"dà jiā chēng hu tā wéi wáng lǎo shī, rèn wéi tā hěn chèn zhí.",Everyone calls him Teacher Wang and considers him capable in his job.
2,丞相,chéng xiàng,皇帝召见了丞相。,huáng dì zhào jiàn le chéng xiàng.,The emperor summoned the chief minister.
0,承认,chéng rèn,受到惩罚以后，他承认自己做错了。,"shòu dào chéng fá yǐ hòu, tā chéng rèn zì jǐ zuò cuò le.","After being punished, he admitted that he had acted wrongly."
0,上升,shàng shēng,温度上升了，工人打开大门通风。,"wēn dù shàng shēng le, gōng rén dǎ kāi dà mén tōng fēng.","The temperature rose, so the workers opened the main door for ventilation."
0,升起,shēng qǐ,月亮升起时，妈妈正在梳头发。,"yuè liang shēng qǐ shí, mā ma zhèng zài shū tóu fa.","When the moon rose, Mom was combing her hair."
0,胜任,shèng rèn,他证明了自己的能力，能够胜任工作。,"tā zhèng míng le zì jǐ de néng lì, néng gòu shèng rèn gōng zuò.",He demonstrated his abilities and is capable of doing the job well.
0,胜利,shèng lì,团队取得胜利后，聚集在广场庆祝。,"tuán duì qǔ dé shèng lì hòu, jù jí zài guǎng chǎng qìng zhù.","After the team's victory, they gathered in the square to celebrate."
0,绳子,shéng zi,他用绳子拯救掉进井里的小狗。,tā yòng shéng zi zhěng jiù diào jìn jǐng lǐ de xiǎo gǒu.,He used a rope to rescue the puppy that had fallen into the well.
0,乘车,chéng chē,你可以乘车，或者步行去公园。,"nǐ kě yǐ chéng chē, huò zhě bù xíng qù gōng yuán.",You can go to the park by vehicle or on foot.
0,万乘之国,wàn shèng zhī guó,古人称大国为万乘之国。,gǔ rén chēng dà guó wéi wàn shèng zhī guó.,The ancients called a great state a state of ten thousand chariots.
0,仍然,réng rán,她信任朋友，但做事仍然谨慎。,"tā xìn rèn péng you, dàn zuò shì réng rán jǐn shèn.",She trusts her friends but still acts carefully.
0,扔掉,rēng diào,这双袜子破了，应该扔掉。,"zhè shuāng wà zi pò le, yīng gāi rēng diào.",These socks have holes and should be thrown away.
1,兢兢业业,jīng jīng yè yè,她多年工作一直兢兢业业。,tā duō nián gōng zuò yī zhí jīng jīng yè yè.,She has worked conscientiously for years.
0,凝固,níng gù,碗里的油已经凝固了。,wǎn lǐ de yóu yǐ jīng níng gù le.,The oil in the bowl has solidified.
0,助兴,zhù xìng,他唱了一首歌为大家助兴。,tā chàng le yī shǒu gē wèi dà jiā zhù xìng.,He sings a song to liven things up.
0,回应,huí yìng,敲门以后，请等主人回应再进去。,"qiāo mén yǐ hòu, qǐng děng zhǔ rén huí yìng zài jìn qù.","After knocking, wait for the host to respond before entering."
0,老鹰,lǎo yīng,一只老鹰在山顶上盘旋。,yī zhī lǎo yīng zài shān dǐng shàng pán xuán.,An eagle circles above the mountain.
0,苍蝇,cāng ying,他挥手赶走了桌边的苍蝇。,tā huī shǒu gǎn zǒu le zhuō biān de cāng ying.,He waved away the flies beside the table.
0,冰雪,bīng xuě,阳光下的冰雪慢慢融化。,yáng guāng xià de bīng xuě màn màn róng huà.,The ice and snow slowly melt in the sunshine.
0,凭借,píng jiè,她凭借努力赢得了比赛。,tā píng jiè nǔ lì yíng dé le bǐ sài.,She wins the competition through hard work.
1,拯救,zhěng jiù,他用绳子拯救掉进井里的小狗。,tā yòng shéng zi zhěng jiù diào jìn jǐng lǐ de xiǎo gǒu.,He used a rope to rescue the puppy that had fallen into the well.
0,证明,zhèng míng,他证明了自己的能力，能够胜任工作。,"tā zhèng míng le zì jǐ de néng lì, néng gòu shèng rèn gōng zuò.",He demonstrated his abilities and is capable of doing the job well.
0,地秤,dì chèng,货车开上地秤称重。,huò chē kāi shàng dì chèng chēng zhòng.,The truck drives onto the weighbridge.
0,天秤,tiān chèng,她把砝码放在天秤的一端。,tā bǎ fǎ mǎ fàng zài tiān chèng de yī duān.,She puts a weight on one side of the balance.
0,怀孕,huái yùn,怀孕的女士收到一封匿名祝福信。,huái yùn de nǚ shì shōu dào yī fēng nì míng zhù fú xìn.,The pregnant woman received an anonymous letter of good wishes.
1,匿名,nì míng,怀孕的女士收到一封匿名祝福信。,huái yùn de nǚ shì shōu dào yī fēng nì míng zhù fú xìn.,The pregnant woman received an anonymous letter of good wishes.
0,力量,lì liàng,大家为共同的梦想贡献力量。,dà jiā wèi gòng tóng de mèng xiǎng gòng xiàn lì liàng.,Everyone contributes to their shared dream.
0,立即,lì jí,闹钟响后，他立即起来，免得迟到。,"nào zhōng xiǎng hòu, tā lì jí qǐ lai, miǎn de chí dào.",He got up as soon as the alarm rang to avoid being late.
0,熄灭,xī miè,他把火熄灭后离开了厨房。,tā bǎ huǒ xī miè hòu lí kāi le chú fáng.,He put out the fire and left the kitchen.
0,休息,xiū xi,好吧，我们先回宿舍休息。,"hǎo ba, wǒ men xiān huí sù shè xiū xi.","All right, let's return to the dormitory and rest first."
2,敕令,chì lìng,朝廷颁布了一道敕令。,cháo tíng bān bù le yī dào chì lìng.,The imperial court issued an edict.
0,直接,zhí jiē,别让手臂直接接触热水。,bié ràng shǒu bì zhí jiē jiē chù rè shuǐ.,Do not let your arm come into direct contact with hot water.
0,侧面,cè miàn,请从侧面给我拍张照片。,qǐng cóng cè miàn gěi wǒ pāi zhāng zhào piàn.,Please take a photo of me from the side.
2,恻隐,cè yǐn,他见此情景，心生恻隐。,"tā jiàn cǐ qíng jǐng, xīn shēng cè yǐn.","Seeing this, he feels compassion."
0,职业,zhí yè,他选择了自己喜欢的职业。,tā xuǎn zé le zì jǐ xǐ huan de zhí yè.,He chose a profession he liked.
0,繁殖,fán zhí,这种鱼在春天繁殖。,zhè zhǒng yú zài chūn tiān fán zhí.,This kind of fish breeds in spring.
2,车轼,chē shì,车轼是古代车前的横木。,chē shì shì gǔ dài chē qián de héng mù.,Cheshi is the crossbar at the front of an ancient carriage.
0,方式,fāng shì,两人改变相处方式，关系逐渐改善。,"liǎng rén gǎi biàn xiāng chǔ fāng shì, guān xi zhú jiàn gǎi shàn.",Their relationship gradually improved as they changed how they interacted.
1,擦拭,cā shì,他用干净的毛巾擦拭手腕。,tā yòng gān jìng de máo jīn cā shì shǒu wàn.,He wiped his wrist with a clean towel.
0,侵蚀,qīn shí,海浪不断侵蚀海岸。,hǎi làng bù duàn qīn shí hǎi àn.,The waves continually erode the coast.
0,一亿,yī yì,一亿等于一万个一万。,yī yì děng yú yī wàn gè yī wàn.,One hundred million equals ten thousand times ten thousand.
0,记忆,jì yì,这首歌曲唤起了她童年的记忆。,zhè shǒu gē qǔ huàn qǐ le tā tóng nián de jì yì.,This song brought back memories of her childhood.
1,抑制,yì zhì,他努力抑制住内心的怒火。,tā nǔ lì yì zhì zhù nèi xīn de nù huǒ.,He tried hard to suppress his anger.
0,区域,qū yù,这个区域的道路正在维修。,zhè ge qū yù de dào lù zhèng zài wéi xiū.,The roads in this area are being repaired.
2,翌日,yì rì,翌日清晨，我们继续赶路。,"yì rì qīng chén, wǒ men jì xù gǎn lù.","The next morning, we continue our journey."
0,机翼,jī yì,阳光照在银色的机翼上。,yáng guāng zhào zài yín sè de jī yì shàng.,Sunlight shines on the silver wing.
0,逼迫,bī pò,别逼迫他作出决定。,bié bī pò tā zuò chū jué dìng.,Do not force him to make a decision.
0,极端,jí duān,这种极端的做法并不可取。,zhè zhǒng jí duān de zuò fǎ bìng bù kě qǔ.,This extreme approach is inadvisable.
0,石榴,shí liu,她浏览照片，保留了石榴成熟的那张。,"tā liú lǎn zhào piàn, bǎo liú le shí liu chéng shú de nà zhāng.",She looked through the photos and kept the one showing ripe pomegranates.
1,肿瘤,zhǒng liú,医生正在讨论肿瘤的检查结果。,yī shēng zhèng zài tǎo lùn zhǒng liú de jiǎn chá jié guǒ.,The doctors discuss the tumor examination results.
2,浏览,liú lǎn,她浏览照片，保留了石榴成熟的那张。,"tā liú lǎn zhào piàn, bǎo liú le shí liu chéng shú de nà zhāng.",She looked through the photos and kept the one showing ripe pomegranates.
0,保留,bǎo liú,她浏览照片，保留了石榴成熟的那张。,"tā liú lǎn zhào piàn, bǎo liú le shí liu chéng shú de nà zhāng.",She looked through the photos and kept the one showing ripe pomegranates.
1,硫磺,liú huáng,老师把硫磺放进标有名称的瓶子里。,lǎo shī bǎ liú huáng fàng jìn biāo yǒu míng chēng de píng zi lǐ.,The teacher placed the sulfur in a labeled bottle.
2,啾啾,jiū jiū,树上的小鸟啾啾地叫着。,shù shàng de xiǎo niǎo jiū jiū de jiào zhe.,The little birds chirp in the tree.
2,鳅鱼,qiū yú,水田里有几条鳅鱼。,shuǐ tián lǐ yǒu jǐ tiáo qiū yú.,There are a few loaches in the paddy field.
0,秋天,qiū tiān,秋天，枫树的叶子变红了。,"qiū tiān, fēng shù de yè zi biàn hóng le.",The maple leaves turned red in autumn.
0,束修,shù xiū,束修曾指拜师时送的礼物。,shù xiū céng zhǐ bài shī shí sòng de lǐ wù.,Shuxiu once meant a gift offered to a teacher.
0,害羞,hài xiū,他曾经特别害羞，现在很愿意交流。,"tā céng jīng tè bié hài xiū, xiàn zài hěn yuàn yì jiāo liú.",He used to be especially shy but now enjoys communicating.
0,修改,xiū gǎi,编辑修改段落，使文章更加流畅。,"biān jí xiū gǎi duàn luò, shǐ wén zhāng gèng jiā liú chàng.",The editor revised the paragraphs to make the article flow better.
1,囚犯,qiú fàn,囚犯等待家人来访，心情有些紧张。,"qiú fàn děng dài jiā rén lái fǎng, xīn qíng yǒu xiē jǐn zhāng.",The prisoner waits for a family visit and feels a little nervous.
0,抽水,chōu shuǐ,工人开动机器抽水。,gōng rén kāi dòng jī qì chōu shuǐ.,The workers start the machine to pump water.
0,稠密,chóu mì,山上的树林十分稠密。,shān shàng de shù lín shí fēn chóu mì.,The woods on the mountain are dense.
0,筹备,chóu bèi,筹备活动时，大家搜索并搜集资料。,"chóu bèi huó dòng shí, dà jiā sōu suǒ bìng sōu jí zī liào.","While preparing the event, everyone searched for and collected information."
1,范畴,fàn chóu,这个问题属于文学的范畴。,zhè ge wèn tí shǔ yú wén xué de fàn chóu.,This question falls within the field of literature.
2,邹,zōu,她的同桌姓邹。,tā de tóng zhuō xìng zōu.,Her deskmate's surname is Zou.
0,忧愁,yōu chóu,她脸上带着一丝忧愁。,tā liǎn shàng dài zhe yī sī yōu chóu.,There is a trace of worry on her face.
2,飕飕,sōu sōu,寒风飕飕地吹过树林。,hán fēng sōu sōu de chuī guò shù lín.,The cold wind whistles through the woods.
0,搜索,sōu suǒ,筹备活动时，大家搜索并搜集资料。,"chóu bèi huó dòng shí, dà jiā sōu suǒ bìng sōu jí zī liào.","While preparing the event, everyone searched for and collected information."
0,搜集,sōu jí,间谍隐藏身份，秘密搜集资料。,"jiàn dié yǐn cáng shēn fèn, mì mì sōu jí zī liào.",The spy concealed his identity and secretly collected information.
0,州郡,zhōu jùn,史书记录了各州郡的变迁。,shǐ shū jì lù le gè zhōu jùn de biàn qiān.,The history book records changes in the prefectures and commanderies.
0,舟船,zhōu chuán,江面上的舟船来来往往。,jiāng miàn shàng de zhōu chuán lái lái wǎng wǎng.,Boats come and go on the river.
0,报酬,bào chou,这次报酬增加了他的收入。,zhè cì bào chou zēng jiā le tā de shōu rù.,The payment for this work increased his income.
0,收入,shōu rù,这次报酬增加了他的收入。,zhè cì bào chou zēng jiā le tā de shōu rù.,The payment for this work increased his income.
0,温柔,wēn róu,温柔的姐姐鼓励我争取优秀成绩。,wēn róu de jiě jiě gǔ lì wǒ zhēng qǔ yōu xiù chéng jì.,My gentle older sister encouraged me to aim for excellent results.
0,揉捏,róu niē,师傅用手揉捏面团。,shī fu yòng shǒu róu niē miàn tuán.,The cook kneads the dough by hand.
1,斑鸠,bān jiū,两只斑鸠落在树枝上。,liǎng zhǐ bān jiū luò zài shù zhī shàng.,Two turtledoves land on a branch.
0,丘陵,qiū líng,这条路穿过一片丘陵。,zhè tiáo lù chuān guò yī piàn qiū líng.,The road passes through an area of hills.
2,邱,qiū,这位画家姓邱。,zhè wèi huà jiā xìng qiū.,This painter's surname is Qiu.
0,牛马,niú mǎ,牧场里的牛马正在吃草。,mù chǎng lǐ de niú mǎ zhèng zài chī cǎo.,The cattle and horses in the pasture are grazing.
2,一傅众咻,yī fù zhòng xiū,一傅众咻比喻难敌众人干扰。,yī fù zhòng xiū bǐ yù nán dí zhòng rén gān rǎo.,Yifu zhongxiu describes being unable to overcome interference from many others.
2,噢咻,ō xiū,噢咻在古文中可指安抚。,ō xiū zài gǔ wén zhōng kě zhǐ ān fǔ.,Ouxiu can mean comforting in classical Chinese.
0,优秀,yōu xiù,温柔的姐姐鼓励我争取优秀成绩。,wēn róu de jiě jiě gǔ lì wǒ zhēng qǔ yōu xiù chéng jì.,My gentle older sister encouraged me to aim for excellent results.
0,担忧,dān yōu,原来他心不在焉，是因为担忧家人。,"yuán lái tā xīn bù zài yān, shì yīn wèi dān yōu jiā rén.",It turns out he was distracted because he was worried about his family.
2,赘疣,zhuì yóu,他把这些规定看作赘疣。,tā bǎ zhè xiē guī dìng kàn zuò zhuì yóu.,He regards these rules as useless additions.
0,尤其,yóu qí,我喜欢这种水果，尤其喜欢它的香味。,"wǒ xǐ huan zhè zhǒng shuǐ guǒ, yóu qí xǐ huan tā de xiāng wèi.","I like this fruit, especially its pleasant smell."
0,邮件,yóu jiàn,邮件说明了石油价格上涨的理由。,yóu jiàn shuō míng le shí yóu jià gé shàng zhǎng de lǐ yóu.,The email explained the reasons for the rise in oil prices.
0,悠闲,yōu xián,老人悠闲地坐在院里喝茶。,lǎo rén yōu xián de zuò zài yuàn lǐ hē chá.,The old man leisurely drinks tea in the courtyard.
2,攸关,yōu guān,这项决定攸关大家的安全。,zhè xiàng jué dìng yōu guān dà jiā de ān quán.,This decision concerns everyone's safety.
0,石油,shí yóu,邮件说明了石油价格上涨的理由。,yóu jiàn shuō míng le shí yóu jià gé shàng zhǎng de lǐ yóu.,The email explained the reasons for the rise in oil prices.
0,理由,lǐ yóu,邮件说明了石油价格上涨的理由。,yóu jiàn shuō míng le shí yóu jià gé shàng zhǎng de lǐ yóu.,The email explained the reasons for the rise in oil prices.
0,不是,bù shì,这不是玩具，请别随便碰。,"zhè bù shì wán jù, qǐng bié suí biàn pèng.",This is not a toy; please do not touch it casually.
0,漂浮,piāo fú,一片叶子漂浮在水面上。,yī piàn yè zi piāo fú zài shuǐ miàn shàng.,A leaf floats on the surface of the water.
1,谬论,miù lùn,这种谬论经不起推敲。,zhè zhǒng miù lùn jīng bù qǐ tuī qiāo.,This fallacy cannot withstand scrutiny.
2,未雨绸缪,wèi yǔ chóu móu,雨季快到了，我们应该未雨绸缪。,"yǔ jì kuài dào le, wǒ men yīng gāi wèi yǔ chóu móu.","The rainy season is approaching, so we should prepare in advance."
0,计谋,jì móu,他用计谋摆脱了仇人。,tā yòng jì móu bǎi tuō le chóu rén.,He uses a stratagem to escape his enemy.
2,牟取,móu qǔ,他不该借此牟取私利。,tā bù gāi jiè cǐ móu qǔ sī lì.,He should not exploit this for personal gain.
0,仇人,chóu rén,他用计谋摆脱了仇人。,tā yòng jì móu bǎi tuō le chóu rén.,He uses a stratagem to escape his enemy.
0,地球,dì qiú,地球上的许多动物寿命各不相同。,dì qiú shàng de xǔ duō dòng wù shòu mìng gè bù xiāng tóng.,The lifespans of many animals on Earth differ.
0,纽带,niǔ dài,共同的语言成为沟通的纽带。,gòng tóng de yǔ yán chéng wéi gōu tōng de niǔ dài.,A shared language becomes a bond for communication.
0,扭转,niǔ zhuǎn,最后一个进球扭转了局面。,zuì hòu yī ge jìn qiú niǔ zhuǎn le jú miàn.,The last goal turns the situation around.
0,柳树,liǔ shù,河边的柳树抽出了新芽。,hé biān de liǔ shù chōu chū le xīn yá.,The willows by the river put out new buds.
0,啤酒,pí jiǔ,他只喝了一小杯啤酒，就改喝水了。,"tā zhǐ hē le yī xiǎo bēi pí jiǔ, jiù gǎi hē shuǐ le.",He had only a small glass of beer before switching to water.
1,肘部,zhǒu bù,他轻轻弯曲肘部。,tā qīng qīng wān qū zhǒu bù.,He gently bends his elbow.
0,丑时,chǒu shí,丑时指凌晨一点到三点。,chǒu shí zhǐ líng chén yī diǎn dào sān diǎn.,Choushi is the period from one to three in the morning.
2,商纣,shāng zhòu,这本书讲述了商纣的故事。,zhè běn shū jiǎng shù le shāng zhòu de gù shi.,This book tells the story of King Zhou of Shang.
0,丑陋,chǒu lòu,他揭露了骗局的丑陋真相。,tā jiē lù le piàn jú de chǒu lòu zhēn xiàng.,He exposes the ugly truth behind the scam.
0,寿命,shòu mìng,地球上的许多动物寿命各不相同。,dì qiú shàng de xǔ duō dòng wù shòu mìng gè bù xiāng tóng.,The lifespans of many animals on Earth differ.
0,接受,jiē shòu,他因痢疾住院，已经接受治疗。,"tā yīn lì ji zhù yuàn, yǐ jīng jiē shòu zhì liáo.",He was hospitalized with dysentery and is receiving treatment.
0,守护,shǒu hù,哥哥一直守护着妹妹。,gē ge yī zhí shǒu hù zhe mèi mei.,The older brother keeps protecting his younger sister.
0,保守,bǎo shǒu,他对这项新技术持保守态度。,tā duì zhè xiàng xīn jì shù chí bǎo shǒu tài dù.,He takes a conservative attitude toward this new technology.
0,手工,shǒu gōng,这件小礼物是他手工制作的。,zhè jiàn xiǎo lǐ wù shì tā shǒu gōng zhì zuò de.,He made this little gift by hand.
0,针灸,zhēn jiǔ,她预约了明天的针灸门诊。,tā yù yuē le míng tiān de zhēn jiǔ mén zhěn.,She has booked an acupuncture appointment for tomorrow.
0,九个,jiǔ gè,桌上摆着九个杯子。,zhuō shàng bǎi zhe jiǔ gè bēi zi.,There are nine cups on the table.
1,韭菜,jiǔ cài,她把韭菜洗干净切碎。,tā bǎ jiǔ cài xǐ gān jìng qiē suì.,She washes and chops the garlic chives.
1,玖,jiǔ,玖是数字九的大写形式。,jiǔ shì shù zì jiǔ de dà xiě xíng shì.,Jiu is the formal financial form of the number nine.
0,不朽,bù xiǔ,这位诗人留下了不朽的作品。,zhè wèi shī rén liú xià le bù xiǔ de zuò pǐn.,This poet left enduring works.
0,所有,suǒ yǒu,贪婪的男人拿走了所有金钱。,tān lán de nán rén ná zǒu le suǒ yǒu jīn qián.,The greedy man took all the money.
0,右手,yòu shǒu,所有学生举起右手，表示赞成。,"suǒ yǒu xué sheng jǔ qǐ yòu shǒu, biǎo shì zàn chéng.",All the students raised their right hands in agreement.
0,诱惑,yòu huò,她抵挡住了买糖果的诱惑。,tā dǐ dǎng zhù le mǎi táng guǒ de yòu huò.,She resisted the temptation to buy sweets.
2,酉时,yǒu shí,酉时指下午五点到七点。,yǒu shí zhǐ xià wǔ wǔ diǎn dào qī diǎn.,Youshi is the period from five to seven in the evening.
0,负责,fù zé,舅舅负责帮助有困难的妇女。,jiù jiu fù zé bāng zhù yǒu kùn nan de fù nǚ.,My uncle is responsible for helping women in need.
0,妇女,fù nǚ,舅舅负责帮助有困难的妇女。,jiù jiu fù zé bāng zhù yǒu kùn nan de fù nǚ.,My uncle is responsible for helping women in need.
0,舅舅,jiù jiu,舅舅负责帮助有困难的妇女。,jiù jiu fù zé bāng zhù yǒu kùn nan de fù nǚ.,My uncle is responsible for helping women in need.
1,臼齿,jiù chǐ,臼齿帮助我们磨碎食物。,jiù chǐ bāng zhù wǒ men mò suì shí wù.,Molars help us grind food.
0,溜走,liū zǒu,小猫趁门打开时，悄悄溜走了。,"xiǎo māo chèn mén dǎ kāi shí, qiāo qiāo liū zǒu le.",The cat slipped away quietly while the door was open.
2,秃鹫,tū jiù,秃鹫在高空中盘旋。,tū jiù zài gāo kōng zhōng pán xuán.,A vulture circles high in the sky.
0,就是,jiù shì,有人欺负她，我怀疑就是那个人。,"yǒu rén qī fu tā, wǒ huái yí jiù shì nà ge rén.","Someone bullied her, and I suspect it was that person."
0,刺绣,cì xiù,这块手帕上有精美的刺绣。,zhè kuài shǒu pà shàng yǒu jīng měi de cì xiù.,This handkerchief has exquisite embroidery.
0,星宿,xīng xiù,古人根据星宿观察夜空。,gǔ rén gēn jù xīng xiù guān chá yè kōng.,The ancients observed the night sky by its constellations.
0,住宿,zhù sù,到达旅馆后，他安排了住宿。,"dào dá lǚ guǎn hòu, tā ān pái le zhù sù.","After arriving at the hotel, he arranged his accommodation."
0,袖子,xiù zi,他把衣服的袖子卷了起来。,tā bǎ yī fu de xiù zi juǎn le qǐ lai.,He rolled up his sleeves.
0,白昼,bái zhòu,白昼的街道比夜晚热闹。,bái zhòu de jiē dào bǐ yè wǎn rè nao.,The streets are busier by day than at night.
2,甲胄,jiǎ zhòu,士兵穿着沉重的甲胄。,shì bīng chuān zhe chén zhòng de jiǎ zhòu.,The soldier wears heavy armor.
0,皱纹,zhòu wén,奶奶脸上有皱纹，但笑容很温暖。,"nǎi nai liǎn shàng yǒu zhòu wén, dàn xiào róng hěn wēn nuǎn.","Grandma's face is lined, but her smile is warm."
0,骤然,zhòu rán,骤然一声霹雳，大家都惊醒了。,"zhòu rán yī shēng pī lì, dà jiā dōu jīng xǐng le.",A sudden thunderclap wakes everyone.
0,消瘦,xiāo shòu,这段时间他明显消瘦了。,zhè duàn shí jiān tā míng xiǎn xiāo shòu le.,He has noticeably lost weight recently.
1,漱口,shù kǒu,他喝完牛奶后用清水漱口。,tā hē wán niú nǎi hòu yòng qīng shuǐ shù kǒu.,He rinses his mouth with water after drinking milk.
0,祝福,zhù fú,朋友们交换礼物，表达祝福。,"péng you men jiāo huàn lǐ wù, biǎo dá zhù fú.",The friends exchanged gifts to share their good wishes.
0,臭味,chòu wèi,垃圾桶里传出一股臭味。,lā jī tǒng lǐ chuán chū yī gǔ chòu wèi.,A foul smell comes from the bin.
0,教授,jiào shòu,研究矿物时，教授顺便观察周围的风景。,"yán jiū kuàng wù shí, jiào shòu shùn biàn guān chá zhōu wéi de fēng jǐng.","While studying minerals, the professor also observed the surrounding scenery."
0,野兽,yě shòu,他在山中发现了野兽的脚印。,tā zài shān zhōng fā xiàn le yě shòu de jiǎo yìn.,He found the tracks of a wild animal in the mountains.
0,狩猎,shòu liè,他不再狩猎，看到受伤的动物就内疚。,"tā bù zài shòu liè, kàn dào shòu shāng de dòng wù jiù nèi jiù.",He no longer hunts and feels guilty when he sees injured animals.
1,内疚,nèi jiù,他不再狩猎，看到受伤的动物就内疚。,"tā bù zài shòu liè, kàn dào shòu shāng de dòng wù jiù nèi jiù.",He no longer hunts and feels guilty when he sees injured animals.
0,救命,jiù mìng,他落水后大声喊救命。,tā luò shuǐ hòu dà shēng hǎn jiù mìng.,He shouts for help after falling into the water.
2,庇佑,bì yòu,人们祈求神灵庇佑家人。,rén men qí qiú shén líng bì yòu jiā rén.,People pray for divine protection for their families.
1,保佑,bǎo yòu,她祈祷上天保佑家人平安。,tā qí dǎo shàng tiān bǎo yòu jiā rén píng ān.,She prayed that heaven would protect her family and keep them safe.
0,又好,yòu hǎo,这家店的东西又好又便宜。,zhè jiā diàn de dōng xī yòu hǎo yòu pián yi.,This shop's goods are good and inexpensive.
2,柚子,yòu zi,她把柚子剥开，分给大家。,"tā bǎ yòu zi bō kāi, fēn gěi dà jiā.",She peeled the pomelo and shared it with everyone.
1,辐射,fú shè,研究员正在测量辐射强度。,yán jiū yuán zhèng zài cè liáng fú shè qiáng dù.,The researcher is measuring radiation levels.
0,富有,fù yǒu,他家十分富有，但生活很节俭。,"tā jiā shí fēn fù yǒu, dàn shēng huó hěn jié jiǎn.","His family is very wealthy, but they live frugally."
0,复杂,fù zá,这么简单的问题，不需要复杂计算。,"zhè me jiǎn dān de wèn tí, bù xū yào fù zá jì suàn.",Such a simple problem does not need complicated calculations.
0,复原,fù yuán,模型复原以后，他回复了老师的邮件。,"mó xíng fù yuán yǐ hòu, tā huí fù le lǎo shī de yóu jiàn.","After restoring the model, he replied to the teacher's email."
0,回复,huí fù,模型复原以后，他回复了老师的邮件。,"mó xíng fù yuán yǐ hòu, tā huí fù le lǎo shī de yóu jiàn.","After restoring the model, he replied to the teacher's email."
0,埋伏,mái fú,士兵在树林里埋伏起来。,shì bīng zài shù lín lǐ mái fú qǐ lai.,The soldiers lie in ambush in the woods.
0,副手,fù shǒu,他请副手代为主持会议。,tā qǐng fù shǒu dài wéi zhǔ chí huì yì.,He asks his assistant to chair the meeting.
1,兜风,dōu fēng,周末，朋友开车带我们去兜风。,"zhōu mò, péng you kāi chē dài wǒ men qù dōu fēng.","At the weekend, a friend took us out for a drive."
0,偷窃,tōu qiè,偷窃行为让他失去朋友的信任。,tōu qiè xíng wéi ràng tā shī qù péng you de xìn rèn.,His theft made his friends lose trust in him.
0,投入,tóu rù,沟通以后，她投入更多时间练习。,"gōu tōng yǐ hòu, tā tóu rù gèng duō shí jiān liàn xí.","After discussing it, she devoted more time to practicing."
2,骷髅,kū lóu,展柜里放着一个骷髅模型。,zhǎn guì lǐ fàng zhe yī ge kū lóu mó xíng.,A skull model is displayed in the cabinet.
0,楼房,lóu fáng,这座楼房有四层。,zhè zuò lóu fáng yǒu sì céng.,This building has four stories.
1,竹篓,zhú lǒu,她用竹篓装新鲜蔬菜。,tā yòng zhú lǒu zhuāng xīn xiān shū cài.,She carries fresh vegetables in a bamboo basket.
0,沟通,gōu tōng,沟通以后，她投入更多时间练习。,"gōu tōng yǐ hòu, tā tóu rù gèng duō shí jiān liàn xí.","After discussing it, she devoted more time to practicing."
2,篝火,gōu huǒ,大家围着篝火唱歌。,dà jiā wéi zhe gōu huǒ chàng gē.,Everyone sings around the bonfire.
2,枸杞,gǒu qǐ,杯子里泡着几颗枸杞。,bēi zi lǐ pào zhe jǐ kē gǒu qǐ.,A few goji berries steep in the cup.
0,钩子,gōu zi,这个钩子能够挂住很重的背包。,zhè ge gōu zi néng gòu guà zhù hěn zhòng de bēi bāo.,This hook can hold a very heavy backpack.
0,能够,néng gòu,这个钩子能够挂住很重的背包。,zhè ge gōu zi néng gòu guà zhù hěn zhòng de bēi bāo.,This hook can hold a very heavy backpack.
0,猴子,hóu zi,猴子在树林里跳来跳去。,hóu zi zài shù lín lǐ tiào lái tiào qù.,The monkey leaps around in the woods.
1,诸侯,zhū hóu,古代的诸侯各有封地。,gǔ dài de zhū hóu gè yǒu fēng dì.,Ancient vassal rulers each had their own territories.
0,欧洲,ōu zhōu,他在欧洲坐车旅行。,tā zài ōu zhōu zuò chē lǚ xíng.,He traveled around Europe by vehicle.
1,呕吐,ǒu tù,他因晕车感到恶心，随后呕吐。,"tā yīn yùn chē gǎn dào ě xīn, suí hòu ǒu tù.",He felt nauseous from motion sickness and then vomited.
1,怄气,òu qì,他还在为那件小事怄气。,tā hái zài wèi nà jiàn xiǎo shì òu qì.,He is still sulking over that little matter.
2,讴歌,ōu gē,这首诗讴歌劳动者。,zhè shǒu shī ōu gē láo dòng zhě.,This poem celebrates working people.
1,海鸥,hǎi ōu,海鸥从船头飞过。,hǎi ōu cóng chuán tóu fēi guò.,A seagull flies past the bow.
0,北斗,běi dǒu,孩子在夜空里寻找北斗。,hái zi zài yè kōng lǐ xún zhǎo běi dǒu.,The child looks for the Big Dipper in the night sky.
0,陡峭,dǒu qiào,这条山路十分陡峭难走。,zhè tiáo shān lù shí fēn dǒu qiào nán zǒu.,This mountain path is very steep and hard to walk along.
0,抖动,dǒu dòng,树叶在风中轻轻抖动。,shù yè zài fēng zhōng qīng qīng dǒu dòng.,The leaves gently tremble in the wind.
0,走路,zǒu lù,走路太多，他脚上长了水泡。,"zǒu lù tài duō, tā jiǎo shàng zhǎng le shuǐ pào.",He developed blisters on his feet from walking too much.
0,兴趣,xìng qù,他对历史有兴趣，偶然发现了一本古书。,"tā duì lì shǐ yǒu xìng qù, ǒu rán fā xiàn le yī běn gǔ shū.",He is interested in history and happened to find an old book.
2,抖擞,dǒu sǒu,他洗完脸后精神抖擞。,tā xǐ wán liǎn hòu jīng shen dǒu sǒu.,He feels invigorated after washing his face.
2,擞火,sòu huǒ,爷爷拿通条给炉子擞火。,yé ye ná tōng tiáo gěi lú zi sòu huǒ.,Grandpa uses a poker to shake ashes out of the stove.
2,老叟,lǎo sǒu,一位老叟坐在树下乘凉。,yī wèi lǎo sǒu zuò zài shù xià shèng liáng.,An old man sits in the shade of a tree.
1,污垢,wū gòu,刷子可以清除缝隙里的污垢。,shuā zi kě yǐ qīng chú fèng xì lǐ de wū gòu.,The brush removes grime from the gaps.
1,苟且,gǒu qiě,他不愿苟且地度过一生。,tā bù yuàn gǒu qiě de dù guò yī shēng.,He refuses to drift through life.
0,小狗,xiǎo gǒu,小狗畏惧雷鸣，躲到了床下。,"xiǎo gǒu wèi jù léi míng, duǒ dào le chuáng xià.",The puppy is afraid of thunder and hid under the bed.
0,出口,chū kǒu,前面的转弯处就是出口。,qián miàn de zhuǎn wān chù jiù shì chū kǒu.,The exit is at the bend ahead.
2,叩门,kòu mén,门外有人轻轻叩门。,mén wài yǒu rén qīng qīng kòu mén.,Someone knocks gently at the door.
0,扣除,kòu chú,这笔费用要从工资里扣除。,zhè bǐ fèi yòng yào cóng gōng zī lǐ kòu chú.,This fee will be deducted from the salary.
1,莲藕,lián ǒu,这锅汤里加了莲藕。,zhè guō tāng lǐ jiā le lián ǒu.,Lotus root was added to this soup.
0,偶然,ǒu rán,他对历史有兴趣，偶然发现了一本古书。,"tā duì lì shǐ yǒu xìng qù, ǒu rán fā xiàn le yī běn gǔ shū.",He is interested in history and happened to find an old book.
0,吼叫,hǒu jiào,远处传来野兽的吼叫。,yuǎn chù chuán lái yě shòu de hǒu jiào.,A wild animal roars in the distance.
0,后面,hòu mian,我的后面站着一位老人。,wǒ de hòu mian zhàn zhe yī wèi lǎo rén.,An elderly person is standing behind me.
0,深厚,shēn hòu,他们之间有深厚的友谊。,tā men zhī jiān yǒu shēn hòu de yǒu yì.,They share a deep friendship.
0,皇后,huáng hòu,皇后在宫中接见宾客。,huáng hòu zài gōng zhōng jiē jiàn bīn kè.,The empress receives guests in the palace.
0,某人,mǒu rén,这本日记记录了某人的生活。,zhè běn rì jì jì lù le mǒu rén de shēng huó.,This diary records someone's life.
1,牡丹,mǔ dan,院子里的牡丹开花了。,yuàn zi lǐ de mǔ dan kāi huā le.,The peonies in the courtyard are blooming.
0,一亩,yī mǔ,爷爷种了一亩蔬菜。,yé ye zhòng le yī mǔ shū cài.,Grandpa grows vegetables on one mu of land.
1,拇指,mǔ zhǐ,他竖起拇指表示赞许。,tā shù qǐ mǔ zhǐ biǎo shì zàn xǔ.,He gives a thumbs-up to show approval.
0,母亲,mǔ qīn,母亲告诉孩子，不要乱扔东西。,"mǔ qīn gào su hái zi, bù yào luàn rēng dōng xī.",The mother told her child not to throw things around.
0,战斗,zhàn dòu,战斗结束后，士兵获得了短暂休息。,"zhàn dòu jié shù hòu, shì bīng huò dé le duǎn zàn xiū xi.","After the battle, the soldiers had a brief rest."
0,透过,tòu guò,我透过窗户看见院里的花。,wǒ tòu guò chuāng hu kàn jiàn yuàn lǐ de huā.,I saw the flowers in the courtyard through the window.
0,豆子,dòu zi,她把豆子泡在清水里。,tā bǎ dòu zi pào zài qīng shuǐ lǐ.,She soaked the beans in clean water.
2,疑窦,yí dòu,这封信让他心生疑窦。,zhè fēng xìn ràng tā xīn shēng yí dòu.,This letter raises doubts in his mind.
1,简陋,jiǎn lòu,山里的小屋十分简陋。,shān lǐ de xiǎo wū shí fēn jiǎn lòu.,The mountain hut is very basic.
0,漏水,lòu shuǐ,这只水桶漏水，地板都湿了。,"zhè zhǐ shuǐ tǒng lòu shuǐ, dì bǎn dōu shī le.","This bucket leaks, and the floor is wet."
0,演奏,yǎn zòu,他用钢琴演奏了一首轻快的歌曲。,tā yòng gāng qín yǎn zòu le yī shǒu qīng kuài de gē qǔ.,He played a cheerful song on the piano.
0,拼凑,pīn còu,她把碎纸拼凑成一幅画。,tā bǎ suì zhǐ pīn còu chéng yī fú huà.,She pieces scraps of paper together into a picture.
0,结构,jié gòu,这座桥的结构很稳固。,zhè zuò qiáo de jié gòu hěn wěn gù.,This bridge has a sturdy structure.
0,倭寇,wō kòu,史书记载了沿海抗击倭寇的事。,shǐ shū jì zǎi le yán hǎi kàng jī wō kòu de shì.,The history book records coastal resistance to Japanese pirates.
2,蔻丹,kòu dān,她给指甲涂上红色蔻丹。,tā gěi zhǐ jia tú shàng hóng sè kòu dān.,She paints her nails with red polish.
0,等候,děng hòu,主人沐浴时，仆人在门外等候。,"zhǔ rén mù yù shí, pú rén zài mén wài děng hòu.","While the master bathed, the servant waited outside the door."
1,保姆,bǎo mǔ,保姆正在照看小宝宝。,bǎo mǔ zhèng zài zhào kàn xiǎo bǎo bǎo.,The nanny is looking after the baby.
0,茂盛,mào shèng,雨后花草长得更加茂盛。,yǔ hòu huā cǎo zhǎng de gèng jiā mào shèng.,The plants grow more lush after the rain.
0,贸易,mào yì,两国通过贸易交换了商品。,liǎng guó tōng guò mào yì jiāo huàn le shāng pǐn.,The two countries exchanged goods through trade.
2,戊戌,wù xū,戊戌是干支纪年的名称。,wù xū shì gān zhī jì nián de míng chēng.,Wuxu is a year name in the traditional sixty-year cycle.
1,幽静,yōu jìng,寺院后面有一条幽静的小路。,sì yuàn hòu mian yǒu yī tiáo yōu jìng de xiǎo lù.,A quiet path runs behind the temple.
1,彪悍,biāo hàn,这名骑手体格彪悍。,zhè míng qí shǒu tǐ gé biāo hàn.,This rider has a formidable build.
0,纠正,jiū zhèng,老师帮她纠正了读音错误。,lǎo shī bāng tā jiū zhèng le dú yīn cuò wù.,The teacher helped her correct her pronunciation errors.
2,赳赳,jiū jiū,诗中的武士显得赳赳英勇。,shī zhōng de wǔ shì xiǎn de jiū jiū yīng yǒng.,The warrior in the poem appears brave and valiant.
0,淋雨,lín yǔ,她忘了带伞，只好淋雨回家。,"tā wàng le dài sǎn, zhǐ hǎo lín yǔ huí jiā.",She forgot her umbrella and walks home in the rain.
0,临时,lín shí,这个计划临时改了时间。,zhè ge jì huà lín shí gǎi le shí jiān.,The timing of this plan was changed at short notice.
2,甘霖,gān lín,久旱的村庄终于迎来甘霖。,jiǔ hàn de cūn zhuāng zhōng yú yíng lái gān lín.,The drought-stricken village finally receives welcome rain.
0,森林,sēn lín,樵夫发现路消失在茂密的森林里。,qiáo fū fā xiàn lù xiāo shī zài mào mì de sēn lín lǐ.,The woodcutter noticed the path disappearing into the dense forest.
0,侵略,qīn lüè,人民奋起反抗外来侵略。,rén mín fèn qǐ fǎn kàng wài lái qīn lüè.,The people rise up against foreign invasion.
0,心脏,xīn zàng,医生听了听他的心脏跳动。,yī shēng tīng le tīng tā de xīn zàng tiào dòng.,The doctor listened to his heartbeat.
0,寻找,xún zhǎo,貉常在夜里寻找食物。,hé cháng zài yè li xún zhǎo shí wù.,Raccoon dogs often look for food at night.
0,针线,zhēn xiàn,她拿出针线缝补破旧的衣服。,tā ná chū zhēn xiàn féng bǔ pò jiù de yī fu.,She took out a needle and thread to mend the worn clothes.
1,热忱,rè chén,她以满腔热忱投入工作。,tā yǐ mǎn qiāng rè chén tóu rù gōng zuò.,She throws herself into work with enthusiasm.
0,深浅,shēn qiǎn,下水之前先了解水的深浅。,xià shuǐ zhī qián xiān liǎo jiě shuǐ de shēn qiǎn.,Check the water's depth before entering.
2,壬子,rén zǐ,壬子是干支纪年的名称。,rén zǐ shì gān zhī jì nián de míng chēng.,Renzi is a year name in the traditional sixty-year cycle.
1,淫秽,yín huì,这本书因淫秽内容受到批评。,zhè běn shū yīn yín huì nèi róng shòu dào pī píng.,This book is criticized for its obscene content.
1,寝室,qǐn shì,她回到寝室整理书包。,tā huí dào qǐn shì zhěng lǐ shū bāo.,She returns to the dorm room to organize her schoolbag.
0,甚至,shèn zhì,他很忙，甚至顾不上吃午饭。,"tā hěn máng, shèn zhì gù bù shàng chī wǔ fàn.",He is so busy that he cannot even find time for lunch.
0,审查,shěn chá,工作人员正在审查申请材料。,gōng zuò rén yuán zhèng zài shěn chá shēn qǐng cái liào.,The staff are reviewing the application documents.
1,烹饪,pēng rèn,烹饪课开始了，请立刻集合。,"pēng rèn kè kāi shǐ le, qǐng lì kè jí hé.",The cooking class is beginning; please gather immediately.
2,丰稔,fēng rěn,村民盼望今年五谷丰稔。,cūn mín pàn wàng jīn nián wǔ gǔ fēng rěn.,The villagers hope for a bumper harvest this year.
2,沁人心脾,qìn rén xīn pí,清晨的花香沁人心脾。,qīng chén de huā xiāng qìn rén xīn pí.,The morning fragrance of flowers is refreshing.
2,斗笠,dǒu lì,农民戴着斗笠在田里干活。,nóng mín dài zhe dǒu lì zài tián lǐ gàn huó.,The farmer works in the field wearing a bamboo hat.
0,立刻,lì kè,烹饪课开始了，请立刻集合。,"pēng rèn kè kāi shǐ le, qǐng lì kè jí hé.",The cooking class is beginning; please gather immediately.
2,缉拿,jī ná,官府派人缉拿逃犯。,guān fǔ pài rén jī ná táo fàn.,The authorities send officers to arrest the fugitive.
0,集合,jí hé,烹饪课开始了，请立刻集合。,"pēng rèn kè kāi shǐ le, qǐng lì kè jí hé.",The cooking class is beginning; please gather immediately.
0,袭击,xí jī,士兵保持警惕，防止敌人突然袭击。,"shì bīng bǎo chí jǐng tì, fáng zhǐ dí rén tū rán xí jī.",The soldiers remain alert to prevent a surprise attack by the enemy.
0,果汁,guǒ zhī,果汁洒到枕头上，需要重新清洗。,"guǒ zhī sǎ dào zhěn tou shàng, xū yào chóng xīn qīng xǐ.","Fruit juice spilled onto the pillow, so it needs washing again."
0,执行,zhí xíng,执行任务前，十个队员在入口等候。,"zhí xíng rèn wù qián, shí gè duì yuán zài rù kǒu děng hòu.",Ten team members waited at the entrance before carrying out the assignment.
0,什锦,shí jǐn,她点了一盘什锦炒饭。,tā diǎn le yī pán shí jǐn chǎo fàn.,She orders mixed fried rice.
0,十个,shí gè,执行任务前，十个队员在入口等候。,"zhí xíng rèn wù qián, shí gè duì yuán zài rù kǒu děng hòu.",Ten team members waited at the entrance before carrying out the assignment.
0,拾取,shí qǔ,他弯腰拾取地上的树枝。,tā wān yāo shí qǔ dì shang de shù zhī.,He bends down to collect branches from the ground.
2,皱褶,zhòu zhě,裙子上有整齐的皱褶。,qún zi shàng yǒu zhěng qí de zhòu zhě.,The skirt has neat folds.
2,褶衣,xí yī,褶衣是古代的一种衣服。,xí yī shì gǔ dài de yī zhǒng yī fu.,Xiyi is a kind of ancient garment.
0,入口,rù kǒu,执行任务前，十个队员在入口等候。,"zhí xíng rèn wù qián, shí gè duì yuán zài rù kǒu děng hòu.",Ten team members waited at the entrance before carrying out the assignment.
2,廿,niàn,廿是二十的另一种写法。,niàn shì èr shí de lìng yī zhǒng xiě fǎ.,Nian is another way of writing twenty.
1,作揖,zuò yī,他向长辈拱手作揖。,tā xiàng zhǎng bèi gǒng shǒu zuò yī.,He bows to the elder with his hands clasped.
2,湛江,zhàn jiāng,她从湛江坐车回家。,tā cóng zhàn jiāng zuò chē huí jiā.,She takes a bus home from Zhanjiang.
0,沉重,chén zhòng,他提着沉重的行李。,tā tí zhe chén zhòng de xíng li.,He carries heavy luggage.
0,沈阳,shěn yáng,我们计划去沈阳旅行。,wǒ men jì huà qù shěn yáng lǚ xíng.,We plan to travel to Shenyang.
0,枕头,zhěn tou,果汁洒到枕头上，需要重新清洗。,"guǒ zhī sǎ dào zhěn tou shàng, xū yào chóng xīn qīng xǐ.","Fruit juice spilled onto the pillow, so it needs washing again."
0,枕戈待旦,zhěn gē dài dàn,守军枕戈待旦，时刻准备迎敌。,"shǒu jūn zhěn gē dài dàn, shí kè zhǔn bèi yíng dí.",The defenders remain ready for battle at any moment.
2,涔涔,cén cén,他的额头汗水涔涔。,tā de é tóu hàn shuǐ cén cén.,Sweat streams down his forehead.
0,人参,rén shēn,她买了一些人参送给长辈。,tā mǎi le yī xiē rén shēn sòng gěi zhǎng bèi.,She bought some ginseng to give to her elders.
0,参加,cān jiā,企业的董事正在参加会议。,qǐ yè de dǒng shì zhèng zài cān jiā huì yì.,The company's directors are attending a meeting.
0,大写三,dà xiě sān,叁是大写三的写法。,sān shì dà xiě sān de xiě fǎ.,San is the formal financial form of three.
0,黄金,huáng jīn,这枚戒指是用黄金做的。,zhè méi jiè zhi shì yòng huáng jīn zuò de.,This ring is made of gold.
1,衣襟,yī jīn,她把别针扣在衣襟上。,tā bǎ bié zhēn kòu zài yī jīn shàng.,She fastens a pin to the front of her jacket.
0,今天,jīn tiān,沏茶后，她决定结束今天的工作。,"qī chá hòu, tā jué dìng jié shù jīn tiān de gōng zuò.","After brewing tea, she decided to finish work for the day."
0,禁止,jìn zhǐ,商店禁止贩卖来源不明的药物。,shāng diàn jìn zhǐ fàn mài lái yuán bù míng de yào wù.,The shop prohibits selling medicine of unknown origin.
0,禁著,jīn zhuó,禁著在粤语中可以表示耐穿。,jīn zhuó zài yuè yǔ zhōng kě yǐ biǎo shì nài chuān.,Kam zoek can mean hard-wearing in Cantonese.
1,钦佩,qīn pèi,我钦佩她坚持不懈的精神。,wǒ qīn pèi tā jiān chí bù xiè de jīng shen.,I admire her persistence.
1,吟诗,yín shī,他在月下低声吟诗。,tā zài yuè xià dī shēng yín shī.,He softly recites poetry under the moon.
0,阴天,yīn tiān,今天是阴天，太阳没有露面。,"jīn tiān shì yīn tiān, tài yang méi yǒu lòu miàn.","It is cloudy today, and the sun has not appeared."
1,擒拿,qín ná,教练正在示范擒拿动作。,jiào liàn zhèng zài shì fàn qín ná dòng zuò.,The coach demonstrates grappling techniques.
0,弹琴,tán qín,她每天晚饭后练习弹琴。,tā měi tiān wǎn fàn hòu liàn xí tán qín.,She practices playing the instrument after dinner each day.
0,家禽,jiā qín,农场里养着多种家禽。,nóng chǎng lǐ yǎng zhe duō zhǒng jiā qín.,The farm raises several kinds of poultry.
2,朕,zhèn,古代皇帝常用朕自称。,gǔ dài huáng dì cháng yòng zhèn zì chēng.,Ancient emperors often called themselves zhen.
0,锦绣,jǐn xiù,绣娘织出了锦绣图案。,xiù niáng zhī chū le jǐn xiù tú àn.,The embroiderer creates beautiful brocade patterns.
0,饮水,yǐn shuǐ,长途步行时要留意饮水。,cháng tú bù xíng shí yào liú yì yǐn shuǐ.,Pay attention to drinking water on a long walk.
0,饮马,yǐn mǎ,他牵着马到河边饮马。,tā qiān zhe mǎ dào hé biān yǐn mǎ.,He leads the horse to the river to water it.
1,禀报,bǐng bào,侍卫向皇帝禀报消息。,shì wèi xiàng huáng dì bǐng bào xiāo xi.,The guard reports the news to the emperor.
0,品质,pǐn zhì,这家工厂严格检查产品品质。,zhè jiā gōng chǎng yán gé jiǎn chá chǎn pǐn pǐn zhì.,This factory checks product quality rigorously.
0,闯入,chuǎng rù,警察拘留了偷偷闯入仓库的人。,jǐng chá jū liú le tōu tōu chuǎng rù cāng kù de rén.,The police detained the person who secretly entered the warehouse.
0,渗透,shèn tòu,雨水慢慢渗透到土壤里。,yǔ shuǐ màn màn shèn tòu dào tǔ rǎng lǐ.,Rainwater slowly seeps into the soil.
2,树荫,shù yīn,晴天的正午，我们坐在树荫里吃饭。,"qíng tiān de zhèng wǔ, wǒ men zuò zài shù yīn lǐ chī fàn.","At noon on a sunny day, we ate in the shade of a tree."
2,惊蛰,jīng zhé,惊蛰是二十四节气之一。,jīng zhé shì èr shí sì jié qi zhī yī.,Jingzhe is one of the twenty-four solar terms.
1,羞涩,xiū sè,她羞涩地向大家问好。,tā xiū sè de xiàng dà jiā wèn hǎo.,She shyly greets everyone.
2,汲取,jí qǔ,我们从失败中汲取教训。,wǒ men cóng shī bài zhōng jí qǔ jiào xun.,We learn lessons from failure.
0,紧急,jǐn jí,紧急情况下，不要冷淡地拒绝帮助。,"jǐn jí qíng kuàng xià, bù yào lěng dàn de jù jué bāng zhù.","In an emergency, do not coldly refuse to help."
0,级别,jí bié,比赛分为三个不同的级别。,bǐ sài fēn wéi sān gè bù tóng de jí bié.,The competition is divided into three different levels.
2,岌岌可危,jí jí kě wēi,洪水让这座旧桥岌岌可危。,hóng shuǐ ràng zhè zuò jiù qiáo jí jí kě wēi.,The flood puts this old bridge in imminent danger.
1,城邑,chéng yì,古代城邑常有高大的城墙。,gǔ dài chéng yì cháng yǒu gāo dà de chéng qiáng.,Ancient towns often had high walls.
0,及时,jí shí,必须及时遏制疾病的传播。,bì xū jí shí è zhì jí bìng de chuán bō.,The spread of the disease must be contained promptly.
0,担水,dān shuǐ,他每天从井边担水回家。,tā měi tiān cóng jǐng biān dān shuǐ huí jiā.,He carries water home from the well each day.
0,重担,zhòng dàn,照顾全家的重担落在她肩上。,zhào gu quán jiā de zhòng dàn luò zài tā jiān shàng.,The burden of caring for the family falls on her shoulders.
0,冷淡,lěng dàn,紧急情况下，不要冷淡地拒绝帮助。,"jǐn jí qíng kuàng xià, bù yào lěng dàn de jù jué bāng zhù.","In an emergency, do not coldly refuse to help."
0,淡薄,dàn bó,多年后，他对这事的记忆淡薄了。,"duō nián hòu, tā duì zhè shì de jì yì dàn bó le.",His memory of this has faded over the years.
0,谈话,tán huà,谈话结束后，他提醒对方不要随地吐痰。,"tán huà jié shù hòu, tā tí xǐng duì fāng bù yào suí dì tǔ tán.","After the conversation, he reminded the other person not to spit on the ground."
0,吐痰,tǔ tán,谈话结束后，他提醒对方不要随地吐痰。,"tán huà jié shù hòu, tā tí xǐng duì fāng bù yào suí dì tǔ tán.","After the conversation, he reminded the other person not to spit on the ground."
2,澹泊,dàn bó,他过着澹泊宁静的生活。,tā guò zhe dàn bó níng jìng de shēng huó.,He leads a quiet life free of worldly ambition.
0,蓝色,lán sè,她挑选了一件蓝色外套。,tā tiāo xuǎn le yī jiàn lán sè wài tào.,She chose a blue coat.
0,篮球,lán qiú,三个孩子在练习投篮球。,sān gè hái zi zài liàn xí tóu lán qiú.,Three children are practicing shooting a basketball.
0,三个,sān gè,三个孩子在练习投篮球。,sān gè hái zi zài liàn xí tóu lán qiú.,Three children are practicing shooting a basketball.
1,柑橘,gān jú,水果摊摆满了新鲜柑橘。,shuǐ guǒ tān bǎi mǎn le xīn xiān gān jú.,The fruit stall is full of fresh citrus fruit.
0,甘甜,gān tián,泉水清凉而甘甜。,quán shuǐ qīng liáng ér gān tián.,The spring water is cool and sweet.
1,憨厚,hān hou,邻居是个憨厚的年轻人。,lín jū shì gè hān hou de nián qīng rén.,The neighbor is a simple and honest young man.
1,酣睡,hān shuì,孩子在床上安静地酣睡。,hái zi zài chuáng shàng ān jìng de hān shuì.,The child sleeps soundly in bed.
0,胆量,dǎn liàng,他有胆量说出真话，虽然很胆怯。,"tā yǒu dǎn liàng shuō chū zhēn huà, suī rán hěn dǎn qiè.","Despite feeling timid, he had the courage to tell the truth."
0,毛毯,máo tǎn,难民在营地里得到了食物和毛毯。,nàn mín zài yíng dì lǐ dé dào le shí wù hé máo tǎn.,The refugees received food and blankets at the camp.
1,包揽,bāo lǎn,这位选手包揽了三项冠军。,zhè wèi xuǎn shǒu bāo lǎn le sān xiàng guàn jūn.,This athlete wins all three titles.
1,橄榄,gǎn lǎn,橄榄从树上落下，掉进篮子里。,"gǎn lǎn cóng shù shàng luò xià, diào jìn lán zi lǐ.",An olive fell from the tree into the basket.
0,呼喊,hū hǎn,她朝远处大声呼喊。,tā cháo yuǎn chù dà shēng hū hǎn.,She calls loudly into the distance.
0,暂时,zàn shí,他根本没有安顿好，暂时不能出差。,"tā gēn běn méi yǒu ān dùn hǎo, zàn shí bù néng chū chāi.",He has not settled in at all and cannot travel for work yet.
2,俯瞰,fǔ kàn,从山顶可以俯瞰整个村庄。,cóng shān dǐng kě yǐ fǔ kàn zhěng gè cūn zhuāng.,You can overlook the whole village from the summit.
2,床榻,chuáng tà,窗边放着一张旧床榻。,chuāng biān fàng zhe yī zhāng jiù chuáng tà.,An old bed stands beside the window.
0,搭配,dā pèi,这件上衣可以搭配蓝色长裤。,zhè jiàn shàng yī kě yǐ dā pèi lán sè cháng kù.,This top goes with blue trousers.
0,宝塔,bǎo tǎ,山上耸立着一座宝塔。,shān shàng sǒng lì zhe yī zuò bǎo tǎ.,A pagoda rises on the mountain.
1,糟蹋,zāo tà,别糟蹋这些新鲜的粮食。,bié zāo tà zhè xiē xīn xiān de liáng shi.,Do not waste this fresh grain.
0,腊月,là yuè,到了腊月，家家开始准备过年。,"dào le là yuè, jiā jiā kāi shǐ zhǔn bèi guò nián.",Families begin preparing for New Year in the twelfth lunar month.
2,砝码,fǎ mǎ,请把砝码放回盒子里。,qǐng bǎ fǎ mǎ fàng huí hé zi lǐ.,Please put the weights back in the box.
0,水闸,shuǐ zhá,工人打开水闸放水。,gōng rén dǎ kāi shuǐ zhá fàng shuǐ.,The workers open the sluice to release water.
2,嗑瓜子,kē guā zi,大家一边聊天一边嗑瓜子。,dà jiā yī biān liáo tiān yī biān kē guā zi.,Everyone chats while cracking melon seeds.
2,阖家,hé jiā,祝愿你们阖家平安幸福。,zhù yuàn nǐ men hé jiā píng ān xìng fú.,I wish your whole family peace and happiness.
0,严格,yán gé,严格的教练要求大家按时集合。,yán gé de jiào liàn yāo qiú dà jiā àn shí jí hé.,The strict coach required everyone to gather on time.
2,俨然,yǎn rán,他俨然成了大家的领队。,tā yǎn rán chéng le dà jiā de lǐng duì.,He has practically become everyone's leader.
0,欠缺,qiàn quē,她的计划还欠缺一些细节。,tā de jì huà hái qiàn quē yī xiē xì jié.,Her plan still lacks some details.
1,胆怯,dǎn qiè,他有胆量说出真话，虽然很胆怯。,"tā yǒu dǎn liàng shuō chū zhēn huà, suī rán hěn dǎn qiè.","Despite feeling timid, he had the courage to tell the truth."
0,作业,zuò yè,孩子想去玩，但先要写完作业。,"hái zi xiǎng qù wán, dàn xiān yào xiě wán zuò yè.",The child wants to go out and play but must finish the homework first.
0,帆船,fān chuán,河水泛滥，岸边的帆船漂了出去。,"hé shuǐ fàn làn, àn biān de fān chuán piāo le chū qù.","The river overflowed, and the sailboat by the bank drifted away."
0,平凡,píng fán,这是一位平凡而勤劳的农民。,zhè shì yī wèi píng fán ér qín láo de nóng mín.,"This is an ordinary, hardworking farmer."
0,泛滥,fàn làn,河水泛滥，岸边的帆船漂了出去。,"hé shuǐ fàn làn, àn biān de fān chuán piāo le chū qù.","The river overflowed, and the sailboat by the bank drifted away."
0,规范,guī fàn,请按规范填写这张表。,qǐng àn guī fàn tián xiě zhè zhāng biǎo.,Please fill in this form according to the instructions.
0,广泛,guǎng fàn,广泛阅读能弥补知识的缺乏。,guǎng fàn yuè dú néng mí bǔ zhī shi de quē fá.,Reading widely can make up for gaps in knowledge.
0,缺乏,quē fá,广泛阅读能弥补知识的缺乏。,guǎng fàn yuè dú néng mí bǔ zhī shi de quē fá.,Reading widely can make up for gaps in knowledge.
0,太监,tài jiàn,故事中的太监在宫里当差。,gù shi zhōng de tài jiàn zài gōng lǐ dāng chāi.,The eunuch in the story serves in the palace.
0,借鉴,jiè jiàn,我们可以借鉴他们的经验。,wǒ men kě yǐ jiè jiàn tā men de jīng yàn.,We can learn from their experience.
0,鉴别,jiàn bié,专家帮助我们鉴别古画。,zhuān jiā bāng zhù wǒ men jiàn bié gǔ huà.,The expert helps us authenticate the old painting.
0,岩石,yán shí,鸭子站在岩石上，轻轻拍动翅膀。,"yā zi zhàn zài yán shí shàng, qīng qīng pāi dòng chì bǎng.",The duck stands on a rock and gently flaps its wings.
0,头衔,tóu xián,他获得了优秀教师的头衔。,tā huò dé le yōu xiù jiào shī de tóu xián.,He receives the title of outstanding teacher.
0,舰队,jiàn duì,舰队驶向辽阔的海洋。,jiàn duì shǐ xiàng liáo kuò de hǎi yáng.,The fleet sails toward the open sea.
2,牛槛,niú kǎn,牛槛指用来关牛的栏圈。,niú kǎn zhǐ yòng lái guān niú de lán quān.,Niujian refers to an enclosure for cattle.
2,门槛,mén kǎn,进门时小心脚下的门槛。,jìn mén shí xiǎo xīn jiǎo xià de mén kǎn.,Watch the threshold as you enter.
0,指甲,zhǐ jia,她用指甲刀修剪指甲。,tā yòng zhǐ jia dāo xiū jiǎn zhǐ jia.,She trims her fingernails with nail clippers.
1,匣子,xiá zi,她打开匣子取出一封旧信。,tā dǎ kāi xiá zi qǔ chū yī fēng jiù xìn.,She opens the small box and takes out an old letter.
0,鸭子,yā zi,鸭子站在岩石上，轻轻拍动翅膀。,"yā zi zhàn zài yán shí shàng, qīng qīng pāi dòng chì bǎng.",The duck stands on a rock and gently flaps its wings.
0,压力,yā lì,工作太忙，让他感到很大压力。,"gōng zuò tài máng, ràng tā gǎn dào hěn dà yā lì.",Being so busy at work makes him feel under great pressure.
0,押送,yā sòng,几名士兵押送犯人出城。,jǐ míng shì bīng yā sòng fàn rén chū chéng.,Several soldiers escort the prisoner out of town.
1,搀扶,chān fú,她搀扶老人慢慢下楼。,tā chān fú lǎo rén màn màn xià lóu.,She supports the old person down the stairs.
0,馋嘴,chán zuǐ,馋嘴的小猫盯着盘里的鱼。,chán zuǐ de xiǎo māo dīng zhe pán lǐ de yú.,The greedy kitten watches the fish on the plate.
1,杉树,shān shù,山坡上种着一排杉树。,shān pō shàng zhòng zhe yī pái shān shù.,A row of fir trees grows on the hillside.
1,掺杂,chān zá,这袋米里掺杂着小石子。,zhè dài mǐ lǐ chān zá zhe xiǎo shí zǐ.,Small stones are mixed into this bag of rice.
2,缄默,jiān mò,听完这个消息，他保持缄默。,"tīng wán zhè ge xiāo xi, tā bǎo chí jiān mò.",He remains silent after hearing the news.
0,咸味,xián wèi,这碗汤的咸味有些重。,zhè wǎn tāng de xián wèi yǒu xiē zhòng.,This soup tastes a little too salty.
0,咸阳,xián yáng,他坐火车去咸阳。,tā zuò huǒ chē qù xián yáng.,He takes a train to Xianyang.
2,黯然,àn rán,他失望地黯然离开。,tā shī wàng de àn rán lí kāi.,He leaves sadly in disappointment.
0,斩断,zhǎn duàn,他用刀斩断了绳子。,tā yòng dāo zhǎn duàn le shéng zi.,He cuts the rope with a knife.
0,减少,jiǎn shǎo,我们希望减少污染，保护周围环境。,"wǒ men xī wàng jiǎn shǎo wū rǎn, bǎo hù zhōu wéi huán jìng.",We hope to reduce pollution and protect our surroundings.
0,车站,chē zhàn,我在车站遗失了家里的钥匙。,wǒ zài chē zhàn yí shī le jiā lǐ de yào shi.,I lost my house keys at the station.
1,蘸酱,zhàn jiàng,这块烤肉可以蘸酱吃。,zhè kuài kǎo ròu kě yǐ zhàn jiàng chī.,You can dip this grilled meat in sauce.
0,陷入,xiàn rù,灯泡爆炸以后，房间陷入黑暗。,"dēng pào bào zhà yǐ hòu, fáng jiān xiàn rù hēi àn.","After the light bulb exploded, the room became dark."
0,眨眼,zhǎ yǎn,她朝我眨眼，示意我别出声。,"tā cháo wǒ zhǎ yǎn, shì yì wǒ bié chū shēng.",She winked at me to signal that I should keep quiet.
0,插入,chā rù,把钥匙插入锁孔再转动。,bǎ yào shi chā rù suǒ kǒng zài zhuǎn dòng.,"Insert the key into the lock, then turn it."
0,夹杂,jiā zá,人群中夹杂着几个孩子。,rén qún zhōng jiā zá zhe jǐ ge hái zi.,A few children are mixed into the crowd.
1,掐住,qiā zhù,她用手指掐住气球口。,tā yòng shǒu zhǐ qiā zhù qì qiú kǒu.,She pinches the mouth of the balloon shut.
0,恰当,qià dàng,这句话用在这里很恰当。,zhè jù huà yòng zài zhè lǐ hěn qià dàng.,This sentence fits here very well.
0,融洽,róng qià,同学之间相处得十分融洽。,tóng xué zhī jiān xiāng chǔ dé shí fēn róng qià.,The classmates get along very well.
0,海峡,hǎi xiá,轮船正在穿过海峡。,lún chuán zhèng zài chuān guò hǎi xiá.,The ship is passing through the strait.
1,凹凸,āo tū,这条小路凹凸不平。,zhè tiáo xiǎo lù āo tū bù píng.,This little path is uneven.
0,廉洁,lián jié,他为人廉洁，不收礼物。,"tā wéi rén lián jié, bù shōu lǐ wù.",He is incorruptible and accepts no gifts.
0,镰刀,lián dāo,农民拿着镰刀收割庄稼。,nóng mín ná zhe lián dāo shōu gē zhuāng jia.,The farmer harvests crops with a sickle.
0,窗帘,chuāng lián,窗帘的标签写着清洗方法。,chuāng lián de biāo qiān xiě zhe qīng xǐ fāng fǎ.,The curtain's label gives instructions for washing it.
0,渐车帷裳,jiān chē wéi cháng,渐车帷裳说水浸湿了车帘。,Jiān chē wéi cháng shuō shuǐ jìn shī le chē lián.,Jian che wei chang describes water soaking a carriage curtain.
1,碱性,jiǎn xìng,这种溶液呈碱性。,zhè zhǒng róng yè chéng jiǎn xìng.,This solution is alkaline.
0,脸色,liǎn sè,走廊里站着一位脸色苍白的老人。,zǒu láng lǐ zhàn zhe yī wèi liǎn sè cāng bái de lǎo rén.,An elderly person with a pale face stands in the corridor.
0,标签,biāo qiān,窗帘的标签写着清洗方法。,chuāng lián de biāo qiān xiě zhe qīng xǐ fāng fǎ.,The curtain's label gives instructions for washing it.
0,潜水,qián shuǐ,潜水时，他发现了沉船的残骸。,"qián shuǐ shí, tā fā xiàn le chén chuán de cán hái.","While diving, he discovered the remains of a sunken ship."
0,纤细,xiān xì,她有一双纤细的手。,tā yǒu yī shuāng xiān xì de shǒu.,She has slender hands.
2,詹,zhān,这位医生姓詹。,zhè wèi yī shēng xìng zhān.,This doctor's surname is Zhan.
1,瞻仰,zhān yǎng,游客来到纪念堂瞻仰遗像。,yóu kè lái dào jì niàn táng zhān yǎng yí xiàng.,Visitors come to the memorial hall to pay respects to the portrait.
0,占领,zhàn lǐng,军队占领了这座城堡。,jūn duì zhàn lǐng le zhè zuò chéng bǎo.,The army occupied this castle.
2,冉冉,rǎn rǎn,红旗在晨风中冉冉升起。,hóng qí zài chén fēng zhōng rǎn rǎn shēng qǐ.,The red flag slowly rises in the morning breeze.
0,食盐,shí yán,她往汤里加了一点食盐。,tā wǎng tāng lǐ jiā le yī diǎn shí yán.,She adds a little salt to the soup.
1,阎罗,yán luó,阎罗是佛教传说中的冥王。,yán luó shì fó jiào chuán shuō zhōng de míng wáng.,Yanluo is the king of the underworld in Buddhist tradition.
0,捡起,jiǎn qǐ,绅士弯腰捡起女士掉落的手帕。,shēn shì wān yāo jiǎn qǐ nǚ shì diào luò de shǒu pà.,The gentleman bent down to pick up the lady's dropped handkerchief.
1,收敛,shōu liǎn,受到提醒后，他收敛了脾气。,"shòu dào tí xǐng hòu, tā shōu liǎn le pí qi.",He restrains his temper after being reminded.
0,陕西,shǎn xī,她在陕西读大学。,tā zài shǎn xī dú dà xué.,She attends university in Shaanxi.
0,闪电,shǎn diàn,闪电亮起后，雷鸣立刻传来。,"shǎn diàn liàng qǐ hòu, léi míng lì kè chuán lái.","After the lightning flashed, thunder immediately followed."
0,传染,chuán rǎn,这种病会传染，需要及时处理。,"zhè zhǒng bìng huì chuán rǎn, xū yào jí shí chǔ lǐ.",This illness is contagious and needs prompt attention.
0,厌恶,yàn wù,我厌恶欺骗，尤其是涉及金钱的谎言。,"wǒ yàn wù qī piàn, yóu qí shì shè jí jīn qián de huǎng yán.","I dislike deception, especially lies involving money."
2,殓葬,liàn zàng,家人为老人安排殓葬事宜。,jiā rén wèi lǎo rén ān pái liàn zàng shì yí.,The family arranges the old person's burial.
2,堑壕,qiàn háo,士兵沿着堑壕前进。,shì bīng yán zhe qiàn háo qián jìn.,The soldiers advance along the trench.
0,鲜艳,xiān yàn,她穿着一件颜色鲜艳的裙子。,tā chuān zhe yī jiàn yán sè xiān yàn de qún zi.,She wears a brightly colored dress.
2,睫毛,jié máo,小宝宝的睫毛又长又密。,xiǎo bǎo bǎo de jié máo yòu cháng yòu mì.,The baby's eyelashes are long and thick.
2,妾侍,qiè shì,书中描写了古代妾侍的生活。,shū zhōng miáo xiě le gǔ dài qiè shì de shēng huó.,The book describes the lives of concubines in ancient times.
2,慑服,shè fú,他想用武力慑服对手。,tā xiǎng yòng wǔ lì shè fú duì shǒu.,He wants to intimidate his opponent into submission by force.
0,涉及,shè jí,我厌恶欺骗，尤其是涉及金钱的谎言。,"wǒ yàn wù qī piàn, yóu qí shì shè jí jīn qián de huǎng yán.","I dislike deception, especially lies involving money."
0,拍摄,pāi shè,拍摄时，水已淹没了半个村庄。,"pāi shè shí, shuǐ yǐ yān mò le bàn ge cūn zhuāng.","During filming, water had already flooded half the village."
2,笑靥,xiào yè,听到好消息，她露出了笑靥。,"tīng dào hǎo xiāo xī, tā lù chū le xiào yè.",She smiles on hearing the good news.
0,树叶,shù yè,树叶遮蔽了窗口，房间有些黑暗。,"shù yè zhē bì le chuāng kǒu, fáng jiān yǒu xiē hēi àn.","The leaves screened the window, making the room rather dark."
0,粘贴,zhān tiē,请把这张纸粘贴到墙上。,qǐng bǎ zhè zhāng zhǐ zhān tiē dào qiáng shàng.,Please paste this paper onto the wall.
0,沾光,zhān guāng,多亏朋友帮忙，我也沾光了。,"duō kuī péng you bāng máng, wǒ yě zhān guāng le.","Thanks to my friend's help, I benefit too."
0,淹没,yān mò,拍摄时，水已淹没了半个村庄。,"pāi shè shí, shuǐ yǐ yān mò le bàn ge cūn zhuāng.","During filming, water had already flooded half the village."
1,腌制,yān zhì,奶奶正在腌制萝卜。,nǎi nai zhèng zài yān zhì luó bo.,Grandma is pickling radishes.
0,发炎,fā yán,医生说伤口有些发炎。,yī shēng shuō shāng kǒu yǒu xiē fā yán.,The doctor says the wound is slightly inflamed.
0,钳子,qián zi,他用钳子拔出了木板上的钉子。,tā yòng qián zi bá chū le mù bǎn shàng de dīng zi.,He pulled the nails out of the wooden board with pliers.
2,谄媚,chǎn mèi,他用谄媚的话讨好上司。,tā yòng chǎn mèi de huà tǎo hǎo shàng si.,He uses flattering words to please his boss.
2,眼睑,yǎn jiǎn,她轻轻闭上眼睑。,tā qīng qīng bì shang yǎn jiǎn.,She gently closes her eyelids.
0,宽广,kuān guǎng,眼前是一片宽广的草原。,yǎn qián shì yī piàn kuān guǎng de cǎo yuán.,A vast grassland stretches before us.
0,惊险,jīng xiǎn,电影中的追逐场面十分惊险。,diàn yǐng zhōng de zhuī zhú chǎng miàn shí fēn jīng xiǎn.,The chase scene in the film is thrilling.
0,掩盖,yǎn gài,他想用谎言掩盖自己的错误。,tā xiǎng yòng huǎng yán yǎn gài zì jǐ de cuò wù.,He wants to cover up his mistake with lies.
1,奄奄一息,yǎn yǎn yī xī,受伤的小鸟已经奄奄一息。,shòu shāng de xiǎo niǎo yǐ jīng yǎn yǎn yī xī.,The injured little bird is barely alive.
1,奄有,yǎn yǒu,奄有在古文中指全部占有。,yǎn yǒu zài gǔ wén zhōng zhǐ quán bù zhàn yǒu.,Yanyou means possessing everything in classical Chinese.
1,贬低,biǎn dī,别为了争胜而贬低别人。,bié wèi le zhēng shèng ér biǎn dī bié ren.,Do not belittle others just to win.
0,节俭,jié jiǎn,爷爷一直过着节俭的生活。,yé ye yī zhí guò zhe jié jiǎn de shēng huó.,Grandpa has always lived frugally.
0,经验,jīng yàn,住在郊区的朋友经常交流养花经验。,zhù zài jiāo qū de péng you jīng cháng jiāo liú yǎng huā jīng yàn.,Friends living in the suburbs often exchange gardening tips.
1,俺,ǎn,俺明天去村里赶集。,ǎn míng tiān qù cūn lǐ gǎn jí.,I'm going to the village market tomorrow.
2,蹑手蹑脚,niè shǒu niè jiǎo,她蹑手蹑脚地走进卧室，怕吵醒孩子。,"tā niè shǒu niè jiǎo de zǒu jìn wò shì, pà chǎo xǐng hái zi.",She tiptoed into the bedroom to avoid waking the child.
1,聂,niè,这位同学姓聂。,zhè wèi tóng xué xìng niè.,This student's surname is Nie.
2,动辄,dòng zhé,他动辄发火，让人难以相处。,"tā dòng zhé fā huǒ, ràng rén nán yǐ xiāng chǔ.",He flares up easily and is hard to get along with.
1,霎时,shà shí,雨霎时就停了。,yǔ shà shí jiù tíng le.,The rain stops in an instant.
0,添加,tiān jiā,请添加一点盐，再尝一尝味道。,"qǐng tiān jiā yī diǎn yán, zài cháng yī cháng wèi dao.",Please add a little salt and taste it again.
1,恬静,tián jìng,她脸上露出恬静的微笑。,tā liǎn shàng lù chū tián jìng de wēi xiào.,A peaceful smile appears on her face.
0,甜蜜,tián mì,他们度过了甜蜜的假期。,tā men dù guò le tián mì de jià qī.,They enjoyed a happy holiday together.
2,拈花惹草,niān huā rě cǎo,拈花惹草常比喻随意挑逗异性。,niān huā rě cǎo cháng bǐ yù suí yì tiǎo dòu yì xìng.,Nianhua recao often means flirting irresponsibly with others.
2,拈线,niān xiàn,奶奶坐在窗边慢慢拈线。,nǎi nai zuò zài chuāng biān màn màn niān xiàn.,Grandma slowly twists thread by the window.
0,兼任,jiān rèn,他兼任两个班的班主任。,tā jiān rèn liǎng gè bān de bān zhǔ rèn.,He serves as the homeroom teacher for two classes.
0,谦虚,qiān xū,她谦虚地向老师请教。,tā qiān xū de xiàng lǎo shī qǐng jiào.,She humbly asked the teacher for advice.
0,嫌弃,xián qì,她从不嫌弃这间小屋。,tā cóng bù xián qì zhè jiān xiǎo wū.,She never looks down on this little house.
1,玷污,diàn wū,谎言玷污了他的名声。,huǎng yán diàn wū le tā de míng shēng.,The lies tarnished his reputation.
0,点心,diǎn xin,肚子饿了，就先吃一点点心。,"dù zi è le, jiù xiān chī yī diǎn diǎn xin.",Have a little snack if you are hungry.
0,道歉,dào qiàn,他为自己的迟到向老师道歉。,tā wèi zì jǐ de chí dào xiàng lǎo shī dào qiàn.,He apologized to the teacher for being late.
0,垫子,diàn zi,我把垫子放好，躺下想念家人。,"wǒ bǎ diàn zi fàng hǎo, tǎng xià xiǎng niàn jiā rén.","I arranged the mat and lay down, thinking fondly of my family."
0,想念,xiǎng niàn,我把垫子放好，躺下想念家人。,"wǒ bǎ diàn zi fàng hǎo, tǎng xià xiǎng niàn jiā rén.","I arranged the mat and lay down, thinking fondly of my family."
0,字帖,zì tiè,他照着字帖练习写字。,tā zhào zhe zì tiè liàn xí xiě zì.,He practices handwriting from a copybook.
0,蝴蝶,hú dié,孩子把纸折叠成一只蝴蝶。,hái zi bǎ zhǐ zhé dié chéng yī zhī hú dié.,The child folded the paper into a butterfly.
0,补贴,bǔ tiē,这笔补贴可以用来交房租。,zhè bǐ bǔ tiē kě yǐ yòng lái jiāo fáng zū.,This allowance can be used to pay rent.
0,折叠,zhé dié,孩子把纸折叠成一只蝴蝶。,hái zi bǎ zhǐ zhé dié chéng yī zhī hú dié.,The child folded the paper into a butterfly.
2,喋喋不休,dié dié bù xiū,他一路喋喋不休地讲着故事。,tā yī lù dié dié bù xiū de jiǎng zhe gù shi.,He tells stories nonstop throughout the journey.
2,汗流浃背,hàn liú jiā bèi,爬到山顶时，大家汗流浃背。,"pá dào shān dǐng shí, dà jiā hàn liú jiā bèi.",Everyone is drenched in sweat at the summit.
1,脸颊,liǎn jiá,妈妈用手轻轻碰了孩子的脸颊。,mā ma yòng shǒu qīng qīng pèng le hái zi de liǎn jiá.,Mom gently touched the child's cheek with her hand.
1,豆荚,dòu jiá,这些豆荚里有饱满的豆子。,zhè xiē dòu jiá lǐ yǒu bǎo mǎn de dòu zi.,These pods contain plump beans.
2,惬意,qiè yì,坐在树下喝茶真惬意。,zuò zài shù xià hē chá zhēn qiè yì.,Drinking tea under the tree is relaxing.
1,挟持,xié chí,歹徒挟持了店里的顾客。,dǎi tú xié chí le diàn lǐ de gù kè.,The criminal takes the customers hostage.
1,侠客,xiá kè,故事中的侠客行走江湖。,gù shi zhōng de xiá kè xíng zǒu jiāng hú.,The knight-errant in the story travels far and wide.
0,协助,xié zhù,请协助整理文件，别耽误会议。,"qǐng xié zhù zhěng lǐ wén jiàn, bié dān wu huì yì.",Please help organize the documents so the meeting is not delayed.
0,耽误,dān wu,请协助整理文件，别耽误会议。,"qǐng xié zhù zhěng lǐ wén jiàn, bié dān wu huì yì.",Please help organize the documents so the meeting is not delayed.
0,探索,tàn suǒ,孩子们在林中探索自然。,hái zi men zài lín zhōng tàn suǒ zì rán.,The children explore nature in the woods.
0,贪婪,tān lán,贪婪的男人拿走了所有金钱。,tān lán de nán rén ná zǒu le suǒ yǒu jīn qián.,The greedy man took all the money.
1,谭,tán,我们的教练姓谭。,wǒ men de jiào liàn xìng tán.,Our coach's surname is Tan.
2,虎视眈眈,hǔ shì dān dān,狼在远处虎视眈眈地盯着羊。,láng zài yuǎn chù hǔ shì dān dān de dīng zhe yáng.,The wolf watches the sheep hungrily from a distance.
1,深潭,shēn tán,山谷里藏着一处深潭。,shān gǔ lǐ cáng zhe yī chù shēn tán.,A deep pool lies hidden in the valley.
0,南方,nán fāng,她准备到南方过冬。,tā zhǔn bèi dào nán fāng guò dōng.,She plans to spend the winter in the south.
2,楠木,nán mù,这张旧桌子是用楠木做的。,zhè zhāng jiù zhuō zi shì yòng nán mù zuò de.,This old table is made of nanmu wood.
0,男人,nán rén,贪婪的男人拿走了所有金钱。,tān lán de nán rén ná zǒu le suǒ yǒu jīn qián.,The greedy man took all the money.
2,岚气,lán qì,清晨的山间弥漫着岚气。,qīng chén de shān jiān mí màn zhe lán qì.,Mountain mist fills the air at dawn.
0,蚕丝,cán sī,这条围巾是用蚕丝织的。,zhè tiáo wéi jīn shì yòng cán sī zhī de.,This scarf is woven from silk.
0,不堪,bù kān,这份工作太辛苦，他已经不堪重负。,"zhè fèn gōng zuò tài xīn kǔ, tā yǐ jīng bù kān zhòng fù.",This work is so demanding that he can no longer bear the burden.
2,佛龛,fó kān,墙上设有一个小佛龛。,qiáng shàng shè yǒu yī ge xiǎo fó kān.,A small Buddhist shrine is set into the wall.
1,信函,xìn hán,她收到了一封正式信函。,tā shōu dào le yī fēng zhèng shì xìn hán.,She receives an official letter.
1,涵养,hán yǎng,他说话温和，很有涵养。,"tā shuō huà wēn hé, hěn yǒu hán yǎng.",He speaks gently and is well-mannered.
0,包含,bāo hán,礼物包含一张卡片，让他十分感激。,"lǐ wù bāo hán yī zhāng kǎ piàn, ràng tā shí fēn gǎn jī.","The gift includes a card, leaving him very grateful."
1,尼庵,ní ān,山脚下有一座安静的尼庵。,shān jiǎo xià yǒu yī zuò ān jìng de ní ān.,A quiet Buddhist nunnery stands at the foot of the mountain.
2,谙熟,ān shú,他谙熟这一带的地形。,tā ān shú zhè yī dài de dì xíng.,He knows this area's terrain thoroughly.
1,缆绳,lǎn shéng,水手把缆绳系在码头上。,shuǐ shǒu bǎ lǎn shéng xì zài mǎ tou shàng.,The sailor ties the mooring rope to the pier.
0,悲惨,bēi cǎn,他讲述了一个悲惨的故事。,tā jiǎng shù le yī ge bēi cǎn de gù shi.,He tells a tragic story.
0,感激,gǎn jī,礼物包含一张卡片，让他十分感激。,"lǐ wù bāo hán yī zhāng kǎ piàn, ràng tā shí fēn gǎn jī.","The gift includes a card, leaving him very grateful."
1,震撼,zhèn hàn,壮丽的景色让她感到震撼。,zhuàng lì de jǐng sè ràng tā gǎn dào zhèn hàn.,The magnificent scenery left her awestruck.
1,勘察,kān chá,工程师正在勘察施工地点。,gōng chéng shī zhèng zài kān chá shī gōng dì diǎn.,The engineers survey the construction site.
1,遗憾,yí hàn,没能见到老友，她很遗憾。,"méi néng jiàn dào lǎo yǒu, tā hěn yí hàn.",She regrets not being able to see her old friend.
0,黑暗,hēi àn,灯泡爆炸以后，房间陷入黑暗。,"dēng pào bào zhà yǐ hòu, fáng jiān xiàn rù hēi àn.","After the light bulb exploded, the room became dark."
0,回答,huí dá,孩子回答问题后，看着窗外的鸽子。,"hái zi huí dá wèn tí hòu, kàn zhe chuāng wài de gē zi.","After answering the question, the child watched the pigeons outside."
0,践踏,jiàn tà,请不要践踏草坪。,qǐng bù yào jiàn tà cǎo píng.,Please do not trample the lawn.
2,杂沓,zá tà,门外传来杂沓的脚步声。,mén wài chuán lái zá tà de jiǎo bù shēng.,A jumble of footsteps sounds outside the door.
0,采纳,cǎi nà,老师采纳了大家的建议。,lǎo shī cǎi nà le dà jiā de jiàn yì.,The teacher adopts everyone's suggestion.
0,拉扯,lā che,别拉扯弟弟的衣服。,bié lā che dì di de yī fu.,Do not tug at your little brother's clothes.
0,混杂,hùn zá,这两种颜色混杂在一起。,zhè liǎng zhǒng yán sè hùn zá zài yī qǐ.,These two colors are mixed together.
2,卅,sà,卅是三十的另一种写法。,sà shì sān shí de lìng yī zhǒng xiě fǎ.,Sa is another way of writing thirty.
0,鸽子,gē zi,孩子回答问题后，看着窗外的鸽子。,"hái zi huí dá wèn tí hòu, kàn zhe chuāng wài de gē zi.","After answering the question, the child watched the pigeons outside."
0,合眼,hé yǎn,他累得刚合眼就睡着了。,tā lèi de gāng hé yǎn jiù shuì zháo le.,He falls asleep as soon as he closes his tired eyes.
0,边门,biān mén,客人从院子的边门进来。,kè rén cóng yuàn zi de biān mén jìn lái.,The guest enters through the courtyard's side gate.
1,圆蛤,yuán há,古诗中的圆蛤是一种蛙。,Gǔ shī zhōng de yuán há shì yī zhǒng wā.,Yuanha in classical poetry is a kind of frog.
0,哈欠,hā qian,他打了个哈欠，说自己想休息。,"tā dǎ le gè hā qian, shuō zì jǐ xiǎng xiū xi.",He yawned and said he wanted a rest.
0,盒子,hé zi,盒子里仅仅剩下一支铅笔。,hé zi lǐ jǐn jǐn shèng xià yī zhī qiān bǐ.,Only one pencil remains in the box.
0,合格,hé gé,检查合格以后，产品才装进盒子。,"jiǎn chá hé gé yǐ hòu, chǎn pǐn cái zhuāng jìn hé zi.",The products are packed into boxes only after passing inspection.
0,容量单位,róng liàng dān wèi,合可以作古代的容量单位。,Gě kě yǐ zuò gǔ dài de róng liàng dān wèi.,Ge can be an ancient unit of capacity.
2,囫囵,hú lún,别把话囫囵听过就忘了。,bié bǎ huà hú lún tīng guò jiù wàng le.,Do not half-listen to the words and then forget them.
0,垃圾,lā jī,请把垃圾扔进垃圾桶。,qǐng bǎ lā jī rēng jìn lā jī tǒng.,Please put the rubbish in the bin.
1,歹徒,dǎi tú,歹徒被赶来的警察制伏。,dǎi tú bèi gǎn lái de jǐng chá zhì fú.,The criminal is subdued by the arriving police.
2,深圳,shēn zhèn,他坐高铁去深圳出差。,tā zuò gāo tiě qù shēn zhèn chū chāi.,He takes a high-speed train to Shenzhen for work.
0,享受,xiǎng shòu,青年坐在客厅，享受片刻的安宁。,"qīng nián zuò zài kè tīng, xiǎng shòu piàn kè de ān níng.","The young man sits in the living room, enjoying a moment of peace."
0,踩踏,cǎi tà,花坛被游客踩踏坏了。,huā tán bèi yóu kè cǎi tà huài le.,Visitors trample and damage the flower bed.
2,踮脚,diǎn jiǎo,她踮脚去够架上的杯子。,tā diǎn jiǎo qù gòu jià shàng de bēi zi.,She stands on tiptoe to reach the cup on the shelf.
1,踊跃,yǒng yuè,同学们踊跃报名参加活动。,tóng xué men yǒng yuè bào míng cān jiā huó dòng.,The students eagerly sign up for the activity.
1,鸵鸟,tuó niǎo,鸵鸟奔跑时，速度很快。,"tuó niǎo bēn pǎo shí, sù dù hěn kuài.",Ostriches run very fast.
0,蛋糕,dàn gāo,这包白色粉末是做蛋糕用的面粉。,zhè bāo bái sè fěn mò shì zuò dàn gāo yòng de miàn fěn.,This white powder is flour for making a cake.
0,柿子,shì zi,秋天树上结满了柿子。,qiū tiān shù shàng jié mǎn le shì zi.,The tree is covered with persimmons in autumn.
1,糯米,nuò mǐ,她用糯米包粽子。,tā yòng nuò mǐ bāo zòng zi.,She wraps rice dumplings using glutinous rice.
2,妞妞,niū niu,这个小妞妞刚学会走路。,zhè ge xiǎo niū niu gāng xué huì zǒu lù.,This little girl has just learned to walk.
1,烘焙,hōng bèi,他正在厨房烘焙面包。,tā zhèng zài chú fáng hōng bèi miàn bāo.,He is baking bread in the kitchen.
2,妮子,nī zi,村里的小妮子爱唱歌。,cūn lǐ de xiǎo nī zi ài chàng gē.,The little girl in the village loves singing.
0,歪曲,wāi qū,请不要歪曲我的意思。,qǐng bù yào wāi qū wǒ de yì si.,Please do not distort what I mean.
0,伤疤,shāng bā,手上的伤疤提醒他不要再碰热水。,shǒu shàng de shāng bā tí xǐng tā bù yào zài pèng rè shuǐ.,The scar on his hand reminds him not to touch hot water again.
2,糌粑,zān ba,他用青稞粉拌成糌粑。,tā yòng qīng kē fěn bàn chéng zān ba.,He mixes roasted barley flour into tsampa.
2,乌桕,wū jiù,路边的乌桕叶子红了。,lù biān de wū jiù yè zi hóng le.,The Chinese tallow leaves beside the road turn red.
0,撇开,piē kāi,我们先撇开这个问题。,wǒ men xiān piē kāi zhè ge wèn tí.,Let's set this question aside for now.
0,撒谎,sā huǎng,他没有撒谎，承认自己砸碎了杯子。,"tā méi yǒu sā huǎng, chéng rèn zì jǐ zá suì le bēi zi.",He did not lie and admitted that he had smashed the cup.
0,支撑,zhī chēng,这些柱子支撑着屋顶。,zhè xiē zhù zi zhī chēng zhe wū dǐng.,These pillars support the roof.
2,囡囡,nān nān,妈妈轻声哄着怀里的囡囡。,mā ma qīng shēng hǒng zhe huái lǐ de nān nān.,The mother softly comforts her little darling.
1,砸碎,zá suì,他没有撒谎，承认自己砸碎了杯子。,"tā méi yǒu sā huǎng, chéng rèn zì jǐ zá suì le bēi zi.",He did not lie and admitted that he had smashed the cup.
0,挣脱,zhèng tuō,小狗挣脱绳子跑了出去。,xiǎo gǒu zhèng tuō shéng zi pǎo le chū qù.,The puppy breaks free from the rope and runs away.
0,挣钱,zhèng qián,他利用假期打工挣钱。,tā lì yòng jià qī dǎ gōng zhèng qián.,He earns money by working during the holiday.
0,砍伐,kǎn fá,停止砍伐树木，才能保护这片森林。,"tíng zhǐ kǎn fá shù mù, cái néng bǎo hù zhè piàn sēn lín.",We can protect this forest only by stopping the cutting of trees.
0,象棋,xiàng qí,她和爷爷下象棋，认真思考下一步。,"tā hé yé ye xià xiàng qí, rèn zhēn sī kǎo xià yī bù.",She plays Chinese chess with her grandfather and carefully considers her next move.
0,蹦跳,bèng tiào,孩子们在草地上蹦跳。,hái zi men zài cǎo dì shàng bèng tiào.,The children jump about on the grass.
0,周末,zhōu mò,周末，朋友开车带我们去兜风。,"zhōu mò, péng you kāi chē dài wǒ men qù dōu fēng.","At the weekend, a friend took us out for a drive."
0,她们,tā men,拍照结束后，她们一起去看戏剧。,"pāi zhào jié shù hòu, tā men yī qǐ qù kàn xì jù.","After taking photos, the women went to see a play together."
0,牛奶,niú nǎi,她往面粉里加了牛奶，搅拌均匀。,"tā wǎng miàn fěn lǐ jiā le niú nǎi, jiǎo bàn jūn yún.",She added milk to the flour and mixed it evenly.
0,铲除,chǎn chú,工人把路边的杂草铲除。,gōng rén bǎ lù biān de zá cǎo chǎn chú.,The workers remove the weeds beside the road.
0,老板,lǎo bǎn,这家餐厅的老板十分热情。,zhè jiā cān tīng de lǎo bǎn shí fēn rè qíng.,The owner of this restaurant is very welcoming.
0,磁铁,cí tiě,这块磁铁能吸起小铁钉。,zhè kuài cí tiě néng xī qǐ xiǎo tiě dīng.,This magnet can pick up a small iron nail.
0,哗啦,huā lā,哗啦一声，玻璃碎了。,"huā lā yī shēng, bō li suì le.",The glass breaks with a crash.
0,砖头,zhuān tou,工人搬来一堆砖头。,gōng rén bān lái yī duī zhuān tou.,The workers bring a pile of bricks.
0,躲藏,duǒ cáng,小猫躲藏在沙发下面。,xiǎo māo duǒ cáng zài shā fā xià miàn.,The kitten hides under the sofa.
0,躺下,tǎng xià,我把垫子放好，躺下想念家人。,"wǒ bǎ diàn zi fàng hǎo, tǎng xià xiǎng niàn jiā rén.","I arranged the mat and lay down, thinking fondly of my family."
1,罕见,hǎn jiàn,这种罕见的鱼长着很大的嘴巴。,zhè zhǒng hǎn jiàn de yú zhǎng zhe hěn dà de zuǐ ba.,This rare fish has a very large mouth.
1,耙子,pá zi,他用耙子收拢落叶。,tā yòng pá zi shōu lǒng luò yè.,He gathers the fallen leaves with a rake.
0,嘴巴,zuǐ ba,这种罕见的鱼长着很大的嘴巴。,zhè zhǒng hǎn jiàn de yú zhǎng zhe hěn dà de zuǐ ba.,This rare fish has a very large mouth.
1,玛瑙,mǎ nǎo,她戴着一串玛瑙手链。,tā dài zhe yī chuàn mǎ nǎo shǒu liàn.,She wears an agate bracelet.
0,空间,kōng jiān,小屋里几乎没有转身的空间。,xiǎo wū lǐ jī hū méi yǒu zhuǎn shēn de kōng jiān.,There is barely room to turn around in the small house.
0,间接,jiàn jiē,这件事间接影响了他的决定。,zhè jiàn shì jiàn jiē yǐng xiǎng le tā de jué dìng.,This indirectly influenced his decision.
1,菜籽,cài zǐ,她把菜籽撒进松软的土里。,tā bǎ cài zǐ sā jìn sōng ruǎn de tǔ lǐ.,She sows vegetable seeds in the soft soil.
0,水饺,shuǐ jiǎo,她摆好碗筷和碟子，端来水饺。,"tā bǎi hǎo wǎn kuài hé dié zi, duān lái shuǐ jiǎo.","She sets out the bowls, chopsticks and plates, then brings dumplings."
0,揪住,jiū zhù,他一把揪住了松动的绳子。,tā yī bǎ jiū zhù le sōng dòng de shéng zi.,He grabs the loose rope.
0,喂食,wèi shí,牧场的动物需要每天喂食。,mù chǎng de dòng wù xū yào měi tiān wèi shí.,The animals on the farm need feeding every day.
1,揍人,zòu rén,他一生气就想揍人。,tā yī shēng qì jiù xiǎng zòu rén.,He wants to hit people whenever he gets angry.
0,馅饼,xiàn bǐng,她把热馅饼放在盘子里。,tā bǎ rè xiàn bǐng fàng zài pán zi lǐ.,She put the hot pie on a plate.
1,流淌,liú tǎng,泉水沿着石缝流淌。,quán shuǐ yán zhe shí fèng liú tǎng.,Spring water flows through the cracks in the rocks.
0,崭新,zhǎn xīn,他穿着一双崭新的鞋。,tā chuān zhe yī shuāng zhǎn xīn de xié.,He wears a brand-new pair of shoes.
0,淘气,táo qì,淘气的孩子藏起了我的帽子。,táo qì de hái zi cáng qǐ le wǒ de mào zi.,The mischievous child hides my hat.
2,釉彩,yòu cǎi,瓷瓶上的釉彩十分鲜亮。,cí píng shàng de yòu cǎi shí fēn xiān liang.,The colored glaze on the porcelain vase is vivid.
2,擤鼻涕,xǐng bí tì,他用纸巾轻轻擤鼻涕。,tā yòng zhǐ jīn qīng qīng xǐng bí tì.,He gently blows his nose with a tissue.
2,唠噜,,字目表中的唠噜一词还需核实。,,The entry “唠噜” in the source list still needs verification.
0,品尝,pǐn cháng,请品尝一下刚出锅的汤。,qǐng pǐn cháng yī xià gāng chū guō de tāng.,Please taste the freshly cooked soup.
0,耽搁,dān ge,路上耽搁了一会儿，他迟到了。,"lù shang dān ge le yī huì r, tā chí dào le.",He was delayed on the way and arrived late.
1,嚎叫,háo jiào,听见狼的嚎叫，他赶紧关上窗户。,"tīng jiàn láng de háo jiào, tā gǎn jǐn guān shàng chuāng hu.","Hearing a wolf's howl, he quickly closed the window."
1,擂台,lèi tái,两位选手走上擂台。,liǎng wèi xuǎn shǒu zǒu shàng lèi tái.,The two competitors enter the ring.
0,胸膛,xiōng táng,孩子靠在爸爸的胸膛上。,hái zi kào zài bà ba de xiōng táng shàng.,The child leans against Dad's chest.
1,刨子,bào zi,木匠用刨子刨平木板。,mù jiàng yòng bào zi bào píng mù bǎn.,The carpenter smooths the board with a plane.
1,胚胎,pēi tāi,研究员正在观察胚胎发育。,yán jiū yuán zhèng zài guān chá pēi tāi fā yù.,The researcher observes embryonic development.
0,碗筷,wǎn kuài,她摆好碗筷和碟子，端来水饺。,"tā bǎi hǎo wǎn kuài hé dié zi, duān lái shuǐ jiǎo.","She sets out the bowls, chopsticks and plates, then brings dumplings."
1,碟子,dié zi,她摆好碗筷和碟子，端来水饺。,"tā bǎi hǎo wǎn kuài hé dié zi, duān lái shuǐ jiǎo.","She sets out the bowls, chopsticks and plates, then brings dumplings."
1,碘酒,diǎn jiǔ,药柜里放着一瓶碘酒。,yào guì lǐ fàng zhe yī píng diǎn jiǔ.,A bottle of iodine tincture stands in the medicine cabinet.
1,碳酸,tàn suān,这种碳酸饮料有很多小气泡。,zhè zhǒng tàn suān yǐn liào yǒu hěn duō xiǎo qì pào.,This carbonated drink has many small bubbles.
0,熔化,róng huà,炉子里的金属开始熔化。,lú zi lǐ de jīn shǔ kāi shǐ róng huà.,The metal in the furnace begins to melt.
2,嗖嗖,sōu sōu,冷风嗖嗖地从门缝吹进来。,lěng fēng sōu sōu de cóng mén fèng chuī jìn lái.,Cold wind whistles through the gap in the door.
1,榕树,róng shù,村口的榕树枝叶繁茂。,cūn kǒu de róng shù zhī yè fán mào.,The banyan at the village entrance has lush branches.
2,钵盂,bō yú,僧人手里捧着钵盂。,sēng rén shǒu lǐ pěng zhe bō yú.,The monk holds an alms bowl.
0,您好,nín hǎo,您好，请问可以帮我找这本书吗？,"nín hǎo, qǐng wèn kě yǐ bāng wǒ zhǎo zhè běn shū ma?","Hello, could you help me find this book?"
2,扇风,shān fēng,她用纸扇给孩子扇风。,tā yòng zhǐ shàn gěi hái zi shān fēng.,She fans the child with a paper fan.
0,搬运,bān yùn,工人正在搬运一吨货物。,gōng rén zhèng zài bān yùn yī dūn huò wù.,The workers are moving one metric ton of goods.
0,叮当,dīng dāng,风吹得铃铛叮当作响。,fēng chuī de líng dang dīng dāng zuò xiǎng.,The wind makes the bells jingle.
0,一吨,yī dūn,工人正在搬运一吨货物。,gōng rén zhèng zài bān yùn yī dūn huò wù.,The workers are moving one metric ton of goods.
1,捣乱,dǎo luàn,别在大家忙碌时捣乱。,bié zài dà jiā máng lù shí dǎo luàn.,Do not cause trouble while everyone is busy.
1,跺脚,duò jiǎo,他急得在门口直跺脚。,tā jí de zài mén kǒu zhí duò jiǎo.,He stamps his feet anxiously at the door.
1,褂子,guà zi,爷爷披上一件旧褂子。,yé ye pī shàng yī jiàn jiù guà zi.,Grandpa puts on an old jacket.
0,搞乱,gǎo luàn,小猫把桌上的纸搞乱了。,xiǎo māo bǎ zhuō shàng de zhǐ gǎo luàn le.,The kitten messes up the papers on the table.
1,舔舐,tiǎn shì,小猫轻轻舔舐自己的爪子。,xiǎo māo qīng qīng tiǎn shì zì jǐ de zhuǎ zi.,The kitten gently licks its paw.
1,马鞍,mǎ ān,他把马鞍放在马背上。,tā bǎ mǎ ān fàng zài mǎ bèi shàng.,He puts the saddle on the horse.
0,捆绑,kǔn bǎng,工人用绳子捆绑木板。,gōng rén yòng shéng zi kǔn bǎng mù bǎn.,The workers bind the boards with rope.
0,炉灶,lú zào,她往炉灶里添了些柴。,tā wǎng lú zào lǐ tiān le xiē chái.,She adds firewood to the stove.
0,垄断,lǒng duàn,这家企业垄断了当地的供水市场。,zhè jiā qǐ yè lǒng duàn le dāng dì de gōng shuǐ shì chǎng.,This company monopolizes the local water supply market.
2,肇始,zhào shǐ,这场争论肇始于一次误会。,zhè chǎng zhēng lùn zhào shǐ yú yī cì wù huì.,This dispute began with a misunderstanding.
1,临摹,lín mó,她正在临摹一幅山水画。,tā zhèng zài lín mó yī fú shān shuǐ huà.,She is copying a landscape painting.
1,嘀咕,dí gu,他小声嘀咕，担心走路时会摔倒。,"tā xiǎo shēng dí gu, dān xīn zǒu lù shí huì shuāi dǎo.","He muttered quietly, worrying that he might fall while walking."
2,嘟噜,dū lu,枝头挂着一嘟噜葡萄。,zhī tóu guà zhe yī dū lu pú tao.,A bunch of grapes hangs from the vine.
0,喇嘛,lǎ ma,一位喇嘛在寺院里诵经。,yī wèi lǎ ma zài sì yuàn lǐ sòng jīng.,A lama chants scriptures in the monastery.
0,摔倒,shuāi dǎo,他小声嘀咕，担心走路时会摔倒。,"tā xiǎo shēng dí gu, dān xīn zǒu lù shí huì shuāi dǎo.","He muttered quietly, worrying that he might fall while walking."
1,腺体,xiàn tǐ,腺体能够分泌多种物质。,xiàn tǐ néng gòu fēn mì duō zhǒng wù zhì.,Glands can secrete various substances.
0,杠杆,gàng gǎn,他用杠杆撬起沉重的石头。,tā yòng gàng gǎn qiào qǐ chén zhòng de shí tou.,He lifts the heavy rock with a lever.
0,车辆,chē liàng,道路上的车辆缓慢通过积水。,dào lù shàng de chē liàng huǎn màn tōng guò jī shuǐ.,Vehicles on the road move slowly through the standing water.
0,欺骗,qī piàn,他们合伙欺骗顾客，真是一丘之貉。,"tā men hé huǒ qī piàn gù kè, zhēn shi yī qiū zhī hé.",They worked together to cheat customers and are equally dishonest.
1,筷子,kuài zi,吞咽时喉咙疼痛，他放下了筷子。,"tūn yàn shí hóu lóng téng tòng, tā fàng xià le kuài zi.","His throat hurt when he swallowed, so he put down his chopsticks."
1,惦记,diàn jì,奶奶一直惦记着远方的孙子。,nǎi nai yī zhí diàn jì zhe yuǎn fāng de sūn zi.,Grandma keeps thinking about her grandson far away.
0,霉菌,méi jūn,潮湿的墙上长出了霉菌。,cháo shī de qiáng shàng zhǎng chū le méi jūn.,Mold grows on the damp wall.
2,潇洒,xiāo sǎ,他潇洒地挥手道别。,tā xiāo sǎ de huī shǒu dào bié.,He waves goodbye with easy confidence.
1,濒临,bīn lín,这些动物濒临灭绝，需要保护。,"zhè xiē dòng wù bīn lín miè jué, xū yào bǎo hù.",These animals are on the verge of extinction and need protection.
1,铝,lǚ,这个饭盒是用铝做的。,zhè ge fàn hé shì yòng lǚ zuò de.,This lunch box is made of aluminum.
0,手表,shǒu biǎo,手表坏了，我不知道现在几点。,"shǒu biǎo huài le, wǒ bù zhī dào xiàn zài jǐ diǎn.","My watch is broken, so I do not know what time it is."
0,怎么,zěn me,阿姨告诉我她的姓氏怎么写。,ā yí gào su wǒ tā de xìng shì zěn me xiě.,My aunt told me how to write her surname.
2,嗨嗨,hāi hāi,嗨嗨，你们在找什么？,"hāi hāi, nǐ men zài zhǎo shén me?","Hey, what are you looking for?"
2,嗯嗯,ń ń,嗯嗯，我已经听明白了。,"ń ń, wǒ yǐ jīng tīng míng bai le.","Mm-hm, I understand now."
1,嗡嗡,wēng wēng,蜜蜂在花丛里嗡嗡飞着。,mì fēng zài huā cóng lǐ wēng wēng fēi zhe.,The bees buzz among the flowers.
2,哔叽,bì jī,这件外套是用哔叽做的。,zhè jiàn wài tào shì yòng bì jī zuò de.,This coat is made of serge.
0,吗,ma,你愿意和我们一起看电影吗？,nǐ yuàn yì hé wǒ men yī qǐ kàn diàn yǐng ma?,Would you like to watch a film with us?
0,吗啡,mǎ fēi,吗啡是一种药物的名称。,mǎ fēi shì yī zhǒng yào wù de míng chēng.,Morphine is the name of a drug.
1,呛,qiāng,他喝水太急，被呛了一下。,"tā hē shuǐ tài jí, bèi qiāng le yī xià.",He chokes a little from drinking too quickly.
1,呛鼻,qiàng bí,这股浓烟十分呛鼻。,zhè gǔ nóng yān shí fēn qiàng bí.,This thick smoke irritates the nose.
1,嗅觉,xiù jué,小狗嗅觉灵敏，能找到隐藏的食物。,"xiǎo gǒu xiù jué líng mǐn, néng zhǎo dào yǐn cáng de shí wù.",The puppy has a keen sense of smell and can find hidden food.
0,一出,yī chū,这一出戏里，演员的嗓音十分响亮。,"zhè yī chū xì lǐ, yǎn yuán de sǎng yīn shí fēn xiǎng liàng.",The actor's voice is very loud in this play.
0,嗓音,sǎng yīn,这一出戏里，演员的嗓音十分响亮。,"zhè yī chū xì lǐ, yǎn yuán de sǎng yīn shí fēn xiǎng liàng.",The actor's voice is very loud in this play.
2,猖獗,chāng jué,这一带的盗窃活动十分猖獗。,zhè yī dài de dào qiè huó dòng shí fēn chāng jué.,Theft is rampant in this area.
1,鳄鱼,è yú,鳄鱼躲在河里，游客不能靠近。,"è yú duǒ zài hé lǐ, yóu kè bù néng kào jìn.","A crocodile hides in the river, so visitors must keep their distance."
1,追溯,zhuī sù,追溯家族历史时，她找到一张旧照片。,"zhuī sù jiā zú lì shǐ shí, tā zhǎo dào yī zhāng jiù zhào piàn.","While tracing her family history, she found an old photograph."
2,峪口,yù kǒu,我们在峪口停下来休息。,wǒ men zài yù kǒu tíng xià lái xiū xi.,We stop to rest at the valley entrance.
0,烧烤,shāo kǎo,准备烧烤时，不要匆忙处理食物。,"zhǔn bèi shāo kǎo shí, bù yào cōng máng chǔ lǐ shí wù.","When preparing a barbecue, do not rush the food preparation."
2,烯烃,xī tīng,乙烯属于烯烃。,yǐ xī shǔ yú xī tīng.,Ethylene is an alkene.
2,烷烃,wán tīng,甲烷是最简单的烷烃。,jiǎ wán shì zuì jiǎn dān de wán tīng.,Methane is the simplest alkane.
0,倒塌,dǎo tā,大风过后，旧围墙倒塌了。,"dà fēng guò hòu, jiù wéi qiáng dǎo tā le.",The old wall collapsed after the strong wind.
0,匆忙,cōng máng,准备烧烤时，不要匆忙处理食物。,"zhǔn bèi shāo kǎo shí, bù yào cōng máng chǔ lǐ shí wù.","When preparing a barbecue, do not rush the food preparation."
0,理睬,lǐ cǎi,他专心看书，没有理睬我。,"tā zhuān xīn kàn shū, méi yǒu lǐ cǎi wǒ.",He reads intently and pays me no attention.
0,发困,fā kùn,午饭后她开始发困。,wǔ fàn hòu tā kāi shǐ fā kùn.,She starts feeling sleepy after lunch.
0,说谎,shuō huǎng,他选择说出真相，没有继续说谎。,"tā xuǎn zé shuō chū zhēn xiàng, méi yǒu jì xù shuō huǎng.",He chose to tell the truth instead of continuing to lie.
0,里面,lǐ miàn,树干上有小洞，里面藏着昆虫。,"shù gàn shàng yǒu xiǎo dòng, lǐ miàn cáng zhe kūn chóng.",There is a small hole in the tree trunk with insects hiding inside.
0,尽管,jǐn guǎn,尽管时间有限，我们仍尽量帮助大家。,"jǐn guǎn shí jiān yǒu xiàn, wǒ men réng jǐn liàng bāng zhù dà jiā.","Although time is limited, we still help everyone as much as possible."
0,尽量,jǐn liàng,尽管时间有限，我们仍尽量帮助大家。,"jǐn guǎn shí jiān yǒu xiàn, wǒ men réng jǐn liàng bāng zhù dà jiā.","Although time is limited, we still help everyone as much as possible."
0,岔路,chà lù,岔路旁有一间出售鸡蛋的小店。,chà lù páng yǒu yī jiān chū shòu jī dàn de xiǎo diàn.,There is a little shop selling eggs beside the fork in the road.
1,哎哟,āi yō,哎哟，我撞到桌角了！,"āi yō, wǒ zhuàng dào zhuō jiǎo le!","Ouch, I bumped into the corner of the table!"
0,喇叭,lǎ ba,汽车的喇叭突然响了。,qì chē de lǎ ba tū rán xiǎng le.,The car horn suddenly sounds.
0,内脏,nèi zàng,这本书介绍动物的内脏。,zhè běn shū jiè shào dòng wù de nèi zàng.,This book describes animals' internal organs.
0,酒坛,jiǔ tán,爷爷把酒坛放进地窖。,yé ye bǎ jiǔ tán fàng jìn dì jiào.,Grandpa puts the wine jar in the cellar.
2,斜行延伸,xié xíng yán shēn,裂纹沿着木板斜行延伸。,liè wén yán zhe mù bǎn xié xíng yán shēn.,The crack extends diagonally along the board.
0,鸡蛋,jī dàn,岔路旁有一间出售鸡蛋的小店。,chà lù páng yǒu yī jiān chū shòu jī dàn de xiǎo diàn.,There is a little shop selling eggs beside the fork in the road.
0,灵魂,líng hún,故事中的灵魂在夜里回到了家乡。,gù shi zhōng de líng hún zài yè li huí dào le jiā xiāng.,The spirit in the story returned to its hometown at night.
2,鱿鱼,yóu yú,餐厅用鱿鱼和蔬菜做了一道菜。,cān tīng yòng yóu yú hé shū cài zuò le yī dào cài.,The restaurant made a dish with squid and vegetables.
0,好啦,hǎo la,好啦，我们可以出发了。,"hǎo la, wǒ men kě yǐ chū fā le.","All right, we can set off now."
0,好啊,hǎo a,好啊，我们一起去公园散步。,"hǎo a, wǒ men yī qǐ qù gōng yuán sàn bù.","Great, let's go for a walk in the park together."
1,啃咬,kěn yǎo,小狗喜欢啃咬木棍。,xiǎo gǒu xǐ huan kěn yǎo mù gùn.,The puppy likes chewing sticks.
0,启发,qǐ fā,这个故事给了她不少启发。,zhè ge gù shi gěi le tā bù shǎo qǐ fā.,This story gave her plenty of inspiration.
2,矽谷,xī gǔ,她去矽谷参观科技公司。,tā qù xī gǔ cān guān kē jì gōng sī.,She visits technology companies in Silicon Valley.
2,铀,yóu,铀是一种金属元素。,yóu shì yī zhǒng jīn shǔ yuán sù.,Uranium is a metallic element.
2,孢子,bāo zǐ,真菌可以通过孢子繁殖。,zhēn jūn kě yǐ tōng guò bāo zǐ fán zhí.,Fungi can reproduce through spores.
1,抽屉,chōu ti,他把这本书放进了抽屉。,tā bǎ zhè běn shū fàng jìn le chōu ti.,He put this book in the drawer.
2,忐忑,tǎn tè,公布结果前，他心里很忐忑。,"gōng bù jié guǒ qián, tā xīn li hěn tǎn tè.",He feels uneasy before the results are announced.
2,哎唷,āi yō,哎唷，这个箱子真重！,"āi yō, zhè ge xiāng zi zhēn zhòng!","Oh, this box is really heavy!"
2,唔好,wú hǎo,唔好在粤语中可表示不要。,wú hǎo zài yuè yǔ zhōng kě biǎo shì bù yào.,M hou can mean do not in Cantonese.
0,生锈,shēng xiù,橱柜里的铁钩已经生锈了。,chú guì lǐ de tiě gōu yǐ jīng shēng xiù le.,The iron hook in the cupboard has rusted.
0,饭团,fàn tuán,她带了两个饭团当午饭。,tā dài le liǎng gè fàn tuán dāng wǔ fàn.,She brings two rice balls for lunch.
0,家伙,jiā huo,那个家伙动作很快，一下就跑远了。,"nà ge jiā huo dòng zuò hěn kuài, yī xià jiù pǎo yuǎn le.",That fellow moved quickly and ran far away in an instant.
1,橱柜,chú guì,橱柜里的铁钩已经生锈了。,chú guì lǐ de tiě gōu yǐ jīng shēng xiù le.,The iron hook in the cupboard has rusted.
0,涌现,yǒng xiàn,比赛中涌现了不少新选手。,bǐ sài zhōng yǒng xiàn le bù shǎo xīn xuǎn shǒu.,Many new competitors emerge in the competition.
0,烫伤,tàng shāng,他被开水烫伤，家人马上送他就医。,"tā bèi kāi shuǐ tàng shāng, jiā rén mǎ shàng sòng tā jiù yī.","He was scalded by boiling water, and his family immediately took him for medical care."
2,愣住,lèng zhù,听到这个消息，他愣住了。,"tīng dào zhè ge xiāo xi, tā lèng zhù le.",He is stunned by the news.
1,哼歌,hēng gē,她一边洗碗一边哼歌。,tā yī biān xǐ wǎn yī biān hēng gē.,She hums while washing the dishes.
1,哼,hng,哼，我才不信你呢！,"hng, wǒ cái bù xìn nǐ ne!","Hmph, I don't believe you!"
0,哪里,nǎ lǐ,你把新买的裤子放在哪里了？,nǐ bǎ xīn mǎi de kù zi fàng zài nǎ lǐ le?,Where did you put the trousers you just bought?
0,天哪,tiān na,天哪，我把车票弄丢了！,"tiān na, wǒ bǎ chē piào nòng diū le!","Oh no, I lost my ticket!"
1,英里,yīng lǐ,这条道路全长五英里。,zhè tiáo dào lù quán cháng wǔ yīng lǐ.,This road is five miles long.
1,哩噜,lī lū,他哩噜个不停，话说不清楚。,"tā lī lū gè bù tíng, huà shuō bù qīng chu.",He keeps rambling and cannot make himself clear.
0,勾画,gōu huà,她用铅笔勾画山峰的轮廓。,tā yòng qiān bǐ gōu huà shān fēng de lún kuò.,She sketches the outlines of the peaks in pencil.
0,勾当,gòu dàng,他们暗中做着见不得人的勾当。,tā men àn zhōng zuò zhe jiàn bù dé rén de gòu dàng.,They secretly conduct shady business.
2,哞哞,mōu mōu,牛在草地上哞哞地叫。,niú zài cǎo dì shàng mōu mōu de jiào.,The cow moos in the meadow.
1,瞄准,miáo zhǔn,瞄准目标后，他发射了一支箭。,"miáo zhǔn mù biāo hòu, tā fā shè le yī zhī jiàn.","After aiming at the target, he shot an arrow."
2,瞌睡,kē shuì,孩子玩耍累了，坐在椅子上打瞌睡。,"hái zi wán shuǎ lèi le, zuò zài yǐ zi shàng dǎ kē shuì.","Tired from playing, the child dozed in the chair."
0,瞧见,qiáo jiàn,我在路口瞧见了他。,wǒ zài lù kǒu qiáo jiàn le tā.,I see him at the crossroads.
2,靛蓝,diàn lán,她把布染成靛蓝。,tā bǎ bù rǎn chéng diàn lán.,She dyes the cloth indigo.
0,玩耍,wán shuǎ,孩子玩耍累了，坐在椅子上打瞌睡。,"hái zi wán shuǎ lèi le, zuò zài yǐ zi shàng dǎ kē shuì.","Tired from playing, the child dozed in the chair."
0,稿件,gǎo jiàn,编辑正在审阅新来的稿件。,biān jí zhèng zài shěn yuè xīn lái de gǎo jiàn.,The editor reviews newly submitted manuscripts.
0,另外,lìng wài,除了这只蚂蚱，另外还有两只蝴蝶。,"chú le zhè zhī mà zha, lìng wài hái yǒu liǎng zhī hú dié.","Besides this grasshopper, there are two butterflies as well."
0,叼着,diāo zhe,小狗叼着球跑回来了。,xiǎo gǒu diāo zhe qiú pǎo huí lai le.,The puppy runs back with a ball in its mouth.
2,觑视,qù shì,他透过门缝觑视屋内。,tā tòu guò mén fèng qù shì wū nèi.,He peers into the room through the door crack.
2,在兹,zài zī,在兹在古文中可表示在此。,zài zī zài gǔ wén zhōng kě biǎo shì zài cǐ.,Zaizi can mean here in classical Chinese.
0,蚂蚱,mà zha,除了这只蚂蚱，另外还有两只蝴蝶。,"chú le zhè zhī mà zha, lìng wài hái yǒu liǎng zhī hú dié.","Besides this grasshopper, there are two butterflies as well."
0,蚂螂,mā lang,一只蚂螂停在水边。,yī zhī mā lang tíng zài shuǐ biān.,A dragonfly rests beside the water.
0,船舱,chuán cāng,乘客在船舱里休息。,chéng kè zài chuán cāng lǐ xiū xi.,The passengers rest in the cabin.
0,你好,nǐ hǎo,你好，我想问一下火车站的方向。,"nǐ hǎo, wǒ xiǎng wèn yī xià huǒ chē zhàn de fāng xiàng.","Hello, I would like to ask how to get to the train station."
0,佣人,yōng rén,佣人把客人的行李搬进屋。,yōng rén bǎ kè rén de xíng li bān jìn wū.,The servant carries the guests' luggage inside.
0,模样,mú yàng,这孩子的模样很像他的父亲。,zhè hái zi de mú yàng hěn xiàng tā de fù qīn.,This child looks a lot like his father.
0,虚伪,xū wěi,她讨厌这种虚伪的赞美。,tā tǎo yàn zhè zhǒng xū wěi de zàn měi.,She dislikes this kind of insincere praise.
0,车票,chē piào,她到车站买了一张车票。,tā dào chē zhàn mǎi le yī zhāng chē piào.,She went to the station and bought a ticket.
1,嘿嘿,hēi hēi,他藏好礼物，嘿嘿地笑了。,"tā cáng hǎo lǐ wù, hēi hēi de xiào le.",He hides the gift and chuckles mischievously.
1,嘿,mò,古文中的嘿有时与默相通。,gǔ wén zhōng de mò yǒu shí yǔ mò xiāng tōng.,"In classical writing, mo is sometimes used as a variant of the character for silence."
2,焖饭,mèn fàn,她用新锅焖饭。,tā yòng xīn guō mèn fàn.,She cooks rice in the new pot.
0,裤子,kù zi,你把新买的裤子放在哪里了？,nǐ bǎ xīn mǎi de kù zi fàng zài nǎ lǐ le?,Where did you put the trousers you just bought?
1,癌症,ái zhèng,医生确认他患了癌症，家人陪他治疗。,"yī shēng què rèn tā huàn le ái zhèng, jiā rén péi tā zhì liáo.","The doctor confirmed that he had cancer, and his family accompanied him during treatment."
1,蠕动,rú dòng,小虫在叶子上缓缓蠕动。,xiǎo chóng zài yè zi shàng huǎn huǎn rú dòng.,The little insect slowly wriggles on the leaf.
2,娴静,xián jìng,她是一位娴静的姑娘。,tā shì yī wèi xián jìng de gū niang.,She is a gentle and refined young woman.
0,我俩,wǒ liǎ,我俩打算一起去看展览。,wǒ liǎ dǎ suàn yī qǐ qù kàn zhǎn lǎn.,The two of us plan to visit the exhibition together.
2,木橛子,mù jué zi,他把木橛子敲进土里。,tā bǎ mù jué zi qiāo jìn tǔ lǐ.,He hammers the wooden peg into the ground.
2,两橛,liǎng jué,他把树枝折成两橛。,tā bǎ shù zhī zhé chéng liǎng jué.,He breaks the branch into two pieces.
0,倘若,tǎng ruò,倘若明天不下雨，我们就出游。,"tǎng ruò míng tiān bù xià yǔ, wǒ men jiù chū yóu.","If it does not rain tomorrow, we will go on an outing."
0,过滤,guò lǜ,她用滤纸过滤这杯液体。,tā yòng lǜ zhǐ guò lǜ zhè bēi yè tǐ.,She filters the liquid through filter paper.
0,厘米,lí mǐ,这根铅笔长十五厘米。,zhè gēn qiān bǐ cháng shí wǔ lí mǐ.,This pencil is fifteen centimeters long.
0,咱们,zán men,咱们一起签名，感谢老师的帮助。,"zán men yī qǐ qiān míng, gǎn xiè lǎo shī de bāng zhù.",Let's sign our names together to thank the teacher for the help.
2,咯,lo,车来了，我们该走咯。,"chē lái le, wǒ men gāi zǒu lo.",The bus is here; it's time for us to go.
2,咯咯笑,gē gē xiào,小宝宝开心地咯咯笑。,xiǎo bǎo bǎo kāi xīn de gē gē xiào.,The baby giggles happily.
2,咯血,kǎ xiě,医生询问了他的咯血情况。,yī shēng xún wèn le tā de kǎ xiě qíng kuàng.,The doctor asks about his coughing up blood.
2,咩咩,miē miē,小羊在围栏里咩咩叫。,xiǎo yáng zài wéi lán lǐ miē miē jiào.,The lamb bleats in its enclosure.
1,咪咪,mī mī,她轻声叫咪咪，引来小猫。,"tā qīng shēng jiào mī mī, yǐn lái xiǎo māo.",She softly calls kitty-kitty and attracts the kitten.
1,咕噜,gū lu,我的肚子饿得咕噜响。,wǒ de dù zi è de gū lu xiǎng.,My hungry stomach rumbles.
0,吩咐,fēn fu,妈妈吩咐我关好窗户。,mā ma fēn fu wǒ guān hǎo chuāng hu.,Mom tells me to close the windows properly.
1,咒语,zhòu yǔ,故事中的巫师念起咒语。,gù shi zhōng de wū shī niàn qǐ zhòu yǔ.,The wizard in the story chants a spell.
2,咚咚,dōng dōng,有人咚咚地敲门。,yǒu rén dōng dōng de qiāo mén.,Someone pounds on the door.
1,上瘾,shàng yǐn,他玩这个游戏有些上瘾。,tā wán zhè ge yóu xì yǒu xiē shàng yǐn.,He is becoming addicted to this game.
1,腮帮,sāi bāng,孩子鼓起腮帮吹气球。,hái zi gǔ qǐ sāi bāng chuī qì qiú.,The child puffs out his cheeks to blow up a balloon.
0,签名,qiān míng,咱们一起签名，感谢老师的帮助。,"zán men yī qǐ qiān míng, gǎn xiè lǎo shī de bāng zhù.",Let's sign our names together to thank the teacher for the help.
0,叫嚷,jiào rǎng,别在走廊里大声叫嚷。,bié zài zǒu láng lǐ dà shēng jiào rǎng.,Do not shout loudly in the hallway.
1,媳妇,xí fù,媳妇给婆婆带来了一盒点心。,xí fù gěi pó po dài lái le yī hé diǎn xin.,The daughter-in-law brought a box of snacks for her mother-in-law.
1,账账,,字目表中的账账一词还需核实。,,The entry “账账” in the source list still needs verification.
0,赚钱,zhuàn qián,他靠修理自行车赚钱。,tā kào xiū lǐ zì xíng chē zhuàn qián.,He earns money by repairing bicycles.
0,做饭,zuò fàn,爸爸正在厨房做饭。,bà ba zhèng zài chú fáng zuò fàn.,Dad is cooking in the kitchen.
0,鸟窝,niǎo wō,树枝间藏着一个鸟窝。,shù zhī jiān cáng zhe yī ge niǎo wō.,A bird's nest is hidden among the branches.
1,铡刀,zhá dāo,农民用铡刀切碎干草。,nóng mín yòng zhá dāo qiē suì gān cǎo.,The farmer chops hay with a fodder cutter.
2,酒埕,jiǔ chéng,他把酒埕摆在桌边。,tā bǎ jiǔ chéng bǎi zài zhuō biān.,He puts the wine jar beside the table.
2,埔里,pǔ lǐ,她坐车去埔里看朋友。,tā zuò chē qù pǔ lǐ kàn péng you.,She takes a bus to Puli to visit a friend.
0,外壳,wài ké,这个钟的外壳是木制的。,zhè ge zhōng de wài ké shì mù zhì de.,This clock's case is made of wood.
2,垭口,yā kǒu,他们翻过垭口进入山谷。,tā men fān guò yā kǒu jìn rù shān gǔ.,They cross the mountain pass and enter the valley.
1,商埠,shāng bù,古城曾是繁忙的商埠。,gǔ chéng céng shì fán máng de shāng bù.,The old city was once a busy trading port.
1,船埠,chuán bù,渡船缓缓靠近船埠。,dù chuán huǎn huǎn kào jìn chuán bù.,The ferry slowly approaches the wharf.
0,抬头,tái tóu,他抬头望见远处的礁石。,tā tái tóu wàng jiàn yuǎn chù de jiāo shí.,He looks up and sees a reef in the distance.
1,礁石,jiāo shí,他抬头望见远处的礁石。,tā tái tóu wàng jiàn yuǎn chù de jiāo shí.,He looks up and sees a reef in the distance.
2,啪啪,pā pā,鞭炮啪啪地响了起来。,biān pào pā pā de xiǎng le qǐ lai.,The firecrackers start popping.
2,呃呃,e e,老人听了，呃呃地笑起来。,"lǎo rén tīng le, e e de xiào qǐ lai.",The old man chuckles after hearing it.
0,发呆,fā dāi,她坐在窗边望着雨发呆。,tā zuò zài chuāng biān wàng zhe yǔ fā dāi.,"She sits by the window, staring blankly at the rain."
1,抛锚,pāo máo,汽车抛锚了，他只能在路边等候。,"qì chē pāo máo le, tā zhǐ néng zài lù biān děng hòu.","The car broke down, so he had to wait by the roadside."
2,婷婷,tíng tíng,细柳婷婷地立在水边。,xì liǔ tíng tíng de lì zài shuǐ biān.,Graceful slender willows stand beside the water.
1,女婿,nǚ xu,女婿带着礼物来看望老人。,nǚ xu dài zhe lǐ wù lái kàn wàng lǎo rén.,The son-in-law brings gifts to visit the old person.
1,包袱,bāo fu,他把衣服收进包袱里。,tā bǎ yī fu shōu jìn bāo fu lǐ.,He packs his clothes into a bundle.
0,卡片,kǎ piàn,礼物包含一张卡片，让他十分感激。,"lǐ wù bāo hán yī zhāng kǎ piàn, ràng tā shí fēn gǎn jī.","The gift includes a card, leaving him very grateful."
2,鹭鸶,lù sī,一只鹭鸶站在浅水里。,yī zhī lù sī zhàn zài qiǎn shuǐ lǐ.,An egret stands in the shallow water.
2,吔吔,,字目表中的吔吔一词还需核实。,,The entry “吔吔” in the source list still needs verification.
0,吊挂,diào guà,他把灯笼吊挂在屋檐下。,tā bǎ dēng lóng diào guà zài wū yán xià.,He hangs the lantern under the eaves.
1,吆喝,yāo he,小贩在街头吆喝卖水果。,xiǎo fàn zài jiē tóu yāo he mài shuǐ guǒ.,The vendor calls out to sell fruit on the street.
0,半晌,bàn shǎng,她想了半晌才回答。,tā xiǎng le bàn shǎng cái huí dá.,She thinks for quite a while before answering.
0,晒太阳,shài tài yáng,小猫躺在窗边晒太阳。,xiǎo māo tǎng zài chuāng biān shài tài yáng.,The kitten lies by the window in the sun.
0,水坝,shuǐ bà,水坝旁边有一条供人散步的小路。,shuǐ bà páng biān yǒu yī tiáo gōng rén sàn bù de xiǎo lù.,There is a path for walking beside the dam.
1,清晰,qīng xī,这张照片十分清晰。,zhè zhāng zhào piàn shí fēn qīng xī.,This photograph is very clear.
1,晾晒,liàng shài,院子里晾晒着刚洗好的被单。,yuàn zi lǐ liàng shài zhe gāng xǐ hǎo de bèi dān.,Freshly washed sheets dry in the courtyard.
0,拿来,ná lái,请拿来一把椅子，让客人坐下。,"qǐng ná lái yī bǎ yǐ zi, ràng kè rén zuò xia.",Please bring over a chair so the guest can sit down.
1,拷问,kǎo wèn,故事中的囚犯遭到拷问。,gù shi zhōng de qiú fàn zāo dào kǎo wèn.,The prisoner in the story is tortured for information.
0,拆开,chāi kāi,婶婶拆开包裹，发现里面有书。,"shěn shen chāi kāi bāo guǒ, fā xiàn lǐ miàn yǒu shū.",My aunt opened the parcel and found books inside.
0,爷爷,yé ye,爷爷逝世后，家人整理他的照片。,"yé ye shì shì hòu, jiā rén zhěng lǐ tā de zhào piàn.","After Grandpa passed away, the family sorted his photographs."
0,婶婶,shěn shen,婶婶拆开包裹，发现里面有书。,"shěn shen chāi kāi bāo guǒ, fā xiàn lǐ miàn yǒu shū.",My aunt opened the parcel and found books inside.
2,蟑螂,zhāng láng,厨房有蟑螂，大家把角落打扫干净。,"chú fáng yǒu zhāng láng, dà jiā bǎ jiǎo luò dǎ sǎo gān jìng.","There are cockroaches in the kitchen, so everyone cleaned the corners."
1,锰,měng,锰是一种金属元素。,měng shì yī zhǒng jīn shǔ yuán sù.,Manganese is a metallic element.
0,丢失,diū shī,警察追回了抢劫中丢失的财物。,jǐng chá zhuī huí le qiǎng jié zhōng diū shī de cái wù.,The police recovered the property lost in the robbery.
2,毽子,jiàn zi,孩子们在操场上踢毽子。,hái zi men zài cāo chǎng shàng tī jiàn zi.,The children kick a shuttlecock on the playground.
0,垮掉,kuǎ diào,这座旧棚子被大风吹垮掉了。,zhè zuò jiù péng zi bèi dà fēng chuī kuǎ diào le.,The old shed was blown down by strong winds.
0,菠菜,bō cài,她洗净菠菜，放进锅里煮熟。,"tā xǐ jìng bō cài, fàng jìn guō lǐ zhǔ shóu.",She washed the spinach and cooked it in the pot.
1,蘑菇,mó gu,雨后林中长出了蘑菇。,yǔ hòu lín zhōng zhǎng chū le mó gu.,Mushrooms appear in the woods after the rain.
0,活泼,huó po,活泼的孩子在院子里跑来跑去。,huó po de hái zi zài yuàn zi lǐ pǎo lái pǎo qù.,The lively child runs around in the courtyard.
1,戳破,chuō pò,他用针戳破了气球。,tā yòng zhēn chuō pò le qì qiú.,He punctures the balloon with a needle.
0,裙子,qún zi,她穿着新裙子去参加生日会。,tā chuān zhuó xīn qún zi qù cān jiā shēng rì huì.,She is wearing a new skirt to attend a birthday party.
0,肥皂,féi zào,这种肥皂会刺激敏感的皮肤。,zhè zhǒng féi zào huì cì jī mǐn gǎn de pí fū.,This soap can irritate sensitive skin.
2,皓月,hào yuè,一轮皓月照着寂静的湖面。,yī lún hào yuè zhào zhe jì jìng de hú miàn.,A bright moon shines over the quiet lake.
0,复苏,fù sū,春天来了，大地开始复苏。,"chūn tiān lái le, dà dì kāi shǐ fù sū.","Spring has arrived, and the land is coming back to life."
0,甩掉,shuǎi diào,他想甩掉麻烦，却不愿承担责任。,"tā xiǎng shuǎi diào má fan, què bù yuàn chéng dān zé rèn.",He wants to get rid of the trouble without taking responsibility.
2,褪色,tuì sè,这件蓝衬衫已经褪色了。,zhè jiàn lán chèn shān yǐ jīng tuì sè le.,This blue shirt has faded.
2,褪落来,,字目表中的褪落来一词还需核实。,,The entry “褪落来” in the source list still needs verification.
0,消耗,xiāo hào,运动会消耗体力，需要及时休息。,"yùn dòng huì xiāo hào tǐ lì, xū yào jí shí xiū xi.","Exercise uses energy, so timely rest is necessary."
1,花蒂,huā dì,这朵花的花蒂很短。,zhè duǒ huā de huā dì hěn duǎn.,This flower has a short base.
0,坯,pī,陶工正在塑造花瓶的坯。,táo gōng zhèng zài sù zào huā píng de pī.,The potter shapes the unfired vase.
0,乒乓球,pīng pāng qiú,我们放学后一起打乒乓球。,wǒ men fàng xué hòu yī qǐ dǎ pīng pāng qiú.,We play table tennis after school.
0,趴下,pā xià,小狗在垫子上趴下休息。,xiǎo gǒu zài diàn zi shàng pā xià xiū xi.,The puppy lies down on the mat to rest.
0,症状,zhèng zhuàng,医生解释了疟疾的症状。,yī shēng jiě shì le nüè jí de zhèng zhuàng.,The doctor explained the symptoms of malaria.
0,赶快,gǎn kuài,雨下大了，我们赶快回家。,"yǔ xià dà le, wǒ men gǎn kuài huí jiā.","The rain got heavier, so we hurried home."
1,痘痘,dòu dòu,她的额头长了几颗痘痘。,tā de é tóu zhǎng le jǐ kē dòu dòu.,A few pimples appear on her forehead.
1,硼砂,péng shā,实验员给硼砂贴上标签。,shí yàn yuán gěi péng shā tiē shàng biāo qiān.,The lab technician labels the borax.
1,扼杀,è shā,别用嘲笑扼杀孩子的兴趣。,bié yòng cháo xiào è shā hái zi de xìng qù.,Do not kill a child's interest with ridicule.
1,蚜虫,yá chóng,菜叶上有不少蚜虫。,cài yè shàng yǒu bù shǎo yá chóng.,There are many aphids on the vegetable leaves.
0,氧气,yǎng qì,植物生长需要水，也需要氧气。,"zhí wù shēng zhǎng xū yào shuǐ, yě xū yào yǎng qì.",Plants need water as well as oxygen to grow.
1,氯气,lǜ qì,氯气是一种有刺激性气味的气体。,lǜ qì shì yī zhǒng yǒu cì jī xìng qì wèi de qì tǐ.,Chlorine is a gas with an irritating odor.
1,氢气,qīng qì,实验中收集到了一些氢气。,shí yàn zhōng shōu jí dào le yī xiē qīng qì.,Some hydrogen gas was collected in the experiment.
2,煲汤,bāo tāng,妈妈正在厨房煲汤。,mā ma zhèng zài chú fáng bāo tāng.,Mom is simmering soup in the kitchen.
0,煮饭,zhǔ fàn,他每天轮流和姐姐煮饭。,tā měi tiān lún liú hé jiě jie zhǔ fàn.,He and his sister take turns cooking each day.
1,馍馍,mó mo,桌上放着一盘热馍馍。,zhuō shàng fàng zhe yī pán rè mó mo.,A plate of hot steamed buns sits on the table.
2,剁碎,duò suì,她把肉剁碎做饺子馅。,tā bǎ ròu duò suì zuò jiǎo zi xiàn.,She minces the meat for dumpling filling.
1,城垛,chéng duǒ,士兵躲在城垛后面。,shì bīng duǒ zài chéng duǒ hòu mian.,The soldiers hide behind the battlements.
2,瘰疬,luǒ lì,古代医书中记载了瘰疬。,gǔ dài yī shū zhōng jì zǎi le luǒ lì.,Ancient medical books recorded scrofula.
2,一摞,yī luò,桌角放着一摞旧报纸。,zhuō jiǎo fàng zhe yī luò jiù bào zhǐ.,A stack of old newspapers sits on the corner of the table.
1,锉刀,cuò dāo,工人用锉刀磨平金属边缘。,gōng rén yòng cuò dāo mó píng jīn shǔ biān yuán.,The worker smooths the metal edge with a file.
2,矬子,cuó zi,矬子是对矮个子的贬称。,cuó zi shì duì ǎi gè zi de biǎn chēng.,Cuozi is a derogatory term for a short person.
1,教唆,jiào suō,他因教唆别人偷窃而受罚。,tā yīn jiào suō bié ren tōu qiè ér shòu fá.,He is punished for inciting others to steal.
2,窠臼,kē jiù,这幅画跳出了传统的窠臼。,zhè fú huà tiào chū le chuán tǒng de kē jiù.,This painting breaks free from traditional patterns.
1,瘸腿,qué tuǐ,这匹马瘸腿后跑不快了。,zhè pǐ mǎ qué tuǐ hòu pǎo bù kuài le.,This horse cannot run fast after becoming lame.
2,钯,bǎ,钯是一种贵金属。,bǎ shì yī zhǒng guì jīn shǔ.,Palladium is a precious metal.
2,搽药,chá yào,护士正在给伤口搽药。,hù shi zhèng zài gěi shāng kǒu chá yào.,The nurse applies medicine to the wound.
1,树杈,shù chà,风筝挂在高高的树杈上。,fēng zheng guà zài gāo gāo de shù chà shàng.,The kite is caught in a high fork of the tree.
2,河汊,hé chà,小船驶进一条狭窄的河汊。,xiǎo chuán shǐ jìn yī tiáo xiá zhǎi de hé chà.,The little boat enters a narrow branch of the river.
2,结痂,jié jiā,他的伤口已经结痂了。,tā de shāng kǒu yǐ jīng jié jiā le.,His wound has formed a scab.
0,庄稼,zhuāng jia,雨水滋润着田里的庄稼。,yǔ shuǐ zī rùn zhe tián lǐ de zhuāng jia.,The rain nourishes the crops in the field.
2,伢子,yá zi,村里的伢子围着老人听故事。,cūn lǐ de yá zi wéi zhe lǎo rén tīng gù shi.,The village children gather around the elder to hear stories.
2,迎迓,yíng yà,主人到门口迎迓宾客。,zhǔ rén dào mén kǒu yíng yà bīn kè.,The host goes to the door to welcome the guests.
2,嗟叹,jiē tàn,他望着旧屋，不禁嗟叹。,"tā wàng zhe jiù wū, bù jīn jiē tàn.",He looks at the old house and cannot help sighing.
2,麝香,shè xiāng,这只香囊带着麝香气味。,zhè zhǐ xiāng náng dài zhe shè xiāng qì wèi.,This sachet has a musky scent.
1,赊欠,shē qiàn,这家小店不允许赊欠。,zhè jiā xiǎo diàn bù yǔn xǔ shē qiàn.,This little shop does not allow purchases on credit.
2,佘,shé,这位作家姓佘。,zhè wèi zuò jiā xìng shé.,This writer's surname is She.
2,剐刑,guǎ xíng,剐刑是古代的一种酷刑。,guǎ xíng shì gǔ dài de yī zhǒng kù xíng.,Lingchi was a cruel form of execution in ancient times.
2,犁铧,lí huá,农民换上新的犁铧。,nóng mín huàn shàng xīn de lí huá.,The farmer fits a new plowshare.
2,蠹虫,dù chóng,旧书被蠹虫蛀出了小洞。,jiù shū bèi dù chóng zhù chū le xiǎo dòng.,Bookworms bore small holes in the old books.
2,嗉囊,sù náng,嗉囊能暂时储存食物。,sù náng néng zàn shí chǔ cún shí wù.,A crop can temporarily store food.
2,牯牛,gǔ niú,一头牯牛正在田里耕地。,yī tóu gǔ niú zhèng zài tián lǐ gēng dì.,A bull plows the field.
2,蛊惑,gǔ huò,别被这些谎言蛊惑。,bié bèi zhè xiē huǎng yán gǔ huò.,Do not be led astray by these lies.
2,疽疮,jū chuāng,旧医书中提到了疽疮。,jiù yī shū zhōng tí dào le jū chuāng.,The old medical book mentions severe suppurating sores.
2,胥吏,xū lì,古代胥吏办理衙门的杂务。,gǔ dài xū lì bàn lǐ yá men de zá wù.,Ancient clerks handled routine work in government offices.
2,褚,chǔ,这位老师姓褚。,zhè wèi lǎo shī xìng chǔ.,This teacher's surname is Chu.
2,苎麻,zhù má,村里有人种植苎麻。,cūn lǐ yǒu rén zhòng zhí zhù má.,Some villagers grow ramie.
2,箸,zhù,箸是古代对筷子的称呼。,zhù shì gǔ dài duì kuài zi de chēng hu.,Zhu is an ancient word for chopsticks.
1,淤泥,yū ní,工人清理池塘底部的淤泥。,gōng rén qīng lǐ chí táng dǐ bù de yū ní.,The workers remove sludge from the pond bed.
2,跗骨,fū gǔ,医生在图上指出了跗骨。,yī shēng zài tú shàng zhǐ chū le fū gǔ.,The doctor points out the tarsal bones in the diagram.
2,脏腑,zàng fǔ,古代医书常讨论脏腑。,gǔ dài yī shū cháng tǎo lùn zàng fǔ.,Ancient medical books often discuss the internal organs.
1,麸皮,fū pí,磨坊把麸皮装进袋子。,mò fáng bǎ fū pí zhuāng jìn dài zi.,The mill packs the bran into bags.
2,讣告,fù gào,报纸刊登了他的讣告。,bào zhǐ kān dēng le tā de fù gào.,The newspaper publishes his obituary.
2,釜底抽薪,fǔ dǐ chōu xīn,解决根源问题才能釜底抽薪。,jiě jué gēn yuán wèn tí cái néng fǔ dǐ chōu xīn.,Addressing the root cause removes the problem at its source.
2,钨,wū,钨是一种耐高温的金属。,wū shì yī zhǒng nài gāo wēn de jīn shǔ.,Tungsten is a metal that withstands high temperatures.
2,诛杀,zhū shā,史书记录了叛将被诛杀的事。,shǐ shū jì lù le pàn jiāng bèi zhū shā de shì.,The history book records the execution of a rebellious general.
2,刍议,chú yì,他写了一篇教学刍议。,tā xiě le yī piān jiào xué chú yì.,He writes some humble observations on teaching.
0,朱砂,zhū shā,画师用朱砂调出红色颜料。,huà shī yòng zhū shā diào chū hóng sè yán liào.,The painter uses cinnabar to make red pigment.
2,戍守,shù shǒu,士兵长期戍守边关。,shì bīng cháng qī shù shǒu biān guān.,The soldiers guard the frontier for years.
1,马驹,mǎ jū,小马驹跟着母马奔跑。,xiǎo mǎ jū gēn zhe mǔ mǎ bēn pǎo.,The foal runs after its mother.
0,方才,fāng cái,方才有人来找过你。,fāng cái yǒu rén lái zhǎo guò nǐ.,Someone came looking for you just now.
2,恺悌,kǎi tì,他为人恺悌，邻里都喜欢他。,"tā wéi rén kǎi tì, lín lǐ dōu xǐ huan tā.","He is kind and easygoing, and his neighbors like him."
2,雾霭,wù ǎi,清晨的雾霭笼罩着山林。,qīng chén de wù ǎi lǒng zhào zhe shān lín.,Morning mist shrouds the wooded mountains.
1,豺狼,chái láng,传说里，豺狼在山中出没。,"chuán shuō lǐ, chái láng zài shān zhōng chū mò.","In the story, jackals and wolves roam the mountains."
2,疥疮,jiè chuāng,医生询问了疥疮患者的情况。,yī shēng xún wèn le jiè chuāng huàn zhě de qíng kuàng.,The doctor asks about the patient with scabies.
1,揩油,kāi yóu,他借采购的机会揩油。,tā jiè cǎi gòu de jī huì kāi yóu.,He skims off a little profit while making purchases.
2,稗官野史,bài guān yě shǐ,这段故事见于稗官野史。,zhè duàn gù shi jiàn yú bài guān yě shǐ.,This story appears in unofficial historical accounts.
2,钗子,chāi zi,她用一支钗子挽起头发。,tā yòng yī zhī chāi zi wǎn qǐ tóu fā.,She pins up her hair with a hairpin.
1,狭隘,xiá ài,狭隘的想法限制了他的眼界。,xiá ài de xiǎng fǎ xiàn zhì le tā de yǎn jiè.,Narrow thinking limits his perspective.
2,梦呓,mèng yì,他睡着时偶尔说几句梦呓。,tā shuì zháo shí ǒu ěr shuō jǐ jù mèng yì.,He sometimes talks in his sleep.
2,刈草,yì cǎo,农民带着镰刀去刈草。,nóng mín dài zhe lián dāo qù yì cǎo.,The farmer goes to cut grass with a sickle.
1,蓖麻,bì má,这片地里种着蓖麻。,zhè piàn dì lǐ zhòng zhe bì má.,Castor-oil plants grow in this field.
1,荠菜,jì cài,春天她到田边采荠菜。,chūn tiān tā dào tián biān cǎi jì cài.,She gathers shepherd's purse beside the field in spring.
2,造诣,zào yì,她在书法方面有很深的造诣。,tā zài shū fǎ fāng miàn yǒu hěn shēn de zào yì.,She is highly accomplished in calligraphy.
1,土坯,tǔ pī,这座旧房子用土坯砌成。,zhè zuò jiù fáng zi yòng tǔ pī qì chéng.,This old house is built of adobe bricks.
2,裴,péi,这位诗人姓裴。,zhè wèi shī rén xìng péi.,This poet's surname is Pei.
2,碓臼,duì jiù,他用碓臼舂米。,tā yòng duì jiù chōng mǐ.,He pounds rice with a trip-hammer and mortar.
2,诙谐,huī xié,他诙谐的笑话让害臊的孩子放松下来。,tā huī xié de xiào hua ràng hài sào de hái zi fàng sōng xià lai.,His humorous joke helped the shy child relax.
1,茴香,huí xiāng,她往饺子馅里加了茴香。,tā wǎng jiǎo zi xiàn lǐ jiā le huí xiāng.,She adds fennel to the dumpling filling.
2,煨汤,wēi tāng,奶奶用小火慢慢煨汤。,nǎi nai yòng xiǎo huǒ màn màn wēi tāng.,Grandma slowly simmers soup over low heat.
1,刽子手,guì zi shǒu,刽子手是旧时执行死刑的人。,guì zi shǒu shì jiù shí zhí xíng sǐ xíng de rén.,An executioner was a person who carried out death sentences.
2,芮,ruì,我们的班主任姓芮。,wǒ men de bān zhǔ rèn xìng ruì.,Our homeroom teacher's surname is Rui.
2,奎星,kuí xīng,奎星是古代二十八宿之一。,kuí xīng shì gǔ dài èr shí bā xiù zhī yī.,Kui is one of the twenty-eight lunar mansions in ancient Chinese astronomy.
2,裨益,bì yì,多读好书对写作大有裨益。,duō dú hǎo shū duì xiě zuò dà yǒu bì yì.,Reading good books greatly benefits writing.
2,俾使,bǐ shǐ,文言俾使可以表示使得。,wén yán bǐ shǐ kě yǐ biǎo shì shǐ de.,The classical expression bishi can mean to cause.
1,荔枝,lì zhī,她剥开荔枝的外壳。,tā bō kāi lì zhī de wài ké.,She peels the lychee.
2,玉玺,yù xǐ,展柜里陈列着一枚玉玺。,zhǎn guì lǐ chén liè zhe yī méi yù xǐ.,A jade seal is displayed in the cabinet.
2,栀子花,zhī zi huā,院里的栀子花香气浓郁。,yuàn lǐ de zhī zi huā xiāng qì nóng yù.,The gardenias in the courtyard have a strong fragrance.
2,豕,shǐ,豕是猪的古代称呼。,shǐ shì zhū de gǔ dài chēng hu.,Shi is an ancient word for pig.
2,羁绊,jī bàn,他终于摆脱了旧事的羁绊。,tā zhōng yú bǎi tuō le jiù shì de jī bàn.,He finally frees himself from the burden of the past.
2,岐山,qí shān,他们开车去岐山游玩。,tā men kāi chē qù qí shān yóu wán.,They drive to Qishan for an outing.
1,麻痹,má bì,这次失误让我们不敢麻痹。,zhè cì shī wù ràng wǒ men bù gǎn má bì.,This mistake keeps us from becoming complacent.
1,秕糠,bǐ kāng,她把粮食中的秕糠筛出来。,tā bǎ liáng shi zhōng de bǐ kāng shāi chū lái.,She sifts the chaff out of the grain.
2,辔头,pèi tóu,骑手握着辔头慢慢前进。,qí shǒu wò zhe pèi tóu màn màn qián jìn.,The rider holds the reins and advances slowly.
2,丕变,pī biàn,丕变指很大的变化。,pī biàn zhǐ hěn dà de biàn huà.,Pibian means a major change.
2,篦子,bì zi,她用篦子梳理头发。,tā yòng bì zi shū lǐ tóu fa.,She combs her hair with a fine-toothed comb.
2,糍粑,cí bā,爷爷把糍粑烤得软软的。,yé ye bǎ cí bā kǎo de ruǎn ruǎn de.,Grandpa grills the rice cakes until soft.
2,雉鸡,zhì jī,一只雉鸡从草丛里飞起。,yī zhī zhì jī cóng cǎo cóng lǐ fēi qǐ.,A pheasant flies up from the grass.
2,鸱鸮,chī xiāo,古书里的鸱鸮通常指猫头鹰。,gǔ shū lǐ de chī xiāo tōng cháng zhǐ māo tóu yīng.,Chixiao in ancient books usually means an owl.
2,祁,qí,这位演员姓祁。,zhè wèi yǎn yuán xìng qí.,This actor's surname is Qi.
2,耆老,qí lǎo,村中耆老坐在一起商议。,cūn zhōng qí lǎo zuò zài yī qǐ shāng yì.,The village elders sit together to discuss matters.
1,肄业,yì yè,他在这所大学肄业，未曾毕业。,"tā zài zhè suǒ dà xué yì yè, wèi céng bì yè.",He attended this university but did not graduate.
1,痴呆,chī dāi,医生正在研究痴呆的诊断。,yī shēng zhèng zài yán jiū chī dāi de zhěn duàn.,The doctor is researching dementia diagnosis.
2,痔疮,zhì chuāng,病历中记录了他的痔疮病史。,bìng lì zhōng jì lù le tā de zhì chuāng bìng shǐ.,His medical record notes a history of hemorrhoids.
2,辎重,zī zhòng,运输队负责运送辎重。,yùn shū duì fù zé yùn sòng zī zhòng.,The transport unit is responsible for moving military supplies.
2,俟候,sì hòu,大家在厅里俟候来客。,dà jiā zài tīng lǐ sì hòu lái kè.,Everyone waits in the hall for the guests.
2,痣,zhì,他的脸颊上有一颗痣。,tā de liǎn jiá shàng yǒu yī kē zhì.,He has a mole on his cheek.
2,沂水,yí shuǐ,她坐车去沂水探亲。,tā zuò chē qù yí shuǐ tàn qīn.,She takes a bus to Yishui to visit relatives.
2,麾下,huī xià,这位将军麾下有许多精兵。,zhè wèi jiāng jūn huī xià yǒu xǔ duō jīng bīng.,This general commands many elite soldiers.
2,夔,kuí,古代传说中有一种神兽叫夔。,gǔ dài chuán shuō zhōng yǒu yī zhǒng shén shòu jiào kuí.,An ancient legend describes a mythical creature called Kui.
2,榧子,fěi zi,桌上放着一碟炒榧子。,zhuō shàng fàng zhe yī dié chǎo fěi zi.,A dish of roasted torreya nuts sits on the table.
2,痱子,fèi zi,天气闷热，孩子长了痱子。,"tiān qì mēn rè, hái zi zhǎng le fèi zi.",The child develops prickly heat in the sultry weather.
0,涝灾,lào zāi,村庄遭遇了严重的涝灾。,cūn zhuāng zāo yù le yán zhòng de lào zāi.,The village suffers severe flooding.
1,害臊,hài sào,他诙谐的笑话让害臊的孩子放松下来。,tā huī xié de xiào hua ràng hài sào de hái zi fàng sōng xià lai.,His humorous joke helped the shy child relax.
2,犒赏,kào shǎng,将军犒赏了凯旋的士兵。,jiāng jūn kào shǎng le kǎi xuán de shì bīng.,The general rewards the victorious soldiers.
2,薅草,hāo cǎo,他弯着腰在菜地里薅草。,tā wān zhe yāo zài cài dì lǐ hāo cǎo.,He bends over to weed the vegetable patch.
1,壕沟,háo gōu,村外挖了一条深壕沟。,cūn wài wā le yī tiáo shēn háo gōu.,A deep trench was dug outside the village.
2,铙钹,náo bó,乐手敲响了铙钹。,yuè shǒu qiāo xiǎng le náo bó.,The musician clashes the cymbals.
0,捎带,shāo dài,他帮我捎带了一封信。,tā bāng wǒ shāo dài le yī fēng xìn.,He brings a letter along for me.
2,铰链,jiǎo liàn,这扇门的铰链有些松了。,zhè shàn mén de jiǎo liàn yǒu xiē sōng le.,The hinges on this door are loose.
2,山坳,shān ào,小村庄藏在安静的山坳里。,xiǎo cūn zhuāng cáng zài ān jìng de shān ào lǐ.,The little village lies in a quiet hollow in the mountains.
1,拗口,ào kǒu,这句话读起来很拗口。,zhè jù huà dú qǐ lai hěn ào kǒu.,This sentence is awkward to pronounce.
2,飘飙,,字目表中的飘飙一词还需核实。,,The entry “飘飙” in the source list still needs verification.
2,嫖妓,piáo jì,嫖妓指付钱寻求性服务。,piáo jì zhǐ fù qián xún qiú xìng fú wù.,Piaoji means paying a prostitute for sexual services.
2,鱼鳔,yú biào,鱼鳔能帮助鱼调节浮力。,yú biào néng bāng zhù yú tiáo jié fú lì.,A swim bladder helps a fish regulate buoyancy.
1,藐视,miǎo shì,他不该藐视对手的实力。,tā bù gāi miǎo shì duì shǒu de shí lì.,He should not underestimate his opponent.
1,剿灭,jiǎo miè,军队准备剿灭这股匪徒。,jūn duì zhǔn bèi jiǎo miè zhè gǔ fěi tú.,The troops prepare to wipe out this group of bandits.
2,打醮,dǎ jiào,村民举行了打醮仪式。,cūn mín jǔ xíng le dǎ jiào yí shì.,The villagers hold a Daoist ritual.
0,铁锹,tiě qiāo,他用铁锹挖了一个坑。,tā yòng tiě qiāo wā le yī ge kēng.,He digs a hole with a shovel.
2,剑鞘,jiàn qiào,他把长剑放回剑鞘。,tā bǎ cháng jiàn fàng huí jiàn qiào.,He returns the sword to its sheath.
2,诏书,zhào shū,使者宣读了皇帝的诏书。,shǐ zhě xuān dú le huáng dì de zhào shū.,The envoy reads the emperor's edict.
2,桡骨,ráo gǔ,桡骨是前臂的一块骨头。,ráo gǔ shì qián bì de yī kuài gǔ tou.,The radius is a bone in the forearm.
1,荞麦,qiáo mài,这袋面粉是用荞麦磨的。,zhè dài miàn fěn shì yòng qiáo mài mó de.,This flour is made from buckwheat.
2,鹞鹰,yào yīng,一只鹞鹰在田野上空飞翔。,yī zhī yào yīng zài tián yě shàng kōng fēi xiáng.,A hawk flies above the fields.
2,粜米,tiào mǐ,他把粮食送到集市粜米。,tā bǎ liáng shi sòng dào jí shì tiào mǐ.,He takes grain to the market to sell rice.
2,耧车,lóu chē,耧车是古代的播种工具。,lóu chē shì gǔ dài de bō zhǒng gōng jù.,Lou carts were ancient sowing implements.
2,交媾,jiāo gòu,交媾指发生性行为。,jiāo gòu zhǐ fā shēng xìng xíng wéi.,Jiaogou means engaging in sexual intercourse.
2,瓯,ōu,她端起一瓯清茶。,tā duān qǐ yī ōu qīng chá.,She lifts a small bowl of clear tea.
1,殴斗,ōu dòu,街头发生了激烈的殴斗。,jiē tóu fā shēng le jī liè de ōu dòu.,A violent fistfight breaks out in the street.
2,沤肥,òu féi,农民把落叶堆起来沤肥。,nóng mín bǎ luò yè duī qǐ lai òu féi.,The farmers pile up leaves to make compost.
2,阜,fù,阜在古文中可以指土山。,fù zài gǔ wén zhōng kě yǐ zhǐ tǔ shān.,Fu can mean an earthen mound in classical Chinese.
2,明眸,míng móu,她有一双清亮的明眸。,tā yǒu yī shuāng qīng liàng de míng móu.,"She has bright, clear eyes."
1,蒸馏,zhēng liú,实验员正在蒸馏这杯液体。,shí yàn yuán zhèng zài zhēng liú zhè bēi yè tǐ.,The lab technician is distilling this liquid.
0,千秋,qiān qiū,这项功绩将被后人传颂千秋。,zhè xiàng gōng jì jiāng bèi hòu rén chuán sòng qiān qiū.,This achievement will be celebrated for ages.
2,泅水,qiú shuǐ,他从小就会在河里泅水。,tā cóng xiǎo jiù huì zài hé lǐ qiú shuǐ.,He has been able to swim in the river since childhood.
2,馊水,sōu shuǐ,桶里的馊水散发着酸味。,tǒng lǐ de sōu shuǐ sàn fā zhe suān wèi.,The spoiled food waste in the bucket smells sour.
1,扫帚,sào zhou,她拿起扫帚清扫院子。,tā ná qǐ sào zhou qīng sǎo yuàn zi.,She picks up a broom to sweep the yard.
2,灵柩,líng jiù,亲友护送灵柩离开礼堂。,qīn yǒu hù sòng líng jiù lí kāi lǐ táng.,Relatives and friends escort the coffin out of the hall.
2,良莠不齐,liáng yǒu bù qí,这个团队的成员良莠不齐。,zhè ge tuán duì de chéng yuán liáng yǒu bù qí.,The members of this team vary greatly in quality.
2,簪子,zān zi,她用簪子固定发髻。,tā yòng zān zi gù dìng fà jì.,She secures her bun with a hairpin.
2,坍塌,tān tā,暴雨导致旧屋坍塌。,bào yǔ dǎo zhì jiù wū tān tā.,The heavy rain causes the old house to collapse.
2,錾子,zàn zi,石匠用錾子雕刻花纹。,shí jiàng yòng zàn zi diāo kè huā wén.,The mason carves patterns with a chisel.
2,泔水,gān shuǐ,他把饭店的泔水装进桶里。,tā bǎ fàn diàn de gān shuǐ zhuāng jìn tǒng lǐ.,He puts the restaurant's food waste into a bucket.
2,蚶子,hān zi,渔民捞起一篮蚶子。,yú mín lāo qǐ yī lán hān zi.,The fisherman gathers a basket of cockles.
2,邯郸,hán dān,他们坐高铁到邯郸。,tā men zuò gāo tiě dào hán dān.,They take a high-speed train to Handan.
2,谗言,chán yán,他没有相信那些谗言。,tā méi yǒu xiāng xìn nà xiē chán yán.,He does not believe the slander.
2,袷衣,jiá yī,袷衣指有里子的衣服。,jiá yī zhǐ yǒu lǐ zi de yī fu.,Jiayi means a lined garment.
2,忏悔,chàn huǐ,他为自己的过错真诚忏悔。,tā wèi zì jǐ de guò cuò zhēn chéng chàn huǐ.,He sincerely repents of his mistake.
2,肩胛,jiān jiǎ,她揉了揉酸痛的肩胛。,tā róu le róu suān tòng de jiān jiǎ.,She rubs her aching shoulder area.
2,狎昵,xiá nì,他与陌生人说话过于狎昵。,tā yǔ mò shēng rén shuō huà guò yú xiá nì.,He speaks to strangers with undue familiarity.
1,镊子,niè zi,她用镊子夹起小零件。,tā yòng niè zi jiā qǐ xiǎo líng jiàn.,She picks up a tiny part with tweezers.
2,奁妆,lián zhuāng,奁妆在古文中可指嫁妆。,lián zhuāng zài gǔ wén zhōng kě zhǐ jià zhuang.,Lianzhuang can mean a bride's dowry in classical Chinese.
0,歼灭,jiān miè,军队歼灭了这股敌人。,jūn duì jiān miè le zhè gǔ dí rén.,The troops wipe out this enemy force.
2,佥,qiān,佥在古文中有全部的意思。,qiān zài gǔ wén zhōng yǒu quán bù de yì si.,Qian can mean all in classical Chinese.
2,暹罗,xiān luó,暹罗是泰国的旧称。,xiān luó shì tài guó de jiù chēng.,Siam is a former name for Thailand.
1,赡养,shàn yǎng,他和妹妹共同赡养年老的父母。,tā hé mèi mei gòng tóng shàn yǎng nián lǎo de fù mǔ.,He and his younger sister jointly support their elderly parents.
2,阉割,yān gē,阉割指去除动物的生殖腺。,yān gē zhǐ qù chú dòng wù de shēng zhí xiàn.,Castration means removing an animal's reproductive glands.
2,梦魇,mèng yǎn,他从可怕的梦魇中醒来。,tā cóng kě pà de mèng yǎn zhōng xǐng lái.,He wakes from a terrifying nightmare.
1,屋檐,wū yán,雨水从屋檐滴落下来。,yǔ shuǐ cóng wū yán dī luò xià lai.,Rainwater drips from the eaves.
2,酽茶,yàn chá,爷爷泡了一杯酽茶。,yé ye pào le yī bēi yàn chá.,Grandpa brews a cup of strong tea.
1,铁锨,tiě xiān,他用铁锨把泥土铲开。,tā yòng tiě xiān bǎ ní tǔ chǎn kāi.,He shovels the soil aside with an iron spade.
1,杴,xiān,杴是锨的另一种写法。,xiān shì xiān de lìng yī zhǒng xiě fǎ.,Xian is another written form of the word for a shovel.
1,掂量,diān liang,她掂量了一下袋子的重量。,tā diān liang le yī xià dài zi de zhòng liàng.,She hefts the bag to judge its weight.
2,通牒,tōng dié,使者递交了一份正式通牒。,shǐ zhě dì jiāo le yī fèn zhèng shì tōng dié.,The envoy delivers an official diplomatic note.
1,间谍,jiàn dié,间谍隐藏身份，秘密搜集资料。,"jiàn dié yǐn cáng shēn fèn, mì mì sōu jí zī liào.",The spy concealed his identity and secretly collected information.
2,鲇鱼,nián yú,池塘里养着几条鲇鱼。,chí táng lǐ yǎng zhe jǐ tiáo nián yú.,Several catfish are raised in the pond.
2,僭越,jiàn yuè,他无权僭越上级的职权。,tā wú quán jiàn yuè shàng jí de zhí quán.,He has no right to overstep his superior's authority.
1,租赁,zū lìn,这家公司提供车辆租赁服务。,zhè jiā gōng sī tí gōng chē liàng zū lìn fú wù.,This company provides vehicle rental services.
1,檩条,lǐn tiáo,工人把檩条架在梁上。,gōng rén bǎ lǐn tiáo jià zài liáng shàng.,The workers lay the purlins on the beams.
2,仓廪,cāng lǐn,丰收后，村里的仓廪装满了。,"fēng shōu hòu, cūn lǐ de cāng lǐn zhuāng mǎn le.",The village granaries are full after the harvest.
2,蕈,xùn,雨后林中生出了许多蕈。,yǔ hòu lín zhōng shēng chū le xǔ duō xùn.,Many mushrooms appear in the woods after rain.
2,琛,chēn,琛在古文中可以指珍宝。,chēn zài gǔ wén zhōng kě yǐ zhǐ zhēn bǎo.,Chen can mean precious treasures in classical Chinese.
2,岑,cén,我们的新老师姓岑。,wǒ men de xīn lǎo shī xìng cén.,Our new teacher's surname is Cen.
2,妊娠,rèn shēn,妊娠是怀孕的医学用语。,rèn shēn shì huái yùn de yī xué yòng yǔ.,Gestation is a medical term for pregnancy.
2,揿铃,qìn líng,客人轻轻揿铃等人开门。,kè rén qīng qīng qìn líng děng rén kāi mén.,The guest presses the bell and waits for the door to open.
2,窨井,yìn jǐng,工人打开窨井检查管道。,gōng rén dǎ kāi yìn jǐng jiǎn chá guǎn dào.,The worker opens the manhole to inspect the pipes.
2,擀面,gǎn miàn,她在案板上擀面。,tā zài àn bǎn shàng gǎn miàn.,She rolls out dough on the board.
1,柬帖,jiǎn tiě,桌上摆着几张柬帖。,zhuō shàng bǎi zhe jǐ zhāng jiǎn tiě.,Several cards and invitations lie on the table.
2,苋菜,xiàn cài,奶奶炒了一盘苋菜。,nǎi nai chǎo le yī pán xiàn cài.,Grandma stir-fries a plate of amaranth greens.
1,扳手,bān shǒu,他用扳手拧紧螺母。,tā yòng bān shǒu nǐng jǐn luó mǔ.,He tightens the nut with a wrench.
1,扳机,bān jī,模型上装着一个活动扳机。,mó xíng shàng zhuāng zhe yī ge huó dòng bān jī.,The model has a movable trigger.
2,爿,pán,街角有一爿小店。,jiē jiǎo yǒu yī pán xiǎo diàn.,There is a small shop on the corner.
2,疝气,shàn qì,医生记录了疝气的检查结果。,yī shēng jì lù le shàn qì de jiǎn chá jié guǒ.,The doctor records the hernia examination results.
2,锏,jiǎn,武将手里握着一根铁锏。,wǔ jiàng shǒu lǐ wò zhe yī gēn tiě jiǎn.,The warrior holds an iron mace.
1,鳖,biē,一只鳖在水里缓缓游动。,yī zhī biē zài shuǐ lǐ huǎn huǎn yóu dòng.,A softshell turtle slowly swims in the water.
1,憋气,biē qì,他潜水时要短暂憋气。,tā qián shuǐ shí yào duǎn zàn biē qì.,He briefly holds his breath while diving.
1,分娩,fēn miǎn,护士正在照顾分娩后的母亲。,hù shi zhèng zài zhào gu fēn miǎn hòu de mǔ qīn.,The nurse cares for the mother after childbirth.
2,辇车,niǎn chē,古代皇帝常乘坐辇车。,gǔ dài huáng dì cháng chéng zuò niǎn chē.,Ancient emperors often rode in ceremonial carriages.
1,癣,xuǎn,医生检查了手臂上的癣。,yī shēng jiǎn chá le shǒu bì shàng de xuǎn.,The doctor examines the ringworm on the arm.
2,亵渎,xiè dú,他认为这种行为亵渎了神圣之物。,tā rèn wéi zhè zhǒng xíng wéi xiè dú le shén shèng zhī wù.,He believes this act desecrates something sacred.
1,垂涎,chuí xián,他对这盘美食垂涎已久。,tā duì zhè pán měi shí chuí xián yǐ jiǔ.,He has long craved this delicious dish.
2,蜇人,zhē rén,这种蜂遇到危险时会蜇人。,zhè zhǒng fēng yù dào wēi xiǎn shí huì zhē rén.,This kind of bee can sting when threatened.
2,膻味,shān wèi,这锅羊肉有些膻味。,zhè guō yáng ròu yǒu xiē shān wèi.,This pot of mutton has a slightly gamey smell.
1,膳食,shàn shí,合理膳食有助于保持身体健康。,hé lǐ shàn shí yǒu zhù yú bǎo chí shēn tǐ jiàn kāng.,A balanced diet helps maintain good health.
2,孑然,jié rán,他孑然一身来到陌生的城市。,tā jié rán yī shēn lái dào mò shēng de chéng shì.,He comes to an unfamiliar city all alone.
2,掮客,qián kè,这位掮客帮忙联系买卖双方。,zhè wèi qián kè bāng máng lián xì mǎi mài shuāng fāng.,This broker helps connect the buyer and seller.
2,犍牛,jiān niú,农民牵着犍牛下田。,nóng mín qiān zhe jiān niú xià tián.,The farmer leads the bullock into the field.
1,孽障,niè zhàng,孽障是责骂人的旧词。,niè zhàng shì zé mà rén de jiù cí.,Niezhang is an old insulting term for a person.
1,发蔫,fā niān,太阳太烈，花叶开始发蔫。,"tài yang tài liè, huā yè kāi shǐ fā niān.",The flower leaves wilt in the fierce sun.
2,拽住,zhuāi zhù,她及时拽住了弟弟的手。,tā jí shí zhuāi zhù le dì di de shǒu.,She grabs her little brother's hand in time.
2,犍为,qián wéi,他去犍为看望老朋友。,tā qù qián wéi kàn wàng lǎo péng you.,He visits an old friend in Qianwei.
2,肌腱,jī jiàn,肌腱连接肌肉和骨骼。,jī jiàn lián jiē jī ròu hé gǔ gé.,Tendons connect muscles to bones.
1,蝎子,xiē zi,石头下面藏着一只蝎子。,shí tou xià miàn cáng zhe yī zhī xiē zi.,A scorpion hides beneath the stone.
1,谒见,yè jiàn,使者入宫谒见皇帝。,shǐ zhě rù gōng yè jiàn huáng dì.,The envoy enters the palace for an audience with the emperor.
1,蔫,niān,花在太阳下晒蔫了。,huā zài tài yang xià shài niān le.,The flower wilts in the sun.
1,憋闷,biē men,屋里空气不流通，让人憋闷。,"wū lǐ kōng qì bù liú tōng, ràng rén biē men.",The stuffy room makes people feel stifled.
2,骈文,pián wén,这篇骈文讲究句式对称。,zhè piān pián wén jiǎng jiu jù shì duì chèn.,This parallel prose emphasizes balanced sentences.
1,撵走,niǎn zǒu,他挥手把苍蝇撵走。,tā huī shǒu bǎ cāng ying niǎn zǒu.,He waves away the flies.
2,楝树,liàn shù,院子里有一棵楝树。,yuàn zi lǐ yǒu yī kē liàn shù.,There is a chinaberry tree in the courtyard.
2,钹,bó,他敲击铜钹配合鼓声。,tā qiāo jī tóng bó pèi hé gǔ shēng.,He clashes the brass cymbals with the drumbeat.
2,掂掇,diān duō,他掂掇着这件事是否可行。,tā diān duō zhe zhè jiàn shì shì fǒu kě xíng.,He considers whether this is feasible.
2,拾掇,shí duo,她把房间拾掇得很整洁。,tā bǎ fáng jiān shí duo de hěn zhěng jié.,She tidies the room neatly.
2,椴木,duàn mù,这件木雕是用椴木刻的。,zhè jiàn mù diāo shì yòng duàn mù kè de.,This carving is made from linden wood.
2,鸾凤,luán fèng,画上有一对彩色的鸾凤。,huà shàng yǒu yī duì cǎi sè de luán fèng.,The painting shows a pair of colorful mythical birds.
2,捋袖子,luō xiù zi,他捋袖子准备洗碗。,tā luō xiù zi zhǔn bèi xǐ wǎn.,He pushes up his sleeves to wash the dishes.
2,编纂,biān zuǎn,学者们正在编纂地方志。,xué zhě men zhèng zài biān zuǎn dì fāng zhì.,The scholars compile a local history.
1,积攒,jī zǎn,她慢慢积攒旅行的钱。,tā màn màn jī zǎn lǚ xíng de qián.,She gradually saves money for the trip.
2,纨绔,wán kù,纨绔常指不务正业的富家子弟。,wán kù cháng zhǐ bù wù zhèng yè de fù jiā zǐ dì.,Wanku often refers to an idle young man from a rich family.
2,皖,wǎn,皖是安徽的简称。,wǎn shì ān huī de jiǎn chēng.,Wan is the abbreviation for Anhui.
1,豌豆,wān dòu,她把豌豆从豆荚里剥出来。,tā bǎ wān dòu cóng dòu jiá lǐ bō chū lái.,She shells the peas.
2,剜肉补疮,wān ròu bǔ chuāng,借新债还旧债无异于剜肉补疮。,jiè xīn zhài huán jiù zhài wú yì yú wān ròu bǔ chuāng.,Borrowing to repay old debt is a harmful stopgap.
2,鳏寡,guān guǎ,乡里为鳏寡老人送来粮食。,xiāng lǐ wèi guān guǎ lǎo rén sòng lái liáng shi.,The village brings grain to widowed elders.
2,斡旋,wò xuán,他在双方之间积极斡旋。,tā zài shuāng fāng zhī jiān jī jí wò xuán.,He actively mediates between the two sides.
1,篡夺,cuàn duó,叛臣企图篡夺王位。,pàn chén qǐ tú cuàn duó wáng wèi.,The rebel minister tries to usurp the throne.
2,闩门,shuān mén,他睡前仔细闩门。,tā shuì qián zǐ xì shuān mén.,He carefully bars the door before bed.
1,涮羊肉,shuàn yáng ròu,我们今晚一起吃涮羊肉。,wǒ men jīn wǎn yī qǐ chī shuàn yáng ròu.,We will have lamb hotpot together tonight.
1,宦官,huàn guān,宦官是古代宫廷中的阉人。,huàn guān shì gǔ dài gōng tíng zhōng de yān rén.,A eunuch was a castrated man serving in the ancient court.
2,镟床,xuàn chuáng,工人用镟床加工木料。,gōng rén yòng xuàn chuáng jiā gōng mù liào.,The worker shapes wood on a lathe.
2,椽子,chuán zi,工人换掉了屋顶的旧椽子。,gōng rén huàn diào le wū dǐng de jiù chuán zi.,The workers replace the old roof rafters.
2,篆书,zhuàn shū,这枚印章上刻着篆书。,zhè méi yìn zhāng shàng kè zhe zhuàn shū.,This seal is engraved in seal script.
2,颧骨,quán gǔ,她的颧骨比较高。,tā de quán gǔ bǐ jiào gāo.,She has fairly high cheekbones.
2,兖州,yǎn zhōu,他在兖州换乘火车。,tā zài yǎn zhōu huàn chéng huǒ chē.,He changes trains in Yanzhou.
1,明矾,míng fán,实验柜里存放着明矾。,shí yàn guì lǐ cún fàng zhe míng fán.,Alum is stored in the laboratory cabinet.
2,昏厥,hūn jué,他在闷热的房间里昏厥了。,tā zài mēn rè de fáng jiān lǐ hūn jué le.,"He faints in the hot, stuffy room."
2,孑孓,jié jué,水盆里发现了孑孓。,shuǐ pén lǐ fā xiàn le jié jué.,Mosquito larvae are found in the basin.
2,殡葬,bìn zàng,家人正在办理殡葬事宜。,jiā rén zhèng zài bàn lǐ bìn zàng shì yí.,The family arranges the funeral and burial.
2,牝鸡,pìn jī,牝鸡是母鸡的古代称呼。,pìn jī shì mǔ jī de gǔ dài chēng hu.,Pinji is an ancient word for a hen.
2,辅弼,fǔ bì,他辅弼君王治理国家。,tā fǔ bì jūn wáng zhì lǐ guó jiā.,He assists the ruler in governing the country.
2,泯灭,mǐn miè,那段记忆并未完全泯灭。,nà duàn jì yì bìng wèi wán quán mǐn miè.,That memory has not completely disappeared.
2,抿嘴,mǐn zuǐ,她抿嘴轻轻笑了一下。,tā mǐn zuǐ qīng qīng xiào le yī xià.,She presses her lips together and smiles softly.
1,昵称,nì chēng,朋友给他起了一个有趣的昵称。,péng you gěi tā qǐ le yī ge yǒu qù de nì chēng.,His friends gave him an amusing nickname.
1,榛子,zhēn zi,孩子剥开了一颗榛子。,hái zi bō kāi le yī kē zhēn zi.,The child cracks open a hazelnut.
2,臻于,zhēn yú,他的技艺逐渐臻于成熟。,tā de jì yì zhú jiàn zhēn yú chéng shú.,His skill gradually reaches maturity.
2,怀娠,huái shēn,怀娠是怀孕的旧说法。,huái shēn shì huái yùn de jiù shuō fǎ.,Huaishen is an old term for pregnancy.
2,诘问,jié wèn,他当面诘问这笔钱的去向。,tā dāng miàn jié wèn zhè bǐ qián de qù xiàng.,He questions him directly about where the money went.
1,挑衅,tiǎo xìn,对方不断挑衅，试图引起争斗。,"duì fāng bù duàn tiǎo xìn, shì tú yǐn qǐ zhēng dòu.",The other side keeps provoking a fight.
2,起讫,qǐ qì,表格记录了行程的起讫时间。,biǎo gé jì lù le xíng chéng de qǐ qì shí jiān.,The form records the journey's start and end times.
2,锛,bēn,木匠用锛削平木头。,mù jiàng yòng bēn xuē píng mù tou.,The carpenter smooths the wood with an adze.
2,饽饽,bō bo,奶奶做了几个甜饽饽。,nǎi nai zuò le jǐ ge tián bō bo.,Grandma makes some sweet buns.
2,馄饨,hún tun,她煮了一碗热馄饨。,tā zhǔ le yī wǎn rè hún tun.,She cooks a bowl of hot wontons.
1,囤积,tún jī,这家商店囤积了大量货物。,zhè jiā shāng diàn tún jī le dà liàng huò wù.,This shop has stockpiled many goods.
2,猝然,cù rán,他听到身后猝然一声巨响。,tā tīng dào shēn hòu cù rán yī shēng jù xiǎng.,He hears a sudden loud crash behind him.
2,杌子,wù zi,他搬来一个小杌子坐下。,tā bān lái yī ge xiǎo wù zi zuò xia.,He brings a small stool and sits down.
1,瘟疫,wēn yì,史书记载了那次瘟疫。,shǐ shū jì zǎi le nà cì wēn yì.,The history book records that plague.
2,皴裂,cūn liè,他的手在寒风中皴裂了。,tā de shǒu zài hán fēng zhōng cūn liè le.,His hands become chapped in the cold wind.
2,荀子,xún zǐ,这本书介绍了荀子的思想。,zhè běn shū jiè shào le xún zǐ de sī xiǎng.,This book introduces Xunzi's thought.
2,疏浚,shū jùn,工人正在疏浚河道。,gōng rén zhèng zài shū jùn hé dào.,The workers dredge the river channel.
1,香椿,xiāng chūn,奶奶采了几把香椿嫩芽。,nǎi nai cǎi le jǐ bǎ xiāng chūn nèn yá.,Grandma picks some young Chinese toon shoots.
2,相形见绌,xiāng xíng jiàn chù,与原作相比，这份译文相形见绌。,"yǔ yuán zuò xiāng bǐ, zhè fèn yì wén xiāng xíng jiàn chù.",This translation pales beside the original.
1,秫秸,shú jie,他用秫秸搭起了一个小棚。,tā yòng shú jie dā qǐ le yī ge xiǎo péng.,He builds a small shelter from sorghum stalks.
2,莼莼,,字目表中的莼莼一词还需核实。,,The entry “莼莼” in the source list still needs verification.
1,熏陶,xūn táo,他从小受到音乐的熏陶。,tā cóng xiǎo shòu dào yīn yuè de xūn táo.,Music has influenced him since childhood.
1,荤菜,hūn cài,今天晚饭有两道荤菜。,jīn tiān wǎn fàn yǒu liǎng dào hūn cài.,There are two meat dishes for dinner today.
1,诽谤,fěi bàng,他拒绝参与对同事的诽谤。,tā jù jué cān yù duì tóng shì de fěi bàng.,He refuses to take part in slandering his colleague.
2,铃铎,líng duó,风吹动檐下的铃铎。,fēng chuī dòng yán xià de líng duó.,The wind moves the bells under the eaves.
2,臧,zāng,这位学者姓臧。,zhè wèi xué zhě xìng zāng.,This scholar's surname is Zang.
2,柞木,zuò mù,木匠用柞木做了一张椅子。,mù jiàng yòng zuò mù zuò le yī zhāng yǐ zi.,The carpenter makes a chair from oak.
2,推搡,tuī sǎng,大家排队时不要互相推搡。,dà jiā pái duì shí bù yào hù xiāng tuī sǎng.,Do not shove one another while lining up.
0,杠铃,gàng líng,他举起了沉重的杠铃。,tā jǔ qǐ le chén zhòng de gàng líng.,He lifts the heavy barbell.
0,米糠,mǐ kāng,磨坊把米糠另装一袋。,mò fáng bǎ mǐ kāng lìng zhuāng yī dài.,The mill puts the rice bran in a separate bag.
2,鄂,è,鄂是湖北的简称。,è shì hú běi de jiǎn chēng.,E is the abbreviation for Hubei.
2,孀妇,shuāng fù,孀妇是对寡妇的旧称。,shuāng fù shì duì guǎ fu de jiù chēng.,Shuangfu is an old term for a widow.
2,瘴气,zhàng qì,古人说这片湿林有瘴气。,gǔ rén shuō zhè piàn shī lín yǒu zhàng qì.,The ancients said this damp forest contained miasma.
2,焯水,chāo shuǐ,她先给青菜焯水再拌。,tā xiān gěi qīng cài chāo shuǐ zài bàn.,She blanches the greens before dressing them.
2,粮饷,liáng xiǎng,这支军队已经领到了粮饷。,zhè zhī jūn duì yǐ jīng lǐng dào le liáng xiǎng.,This army has received its provisions and pay.
1,芍药,sháo yào,花园里的芍药开得正艳。,huā yuán lǐ de sháo yào kāi de zhèng yàn.,The peonies bloom brightly in the garden.
1,瓜瓤,guā ráng,他用勺子挖出红色的瓜瓤。,tā yòng sháo zi wā chū hóng sè de guā ráng.,He scoops out the red melon flesh.
2,铬,gè,铬是一种金属元素。,gè shì yī zhǒng jīn shǔ yuán sù.,Chromium is a metallic element.
2,无恙,wú yàng,收到平安信，他得知家人无恙。,"shōu dào píng ān xìn, tā dé zhī jiā rén wú yàng.",The letter tells him his family is safe and well.
2,藿香,huò xiāng,园子里种着几株藿香。,yuán zi lǐ zhòng zhe jǐ zhū huò xiāng.,A few giant hyssop plants grow in the garden.
1,蝗虫,huáng chóng,农民在田里发现了蝗虫。,nóng mín zài tián lǐ fā xiàn le huáng chóng.,The farmer finds locusts in the field.
2,镬,huò,镬在方言中可以指大锅。,huò zài fāng yán zhōng kě yǐ zhǐ dà guō.,Huo can mean a large cooking pot in dialect.
2,镢,jué,他挥动镢挖开硬土。,tā huī dòng jué wā kāi yìng tǔ.,He swings a mattock to break the hard soil.
2,匡扶,kuāng fú,故事中的忠臣努力匡扶社稷。,gù shi zhōng de zhōng chén nǔ lì kuāng fú shè jì.,The loyal minister in the story works to support the state.
2,涿州,zhuō zhōu,他从涿州坐车回家。,tā cóng zhuō zhōu zuò chē huí jiā.,He takes a bus home from Zhuozhou.
1,夯实,hāng shí,工人把新铺的土层夯实。,gōng rén bǎ xīn pù de tǔ céng hāng shí.,The workers tamp down the newly laid soil.
2,忒甚,tè shèn,忒甚在旧白话中指太过分。,tè shèn zài jiù bái huà zhōng zhǐ tài guò fèn.,Tesheng in older vernacular means excessively far.
1,誊写,téng xiě,她把草稿认真誊写一遍。,tā bǎ cǎo gǎo rèn zhēn téng xiě yī biàn.,She carefully makes a clean copy of the draft.
1,磨蹭,mó ceng,别再磨蹭，大家都在等你。,"bié zài mó ceng, dà jiā dōu zài děng nǐ.",Stop dawdling; everyone is waiting for you.
1,鲫鱼,jì yú,她买了两条新鲜鲫鱼。,tā mǎi le liǎng tiáo xīn xiān jì yú.,She buys two fresh crucian carp.
2,社稷,shè jì,大臣把社稷安危放在心上。,dà chén bǎ shè jì ān wēi fàng zài xīn shàng.,The minister cares deeply about the state's safety.
2,严饬,yán chì,严饬在古文中可指严加整治。,yán chì zài gǔ wén zhōng kě zhǐ yán jiā zhěng zhì.,Yanchi can mean strict rectification in classical Chinese.
2,田塍,tián chéng,他沿着狭窄的田塍走过去。,tā yán zhe xiá zhǎi de tián chéng zǒu guò qù.,He walks along the narrow ridge between fields.
2,弋射,yì shè,古人用系绳的箭弋射飞鸟。,gǔ rén yòng jì shéng de jiàn yì shè fēi niǎo.,The ancients shot birds with tethered arrows.
2,牛虻,niú méng,牛背上落着一只牛虻。,niú bèi shàng luò zhe yī zhī niú méng.,A horsefly lands on the cow's back.
2,粳米,jīng mǐ,她用粳米煮了一锅粥。,tā yòng jīng mǐ zhǔ le yī guō zhōu.,She cooks a pot of porridge with round-grained rice.
2,河浜,hé bāng,小船停在村边的河浜里。,xiǎo chuán tíng zài cūn biān de hé bāng lǐ.,The boat rests in the creek beside the village.
2,黄檗,huáng bò,山坡上长着一棵黄檗。,shān pō shàng zhǎng zhe yī kē huáng bò.,An Amur cork tree grows on the hillside.
0,核实,hé shí,请先核实这个消息的来源。,qǐng xiān hé shí zhè ge xiāo xi de lái yuán.,Please verify the source of this news first.
2,牛轭,niú è,农民给牛套上牛轭。,nóng mín gěi niú tào shàng niú è.,The farmer puts the yoke on the ox.
2,戟,jǐ,古代士兵手里举着长戟。,gǔ dài shì bīng shǒu lǐ jǔ zhe cháng jǐ.,The ancient soldier holds up a long halberd.
2,屐,jī,古人有时穿木屐行走。,gǔ rén yǒu shí chuān mù jī xíng zǒu.,The ancients sometimes walked in wooden clogs.
2,旌旗,jīng qí,城墙上旌旗迎风飘扬。,chéng qiáng shàng jīng qí yíng fēng piāo yáng.,Banners flutter in the wind on the city wall.
1,缨络,yīng luò,红色缨络从枪头垂下来。,hóng sè yīng luò cóng qiāng tóu chuí xià lái.,A red tassel hangs from the spearhead.
2,姘头,pīn tou,姘头是对非婚恋人的贬称。,pīn tou shì duì fēi hūn liàn rén de biǎn chēng.,Pintou is a derogatory term for an unmarried sexual partner.
2,疔疮,dīng chuāng,古代医书曾讨论疔疮。,gǔ dài yī shū céng tǎo lùn dīng chuāng.,Ancient medical books discussed small infected boils.
1,嫡系,dí xì,这支军队属于将军的嫡系。,zhè zhī jūn duì shǔ yú jiāng jūn de dí xì.,This army is directly under the general's command.
1,嫡出,dí chū,嫡出在古代指正妻所生。,dí chū zài gǔ dài zhǐ zhèng qī suǒ shēng.,Dichu in ancient usage means born of the principal wife.
1,银锭,yín dìng,他把银锭放在秤上称重。,tā bǎ yín dìng fàng zài chèng shàng chēng zhòng.,He weighs the silver ingot on the scale.
2,佞人,nìng rén,古人用佞人称善于谄媚的人。,gǔ rén yòng nìng rén chēng shàn yú chǎn mèi de rén.,The ancients used ningren for a flatterer.
2,磬,qìng,乐师敲响石磬。,yuè shī qiāo xiǎng shí qìng.,The musician strikes the stone chime.
2,井陉,jǐng xíng,他们在井陉停留了一晚。,tā men zài jǐng xíng tíng liú le yī wǎn.,They spend one night in Jingxing.
2,虢国,guó guó,博物馆介绍了虢国的历史。,bó wù guǎn jiè shào le guó guó de lì shǐ.,The museum presents the history of the state of Guo.
2,茔地,yíng dì,茔地指安葬死者的地方。,yíng dì zhǐ ān zàng sǐ zhě de dì fang.,Yingdi means a burial ground.
2,荥阳,xíng yáng,他在荥阳看望亲人。,tā zài xíng yáng kàn wàng qīn rén.,He visits relatives in Xingyang.
2,蠓虫,měng chóng,傍晚水边飞着许多蠓虫。,bàng wǎn shuǐ biān fēi zhe xǔ duō měng chóng.,Many midges fly beside the water at dusk.
1,捅破,tǒng pò,他不小心把纸灯笼捅破了。,tā bù xiǎo xīn bǎ zhǐ dēng lóng tǒng pò le.,He accidentally pokes through the paper lantern.
1,瞳孔,tóng kǒng,医生用小灯观察她的瞳孔。,yī shēng yòng xiǎo dēng guān chá tā de tóng kǒng.,The doctor examines her pupils with a small light.
1,简牍,jiǎn dú,这些简牍保存着古代文字。,zhè xiē jiǎn dú bǎo cún zhe gǔ dài wén zì.,These bamboo and wooden slips preserve ancient writing.
1,汞,gǒng,汞俗称水银。,gǒng sú chēng shuǐ yín.,Mercury is commonly called quicksilver.
0,起哄,qǐ hòng,几个孩子在旁边起哄。,jǐ ge hái zi zài páng biān qǐ hòng.,A few children make a rowdy commotion nearby.
2,侬人,nóng rén,侬人曾是部分壮族人的旧称。,nóng rén céng shì bù fèn zhuàng zú rén de jiù chēng.,Nong was once a name for some Zhuang people.
2,杀戮,shā lù,战争带来了残酷的杀戮。,zhàn zhēng dài lái le cán kù de shā lù.,The war brought cruel slaughter.
2,戎装,róng zhuāng,这位将军身穿戎装。,zhè wèi jiāng jūn shēn chuān róng zhuāng.,This general is dressed in military attire.
1,酒盅,jiǔ zhōng,他把酒倒进小酒盅。,tā bǎ jiǔ dào jìn xiǎo jiǔ zhōng.,He pours wine into the small cup.
1,冗长,rǒng cháng,这个报告太冗长了。,zhè ge bào gào tài rǒng cháng le.,This report is too long and tedious.
2,痈疮,yōng chuāng,旧医书记录了痈疮的名称。,jiù yī shū jì lù le yōng chuāng de míng chēng.,The old medical book records the term for a carbuncle.
2,甬道,yǒng dào,游客沿着甬道进入庭院。,yóu kè yán zhe yǒng dào jìn rù tíng yuàn.,The visitors follow the passageway into the courtyard.
1,麦茬,mài chá,收割后，田里留下短短的麦茬。,"shōu gē hòu, tián lǐ liú xià duǎn duǎn de mài chá.",Short wheat stubble remains after the harvest.
2,黄鼬,huáng yòu,一只黄鼬钻进了草丛。,yī zhī huáng yòu zuān jìn le cǎo cóng.,A Siberian weasel darts into the grass.
1,掸子,dǎn zi,她用掸子扫去书架上的灰尘。,tā yòng dǎn zi sǎo qù shū jià shàng de huī chén.,She dusts the bookshelf with a duster.
1,焊接,hàn jiē,工人正在焊接钢管。,gōng rén zhèng zài hàn jiē gāng guǎn.,The worker is welding steel pipes.
1,捻转,niǎn zhuǎn,她用手指捻转细线。,tā yòng shǒu zhǐ niǎn zhuǎn xì xiàn.,She twists the fine thread between her fingers.
2,衣钵,yī bō,他继承了师父的衣钵。,tā jì chéng le shī fu de yī bō.,He carries on his master's legacy.
2,黢黑,qū hēi,没有月亮的夜晚黢黑一片。,méi yǒu yuè liang de yè wǎn qū hēi yī piàn.,The moonless night is pitch black.
0,吃茶,chī chá,客人坐下来吃茶聊天。,kè rén zuò xia lái chī chá liáo tiān.,The guests sit down to drink tea and chat.
2,瑷珲,ài huī,这本书记载了瑷珲的历史。,zhè běn shū ji zài le ài huī de lì shǐ.,This book records the history of Aigun.
2,暧昧,ài mèi,他给了一个暧昧的回答。,tā gěi le yī ge ài mèi de huí dá.,He gives an ambiguous answer.
1,氨水,ān shuǐ,老师在化学课上介绍氨水。,lǎo shī zài huà xué kè shàng jiè shào ān shuǐ.,The teacher introduces aqueous ammonia in chemistry class.
2,胺基酸,àn jī suān,胺基酸是氨基酸的另一种名称。,àn jī suān shì ān jī suān de lìng yī zhǒng míng chēng.,Anjisu is another Chinese name for amino acids.
2,坂道,bǎn dào,他沿着坂道慢慢上坡。,tā yán zhe bǎn dào màn màn shàng pō.,He slowly walks up the sloping road.
2,舢舨,shān bǎn,渔民划着舢舨靠近岸边。,yú mín huà zhe shān bǎn kào jìn àn biān.,The fisherman rows the sampan toward the shore.
2,英镑,yīng bàng,她把零钱换成了英镑。,tā bǎ líng qián huàn chéng le yīng bàng.,She exchanges her money for pounds sterling.
2,鸨母,bǎo mǔ,鸨母是旧时妓院女老板的称呼。,bǎo mǔ shì jiù shí jì yuàn nǚ lǎo bǎn de chēng hu.,Baomu was a term for a female brothel keeper.
2,陂塘,bēi táng,村里的陂塘蓄满了雨水。,cūn lǐ de bēi táng xù mǎn le yǔ shuǐ.,The village pond is full of rainwater.
2,钡餐,bèi cān,医生向他说明了钡餐检查。,yī shēng xiàng tā shuō míng le bèi cān jiǎn chá.,The doctor explains the barium meal examination to him.
2,梵呗,fàn bài,寺院中传来悠长的梵呗。,sì yuàn zhōng chuán lái yōu cháng de fàn bài.,Long Buddhist chants sound from the temple.
1,水泵,shuǐ bèng,工人开启水泵排水。,gōng rén kāi qǐ shuǐ bèng pái shuǐ.,The worker starts the pump to drain the water.
1,匕首,bǐ shǒu,展柜里陈列着一把古代匕首。,zhǎn guì lǐ chén liè zhe yī bǎ gǔ dài bǐ shǒu.,An ancient dagger is displayed in the cabinet.
2,畀予,bì yǔ,畀予在古文中表示给予。,bì yǔ zài gǔ wén zhōng biǎo shì jǐ yǔ.,Biyu means giving in classical Chinese.
2,刚愎自用,gāng bì zì yòng,他刚愎自用，听不进劝告。,"tā gāng bì zì yòng, tīng bù jìn quàn gào.",He is stubborn and refuses advice.
2,髀骨,bì gǔ,髀骨在古文中可以指股骨。,bì gǔ zài gǔ wén zhōng kě yǐ zhǐ gǔ gǔ.,Bigu can mean the femur in classical Chinese.
2,保镖,bǎo biāo,保镖站在门口，保护里面的客人。,"bǎo biāo zhàn zài mén kǒu, bǎo hù lǐ miàn de kè rén.",The bodyguard stands at the door to protect the guests inside.
2,婊子,biǎo zi,婊子是侮辱女性的粗俗用语。,biǎo zi shì wǔ rǔ nǚ xìng de cū sú yòng yǔ.,Biaozi is a vulgar insult directed at women.
2,装裱,zhuāng biǎo,师傅正在装裱一幅字画。,shī fu zhèng zài zhuāng biǎo yī fú zì huà.,The craftsman mounts a calligraphy scroll.
2,邠县,bīn xiàn,邠县是一个旧县名。,bīn xiàn shì yī ge jiù xiàn míng.,Bin County is a former county name.
2,文质彬彬,wén zhì bīn bīn,他待人文质彬彬，举止有礼。,"tā dài rén wén zhì bīn bīn, jǔ zhǐ yǒu lǐ.",He behaves with refinement and courtesy.
2,铂金,bó jīn,这枚戒指是用铂金做的。,zhè méi jiè zhi shì yòng bó jīn zuò de.,This ring is made of platinum.
1,船舶,chuán bó,港口每天有许多船舶进出。,gǎng kǒu měi tiān yǒu xǔ duō chuán bó jìn chū.,Many vessels enter and leave the port every day.
2,逋逃,bū táo,逋逃在古文中指逃亡。,bū táo zài gǔ wén zhōng zhǐ táo wáng.,Butao means fleeing in classical Chinese.
2,娼妓,chāng jì,娼妓是旧时对性工作者的称呼。,chāng jì shì jiù shí duì xìng gōng zuò zhě de chēng hu.,Changji is an old term for a prostitute.
2,鲳鱼,chāng yú,她买了一条新鲜鲳鱼。,tā mǎi le yī tiáo xīn xiān chāng yú.,She buys a fresh pomfret.
2,抽搐,chōu chù,医生记录了他抽搐的时间。,yī shēng jì lù le tā chōu chù de shí jiān.,The doctor records when his convulsions occur.
2,罢黜,bà chù,这位官员被皇帝罢黜。,zhè wèi guān yuán bèi huáng dì bà chù.,This official was dismissed by the emperor.
1,捶打,chuí dǎ,她轻轻捶打酸痛的肩膀。,tā qīng qīng chuí dǎ suān tòng de jiān bǎng.,She gently pats her aching shoulder.
2,龌龊,wò chuò,这种欺骗手段十分龌龊。,zhè zhǒng qī piàn shǒu duàn shí fēn wò chuò.,This deception is despicable.
2,啐一口,cuì yī kǒu,他朝地上啐一口唾沫。,tā cháo dì shang cuì yī kǒu tuò mo.,He spits onto the ground.
2,啐,cuì,啐可以表示尝一小口。,cuì kě yǐ biǎo shì cháng yī xiǎo kǒu.,Cui can mean taking a small sip.
2,耷拉,dā la,小狗的耳朵耷拉下来。,xiǎo gǒu de ěr duo dā la xià lai.,The puppy's ears droop.
2,傣族,dǎi zú,这本书介绍傣族的节日。,zhè běn shū jiè shào dǎi zú de jié rì.,This book introduces Dai festivals.
1,氮气,dàn qì,氮气在空气中所占比例很大。,dàn qì zài kōng qì zhōng suǒ zhàn bǐ lì hěn dà.,Nitrogen makes up a large proportion of air.
2,诋毁,dǐ huǐ,散布谣言诋毁别人，会伤害对方。,"sàn bù yáo yán dǐ huǐ bié ren, huì shāng hài duì fāng.",Spreading rumors to slander someone can hurt them.
2,娣姒,dì sì,娣姒在古代可以指妯娌。,dì sì zài gǔ dài kě yǐ zhǐ zhóu li.,Disi can refer to sisters-in-law in ancient usage.
2,娣,dì,古代姐姐可称妹妹为娣。,gǔ dài jiě jie kě chēng mèi mei wéi dì.,"In ancient Chinese, an older sister could call her younger sister di."
2,睇见,dì jiàn,睇见在粤语中表示看见。,dì jiàn zài yuè yǔ zhōng biǎo shì kàn jiàn.,Tai gin means to see in Cantonese.
2,碲元素,dì yuán sù,老师介绍了碲元素的性质。,lǎo shī jiè shào le dì yuán sù de xìng zhì.,The teacher describes the properties of tellurium.
2,鲷鱼,diāo yú,这家餐馆有清蒸鲷鱼。,zhè jiā cān guǎn yǒu qīng zhēng diāo yú.,This restaurant serves steamed sea bream.
2,屌,diǎo,屌是男性生殖器的粗俗称呼。,diǎo shì nán xìng shēng zhí qì de cū sú chēng hu.,Diao is a vulgar term for the penis.
2,酩酊,mǐng dǐng,他喝得酩酊大醉。,tā hē de mǐng dǐng dà zuì.,He drinks himself blind drunk.
2,光腚,guāng dìng,光腚是光着屁股的口语说法。,guāng dìng shì guāng zhe pì gu de kǒu yǔ shuō fǎ.,Guangding colloquially means having a bare bottom.
2,倥侗,kōng tóng,倥侗在古文中指无知。,kōng tóng zài gǔ wén zhōng zhǐ wú zhī.,Kongtong means ignorant in classical Chinese.
2,侗侗,tǒng tǒng,侗侗形容身材高大。,tǒng tǒng xíng róng shēn cái gāo dà.,Tongtong describes a tall and large build.
2,侗族,dòng zú,她向我们介绍侗族的音乐。,tā xiàng wǒ men jiè shào dòng zú de yīn yuè.,She introduces us to Dong music.
2,屙屎,ē shǐ,屙屎是排便的方言说法。,ē shǐ shì pái biàn de fāng yán shuō fǎ.,Eshi is a dialect expression for defecating.
2,谔谔,è è,谔谔可以形容直言争辩。,è è kě yǐ xíng róng zhí yán zhēng biàn.,Ee can describe frank argument or debate.
2,腭裂,è liè,医生在模型上讲解腭裂。,yī shēng zài mó xíng shàng jiǎng jiě è liè.,The doctor explains cleft palate using a model.
2,鲂鱼,fáng yú,湖里有不少鲂鱼。,hú lǐ yǒu bù shǎo fáng yú.,There are many bream in the lake.
2,画舫,huà fǎng,一艘画舫缓缓驶过湖面。,yī sōu huà fǎng huǎn huǎn shǐ guò hú miàn.,A decorated pleasure boat glides across the lake.
2,绯闻,fēi wén,她没有回应报上的绯闻。,tā méi yǒu huí yìng bào shàng de fēi wén.,She does not respond to the rumored affair in the paper.
2,雨雪霏霏,yù xuě fēi fēi,古诗用雨雪霏霏描写大雪。,gǔ shī yòng yù xuě fēi fēi miáo xiě dà xuě.,The classical phrase yu xue feifei describes falling snow.
2,狒狒,fèi fèi,一群狒狒在岩石上休息。,yī qún fèi fèi zài yán shí shàng xiū xi.,A troop of baboons rests on the rocks.
2,深孚众望,shēn fú zhòng wàng,他处事公正，深孚众望。,"tā chǔ shì gōng zhèng, shēn fú zhòng wàng.",He is fair and enjoys everyone's confidence.
2,氟气,fú qì,氟气是氟元素形成的气体。,fú qì shì fú yuán sù xíng chéng de qì tǐ.,Fluorine gas is the gaseous form of the element fluorine.
1,钙,gài,钙是一种化学元素。,gài shì yī zhǒng huà xué yuán sù.,Calcium is a chemical element.
2,赣州,gàn zhōu,她在赣州工作。,tā zài gàn zhōu gōng zuò.,She works in Ganzhou.
2,赣江,gàn jiāng,赣江流经江西。,gàn jiāng liú jīng jiāng xī.,The Gan River flows through Jiangxi.
2,天罡,tiān gāng,古人用天罡称呼北斗星。,gǔ rén yòng tiān gāng chēng hu běi dǒu xīng.,The ancients used Tiangang as a name for the Big Dipper.
1,镐头,gǎo tou,他用镐头刨开硬土。,tā yòng gǎo tou páo kāi yìng tǔ.,He breaks the hard soil with a pickaxe.
2,艮卦,gěn guà,艮卦是易经中的一个卦。,gěn guà shì yì jīng zhōng de yī ge guà.,Gen is a hexagram in the Book of Changes.
2,股肱,gǔ gōng,他是君王倚重的股肱之臣。,tā shì jūn wáng yǐ zhòng de gǔ gōng zhī chén.,He is a minister trusted by the ruler.
2,诟骂,gòu mà,他不该用脏话诟骂别人。,tā bù gāi yòng zāng huà gòu mà bié ren.,He should not abuse others with foul language.
2,鹧鸪,zhè gū,林中传来鹧鸪的叫声。,lín zhōng chuán lái zhè gū de jiào shēng.,A partridge calls in the woods.
2,轮毂,lún gǔ,修理工检查了车轮的轮毂。,xiū lǐ gōng jiǎn chá le chē lún de lún gǔ.,The mechanic checks the wheel hub.
2,汩汩,gǔ gǔ,泉水汩汩地流出石缝。,quán shuǐ gǔ gǔ de liú chū shí fèng.,Spring water gurgles out of the rock crevice.
2,瞽者,gǔ zhě,瞽者是盲人的旧称。,gǔ zhě shì máng rén de jiù chēng.,Guzhe is an old term for a blind person.
2,莞草,guān cǎo,村民用莞草编织草席。,cūn mín yòng guān cǎo biān zhī cǎo xí.,The villagers weave mats from rushes.
2,东莞,dōng guǎn,他坐车到东莞出差。,tā zuò chē dào dōng guǎn chū chāi.,He travels to Dongguan for work.
2,莞尔,wǎn ěr,听完这个故事，她莞尔一笑。,"tīng wán zhè ge gù shi, tā wǎn ěr yī xiào.",She smiles slightly after hearing the story.
2,皈依,guī yī,他后来皈依了佛教。,tā hòu lái guī yī le fó jiào.,He later converted to Buddhism.
2,珪瑁,guī mào,珪瑁是古代的玉制礼器。,guī mào shì gǔ dài de yù zhì lǐ qì.,Gui and mao are ancient jade ritual objects.
1,硅谷,guī gǔ,她参观了硅谷的一家公司。,tā cān guān le guī gǔ de yī jiā gōng sī.,She visits a company in Silicon Valley.
2,衮衮诸公,gǔn gǔn zhū gōng,衮衮诸公常用来讽刺官场人物。,gǔn gǔn zhū gōng cháng yòng lái fěng cì guān chǎng rén wù.,Gungun zhugong is often used to mock high officials.
2,掴耳光,guāi ěr guāng,他争吵时动手掴耳光。,tā zhēng chǎo shí dòng shǒu guāi ěr guāng.,He slaps someone during the quarrel.
1,捍卫,hàn wèi,他们努力捍卫自己的权利。,tā men nǔ lì hàn wèi zì jǐ de quán lì.,They work to defend their rights.
2,颔首,hàn shǒu,她颔首表示同意。,tā hàn shǒu biǎo shì tóng yì.,She nods to show agreement.
2,濠沟,háo gōu,城墙外有一条宽阔的濠沟。,chéng qiáng wài yǒu yī tiáo kuān kuò de háo gōu.,A wide moat lies outside the city wall.
2,昊天,hào tiān,昊天在古文中指广大的天空。,hào tiān zài gǔ wén zhōng zhǐ guǎng dà de tiān kōng.,Haotian means the vast sky in classical Chinese.
2,诃子,hē zǐ,树上结着青色的诃子。,shù shàng jié zhe qīng sè de hē zǐ.,Green chebulic myrobalan fruit grows on the tree.
2,龢乐,hé lè,龢乐在古文中指和睦欢乐。,hé lè zài gǔ wén zhōng zhǐ hé mù huān lè.,Hele means harmony and happiness in classical Chinese.
2,訇然,hōng rán,门訇然一声关上了。,mén hōng rán yī shēng guān shàng le.,The door closes with a loud bang.
2,薨逝,hōng shì,薨逝是古代贵族去世的说法。,hōng shì shì gǔ dài guì zú qù shì de shuō fǎ.,Hongshi was a term for the death of an ancient noble.
2,鸿鹄,hóng hú,诗人用鸿鹄象征远大的志向。,shī rén yòng hóng hú xiàng zhēng yuǎn dà de zhì xiàng.,The poet uses the swan to symbolize lofty aspirations.
2,猢狲,hú sūn,几只猢狲在树枝间跳跃。,jǐ zhī hú sūn zài shù zhī jiān tiào yuè.,A few macaques leap between the branches.
2,鹈鹕,tí hú,一只鹈鹕在水边休息。,yī zhī tí hú zài shuǐ biān xiū xi.,A pelican is resting beside the water.
2,醍醐,tí hú,醍醐可指古代的一种乳制品。,tí hú kě zhǐ gǔ dài de yī zhǒng rǔ zhì pǐn.,Tihu can refer to an ancient dairy product.
2,天祜,tiān hù,古人把天祜理解为上天的庇佑。,gǔ rén bǎ tiān hù lǐ jiě wéi shàng tiān de bì yòu.,The ancients understood tianhu as Heaven's protection.
2,环绕,huán rào,高大的树木环绕着这座小屋。,gāo dà de shù mù huán rào zhe zhè zuò xiǎo wū.,Tall trees surround this cottage.
2,圜宇,,字目表中的圜宇一词还需核实。,,The entry “圜宇” in the source list still needs verification.
2,豢养,huàn yǎng,他在院中豢养了几只兔子。,tā zài yuàn zhōng huàn yǎng le jǐ zhī tù zi.,He keeps a few rabbits in the courtyard.
2,不遑,bù huáng,他忙着救人，不遑休息。,"tā máng zhe jiù rén, bù huáng xiū xi.",He is too busy rescuing people to rest.
2,玉璜,yù huáng,展柜中有一件半圆形的玉璜。,zhǎn guì zhōng yǒu yī jiàn bàn yuán xíng de yù huáng.,A semicircular jade huang is displayed in the cabinet.
2,蚂蟥,mǎ huáng,水田里有一条蚂蟥。,shuǐ tián lǐ yǒu yī tiáo mǎ huáng.,There is a leech in the paddy field.
2,珲春,hún chūn,他们开车去珲春旅行。,tā men kāi chē qù hún chūn lǚ xíng.,They drive to Hunchun for a trip.
1,蛔虫,huí chóng,书中介绍了蛔虫的生活史。,shū zhōng jiè shào le huí chóng de shēng huó shǐ.,The book describes the roundworm's life cycle.
2,插诨,chā hùn,演员在对白中插诨逗笑观众。,yǎn yuán zài duì bái zhōng chā hùn dòu xiào guān zhòng.,The actor adds jokes to the dialogue to amuse the audience.
2,嵇康,jī kāng,这篇文章介绍了嵇康的琴艺。,zhè piān wén zhāng jiè shào le jī kāng de qín yì.,This article introduces Ji Kang's musical skill.
2,觊觎,jì yú,他觊觎邻居的财产。,tā jì yú lín jū de cái chǎn.,He covets his neighbor's property.
2,偈语,jì yǔ,僧人诵读了一段偈语。,sēng rén sòng dú le yī duàn jì yǔ.,The monk recites a Buddhist verse.
2,胡笳,hú jiā,草原上传来悠长的胡笳声。,cǎo yuán shàng chuán lái yōu cháng de hú jiā shēng.,The long sound of a hujia reed pipe travels across the grassland.
2,症瘕,zhēng jiǎ,症瘕是古代医书中的病名。,zhēng jiǎ shì gǔ dài yī shū zhōng de bìng míng.,Zhengjia is a disease term in ancient medical books.
2,绛紫,jiàng zǐ,她选了一条绛紫色围巾。,tā xuǎn le yī tiáo jiàng zǐ sè wéi jīn.,She chooses a dark purple scarf.
2,姣好,jiāo hǎo,她有一张姣好的面容。,tā yǒu yī zhāng jiāo hǎo de miàn róng.,She has an attractive face.
2,发姣,fā xiáo,发姣在粤语中指发情或卖弄风骚。,Fā xiáo zài yuè yǔ zhōng zhǐ fā qíng huò mài nong fēng sāo.,‘发姣’ is a Cantonese expression for being lustful or flirting provocatively.
2,桀纣,jié zhòu,古人常把桀纣作为暴君的代表。,gǔ rén cháng bǎ jié zhòu zuò wéi bào jūn de dài biǎo.,The ancients often used Jie and Zhou as examples of tyrants.
2,碑碣,bēi jié,院里保存着几块古代碑碣。,yuàn lǐ bǎo cún zhe jǐ kuài gǔ dài bēi jié.,Several ancient inscribed stone tablets remain in the courtyard.
2,墓碣,mù jié,墓前立着一块墓碣。,mù qián lì zhe yī kuài mù jié.,An inscribed stone tablet stands in front of the grave.
2,矜持,jīn chí,她初次见面时有些矜持。,tā chū cì jiàn miàn shí yǒu xiē jīn chí.,She is somewhat reserved at the first meeting.
2,饥馑,jī jǐn,连年干旱造成了饥馑。,lián nián gān hàn zào chéng le jī jǐn.,Years of drought caused famine.
2,觐见,jìn jiàn,大臣入宫觐见皇帝。,dà chén rù gōng jìn jiàn huáng dì.,The minister enters the palace for an audience with the emperor.
2,儆戒,jǐng jiè,他以失败的经历儆戒后人。,tā yǐ shī bài de jīng lì jǐng jiè hòu rén.,He warns later generations with his experience of failure.
2,杀一儆百,shā yī jǐng bǎi,他想用严惩杀一儆百。,tā xiǎng yòng yán chéng shā yī jǐng bǎi.,He wants to make an example of one person through harsh punishment.
2,衣裾,yī jū,她提起衣裾走上台阶。,tā tí qǐ yī jū zǒu shàng tái jiē.,She lifts the hem of her garment and climbs the steps.
2,莴苣,wō jù,咖喱里放了莴苣，颜色十分丰富。,"gā lí lǐ fàng le wō jù, yán sè shí fēn fēng fù.","Lettuce was added to the curry, giving it a colorful appearance."
2,飓风,jù fēng,强烈的飓风袭击了海岛。,qiáng liè de jù fēng xí jī le hǎi dǎo.,A powerful hurricane struck the island.
2,镌刻,juān kè,石碑上镌刻着几个大字。,shí bēi shàng juān kè zhe jǐ ge dà zì.,Several large characters are engraved on the stone tablet.
2,谲诡,jué guǐ,故事的情节十分谲诡。,gù shi de qíng jié shí fēn jué guǐ.,The story's plot is bizarre and unpredictable.
2,铠甲,kǎi jiǎ,展厅里陈列着古代铠甲。,zhǎn tīng lǐ chén liè zhe gǔ dài kǎi jiǎ.,Ancient armor is displayed in the hall.
2,石磡,shí kàn,考古人员清理了石磡遗迹。,kǎo gǔ rén yuán qīng lǐ le shí kàn yí jì.,The archaeologists uncover remains of a stone embankment.
2,锟铻,kūn wú,锟铻在古文中可指宝剑。,kūn wú zài gǔ wén zhōng kě zhǐ bǎo jiàn.,Kunwu can mean a precious sword in classical Chinese.
2,鲲鹏,kūn péng,传说中的鲲鹏能飞向远方。,chuán shuō zhōng de kūn péng néng fēi xiàng yuǎn fāng.,The legendary kunpeng can fly far away.
2,邋遢,lā ta,他把邋遢的房间打扫干净。,tā bǎ lā ta de fáng jiān dǎ sǎo gān jìng.,He cleans up the untidy room.
2,乖剌,guāi là,乖剌可以形容性情不合常理。,guāi là kě yǐ xíng róng xìng qíng bù hé cháng lǐ.,Guaila can describe a contrary disposition.
2,瘌痢,là lì,瘌痢是头部癣病的俗称。,là lì shì tóu bù xuǎn bìng de sú chēng.,Lali is a colloquial term for a scalp fungal infection.
2,濑户,lài hù,他到日本濑户参观陶瓷。,tā dào rì běn lài hù cān guān táo cí.,He visits Seto in Japan to see ceramics.
2,崂山,láo shān,我们打算周末去爬崂山。,wǒ men dǎ suàn zhōu mò qù pá láo shān.,We plan to climb Mount Lao this weekend.
2,阔佬,kuò lǎo,阔佬是对有钱人的俗称。,kuò lǎo shì duì yǒu qián rén de sú chēng.,Kuolao is a colloquial term for a wealthy man.
0,天姥,tiān mǔ,他读到了描写天姥的诗。,tā dú dào le miáo xiě tiān mǔ de shī.,He reads a poem describing Mount Tianmu.
0,姥姥,lǎo lao,姥姥给我做了一碗面。,lǎo lao gěi wǒ zuò le yī wǎn miàn.,Grandma makes me a bowl of noodles.
2,羸弱,léi ruò,他身体羸弱，走路十分缓慢。,"tā shēn tǐ léi ruò, zǒu lù shí fēn huǎn màn.",He is physically frail and walks very slowly.
2,磊落,lěi luò,她为人坦荡磊落。,tā wéi rén tǎn dàng lěi luò.,She is open and honorable.
2,咖喱,gā lí,咖喱里放了莴苣，颜色十分丰富。,"gā lí lǐ fàng le wō jù, yán sè shí fēn fēng fù.","Lettuce was added to the curry, giving it a colorful appearance."
2,管蠡窥测,guǎn lí kuī cè,管蠡窥测比喻见识狭窄。,guǎn lí kuī cè bǐ yù jiàn shi xiá zhǎi.,Guanli kuice describes a limited perspective.
2,锂电池,lǐ diàn chí,这台相机使用锂电池。,zhè tái xiàng jī shǐ yòng lǐ diàn chí.,This camera uses a lithium battery.
2,醴酒,lǐ jiǔ,古人有时用醴酒招待宾客。,gǔ rén yǒu shí yòng lǐ jiǔ zhāo dài bīn kè.,The ancients sometimes served guests sweet wine.
2,鲢鱼,lián yú,池塘里养着许多鲢鱼。,chí táng lǐ yǎng zhe xǔ duō lián yú.,Many silver carp are raised in the pond.
2,踉跄,liàng qiàng,他脚下一滑，踉跄了几步。,"tā jiǎo xià yī huá, liàng qiàng le jǐ bù.",He slips and staggers a few steps.
2,獠牙,liáo yá,野猪露出了锋利的獠牙。,yě zhū lù chū le fēng lì de liáo yá.,The wild boar bares its sharp tusks.
1,镣铐,liào kào,囚犯戴着沉重的镣铐。,qiú fàn dài zhe chén zhòng de liào kào.,The prisoner wears heavy fetters and handcuffs.
2,鬣鬃,liè zōng,骏马的鬣鬃随风飘动。,jùn mǎ de liè zōng suí fēng piāo dòng.,The horse's mane blows in the wind.
2,粼粼,lín lín,夕阳下的湖面波光粼粼。,xī yáng xià de hú miàn bō guāng lín lín.,The lake shimmers in the sunset.
2,嶙峋,lín xún,山路旁有嶙峋的怪石。,shān lù páng yǒu lín xún de guài shí.,Craggy rocks line the mountain path.
2,廪仓,lǐn cāng,新收的粮食已经运入廪仓。,xīn shōu de liáng shi yǐ jīng yùn rù lǐn cāng.,The newly harvested grain has entered the granary.
1,蹂躏,róu lìn,战争蹂躏了这片土地。,zhàn zhēng róu lìn le zhè piàn tǔ dì.,War ravaged this land.
2,绫罗,líng luó,商店里摆满华丽的绫罗。,shāng diàn lǐ bǎi mǎn huá lì de líng luó.,The shop is full of fine silk fabrics.
2,鲮鱼,líng yú,这家餐馆用鲮鱼做菜。,zhè jiā cān guǎn yòng líng yú zuò cài.,This restaurant cooks dishes with mud carp.
2,遛狗,liù gǒu,遛狗时，他遇见了路边闹事的流氓。,"liù gǒu shí, tā yù jiàn le lù biān nào shì de liú máng.","While walking the dog, he encountered a thug causing trouble by the road."
2,瘘管,lòu guǎn,医生向学生解释了瘘管。,yī shēng xiàng xué sheng jiě shì le lòu guǎn.,The doctor explains fistulas to the students.
2,酒垆,jiǔ lú,古诗写到临街的酒垆。,gǔ shī xiě dào lín jiē de jiǔ lú.,The classical poem describes a wine shop by the street.
2,泸水,lú shuǐ,他在泸水看望朋友。,tā zài lú shuǐ kàn wàng péng you.,He visits a friend in Lushui.
2,辘轳,lù lu,她转动辘轳从井里提水。,tā zhuǎn dòng lù lu cóng jǐng lǐ tí shuǐ.,She turns the windlass to draw water from the well.
2,宝璐,bǎo lù,宝璐在古文中指美玉。,bǎo lù zài gǔ wén zhōng zhǐ měi yù.,Baolu means fine jade in classical Chinese.
2,痉挛,jìng luán,病历记下了肌肉痉挛的情况。,bìng lì jì xià le jī ròu jìng luán de qíng kuàng.,The medical record notes the muscle spasms.
2,阿嫲,ā má,阿嫲坐在门边等孙子回来。,ā má zuò zài mén biān děng sūn zi huí lai.,Grandma sits by the door waiting for her grandson.
2,猛犸,měng mǎ,博物馆里有猛犸的骨架。,bó wù guǎn lǐ yǒu měng mǎ de gǔ jià.,The museum has a mammoth skeleton.
2,螨虫,mǎn chóng,研究员用显微镜观察螨虫。,yán jiū yuán yòng xiǎn wēi jìng guān chá mǎn chóng.,The researcher examines mites under a microscope.
2,谩骂,màn mà,争论时不该谩骂别人。,zhēng lùn shí bù gāi màn mà bié ren.,You should not hurl abuse during an argument.
1,流氓,liú máng,遛狗时，他遇见了路边闹事的流氓。,"liù gǒu shí, tā yù jiàn le lù biān nào shì de liú máng.","While walking the dog, he encountered a thug causing trouble by the road."
2,昴星,mǎo xīng,古代星图上标出了昴星。,gǔ dài xīng tú shàng biāo chū le mǎo xīng.,The ancient star chart marks the Pleiades.
2,广袤,guǎng mào,广袤的草原延伸到遥远的山脚。,guǎng mào de cǎo yuán yán shēn dào yáo yuǎn de shān jiǎo.,The vast grassland stretches to the foot of distant mountains.
2,玳瑁,dài mào,海里游过一只玳瑁。,hǎi lǐ yóu guò yī zhī dài mào.,A hawksbill turtle swims through the sea.
2,水湄,shuǐ méi,她沿着水湄缓缓散步。,tā yán zhe shuǐ méi huǎn huǎn sàn bù.,She strolls slowly along the water's edge.
2,酶素,méi sù,旧书中用酶素称呼酶。,jiù shū zhōng yòng méi sù chēng hu méi.,Old books use meisu as a name for enzymes.
2,镁光,měi guāng,镁光闪过，摄影师拍下了照片。,"měi guāng shǎn guò, shè yǐng shī pāi xià le zhào piàn.",The photographer takes a photo in a magnesium flash.
0,眯眼,mī yǎn,阳光太亮，他只好眯眼。,"yáng guāng tài liàng, tā zhǐ hǎo mī yǎn.",The sun is so bright that he has to squint.
2,乙醚,yǐ mí,药品柜里有一瓶乙醚。,yào pǐn guì lǐ yǒu yī píng yǐ mí.,There is a bottle of ether in the chemical cabinet.
2,弭乱,mǐ luàn,朝廷派人去弭乱。,cháo tíng pài rén qù mǐ luàn.,The court sends men to quell the unrest.
2,汨罗,mì luó,他在汨罗参观纪念馆。,tā zài mì luó cān guān jì niàn guǎn.,He visits a memorial museum in Miluo.
2,乘幂,chéng mì,老师在黑板上写出乘幂算式。,lǎo shī zài hēi bǎn shàng xiě chū chéng mì suàn shì.,The teacher writes an exponentiation expression on the board.
2,沔水,miǎn shuǐ,古书中记载了沔水的名称。,gǔ shū zhōng jì zǎi le miǎn shuǐ de míng chēng.,The name of the Mian River appears in ancient books.
2,缥缈,piāo miǎo,远处的山峰在雾中缥缈难辨。,yuǎn chù de shān fēng zài wù zhōng piāo miǎo nán biàn.,The distant peaks are indistinct in the mist.
2,邈远,miǎo yuǎn,邈远的山村传来钟声。,miǎo yuǎn de shān cūn chuán lái zhōng shēng.,A bell sounds from the remote mountain village.
2,暝色,míng sè,山谷里渐渐笼罩着暝色。,shān gǔ lǐ jiàn jiàn lǒng zhào zhe míng sè.,Evening darkness gradually fills the valley.
2,瞑目,míng mù,他瞑目片刻，静静休息。,"tā míng mù piàn kè, jìng jìng xiū xi.",He closes his eyes briefly and rests quietly.
2,殁世,mò shì,他殁世后留下了许多诗稿。,tā mò shì hòu liú xià le xǔ duō shī gǎo.,He left many draft poems after his death.
2,苜蓿,mù xu,农场里种着一大片苜蓿。,nóng chǎng lǐ zhòng zhe yī dà piàn mù xu.,A large patch of alfalfa grows on the farm.
2,老衲,lǎo nà,老衲是年长僧人的自称。,lǎo nà shì nián zhǎng sēng rén de zì chēng.,Laona is a self-reference used by elderly monks.
2,涅槃,niè pán,涅槃是佛教中的重要概念。,niè pán shì fó jiào zhōng de zhòng yào gài niàn.,Nirvana is an important concept in Buddhism.
2,啮齿,niè chǐ,啮齿动物有发达的门齿。,niè chǐ dòng wù yǒu fā dá de mén chǐ.,Rodents have well-developed incisors.
2,恁地,nèn dì,天怎么恁地冷？,tiān zěn me nèn dì lěng?,Why is it so cold?
2,磐石,pán shí,他坐在一块巨大的磐石上。,tā zuò zài yī kuài jù dà de pán shí shàng.,He sits on a huge boulder.
2,庖厨,páo chú,庖厨在古文中可以指厨房。,páo chú zài gǔ wén zhōng kě yǐ zhǐ chú fáng.,Paochu can mean a kitchen in classical Chinese.
2,抨击,pēng jī,评论文章抨击了这项不公平的政策。,píng lùn wén zhāng pēng jī le zhè xiàng bù gōng píng de zhèng cè.,The opinion piece sharply criticized this unfair policy.
2,怦然,pēng rán,看见她时，他怦然心动。,"kàn jiàn tā shí, tā pēng rán xīn dòng.",His heart skips a beat when he sees her.
2,貔貅,pí xiū,店里摆着一个貔貅摆件。,diàn lǐ bǎi zhe yī ge pí xiū bǎi jiàn.,The shop displays a mythical pixiu ornament.
2,癖好,pǐ hào,他有收藏旧地图的癖好。,tā yǒu shōu cáng jiù dì tú de pǐ hào.,He has a passion for collecting old maps.
2,洁癖,jié pǐ,洁癖通常指过分爱干净的习惯。,jié pǐ tōng cháng zhǐ guò fèn ài gān jìng de xí guàn.,Jiepi usually means an excessive concern with cleanliness.
2,颦蹙,pín cù,听到坏消息，她眉头颦蹙。,"tīng dào huài xiāo xi, tā méi tóu pín cù.",She furrows her brow on hearing the bad news.
2,叵测,pǒ cè,他看不透对方叵测的心思。,tā kàn bù tòu duì fāng pǒ cè de xīn si.,He cannot fathom the other person's intentions.
2,莆田,pú tián,她到莆田探望亲戚。,tā dào pú tián tàn wàng qīn qi.,She visits relatives in Putian.
2,溥博,pǔ bó,溥博在古文中指周遍广远。,pǔ bó zài gǔ wén zhōng zhǐ zhōu biàn guǎng yuǎn.,Pubo means extensive and far-reaching in classical Chinese.
2,蹊径,xī jìng,他另辟蹊径解决了难题。,tā lìng pì xī jìng jiě jué le nán tí.,He finds a new approach to solve the problem.
2,蛴螬,qí cáo,农民在土中发现了蛴螬。,nóng mín zài tǔ zhōng fā xiàn le qí cáo.,The farmer finds beetle grubs in the soil.
2,沙碛,shā qì,商队穿过一片荒凉的沙碛。,shāng duì chuān guò yī piàn huāng liáng de shā qì.,The caravan crosses a desolate sandy desert.
2,愆期,qiān qī,愆期表示超过约定的期限。,qiān qī biǎo shì chāo guò yuē dìng de qī xiàn.,Qianqi means missing the agreed deadline.
1,黔首,qián shǒu,黔首是古代对百姓的称呼。,qián shǒu shì gǔ dài duì bǎi xìng de chēng hu.,Qianshou is an ancient term for common people.
1,黔驴技穷,qián lǘ jì qióng,他办法用尽，已是黔驴技穷。,"tā bàn fǎ yòng jìn, yǐ shì qián lǘ jì qióng.",He has exhausted his limited abilities.
2,茜草,qiàn cǎo,工匠用茜草给布染色。,gōng jiàng yòng qiàn cǎo gěi bù rǎn sè.,The craftsman dyes cloth with madder.
1,撬开,qiào kāi,他用工具撬开了木箱。,tā yòng gōng jù qiào kāi le mù xiāng.,He pries open the wooden box with a tool.
2,茕茕,qióng qióng,家人去世后，他茕茕独立，感到孤独。,"jiā rén qù shì hòu, tā qióng qióng dú lì, gǎn dào gū dú.","After his family died, he was left alone and felt lonely."
2,酋长,qiú zhǎng,酋长召集大家商议事情。,qiú zhǎng zhào jí dà jiā shāng yì shì qing.,The chief gathers everyone to discuss matters.
2,遒劲,qiú jìng,这幅字笔力遒劲。,zhè fú zì bǐ lì qiú jìng.,This calligraphy has vigorous strokes.
2,裘皮,qiú pí,衣领上缝着一圈裘皮。,yī lǐng shàng fèng zhe yī quān qiú pí.,A strip of fur is sewn around the collar.
2,髯须,rán xū,老人留着长长的髯须。,lǎo rén liú zhe cháng cháng de rán xū.,The old man has a long beard.
2,荏苒,rěn rǎn,时光荏苒，转眼又是一年。,"shí guāng rěn rǎn, zhuǎn yǎn yòu shì yī nián.","Time slips by, and another year has passed."
2,发轫,fā rèn,这项研究发轫于一次讨论。,zhè xiàng yán jiū fā rèn yú yī cì tǎo lùn.,This research began with a discussion.
2,衽席,rèn xí,衽席在古文中可以指卧席。,rèn xí zài gǔ wén zhōng kě yǐ zhǐ wò xí.,Renxi can mean bedding in classical Chinese.
2,糅杂,róu zá,这首歌糅杂了多种音乐风格。,zhè shǒu gē róu zá le duō zhǒng yīn yuè fēng gé.,This song blends several musical styles.
2,缛礼,rù lǐ,他不喜欢那些繁琐的缛礼。,tā bù xǐ huan nà xiē fán suǒ de rù lǐ.,He dislikes those elaborate rituals.
2,睿智,ruì zhì,她给出了一个睿智的建议。,tā gěi chū le yī ge ruì zhì de jiàn yì.,She offers wise advice.
2,汕头,shàn tóu,他们乘船来到汕头。,tā men chéng chuán lái dào shàn tóu.,They arrive in Shantou by boat.
2,汕尾,shàn wěi,他在汕尾住了一晚。,tā zài shàn wěi zhù le yī wǎn.,He spends one night in Shanwei.
2,莘莘,shēn shēn,学校里聚集着莘莘学子。,xué xiào lǐ jù jí zhe shēn shēn xué zǐ.,The school is full of students.
2,蜃楼,shèn lóu,蜃楼在古文中可以指海市蜃楼。,shèn lóu zài gǔ wén zhōng kě yǐ zhǐ hǎi shì shèn lóu.,Shenlou can mean a mirage in classical Chinese.
2,海市蜃楼,hǎi shì shèn lóu,沙漠中出现了海市蜃楼。,shā mò zhōng chū xiàn le hǎi shì shèn lóu.,A mirage appears in the desert.
2,弑君,shì jūn,弑君指臣下杀死君主。,shì jūn zhǐ chén xià shā sǐ jūn zhǔ.,Regicide means a subject killing the ruler.
2,渊薮,yuān sǒu,这里成了骗子聚集的渊薮。,zhè lǐ chéng le piàn zi jù jí de yuān sǒu.,This place has become a den of swindlers.
2,情愫,qíng sù,她把内心的情愫写进诗里。,tā bǎ nèi xīn de qíng sù xiě jìn shī lǐ.,She puts her feelings into poetry.
2,燧石,suì shí,展柜里放着一块燧石。,zhǎn guì lǐ fàng zhe yī kuài suì shí.,A piece of flint is displayed in the cabinet.
2,覃思,tán sī,他在灯下覃思文章的结尾。,tā zài dēng xià tán sī wén zhāng de jié wěi.,He ponders the article's ending by the lamp.
2,覃姓,qín xìng,他来自一个覃姓家庭。,tā lái zì yī ge qín xìng jiā tíng.,He comes from a family surnamed Qin.
2,滕州,téng zhōu,他在滕州坐车换乘。,tā zài téng zhōu zuò chē huàn chéng.,He changes buses in Tengzhou.
2,倜傥,tì tǎng,这位诗人风流倜傥。,zhè wèi shī rén fēng liú tì tǎng.,This poet is dashing and free-spirited.
2,佟姓,tóng xìng,佟姓的同学坐在我旁边。,tóng xìng de tóng xué zuò zài wǒ páng biān.,The student surnamed Tong sits beside me.
2,骰子,tóu zi,他轻轻掷出两颗骰子。,tā qīng qīng zhì chū liǎng kē tóu zi.,He gently throws two dice.
2,雯华,wén huá,古文用雯华描写五色祥云。,gǔ wén yòng wén huá miáo xiě wǔ sè xiáng yún.,Wenhua describes colorful auspicious clouds in classical Chinese.
2,邬姓,wū xìng,邬姓的老师正在讲课。,wū xìng de lǎo shī zhèng zài jiǎng kè.,The teacher surnamed Wu is giving a lesson.
2,巫觋,wū xí,古代巫觋常主持祭祀。,gǔ dài wū xí cháng zhǔ chí jì sì.,Ancient shamans often led rituals.
2,檄文,xí wén,将军发布檄文号召出征。,jiāng jūn fā bù xí wén hào zhào chū zhēng.,The general issues a call to arms.
1,铣床,xǐ chuáng,工人用铣床加工零件。,gōng rén yòng xǐ chuáng jiā gōng líng jiàn.,The worker machines parts on a milling machine.
2,敝屣,bì xǐ,他把这些旧物视如敝屣。,tā bǎ zhè xiē jiù wù shì rú bì xǐ.,He treats these old things as worthless.
2,罅隙,xià xì,阳光从石壁的罅隙透进来。,yáng guāng cóng shí bì de xià xì tòu jìn lái.,Sunlight comes through a crack in the rock wall.
2,冼姓,xiǎn xìng,冼姓的邻居搬到楼上了。,xiǎn xìng de lín jū bān dào lóu shàng le.,The neighbor surnamed Xian has moved upstairs.
2,霰弹,xiàn dàn,博物馆中展示了旧式霰弹。,bó wù guǎn zhōng zhǎn shì le jiù shì xiàn dàn.,The museum displays old shotgun pellets.
2,筱竹,xiǎo zhú,园子里种着几丛筱竹。,yuán zi lǐ zhòng zhe jǐ cóng xiǎo zhú.,Several clumps of slender bamboo grow in the garden.
2,鑫旺,,字目表中的鑫旺一词还需核实。,,The entry “鑫旺” in the source list still needs verification.
1,邢,xíng,这位摄影师姓邢。,zhè wèi shè yǐng shī xìng xíng.,This photographer's surname is Xing.
2,自诩,zì xǔ,他自诩精通书法。,tā zì xǔ jīng tōng shū fǎ.,He boasts that he is skilled in calligraphy.
1,酗酒,xù jiǔ,他决定改掉酗酒的习惯。,tā jué dìng gǎi diào xù jiǔ de xí guàn.,He decides to stop drinking excessively.
2,萱草,xuān cǎo,院里的萱草开了黄花。,yuàn lǐ de xuān cǎo kāi le huáng huā.,The daylilies in the yard bloom yellow.
2,璇玑,xuán jī,璇玑是古代天文仪器的名称。,xuán jī shì gǔ dài tiān wén yí qì de míng chēng.,Xuanji is the name of an ancient astronomical instrument.
2,浔阳,xún yáng,古诗中经常提到浔阳。,gǔ shī zhōng jīng cháng tí dào xún yáng.,Xunyang is often mentioned in classical poetry.
2,胭脂,yān zhī,她轻轻涂上一点胭脂。,tā qīng qīng tú shàng yī diǎn yān zhī.,She lightly applies a little rouge.
2,湮没,yān mò,这座古城早已湮没在沙土下。,zhè zuò gǔ chéng zǎo yǐ yān mò zài shā tǔ xià.,This ancient city has long been buried beneath sand.
2,湮灭,yān miè,这段往事并未完全湮灭。,zhè duàn wǎng shì bìng wèi wán quán yān miè.,This episode from the past has not completely faded away.
2,餍足,yàn zú,他吃饱后露出餍足的神情。,tā chī bǎo hòu lù chū yàn zú de shén qíng.,He looks satisfied after eating his fill.
2,泱泱,yāng yāng,眼前是一片泱泱大水。,yǎn qián shì yī piàn yāng yāng dà shuǐ.,A vast expanse of water lies before us.
2,商鞅,shāng yāng,这本书介绍了商鞅的变法。,zhè běn shū jiè shào le shāng yāng de biàn fǎ.,This book introduces Shang Yang's reforms.
2,爻辞,yáo cí,他仔细阅读这一爻的爻辞。,tā zǐ xì yuè dú zhè yī yáo de yáo cí.,He carefully reads the text for this hexagram line.
2,彝族,yí zú,我们观看了彝族的歌舞表演。,wǒ men guān kàn le yí zú de gē wǔ biǎo yǎn.,We watch a Yi song-and-dance performance.
2,弈棋,yì qí,两位老人坐在树下弈棋。,liǎng wèi lǎo rén zuò zài shù xià yì qí.,Two old people play a board game under the tree.
2,熠熠,yì yì,夜空中的星光熠熠。,yè kōng zhōng de xīng guāng yì yì.,The stars shine brightly in the night sky.
2,翳障,yì zhàng,古代医书中记载了翳障。,gǔ dài yī shū zhōng jì zǎi le yì zhàng.,Ancient medical books recorded eye opacities.
2,阴翳,yīn yì,树木阴翳，鸟鸣清脆。,"shù mù yīn yì, niǎo míng qīng cuì.","The trees provide dense shade, and birds chirp clearly."
2,臆测,yì cè,别只凭臆测判断别人。,bié zhǐ píng yì cè pàn duàn bié ren.,Do not judge others merely by conjecture.
2,氤氲,yīn yūn,清晨的湖面水雾氤氲。,qīng chén de hú miàn shuǐ wù yīn yūn.,Dense mist hangs over the lake at dawn.
2,义愤填膺,yì fèn tián yīng,听到这种不公，大家义愤填膺。,"tīng dào zhè zhǒng bù gōng, dà jiā yì fèn tián yīng.",Everyone is filled with indignation at this injustice.
1,荧屏,yíng píng,她第一次出现在电视荧屏上。,tā dì yī cì chū xiàn zài diàn shì yíng píng shàng.,She appears on television for the first time.
2,滢洄,,字目表中的滢洄一词还需核实。,,The entry “滢洄” in the source list still needs verification.
2,瀛寰,yíng huán,瀛寰在古文中可以指世界。,yíng huán zài gǔ wén zhōng kě yǐ zhǐ shì jiè.,Yinghuan can mean the world in classical Chinese.
2,邕宁,yōng níng,她到邕宁看望朋友。,tā dào yōng níng kàn wàng péng you.,She visits a friend in Yongning.
2,壅塞,yōng sè,泥沙使这条水道壅塞。,ní shā shǐ zhè tiáo shuǐ dào yōng sè.,Sediment blocks this waterway.
2,囿于,yòu yú,他不愿囿于旧有的想法。,tā bù yuàn yòu yú jiù yǒu de xiǎng fǎ.,He refuses to be limited by old ideas.
2,瘀血,yū xuè,医生检查了伤处的瘀血。,yī shēng jiǎn chá le shāng chù de yū xuè.,The doctor examines the bruising around the injury.
2,番禺,pān yú,他们在番禺住了几天。,tā men zài pān yú zhù le jǐ tiān.,They stay in Panyu for a few days.
2,滥竽充数,làn yú chōng shù,他不会演奏，只能滥竽充数。,"tā bù huì yǎn zòu, zhǐ néng làn yú chōng shù.",He cannot play and merely makes up the numbers.
2,囹圄,líng yǔ,故事中的主角被关进囹圄。,gù shi zhōng de zhǔ jué bèi guān jìn líng yǔ.,The protagonist in the story is imprisoned.
2,龃龉,jǔ yǔ,他们因这件事发生了龃龉。,tā men yīn zhè jiàn shì fā shēng le jǔ yǔ.,They disagree over this matter.
2,彧彧,yù yù,彧彧可以形容草木茂盛。,yù yù kě yǐ xíng róng cǎo mù mào shèng.,Yuyu can describe luxuriant vegetation.
2,煜煜,yù yù,夜里的灯光煜煜生辉。,yè li de dēng guāng yù yù shēng huī.,The lights shine brightly at night.
2,钟灵毓秀,zhōng líng yù xiù,这片钟灵毓秀的山水令人赞叹。,zhè piàn zhōng líng yù xiù de shān shuǐ lìng rén zàn tàn.,This naturally beautiful region inspires admiration.
2,蝾螈,róng yuán,研究员在池边发现了蝾螈。,yán jiū yuán zài chí biān fā xiàn le róng yuán.,The researcher finds a newt beside the pond.
2,殒命,yǔn mìng,故事中的英雄不幸殒命。,gù shi zhōng de yīng xióng bù xìng yǔn mìng.,The hero in the story dies tragically.
2,愠怒,yùn nù,他面露愠怒，却没有开口。,"tā miàn lù yùn nù, què méi yǒu kāi kǒu.",He looks resentfully angry but says nothing.
2,甾醇,zāi chún,甾醇是一类化合物的名称。,zāi chún shì yī lèi huà hé wù de míng chēng.,Sterol is the name of a class of compounds.
2,崽子,zǎi zi,母猪带着几只小崽子。,mǔ zhū dài zhe jǐ zhī xiǎo zǎi zi.,The sow has several young piglets with her.
2,幼崽,yòu zǎi,熊的幼崽很可爱。,xióng de yòu zǎi hěn kě ài.,The bear cubs are adorable.
2,仄声,zè shēng,古诗格律中讲究平声和仄声。,gǔ shī gé lǜ zhōng jiǎng jiu píng shēng hé zè shēng.,Classical poetic meter distinguishes level and oblique tones.
2,翟羽,dí yǔ,古代舞者有时手执翟羽。,gǔ dài wǔ zhě yǒu shí shǒu zhí dí yǔ.,Ancient dancers sometimes held pheasant feathers.
2,翟姓,zhái xìng,翟姓的同学送来一张贺卡。,zhái xìng de tóng xué sòng lái yī zhāng hè kǎ.,The student surnamed Zhai brings a greeting card.
2,李钊,lǐ zhāo,这份名单上写着李钊的名字。,zhè fèn míng dān shàng xiě zhe lǐ zhāo de míng zi.,The name Li Zhao appears on this list.
2,贬谪,biǎn zhé,这位诗人曾被贬谪到南方。,zhè wèi shī rén céng bèi biǎn zhé dào nán fāng.,This poet was once banished to the south.
2,赭石,zhě shí,画师用赭石调出暖色。,huà shī yòng zhě shí diào chū nuǎn sè.,The painter uses ocher to create warm colors.
2,砧板,zhēn bǎn,她把萝卜放在砧板上切。,tā bǎ luó bo fàng zài zhēn bǎn shàng qiè.,She cuts the radish on a chopping board.
2,踯躅,zhí zhú,他在门口踯躅，不敢进去。,"tā zài mén kǒu zhí zhú, bù gǎn jìn qù.","He hesitates at the door, afraid to enter."
2,白芷,bái zhǐ,植物园里种着白芷。,zhí wù yuán lǐ zhòng zhe bái zhǐ.,Dahurian angelica grows in the botanical garden.
2,水蛭,shuǐ zhì,水里有一只水蛭。,shuǐ lǐ yǒu yī zhī shuǐ zhì.,There is a leech in the water.
2,铢铢,zhū zhū,他为一点得失铢铢较量。,tā wèi yī diǎn dé shī zhū zhū jiào liàng.,He fusses over every tiny gain and loss.
2,一炷香,yī zhù xiāng,他点燃了一炷香。,tā diǎn rán le yī zhù xiāng.,He lights a stick of incense.
2,孳生,zī shēng,潮湿的角落容易孳生霉菌。,cháo shī de jiǎo luò róng yì zī shēng méi jūn.,Mold readily grows in damp corners.
1,秭归,zǐ guī,她到秭归探望亲人。,tā dào zǐ guī tàn wàng qīn rén.,She visits relatives in Zigui.
2,睚眦必报,yá zì bì bào,他睚眦必报，常为小事记恨。,"tā yá zì bì bào, cháng wèi xiǎo shì jì hèn.",He is vindictive and holds grudges over small matters.
2,目眦,mù zì,目眦指眼角。,mù zì zhǐ yǎn jiǎo.,Muzi means the corner of the eye.
1,诅咒,zǔ zhòu,他诅咒对方，随后又为自己的话后悔。,"tā zǔ zhòu duì fāng, suí hòu yòu wèi zì jǐ de huà hòu huǐ.",He cursed the other person and later regretted his words.
1,酒樽,jiǔ zūn,他举起酒樽向客人敬酒。,tā jǔ qǐ jiǔ zūn xiàng kè rén jìng jiǔ.,He raises his wine cup to toast the guests.
2,谶语,chèn yǔ,那句谶语后来被人反复议论。,nà jù chèn yǔ hòu lái bèi rén fǎn fù yì lùn.,That prophecy was discussed repeatedly afterward.
2,抬举,tái ju,谢谢你这么抬举我。,xiè xie nǐ zhè me tái ju wǒ.,Thank you for thinking so highly of me.
2,縻系,mí xì,縻系在古文中可以指捆缚。,mí xì zài gǔ wén zhōng kě yǐ zhǐ kǔn fù.,Mixi can mean binding in classical Chinese.
2,皂白,zào bái,他不分皂白就责怪别人。,tā bù fēn zào bái jiù zé guài bié ren.,He blames others without distinguishing right from wrong.
2,鏊子,ào zi,师傅用鏊子烙饼。,shī fu yòng ào zi lào bǐng.,The cook makes flatbread on a griddle.
2,狍子,páo zi,一只狍子跑进了树林。,yī zhī páo zi pǎo jìn le shù lín.,A roe deer runs into the woods.
2,幺么,yāo mǒ,幺么在古文中可以指微小。,yāo mǒ zài gǔ wén zhōng kě yǐ zhǐ wēi xiǎo.,Yaomo can mean tiny or insignificant in classical Chinese.
2,莼菜,chún cài,这碗汤里加了莼菜。,zhè wǎn tāng lǐ jiā le chún cài.,Water shield was added to this soup.
2,穰穰,ráng ráng,穰穰在古文中形容庄稼丰熟。,ráng ráng zài gǔ wén zhōng xíng róng zhuāng jia fēng shú.,Rangrang describes an abundant ripe harvest in classical Chinese.
2,商榷,shāng què,这个结论还有待商榷。,zhè ge jié lùn hái yǒu dài shāng què.,This conclusion still needs discussion.
2,锃亮,zèng liàng,他把皮鞋擦得锃亮。,tā bǎ pí xié cā de zèng liàng.,He polishes his shoes until they shine.
1,掰开,bāi kāi,她把面包掰开分给孩子。,tā bǎ miàn bāo bāi kāi fēn gěi hái zi.,She breaks the bread apart for the children.
2,壅闭,yōng bì,河道因淤泥而壅闭。,hé dào yīn yū ní ér yōng bì.,The river channel is blocked by silt.
2,嗄哑,shà yǎ,他的声音变得嗄哑。,tā de shēng yīn biàn de shà yǎ.,His voice becomes hoarse.
2,嗄,shà,嗄可以形容声音嘶哑。,shà kě yǐ xíng róng shēng yīn sī yǎ.,Sha can describe a hoarse voice.
2,桉树,ān shù,路边种着一排桉树。,lù biān zhòng zhe yī pái ān shù.,A row of eucalyptus trees grows by the road.
2,铵根,ǎn gēn,老师写出了铵根的化学式。,lǎo shī xiě chū le ǎn gēn de huà xué shì.,The teacher writes the formula for the ammonium ion.
2,狴犴,bì àn,狴犴是传说中的神兽。,bì àn shì chuán shuō zhōng de shén shòu.,Bian is a mythical creature.
2,嗷嗷,áo áo,小狗饿得嗷嗷叫。,xiǎo gǒu è de áo áo jiào.,The hungry puppy howls.
2,鳌头,áo tóu,他在比赛中独占鳌头。,tā zài bǐ sài zhōng dú zhàn áo tóu.,He takes first place in the competition.
2,鏖战,áo zhàn,双方在决赛中展开鏖战。,shuāng fāng zài jué sài zhōng zhǎn kāi áo zhàn.,The two sides fight fiercely in the final.
2,老媪,lǎo ǎo,一位老媪在树下卖花。,yī wèi lǎo ǎo zài shù xià mài huā.,An old woman sells flowers under the tree.
2,桀骜不驯,jié ào bù xùn,这匹马性情桀骜不驯。,zhè pǐ mǎ xìng qíng jié ào bù xùn.,This horse has an unruly temperament.
2,桀骜,jié ào,这匹马性情桀骜。,zhè pǐ mǎ xìng qíng jié ào.,This horse has an unruly temperament.
2,捭阖,bǎi hé,捭阖在古文中有开合的意思。,bǎi hé zài gǔ wén zhōng yǒu kāi hé de yì si.,Baihe can mean opening and closing in classical Chinese.
2,瘢痕,bān hén,他的手背上留着一道瘢痕。,tā de shǒu bèi shàng liú zhe yī dào bān hén.,A scar remains on the back of his hand.
1,梆子,bāng zi,更夫敲响了梆子。,gēng fū qiāo xiǎng le bāng zi.,The night watchman strikes his wooden clapper.
2,孛星,bèi xīng,孛星是彗星的古代称呼。,bèi xīng shì huì xīng de gǔ dài chēng hu.,Beixing is an ancient name for a comet.
2,虎贲,hǔ bēn,虎贲是古代勇士的称号。,hǔ bēn shì gǔ dài yǒng shì de chēng hào.,Huben was a title for brave warriors in ancient times.
2,贲门,bēn mén,贲门连接食管和胃。,bēn mén lián jiē shí guǎn hé wèi.,The cardia connects the esophagus and the stomach.
2,苯环,běn huán,课本上画出了苯环的结构。,kè běn shàng huà chū le běn huán de jié gòu.,The textbook shows the structure of a benzene ring.
2,嘣嘣,bēng bēng,门外传来嘣嘣的敲击声。,mén wài chuán lái bēng bēng de qiāo jī shēng.,Thumping sounds come from outside the door.
1,荸荠,bí qí,她把荸荠洗净削皮。,tā bǎ bí qí xǐ jìng xiāo pí.,She washes and peels the water chestnuts.
2,惩毖,chéng bì,惩毖指吸取教训，谨慎行事。,"chéng bì zhǐ xī qǔ jiào xun, jǐn shèn xíng shì.",Chengbi means learning from mistakes and acting cautiously.
2,筚门,bì mén,古屋的筚门用竹子编成。,gǔ wū de bì mén yòng zhú zi biān chéng.,The old house has a door woven from bamboo.
2,襞积,bì jī,裙摆上的襞积排列整齐。,qún bǎi shàng de bì jī pái liè zhěng qí.,The folds in the skirt hem are neatly arranged.
2,鳊鱼,biān yú,渔夫捞起一条鳊鱼。,yú fū lāo qǐ yī tiáo biān yú.,The fisherman catches a bream.
2,卞急,biàn jí,他性情卞急，容易发火。,"tā xìng qíng biàn jí, róng yì fā huǒ.",He is impatient and quick to anger.
2,马弁,mǎ biàn,马弁是旧时军官的随从。,mǎ biàn shì jiù shí jūn guān de suí cóng.,Mabian was a military officer's attendant.
2,骠骑,piào qí,骠骑是古代将军的一种称号。,piào qí shì gǔ dài jiāng jūn de yī zhǒng chēng hào.,Piaoqi was a type of title for an ancient general.
2,蹩脚,bié jiǎo,这篇蹩脚的译文有许多错误。,zhè piān bié jiǎo de yì wén yǒu xǔ duō cuò wù.,This poor translation has many errors.
2,摈弃,bìn qì,我们应当摈弃这种偏见。,wǒ men yīng dāng bìn qì zhè zhǒng piān jiàn.,We should discard this prejudice.
2,亳州,bó zhōu,他在亳州看望朋友。,tā zài bó zhōu kàn wàng péng you.,He visits a friend in Bozhou.
2,粲然,càn rán,她听了，粲然一笑。,"tā tīng le, càn rán yī xiào.",She gives a radiant smile on hearing it.
2,漕运,cáo yùn,古代常用漕运送粮食。,gǔ dài cháng yòng cáo yùn sòng liáng shi.,Grain was often transported by water in ancient times.
2,喀嚓,kā chā,树枝喀嚓一声断了。,shù zhī kā chā yī shēng duàn le.,The branch breaks with a crack.
1,碴口,chá kǒu,这块玻璃的碴口很锋利。,zhè kuài bō li de chá kǒu hěn fēng lì.,The broken edge of this glass is very sharp.
1,裤衩,kù chǎ,这条裤衩刚洗干净。,zhè tiáo kù chǎ gāng xǐ gān jìng.,These underpants have just been washed.
2,侪辈,chái bèi,侪辈在古文中可以指同辈。,chái bèi zài gǔ wén zhōng kě yǐ zhǐ tóng bèi.,Chaibei can mean peers in classical Chinese.
2,蜂虿,fēng chài,蜂虿指蜂和蝎子等毒虫。,fēng chài zhǐ fēng hé xiē zi děng dú chóng.,Fengchai refers to stinging creatures such as bees and scorpions.
2,孱弱,chán ruò,他身体孱弱，走路有些慢。,"tā shēn tǐ chán ruò, zǒu lù yǒu xiē màn.",He is physically frail and walks rather slowly.
2,孱头,càn tou,孱头是骂人胆小软弱的俗语。,càn tou shì mà rén dǎn xiǎo ruǎn ruò de sú yǔ.,Cantou is a colloquial insult for a coward or weakling.
2,市廛,shì chán,古人用市廛称呼商铺集中的地方。,gǔ rén yòng shì chán chēng hu shāng pù jí zhōng de dì fang.,The ancients used shichan for an area of shops.
2,巉岩,chán yán,山路两旁都是高耸的巉岩。,shān lù liǎng páng dōu shì gāo sǒng de chán yán.,Steep rocks tower on both sides of the mountain path.
2,昶畅,,字目表中的昶畅一词还需核实。,,The entry “昶畅” in the source list still needs verification.
2,大氅,dà chǎng,他披着一件厚厚的大氅。,tā pī zhe yī jiàn hòu hòu de dà chǎng.,He wears a thick cloak.
2,抻面,chēn miàn,师傅用双手反复抻面。,shī fu yòng shuāng shǒu fǎn fù chēn miàn.,The cook repeatedly stretches the dough by hand.
2,郴州,chēn zhōu,她坐火车到郴州。,tā zuò huǒ chē dào chēn zhōu.,She takes a train to Chenzhou.
2,嗔怒,chēn nù,她因被误解而嗔怒。,tā yīn bèi wù jiě ér chēn nù.,She becomes angry at being misunderstood.
2,谌姓,chén xìng,谌姓的老师走进教室。,chén xìng de lǎo shī zǒu jìn jiào shì.,The teacher surnamed Chen enters the classroom.
2,碜牙,chěn yá,饭里的小沙粒吃着碜牙。,fàn lǐ de xiǎo shā lì chī zhe chěn yá.,The tiny grains of sand in the rice feel gritty on the teeth.
2,柽柳,chēng liǔ,河边的柽柳开了淡红花。,hé biān de chēng liǔ kāi le dàn hóng huā.,The tamarisks beside the river bloom pale red.
2,琤琤,chēng chēng,玉佩相碰，发出琤琤声。,"yù pèi xiāng pèng, fā chū chēng chēng shēng.",The jade pendants clink against each other.
2,噗哧,pū chī,她听了笑话，噗哧笑了。,"tā tīng le xiào hua, pū chī xiào le.",She bursts out laughing at the joke.
2,鞭笞,biān chī,古代囚犯有时遭受鞭笞。,gǔ dài qiú fàn yǒu shí zāo shòu biān chī.,Ancient prisoners sometimes suffered whipping.
2,茌平,chí píng,他们在茌平停留了一晚。,tā men zài chí píng tíng liú le yī wǎn.,They spend a night in Chiping.
2,丹墀,dān chí,丹墀指宫殿前的红色台阶。,dān chí zhǐ gōng diàn qián de hóng sè tái jiē.,Danchi means red steps before a palace.
2,踟蹰,chí chú,他在路口踟蹰，不知往哪走。,"tā zài lù kǒu chí chú, bù zhī wǎng nǎ zǒu.","He hesitates at the crossroads, unsure where to go."
2,英尺,yīng chǐ,这块木板长三英尺。,zhè kuài mù bǎn cháng sān yīng chǐ.,This board is three feet long.
2,褫夺,chǐ duó,古代官员可能被褫夺官职。,gǔ dài guān yuán kě néng bèi chǐ duó guān zhí.,An ancient official could be stripped of office.
2,不啻,bù chì,你的帮助对我不啻雪中送炭。,nǐ de bāng zhù duì wǒ bù chì xuě zhōng sòng tàn.,Your help is like timely aid in my hour of need.
2,瞅见,chǒu jiàn,我在窗口瞅见了他。,wǒ zài chuāng kǒu chǒu jiàn le tā.,I see him from the window.
2,滁州,chú zhōu,他在滁州参观古迹。,tā zài chú zhōu cān guān gǔ jì.,He visits historic sites in Chuzhou.
2,踹门,chuài mén,他急得用脚踹门。,tā jí de yòng jiǎo chuài mén.,He kicks the door in frustration.
2,踹,chuài,他踹了一下门。,tā chuài le yī xià mén.,He kicked the door.
2,手钏,shǒu chuàn,她手腕上戴着银手钏。,tā shǒu wàn shàng dài zhe yín shǒu chuàn.,She wears a silver bracelet on her wrist.
2,边陲,biān chuí,这座小城位于边陲。,zhè zuò xiǎo chéng wèi yú biān chuí.,This little city lies on the frontier.
2,鸬鹚,lú cí,渔民带着鸬鹚到河边。,yú mín dài zhe lú cí dào hé biān.,The fisherman brings cormorants to the river.
2,玉琮,yù cóng,展柜里陈列着一件玉琮。,zhǎn guì lǐ chén liè zhe yī jiàn yù cóng.,A jade cong is displayed in the cabinet.
2,辏辐,,字目表中的辏辐一词还需核实。,,The entry “辏辐” in the source list still needs verification.
2,腠理,còu lǐ,腠理是古代医书中的术语。,còu lǐ shì gǔ dài yī shū zhōng de shù yǔ.,Couli is a term in ancient medical books.
2,徂徕,cú lái,古诗中提到徂徕的松树。,gǔ shī zhōng tí dào cú lái de sōng shù.,A classical poem mentions the pines of Mount Culai.
2,捽住,zuó zhù,他一把捽住了对方的衣领。,tā yī bǎ zuó zhù le duì fāng de yī lǐng.,He grabs the other person's collar.
2,捽,zuó,他捽住对方的衣领。,tā zuó zhù duì fāng de yī lǐng.,He grabs the other person's collar.
2,撺掇,cuān duo,别撺掇别人做危险的事。,bié cuān duo bié ren zuò wēi xiǎn de shì.,Do not egg others on to do dangerous things.
2,蹿升,cuān shēng,气温在午后迅速蹿升。,qì wēn zài wǔ hòu xùn sù cuān shēng.,The temperature shoots up in the afternoon.
2,分爨,fēn cuàn,兄弟分爨以后，各自做饭生活。,"xiōng dì fēn cuàn yǐ hòu, gè zì zuò fàn shēng huó.","After the brothers set up separate households, each cooked for himself."
2,鞠躬尽瘁,jū gōng jìn cuì,他为村民鞠躬尽瘁，努力解决困难。,"tā wèi cūn mín jū gōng jìn cuì, nǔ lì jiě jué kùn nan.",He spared no effort in serving the villagers and resolving their difficulties.
2,英寸,yīng cùn,这个小屏幕只有三英寸宽。,zhè ge xiǎo píng mù zhǐ yǒu sān yīng cùn kuān.,This little screen is only three inches wide.
2,哒哒,dā dā,马蹄哒哒，沿着小路渐渐远去。,"mǎ tí dā dā, yán zhe xiǎo lù jiàn jiàn yuǎn qù.",The hoofbeats clattered as the horse went away along the path.
2,嗒然,tà rán,听见坏消息，他嗒然坐下。,"tīng jiàn huài xiāo xi, tā tà rán zuò xia.","Hearing the bad news, he sat down dejectedly."
2,嗒嗒,dā dā,马蹄发出嗒嗒声。,mǎ tí fā chū dā dā shēng.,The horse's hooves make a clattering sound.
2,褡裢,dā lian,他把干粮装进褡裢，准备赶路。,"tā bǎ gān liáng zhuāng jìn dā lian, zhǔn bèi gǎn lù.",He put dry provisions into his double pouch to prepare for the journey.
2,怛伤,dá shāng,想到朋友遇难，他怛伤不已。,"xiǎng dào péng you yù nàn, tā dá shāng bù yǐ.","Thinking of his friend's death, he felt deep and lasting grief."
2,滑跶,,字目表中的滑跶一词还需核实。,,The entry “滑跶” in the source list still needs verification.
2,鞑靼,dá dá,历史书介绍了鞑靼人的生活。,lì shǐ shū jiè shào le dá dá rén de shēng huó.,The history book introduces the lives of the Tatars.
1,疙瘩,gē da,绳子上有个疙瘩，需要慢慢解开。,"shéng zi shàng yǒu gè gē da, xū yào màn màn jiě kāi.",There is a knot in the rope that needs to be untied carefully.
2,糖甙,táng dài,旧书把糖苷写作糖甙。,jiù shū bǎ táng gān xiě zuò táng dài.,The old book uses an older spelling for glycoside.
2,迨至,dài zhì,迨至天黑，他们才到达村庄。,"dài zhì tiān hēi, tā men cái dào dá cūn zhuāng.",It was not until dark that they reached the village.
2,土埭,tǔ dài,村民加高土埭，防止河水漫进田里。,"cūn mín jiā gāo tǔ dài, fáng zhǐ hé shuǐ màn jìn tián lǐ.",The villagers raised the earthen dam to keep river water out of the fields.
2,箪食,dān shí,古人把箪食放在竹筐里。,gǔ rén bǎ dān shí fàng zài zhú kuāng lǐ.,Ancient people put their food in a bamboo basket.
2,黄疸,huáng dǎn,医生观察黄疸，记录皮肤的颜色。,"yī shēng guān chá huáng dǎn, jì lù pí fū de yán sè.",The doctor observed the jaundice and recorded the skin's color.
2,啖食,dàn shí,孩子大口啖食，看来十分饥饿。,"hái zi dà kǒu dàn shí, kàn lai shí fēn jī è.",The child ate large mouthfuls and appeared very hungry.
2,大啖,dà dàn,他大啖美食。,tā dà dàn měi shí.,He feasts on delicious food.
1,裤裆,kù dāng,裤裆破了，奶奶认真补好。,"kù dāng pò le, nǎi nai rèn zhēn bǔ hǎo.","The crotch of the trousers was torn, and Grandma carefully mended it."
2,砀山,dàng shān,旅行计划里写着先去砀山。,lǚ xíng jì huà lǐ xiě zhe xiān qù dàng shān.,The travel plan says to visit Dangshan first.
2,咯噔,gē dēng,门外咯噔一响，他急忙站起来。,"mén wài gē dēng yī xiǎng, tā jí máng zhàn qǐ lai.","There was a clunk outside the door, and he quickly stood up."
2,石磴,shí dèng,沿着石磴上山，可以看见远处的湖。,"yán zhe shí dèng shàng shān, kě yǐ kàn jiàn yuǎn chù de hú.","Climbing the stone steps, you can see the distant lake."
2,砥砺,dǐ lì,老师不断砥砺学生，鼓励他们进步。,"lǎo shī bù duàn dǐ lì xué sheng, gǔ lì tā men jìn bù.",The teacher continually encourages the students to improve.
2,骶骨,dǐ gǔ,医生指着骶骨的图，讲解身体结构。,"yī shēng zhǐ zhe dǐ gǔ de tú, jiǎng jiě shēn tǐ jié gòu.",The doctor points to the sacrum diagram to explain the body's structure.
2,棠棣,táng dì,古诗借棠棣，表达兄弟的感情。,"gǔ shī jiè táng dì, biǎo dá xiōng dì de gǎn qíng.",The ancient poem uses this plant's name to express brotherly affection.
2,嗲声,diǎ shēng,她用嗲声说话，语气十分娇柔。,"tā yòng diǎ shēng shuō huà, yǔ qì shí fēn jiāo róu.","She speaks in a soft, coy voice."
2,滇池,diān chí,我们在滇池旁散步，欣赏湖面。,"wǒ men zài diān chí páng sàn bù, xīn shǎng hú miàn.",We walked beside Lake Dianchi and admired the water.
2,金钿,jīn diàn,她戴着金钿，发间微微发亮。,"tā dài zhe jīn diàn, fā jiān wēi wēi fā liàng.",She wears a gold hair ornament that gleams faintly in her hair.
1,碉堡,diāo bǎo,碉堡旁的城堞，已经十分破旧。,"diāo bǎo páng de chéng dié, yǐ jīng shí fēn pò jiù.",The battlements beside the blockhouse are badly worn.
2,城堞,chéng dié,碉堡旁的城堞，已经十分破旧。,"diāo bǎo páng de chéng dié, yǐ jīng shí fēn pò jiù.",The battlements beside the blockhouse are badly worn.
2,蹀躞,dié xiè,老人蹀躞前行，脚步细小而缓慢。,"lǎo rén dié xiè qián xíng, jiǎo bù xì xiǎo ér huǎn màn.","The elderly person moves forward in small, slow steps."
2,吡啶,bǐ dìng,课本介绍吡啶和氡气的性质。,kè běn jiè shào bǐ dìng hé dōng qì de xìng zhì.,The textbook introduces the properties of pyridine and radon gas.
2,铤而走险,tǐng ér zǒu xiǎn,缺钱也不能铤而走险，做违法的事。,"quē qián yě bù néng tǐng ér zǒu xiǎn, zuò wéi fǎ de shì.","Even if short of money, you must not take desperate risks by breaking the law."
2,下碇,xià dìng,船长决定下碇，让小船停在港里。,"chuán zhǎng jué dìng xià dìng, ràng xiǎo chuán tíng zài gǎng lǐ.",The captain decided to drop anchor and keep the boat in the harbor.
2,氡气,dōng qì,课本介绍吡啶和氡气的性质。,kè běn jiè shào bǐ dìng hé dōng qì de xìng zhì.,The textbook introduces the properties of pyridine and radon gas.
2,崆峒,kōng tóng,地图上标着崆峒，导游正在讲解。,"dì tú shàng biāo zhe kōng tóng, dǎo yóu zhèng zài jiǎng jiě.","Kongtong is marked on the map, and the guide is explaining it."
2,恫吓,dòng hè,面对恫吓，他没有答应无理要求。,"miàn duì dòng hè, tā méi yǒu dā ying wú lǐ yāo qiú.","Despite the threats, he did not agree to the unreasonable demand."
2,树蔸,shù dōu,树蔸旁边，放着一只装菜的竹篼。,"shù dōu páng biān, fàng zhe yī zhī zhuāng cài de zhú dōu.",A bamboo basket of vegetables lies beside the tree stump.
2,竹篼,zhú dōu,树蔸旁边，放着一只装菜的竹篼。,"shù dōu páng biān, fàng zhe yī zhī zhuāng cài de zhú dōu.",A bamboo basket of vegetables lies beside the tree stump.
2,阇梨,shé lí,寺里的阇梨，向大家讲解经文。,"sì lǐ de shé lí, xiàng dà jiā jiǎng jiě jīng wén.",The monk in the temple explains the scripture to everyone.
2,阇台,dū tái,阇台是城门上面的台。,dū tái shì chéng mén shàng miàn de tái.,Dutai means a platform above a city gate.
2,穷兵黩武,qióng bīng dú wǔ,古书批评君主穷兵黩武，伤害百姓。,"gǔ shū pī píng jūn zhǔ qióng bīng dú wǔ, shāng hài bǎi xìng.",The ancient book criticizes the ruler's militarism for harming the people.
2,煅烧,duàn shāo,材料煅烧以后，工人继续记录变化。,"cái liào duàn shāo yǐ hòu, gōng rén jì xù jì lù biàn huà.","After the material was calcined, the worker continued recording the changes."
2,惇厚,dūn hòu,他为人惇厚，愿意帮助有困难的人。,"tā wéi rén dūn hòu, yuàn yì bāng zhù yǒu kùn nan de rén.",He is kind and honest and willing to help people in need.
2,趸批,dǔn pī,商人趸批购货，再送到各家小店。,"shāng rén dǔn pī gòu huò, zài sòng dào gè jiā xiǎo diàn.",The merchant buys goods wholesale and delivers them to the small shops.
1,哆嗦,duō suo,寒风吹来，孩子冷得直哆嗦。,"hán fēng chuī lái, hái zi lěng de zhí duō suo.",The cold wind made the child shiver.
2,阏氏,yān zhī,古代匈奴首领的妻子，被称为阏氏。,"gǔ dài xiōng nú shǒu lǐng de qī zi, bèi chēng wéi yān zhī.",The wife of an ancient Xiongnu chief was called a yanzhi.
2,花萼,huā è,花萼包着花瓣，老师让我们仔细观察。,"huā è bāo zhe huā bàn, lǎo shī ràng wǒ men zǐ xì guān chá.","The sepals surround the petals, and the teacher asks us to look closely."
2,鱼鹗,yú è,鱼鹗飞过河面，寻找水里的鱼。,"yú è fēi guò hé miàn, xún zhǎo shuǐ lǐ de yú.",The osprey flies over the river looking for fish.
2,摁住,èn zhù,他摁住纸张，防止风把纸吹走。,"tā èn zhù zhǐ zhāng, fáng zhǐ fēng bǎ zhǐ chuī zǒu.",He pressed down on the paper to stop the wind blowing it away.
2,鲕鱼,ér yú,古书用鲕鱼，指尚未长成的小鱼。,"gǔ shū yòng ér yú, zhǐ shàng wèi zhǎng chéng de xiǎo yú.",The ancient book uses this term for young fish that have not fully grown.
2,洱海,ěr hǎi,洱海旁的风很凉，我们慢慢散步。,"ěr hǎi páng de fēng hěn liáng, wǒ men màn màn sàn bù.","The breeze beside Erhai Lake is cool, and we stroll slowly."
0,军阀,jūn fá,军阀争斗，让百姓生活困难。,"jūn fá zhēng dòu, ràng bǎi xìng shēng huó kùn nan.",Conflicts between warlords made life difficult for the people.
2,珐琅,fà láng,珐琅器上画着鲜艳的花朵。,fà láng qì shàng huà zhe xiān yàn de huā duǒ.,Bright flowers are painted on the enamelware.
2,幡旗,fān qí,幡旗随风摆动，仪式即将开始。,"fān qí suí fēng bǎi dòng, yí shì jí jiāng kāi shǐ.","The ceremonial banner sways in the wind, and the ritual is about to begin."
2,钒元素,fán yuán sù,老师在周期表上指出钒元素。,lǎo shī zài zhōu qī biǎo shàng zhǐ chū fán yuán sù.,The teacher pointed out vanadium in the periodic table.
2,燔烧,fán shāo,大火燔烧房屋，村民赶紧逃离。,"dà huǒ fán shāo fáng wū, cūn mín gǎn jǐn táo lí.","The fire burned the houses, and the villagers hurried away."
2,蘩蒿,fán hāo,路边的蘩蒿长得很茂盛。,lù biān de fán hāo zhǎng de hěn mào shèng.,The mugwort beside the road grows thickly.
2,匚部,fāng bù,查字典时，他先找到匚部。,"chá zì diǎn shí, tā xiān zhǎo dào fāng bù.","When consulting the dictionary, he first found the enclosure radical section."
2,蜚蠊,fěi lián,厨房里发现蜚蠊，需要认真打扫。,"chú fáng lǐ fā xiàn fěi lián, xū yào rèn zhēn dǎ sǎo.","Cockroaches were found in the kitchen, which needs careful cleaning."
2,蜚声,fēi shēng,这位画家蜚声海外。,zhè wèi huà jiā fēi shēng hǎi wài.,This painter is renowned abroad.
2,腓肠,féi cháng,跑步以后，他的腓肠有些酸痛。,"pǎo bù yǐ hòu, tā de féi cháng yǒu xiē suān tòng.",His calves felt a little sore after running.
2,腓骨,féi gǔ,医生检查了他的腓骨。,yī shēng jiǎn chá le tā de féi gǔ.,The doctor examined his fibula.
2,苯酚,běn fēn,老师在课本上指着苯酚的名称。,lǎo shī zài kè běn shàng zhǐ zhe běn fēn de míng chēng.,The teacher pointed to phenol's name in the textbook.
2,汾河,fén hé,汾河边的古屋，保存得很好。,"fén hé biān de gǔ wū, bǎo cún de hěn hǎo.",The old house beside the Fen River is well preserved.
2,跏趺,jiā fū,他跏趺而坐，安静地闭上眼睛。,"tā jiā fū ér zuò, ān jìng de bì shang yǎn jing.",He sat in the lotus position and quietly closed his eyes.
1,凫水,fú shuǐ,孩子在浅水里凫水，十分快乐。,"hái zi zài qiǎn shuǐ lǐ fú shuǐ, shí fēn kuài lè.",The child swims happily in the shallow water.
2,茀郁,fú yù,野草茀郁，把小路遮住了。,"yě cǎo fú yù, bǎ xiǎo lù zhē zhù le.",The wild plants grew thickly and covered the path.
2,茯苓,fú líng,展柜里放着茯苓的标本。,zhǎn guì lǐ fàng zhe fú líng de biāo běn.,A specimen of the poria fungus is displayed in the cabinet.
2,芝罘,zhī fú,旅行地图标出了芝罘和涪陵。,lǚ xíng dì tú biāo chū le zhī fú hé fú líng.,The travel map marks Zhifu and Fuling.
2,青蚨,qīng fú,古人常用青蚨，比喻钱财。,"gǔ rén cháng yòng qīng fú, bǐ yù qián cái.",Ancient writers often used this insect's name as a metaphor for money.
2,涪陵,fú líng,旅行地图标出了芝罘和涪陵。,lǚ xíng dì tú biāo chū le zhī fú hé fú líng.,The travel map marks Zhifu and Fuling.
2,拊掌,fǔ zhǎng,听完故事，孩子拊掌大笑。,"tīng wán gù shi, hái zi fǔ zhǎng dà xiào.","After hearing the story, the child clapped and laughed."
2,蝮蛇,fù shé,草丛里有蝮蛇，大家小心绕开。,"cǎo cóng lǐ yǒu fù shé, dà jiā xiǎo xīn rào kāi.","There is a pit viper in the grass, so everyone carefully goes around it."
2,旮旯,gā lá,他在墙边的旮旯，找到丢失的钥匙。,"tā zài qiáng biān de gā lá, zhǎo dào diū shī de yào shi.",He found the lost keys in a nook by the wall.
2,呷茶,xiā chá,老人坐在窗边呷茶，望着远处。,"lǎo rén zuò zài chuāng biān xiā chá, wàng zhe yuǎn chù.",The elderly person sips tea by the window and looks into the distance.
2,垓下,gāi xià,老师讲述了垓下之战的历史。,lǎo shī jiǎng shù le gāi xià zhī zhàn de lì shǐ.,The teacher told the history of the Battle of Gaixia.
2,琅玕,láng gān,展柜里的琅玕，是美丽的石头。,"zhǎn guì lǐ de láng gān, shì měi lì de shí tou.",The fine stone in the display case is very beautiful.
2,糖苷,táng gān,旧书把糖苷写作糖甙。,jiù shū bǎ táng gān xiě zuò táng dài.,The old book uses an older spelling for glycoside.
2,酸酐,suān gān,化学课上，我们学习酸酐的性质。,"huà xué kè shàng, wǒ men xué xí suān gān de xìng zhì.","In chemistry class, we study the properties of acid anhydrides."
2,旰食,gàn shí,他工作太忙，常常旰食。,"tā gōng zuò tài máng, cháng cháng gàn shí.",He is so busy at work that he often eats late in the day.
2,绀青,gàn qīng,这块布是绀青色，颜色深而偏紫。,"zhè kuài bù shì gàn qīng sè, yán sè shēn ér piān zǐ.",This fabric is dark blue with a purplish tone.
2,灨水,gàn shuǐ,旧地图上写着灨水的名称。,jiù dì tú shàng xiě zhe gàn shuǐ de míng chēng.,The old map gives the name of the Gan River.
2,赣县,gàn xiàn,他住在赣县。,tā zhù zài gàn xiàn.,He lives in Gan County.
2,戆直,zhuàng zhí,他性格戆直，说话从不拐弯。,"tā xìng gé zhuàng zhí, shuō huà cóng bù guǎi wān.",He is straightforward and speaks without beating around the bush.
2,杲杲,gǎo gǎo,太阳杲杲，照亮院子里的花草。,"tài yang gǎo gǎo, zhào liàng yuàn zi lǐ de huā cǎo.",The bright sun lights up the plants in the yard.
2,缟素,gǎo sù,她穿着缟素，参加亲人的葬礼。,"tā chuān zhe gǎo sù, cān jiā qīn rén de zàng lǐ.",She wears plain white clothing to attend her relative's funeral.
2,枯槁,kū gǎo,树木枯槁，叶子已经掉光。,"shù mù kū gǎo, yè zi yǐ jīng diào guāng.",The tree has withered and lost all its leaves.
2,诰命,gào mìng,古书介绍了朝廷颁发诰命的制度。,gǔ shū jiè shào le cháo tíng bān fā gào mìng de zhì dù.,The ancient book describes the court's system of issuing imperial orders.
2,锆石,gào shí,展柜里有锆石，也有几块美玉。,"zhǎn guì lǐ yǒu gào shí, yě yǒu jǐ kuài měi yù.",The display case contains zircon and several pieces of fine jade.
2,圪垯,gē da,这团面里有圪垯，需要揉匀。,"zhè tuán miàn lǐ yǒu gē da, xū yào róu yún.",There are lumps in this dough that need to be kneaded out.
2,鼎鬲,dǐng lì,鼎鬲都是古代用来煮食物的器具。,dǐng lì dōu shì gǔ dài yòng lái zhǔ shí wù de qì jù.,Ding and li are both ancient vessels for cooking food.
2,鬲国,gé guó,鬲国是一个古代国名。,gé guó shì yī ge gǔ dài guó míng.,Ge is the name of an ancient state.
2,打嗝,dǎ gé,孩子打嗝以后，妈妈轻轻拍他的背。,"hái zi dǎ gé yǐ hòu, mā ma qīng qīng pāi tā de bèi.","After the child hiccupped, Mom gently patted his back."
2,膈膜,gé mó,医生用图解，说明膈膜的位置。,"yī shēng yòng tú jiě, shuō míng gé mó de wèi zhì.",The doctor uses a diagram to explain the diaphragm's position.
2,镉元素,gé yuán sù,化学课介绍了镉元素和钴元素。,huà xué kè jiè shào le gé yuán sù hé gǔ yuán sù.,The chemistry class introduced cadmium and cobalt.
2,赓续,gēng xù,后人赓续传统，让古老技艺流传。,"hòu rén gēng xù chuán tǒng, ràng gǔ lǎo jì yì liú chuán.",Later generations carry on the tradition and preserve the old craft.
2,龚姓,gōng xìng,龚姓的读音，他已经学会了。,"gōng xìng de dú yīn, tā yǐ jīng xué huì le.",He has learned how to pronounce the surname Gong.
2,珙桐,gǒng tóng,珙桐开花，白色苞片像小鸽子。,"gǒng tóng kāi huā, bái sè bāo piàn xiàng xiǎo gē zi.","The dove tree blooms, with white bracts resembling little doves."
2,佝偻,gōu lóu,老人身形佝偻，走路比较缓慢。,"lǎo rén shēn xíng gōu lóu, zǒu lù bǐ jiào huǎn màn.",The elderly person is stooped and walks rather slowly.
2,鱼笱,yú gǒu,渔夫把鱼笱放好，准备捕鱼。,"yú fū bǎ yú gǒu fàng hǎo, zhǔn bèi bǔ yú.",The fisherman positioned the fish basket trap to prepare for fishing.
2,轱辘,gū lu,车上的轱辘，沿着石路慢慢转动。,"chē shàng de gū lu, yán zhe shí lù màn màn zhuǎn dòng.",The wheel on the cart turns slowly along the stone road.
2,蝼蛄,lóu gū,蝼蛄藏在土里，夜里才出来活动。,"lóu gū cáng zài tǔ lǐ, yè li cái chū lái huó dòng.",The mole cricket hides in the soil and comes out at night.
2,钴元素,gǔ yuán sù,化学课介绍了镉元素和钴元素。,huà xué kè jiè shào le gé yuán sù hé gǔ yuán sù.,The chemistry class introduced cadmium and cobalt.
2,鹘,hú,鹘是古代对某些隼的称呼。,hú shì gǔ dài duì mǒu xiē sǔn de chēng hu.,Hu is an ancient name for certain falcons.
2,鹘仑,hú lún,别把水果鹘仑吞下，要慢慢咀嚼。,"bié bǎ shuǐ guǒ hú lún tūn xià, yào màn màn jǔ jué.",Do not swallow the fruit whole; chew it slowly.
2,臌胀,gǔ zhàng,医生询问臌胀，检查腹部情况。,"yī shēng xún wèn gǔ zhàng, jiǎn chá fù bù qíng kuàng.",The doctor asked about the swelling and examined the abdomen.
2,桎梏,zhì gù,古代囚犯被戴上桎梏，难以走动。,"gǔ dài qiú fàn bèi dài shang zhì gù, nán yǐ zǒu dòng.",The ancient prisoner was fitted with restraints and could barely move.
2,痼疾,gù jí,这种痼疾困扰了他很多年。,zhè zhǒng gù jí kùn rǎo le tā hěn duō nián.,This chronic illness has troubled him for many years.
2,鸹,guā,鸹字常用在乌鸦的名字中。,guā zì cháng yòng zài wū yā de míng zi zhōng.,The character gua is often used in names for crows.
2,老鸹,lǎo gua,老鸹站在树枝上，发出沙哑叫声。,"lǎo gua zhàn zài shù zhī shàng, fā chū shā yǎ jiào shēng.",The crow stands on a branch and gives a hoarse call.
2,掼,guàn,别把杯子掼在地上，容易摔碎。,"bié bǎ bēi zi guàn zài dì shàng, róng yì shuāi suì.",Do not hurl the cup onto the floor; it can break easily.
2,盥洗,guàn xǐ,盥洗和盥漱以后，他开始整理衣服。,"guàn xǐ hé guàn shù yǐ hòu, tā kāi shǐ zhěng lǐ yī fu.","After washing and rinsing his mouth, he began arranging his clothes."
2,盥漱,guàn shù,盥洗和盥漱以后，他开始整理衣服。,"guàn xǐ hé guàn shù yǐ hòu, tā kāi shǐ zhěng lǐ yī fu.","After washing and rinsing his mouth, he began arranging his clothes."
2,咣当,guāng dāng,门咣当一声关上，孩子吓了一跳。,"mén guāng dāng yī shēng guān shàng, hái zi xià le yī tiào.","The door shut with a clang, startling the child."
2,炅,jiǒng,古书用炅字，形容明亮的样子。,"gǔ shū yòng jiǒng zì, xíng róng míng liàng de yàng zi.",The ancient book uses this character to describe brightness.
2,埚,guō,工匠把金属放进坩埚，准备熔化。,"gōng jiàng bǎ jīn shǔ fàng jìn gān guō, zhǔn bèi róng huà.",The craftsman placed the metal in a crucible to melt it.
2,蝈蝈,guō guo,蝈蝈在叶子上鸣叫，声音响亮。,"guō guo zài yè zi shàng míng jiào, shēng yīn xiǎng liàng.",The katydid calls loudly from a leaf.
2,巾帼,jīn guó,她是巾帼英雄，勇敢保护村民。,"tā shì jīn guó yīng xióng, yǒng gǎn bǎo hù cūn mín.",She is a courageous heroine who protects the villagers.
2,腘,guó,医生指着腘窝，讲解膝后的结构。,"yī shēng zhǐ zhe guó wō, jiǎng jiě xī hòu de jié gòu.",The doctor points to the hollow behind the knee and explains its structure.
2,氦气,hài qì,这个气球充着氦气，轻轻飘起来。,"zhè ge qì qiú chōng zhe hài qì, qīng qīng piāo qǐ lai.",This balloon is filled with helium and floats gently upward.
2,晗,hán,名字里的晗，有天将明的意思。,"míng zi lǐ de hán, yǒu tiān jiāng míng de yì si.",The character in the name means that dawn is approaching.
2,菡萏,hàn dàn,池塘里的菡萏，就是美丽的荷花。,"chí táng lǐ de hàn dàn, jiù shì měi lì de hé huā.",The flowers in the pond are beautiful lotus blossoms.
2,沆瀣,hàng xiè,他们沆瀣一气，合伙欺骗顾客。,"tā men hàng xiè yī qì, hé huǒ qī piàn gù kè.",They colluded to cheat their customers.
2,颢,hào,诗中的颢气，描写明净的天空。,"shī zhōng de hào qì, miáo xiě míng jìng de tiān kōng.","The poem's expression evokes a clear, bright sky."
2,隔阂,gé hé,误会消除以后，两人没有隔阂了。,"wù huì xiāo chú yǐ hòu, liǎng rén méi yǒu gé hé le.","After the misunderstanding was cleared up, the two no longer felt estranged."
2,菏泽,hé zé,我们在菏泽，参观了花园。,"wǒ men zài hé zé, cān guān le huā yuán.",We visited a garden in Heze.
2,颌,hé,医生检查上颌，确认牙齿的位置。,"yī shēng jiǎn chá shàng hé, què rèn yá chǐ de wèi zhì.",The doctor examined the upper jaw to confirm the teeth's positions.
2,上颌,shàng hé,医生检查上颌，确认牙齿的位置。,"yī shēng jiǎn chá shàng hé, què rèn yá chǐ de wèi zhì.",The doctor examined the upper jaw to confirm the teeth's positions.
2,翮,hé,这只鸟的翮受伤，不能飞远。,"zhè zhǐ niǎo de hé shòu shāng, bù néng fēi yuǎn.","This bird's flight feathers are damaged, so it cannot fly far."
2,珩,héng,古人的玉佩上，有一块弧形的珩。,"gǔ rén de yù pèi shàng, yǒu yī kuài hú xíng de héng.",The ancient jade pendant includes a curved jade ornament.
2,蘅芜,héng wú,花园里的蘅芜，散发出清淡香气。,"huā yuán lǐ de héng wú, sàn fā chū qīng dàn xiāng qì.",The fragrant herb in the garden gives off a delicate scent.
2,一泓,yī hóng,山下有一泓清水，映着蓝天。,"shān xià yǒu yī hóng qīng shuǐ, yìng zhe lán tiān.","There is a pool of clear water below the mountain, reflecting the blue sky."
2,齁,hōu,这个点心太甜，吃得我有些齁。,"zhè ge diǎn xin tài tián, chī de wǒ yǒu xiē hōu.",This snack is so sweet that it feels cloying.
2,骨骺,gǔ hóu,医生观察骨骺，了解骨头的生长。,"yī shēng guān chá gǔ hóu, liǎo jiě gǔ tou de shēng zhǎng.",The doctor examines the growth plate to understand bone growth.
2,箜篌,kōng hóu,演员弹奏箜篌，声音十分悠扬。,"yǎn yuán tán zòu kōng hóu, shēng yīn shí fēn yōu yáng.","The performer plays the konghou harp, producing melodious sounds."
2,滹沱,hū tuó,滹沱河边，村民正在修理小船。,"hū tuó hé biān, cūn mín zhèng zài xiū lǐ xiǎo chuán.",The villagers are repairing a boat beside the Hutuo River.
2,砉然,xū rán,树枝砉然折断，发出一声脆响。,"shù zhī xū rán zhé duàn, fā chū yī shēng cuì xiǎng.",The branch snapped with a sharp cracking sound.
2,砉砉,,字目表中的砉砉一词还需核实。,,The entry “砉砉” in the source list still needs verification.
2,骅骝,huá liú,这匹骅骝颜色鲜艳，跑得很快。,"zhè pǐ huá liú yán sè xiān yàn, pǎo de hěn kuài.",This reddish horse has a vivid coat and runs quickly.
2,獾子,huān zi,獾子躲在草丛里，没有出声。,"huān zi duǒ zài cǎo cóng lǐ, méi yǒu chū shēng.",The badger hides silently in the grass.
2,洹水,huán shuǐ,旧地图介绍了洹水和洹河的名称。,jiù dì tú jiè shào le huán shuǐ hé huán hé de míng chēng.,The old map explains the names Huan Water and Huan River.
2,洹河,huán hé,旧地图介绍了洹水和洹河的名称。,jiù dì tú jiè shào le huán shuǐ hé huán hé de míng chēng.,The old map explains the names Huan Water and Huan River.
2,膏肓,gāo huāng,病入膏肓的故事，让大家十分难过。,"bìng rù gāo huāng de gù shi, ràng dà jiā shí fēn nán guò.",The story of the incurably ill person made everyone very sad.
2,城隍,chéng huáng,古城的城隍庙，保存得很好。,"gǔ chéng de chéng huáng miào, bǎo cún de hěn hǎo.",The city god's temple in the old town is well preserved.
2,湟水,huáng shuǐ,湟水旁的篁竹，长得很茂盛。,"huáng shuǐ páng de huáng zhú, zhǎng de hěn mào shèng.",The bamboo beside the Huang River grows thickly.
2,篁竹,huáng zhú,湟水旁的篁竹，长得很茂盛。,"huáng shuǐ páng de huáng zhú, zhǎng de hěn mào shèng.",The bamboo beside the Huang River grows thickly.
1,幌子,huǎng zi,他以帮助为幌子，偷偷索取金钱。,"tā yǐ bāng zhù wéi huǎng zi, tōu tōu suǒ qǔ jīn qián.","Under the pretense of helping, he secretly asked for money."
2,烩,huì,妈妈把几种蔬菜烩成一道菜。,mā ma bǎ jǐ zhǒng shū cài huì chéng yī dào cài.,Mom braised several vegetables together into one dish.
2,尺蠖,chǐ huò,尺蠖弯着身体，在叶片上爬行。,"chǐ huò wān zhe shēn tǐ, zài yè piàn shàng pá xíng.",The inchworm arches its body as it crawls across the leaf.
2,玑,jī,这串珠玑，大小略有不同。,"zhè chuàn zhū jī, dà xiǎo lüè yǒu bù tóng.",The pearls in this string vary slightly in size.
2,咭,jī,孩子咭的一笑，躲到妈妈身后。,"hái zi jī de yī xiào, duǒ dào mā ma shēn hòu.",The child giggled and hid behind Mom.
2,跻身,jī shēn,努力以后，他跻身优秀学生之列。,"nǔ lì yǐ hòu, tā jī shēn yōu xiù xué sheng zhī liè.","Through his efforts, he joined the ranks of outstanding students."
2,跻跻,jī jī,古文用跻跻，形容庄重的样子。,"gǔ wén yòng jī jī, xíng róng zhuāng zhòng de yàng zi.",The classical text uses this term to describe a dignified appearance.
2,京畿,jīng jī,京畿附近的村庄，交通十分便利。,"jīng jī fù jìn de cūn zhuāng, jiāo tōng shí fēn biàn lì.",Transport is very convenient in the villages near the capital.
2,负笈,fù jí,古人负笈求学，背着书箱远行。,"gǔ rén fù jí qiú xué, bèi zhe shū xiāng yuǎn xíng.",Ancient students carried book boxes on journeys to study.
2,蒺藜,jí lí,路边的蒺藜，有尖尖的刺。,"lù biān de jí lí, yǒu jiān jiān de cì.",The puncture vine beside the road has sharp thorns.
2,舟楫,zhōu jí,舟楫往来，河面十分热闹。,"zhōu jí wǎng lái, hé miàn shí fēn rè nao.","Boats come and go, making the river lively."
2,伎俩,jì liǎng,不要用伎俩骗人，要诚实交流。,"bù yào yòng jì liǎng piàn rén, yào chéng shí jiāo liú.",Do not use tricks to deceive people; communicate honestly.
2,伎艺,jì yì,他伎艺熟练，能够修好旧器物。,"tā jì yì shú liàn, néng gòu xiū hǎo jiù qì wù.",He is skilled at his craft and can repair old objects.
2,蓟,jì,路边的蓟开着紫色小花。,lù biān de jì kāi zhe zǐ sè xiǎo huā.,The thistle beside the road bears small purple flowers.
2,霁,jì,雨霁天晴，山峰重新露出来。,"yǔ jì tiān qíng, shān fēng chóng xīn lù chū lái.",The rain clears and the mountain peaks become visible again.
2,骥,jì,古人用骥，比喻有才能的人。,"gǔ rén yòng jì, bǐ yù yǒu cái néng de rén.",Ancient writers used the name of a fine horse as a metaphor for talented people.
2,珈,jiā,她的发饰上，有一件美丽的珈。,"tā de fā shì shàng, yǒu yī jiàn měi lì de jiā.",Her hair decoration includes a beautiful jade ornament.
2,袈裟,jiā shā,和尚披上袈裟，走进寺院。,"hé shang pī shàng jiā shā, zǒu jìn sì yuàn.",The monk put on his cassock and entered the temple.
2,戛然,jiá rán,听到敲门声，歌声戛然而止。,"tīng dào qiāo mén shēng, gē shēng jiá rán ér zhǐ.",The singing stopped abruptly at the sound of knocking.
2,岬角,jiǎ jiǎo,船绕过岬角，驶向远处港口。,"chuán rào guò jiǎ jiǎo, shǐ xiàng yuǎn chù gǎng kǒu.",The boat rounded the headland and headed toward the distant port.
1,钾肥,jiǎ féi,老师比较钾肥和氯化钾的名称。,lǎo shī bǐ jiào jiǎ féi hé lǜ huà jiǎ de míng chēng.,The teacher compared the terms potash fertilizer and potassium chloride.
1,氯化钾,lǜ huà jiǎ,老师比较钾肥和氯化钾的名称。,lǎo shī bǐ jiào jiǎ féi hé lǜ huà jiǎ de míng chēng.,The teacher compared the terms potash fertilizer and potassium chloride.
2,缣,jiān,古代抄书时，常使用细密的缣。,"gǔ dài chāo shū shí, cháng shǐ yòng xì mì de jiān.",Fine silk was often used for copying books in ancient times.
2,倔犟,jué jiàng,他性格倔犟，却愿意接受劝告。,"tā xìng gé jué jiàng, què yuàn yì jiē shòu quàn gào.",He is stubborn but willing to accept advice.
2,茭白,jiāo bái,茭白切好以后，妈妈准备炒菜。,"jiāo bái qiè hǎo yǐ hòu, mā ma zhǔn bèi chǎo cài.","After slicing the water bamboo shoots, Mom prepared to stir-fry them."
2,鲛,jiāo,古书用鲛，指海中的鲨鱼。,"gǔ shū yòng jiāo, zhǐ hǎi zhōng de shā yú.",The ancient book uses this word for a shark in the sea.
2,佼佼,jiǎo jiǎo,她是同学中的佼佼者，成绩很好。,"tā shì tóng xué zhōng de jiǎo jiǎo zhě, chéng jì hěn hǎo.",She is an outstanding student among her classmates and has excellent results.
1,秸秆,jiē gǎn,农民收好秸秆，堆在田边。,"nóng mín shōu hǎo jiē gǎn, duī zài tián biān.",The farmer gathered the crop stalks and piled them at the field's edge.
2,讦,jié,别攻讦别人的隐私，要讲道理。,"bié gōng jié bié ren de yǐn sī, yào jiǎng dào lǐ.",Do not attack someone's private affairs; discuss things reasonably.
2,婕妤,jié yú,历史课介绍了婕妤这一古代称号。,lì shǐ kè jiè shào le jié yú zhè yī gǔ dài chēng hào.,The history class introduced this ancient court title.
2,羯鼓,jié gǔ,羯鼓响起，舞者开始表演。,"jié gǔ xiǎng qǐ, wǔ zhě kāi shǐ biǎo yǎn.","The jie drum sounded, and the dancers began performing."
2,蛤蚧,gé jiè,蛤蚧藏在岩缝里，不容易看见。,"gé jiè cáng zài yán fèng lǐ, bù róng yì kàn jiàn.",The tokay gecko hides in a rock crevice and is hard to see.
2,烬,jìn,木柴烧尽后，只留下灰烬。,"mù chái shāo jǐn hòu, zhǐ liú xià huī jìn.",Only ashes remained after the firewood had burned away.
2,靳,jìn,靳先生拿着书，走进教室。,"jìn xiān sheng ná zhe shū, zǒu jìn jiào shì.",Mr. Jin walked into the classroom carrying a book.
2,缙绅,jìn shēn,古代缙绅，常常参与地方事务。,"gǔ dài jìn shēn, cháng cháng cān yù dì fāng shì wù.",The gentry in ancient times often took part in local affairs.
2,噤声,jìn shēng,老师示意噤声，孩子们停止说话。,"lǎo shī shì yì jìn shēng, hái zi men tíng zhǐ shuō huà.","The teacher signaled for silence, and the children stopped talking."
2,噤若寒蝉,jìn ruò hán chán,大家噤若寒蝉，都不敢说出意见。,"dà jiā jìn ruò hán chán, dōu bù gǎn shuō chū yì jiàn.",Everyone stayed silent and was afraid to express an opinion.
2,璟,jǐng,名字里的璟，表示玉的光彩。,"míng zi lǐ de jǐng, biǎo shì yù de guāng cǎi.",The character in the name refers to the brilliance of jade.
2,胫,jìng,他的小腿胫骨受伤，走路很慢。,"tā de xiǎo tuǐ jìng gǔ shòu shāng, zǒu lù hěn màn.","His shinbone is injured, and he walks slowly."
2,颎,jiǒng,烛光颎颎，照亮桌上的书。,"zhú guāng jiǒng jiǒng, zhào liàng zhuō shàng de shū.",The bright candlelight illuminates the book on the table.
2,狙击,jū jī,故事里的士兵接受狙击训练。,gù shi lǐ de shì bīng jiē shòu jū jī xùn liàn.,The soldiers in the story undergo sniper training.
2,踽踽,jǔ jǔ,他踽踽独行，默默走过空街。,"tā jǔ jǔ dú xíng, mò mò zǒu guò kōng jiē.",He walks alone and makes his lonely way along the street.
2,踽踽独行,jǔ jǔ dú xíng,他踽踽独行，默默走过空街。,"tā jǔ jǔ dú xíng, mò mò zǒu guò kōng jiē.",He walks alone and makes his lonely way along the street.
2,倨傲,jù ào,他态度倨傲，不愿听别人解释。,"tā tài dù jù ào, bù yuàn tīng bié ren jiě shì.",He is arrogant and unwilling to listen to others' explanations.
2,蠲免,juān miǎn,朝廷蠲免赋税，减轻百姓负担。,"cháo tíng juān miǎn fù shuì, jiǎn qīng bǎi xìng fù dān.",The court waived taxes to reduce the people's burden.
2,鄄城,juàn chéng,旅行计划里，有参观鄄城的安排。,"lǚ xíng jì huà lǐ, yǒu cān guān juàn chéng de ān pái.",The travel plan includes a visit to Juancheng.
2,珏,jué,展柜中的玉珏，是成对的玉。,"zhǎn guì zhōng de yù jué, shì chéng duì de yù.",The jade ornament in the display case consists of a pair of jade pieces.
2,桷,jué,工匠修好屋顶的桷，房子更牢固了。,"gōng jiàng xiū hǎo wū dǐng de jué, fáng zi gèng láo gù le.","The craftsman repaired the roof rafters, making the house stronger."
2,蹶,jué,遇到困难，不要一蹶不振。,"yù dào kùn nan, bù yào yī jué bù zhèn.",Do not let a setback stop you when facing difficulties.
2,一蹶不振,yī jué bù zhèn,遇到困难，不要一蹶不振。,"yù dào kùn nan, bù yào yī jué bù zhèn.",Do not let a setback stop you when facing difficulties.
2,矍铄,jué shuò,爷爷精神矍铄，每天坚持散步。,"yé ye jīng shen jué shuò, měi tiān jiān chí sàn bù.",Grandpa is lively and vigorous and takes a walk every day.
2,攫取,jué qǔ,不能靠欺骗攫取财富。,bù néng kào qī piàn jué qǔ cái fù.,Wealth must not be seized through deception.
2,筠竹,yún zhú,筠竹长得挺拔，颜色鲜绿。,"yún zhú zhǎng de tǐng bá, yán sè xiān lǜ.","The bamboo grows tall and straight, with a fresh green color."
0,俊杰,jùn jié,这个故事赞扬了勇敢的俊杰。,zhè ge gù shi zàn yáng le yǒng gǎn de jùn jié.,This story praises the brave outstanding man.
2,闿,kǎi,古文中的闿，可以表示开启。,"gǔ wén zhōng de kǎi, kě yǐ biǎo shì kāi qǐ.","In classical writing, this character can mean opening."
2,锴,kǎi,金属词典里，锴可以指好铁。,"jīn shǔ cí diǎn lǐ, kǎi kě yǐ zhǐ hǎo tiě.","In the metal dictionary, this character can refer to fine iron."
2,戡乱,kān luàn,历史书讲述了古人戡乱的经过。,lì shǐ shū jiǎng shù le gǔ rén kān luàn de jīng guò.,The history book recounts how an ancient rebellion was suppressed.
2,阚,kàn,阚老师在黑板上写下自己的姓。,kàn lǎo shī zài hēi bǎn shàng xiě xià zì jǐ de xìng.,Teacher Kan wrote his surname on the board.
2,伉俪,kàng lì,贺卡上写着祝福伉俪的话。,hè kǎ shàng xiě zhe zhù fú kàng lì de huà.,The card contained good wishes for the married couple.
1,手铐,shǒu kào,警察给嫌疑人戴上手铐。,jǐng chá gěi xián yí rén dài shang shǒu kào.,The police put handcuffs on the suspect.
2,珂,kē,古书里的珂，可以指白色美石。,"gǔ shū lǐ de kē, kě yǐ zhǐ bái sè měi shí.","In ancient books, this character can refer to a fine white stone."
2,颏,kē,他摸着下颏，认真思考问题。,"tā mō zhe xià kē, rèn zhēn sī kǎo wèn tí.",He touched his chin and considered the question carefully.
2,下颏,xià kē,他摸着下颏，认真思考问题。,"tā mō zhe xià kē, rèn zhēn sī kǎo wèn tí.",He touched his chin and considered the question carefully.
2,岢岚,kě lán,旅行结束前，我们到岢岚参观。,"lǚ xíng jié shù qián, wǒ men dào kě lán cān guān.","Before the trip ended, we visited Kelan."
2,恪守,kè shǒu,医生恪守承诺，按时来复诊。,"yī shēng kè shǒu chéng nuò, àn shí lái fù zhěn.",The doctor kept her promise and returned for the follow-up on time.
2,氪气,kè qì,灯泡里充入氪气，光线很明亮。,"dēng pào lǐ chōng rù kè qì, guāng xiàn hěn míng liàng.",The bulb was filled with krypton and gave off bright light.
2,缂丝,kè sī,她用缂丝织出一幅花鸟图。,tā yòng kè sī zhī chū yī fú huā niǎo tú.,She wove a picture of flowers and birds using the kesi technique.
2,倥偬,kǒng zǒng,军务倥偬，他很少有空回家。,"jūn wù kǒng zǒng, tā hěn shǎo yǒu kōng huí jiā.",Military affairs kept him so busy that he rarely had time to go home.
2,绔,kù,古书里，绔可以表示裤子。,"gǔ shū lǐ, kù kě yǐ biǎo shì kù zi.","In ancient books, this character can mean trousers."
0,挎包,kuà bāo,她背着挎包，轻轻转动胯骨。,"tā bèi zhe kuà bāo, qīng qīng zhuǎn dòng kuà gǔ.",She wore a shoulder bag and gently moved her hip bones.
1,胯骨,kuà gǔ,她背着挎包，轻轻转动胯骨。,"tā bèi zhe kuà bāo, qīng qīng zhuǎn dòng kuà gǔ.",She wore a shoulder bag and gently moved her hip bones.
1,胯下,kuà xià,骑手夹紧胯下的马，向前奔驰。,"qí shǒu jiā jǐn kuà xià de mǎ, xiàng qián bēn chí.",The rider gripped the horse between his legs and galloped forward.
1,胯,kuà,她背着挎包，轻轻转动胯骨。,"tā bèi zhe kuà bāo, qīng qīng zhuǎn dòng kuà gǔ.",She wore a shoulder bag and gently moved her hip bones.
2,侩,kuài,古时，侩替买卖双方谈价钱。,"gǔ shí, kuài tì mǎi mài shuāng fāng tán jià qián.","In the past, brokers negotiated prices for buyers and sellers."
2,哙,kuài,樊哙是古代的一位将领。,fán kuài shì gǔ dài de yī wèi jiàng lǐng.,Fan Kuai was a military commander in ancient times.
2,狡狯,jiǎo kuài,他生性狡狯，总想欺骗别人。,"tā shēng xìng jiǎo kuài, zǒng xiǎng qī piàn bié ren.",He was cunning by nature and always tried to deceive others.
2,狯,kuài,他生性狡狯，总想欺骗别人。,"tā shēng xìng jiǎo kuài, zǒng xiǎng qī piàn bié ren.",He was cunning by nature and always tried to deceive others.
2,髋,kuān,跑步前，他先活动髋关节。,"pǎo bù qián, tā xiān huó dòng kuān guān jié.","Before running, he loosened up his hip joints."
2,劻勷,kuāng ráng,事情迟迟未定，他心中劻勷。,"shì qing chí chí wèi dìng, tā xīn zhōng kuāng ráng.","With the matter still unsettled, he felt anxious."
2,邝,kuàng,邝先生把地址写在纸上。,kuàng xiān sheng bǎ dì zhǐ xiě zài zhǐ shàng.,Mr. Kuang wrote the address on a piece of paper.
2,圹,kuàng,古书把埋葬死者的墓穴称为圹。,gǔ shū bǎ mái zàng sǐ zhě de mù xué chēng wéi kuàng.,Ancient books use this character for a burial pit.
2,岿然,kuī rán,经过风雨，山上的石塔仍岿然屹立。,"jīng guò fēng yǔ, shān shàng de shí tǎ réng kuī rán yì lì.","After wind and rain, the stone tower on the mountain still stood firm."
2,馗,kuí,画中的钟馗手持宝剑。,huà zhōng de zhōng kuí shǒu chí bǎo jiàn.,Zhong Kui holds a sword in the painting.
2,喹啉,kuí lín,喹啉是一种有机化合物。,kuí lín shì yī zhǒng yǒu jī huà hé wù.,Quinoline is an organic compound.
2,聩,kuì,古文用聩形容耳聋的人。,gǔ wén yòng kuì xíng róng ěr lóng de rén.,Classical writing uses this character to describe someone who is deaf.
2,篑,kuì,他挑来一篑土，继续筑墙。,"tā tiāo lái yī kuì tǔ, jì xù zhù qiáng.",He brought another basket of earth and continued building the wall.
2,堃,kūn,字典说明，堃是坤的异体字。,"zì diǎn shuō míng, kūn shì kūn de yì tǐ zì.",The dictionary explains that this character is a variant of kun.
2,琨,kūn,古人用琨指一种美玉。,gǔ rén yòng kūn zhǐ yī zhǒng měi yù.,People in ancient times used this character to refer to fine jade.
2,髡刑,kūn xíng,历史书介绍了古代的髡刑。,lì shǐ shū jiè shào le gǔ dài de kūn xíng.,The history book describes the ancient punishment of shaving the head.
2,旯旮,lá gā,小猫躲进墙边的旯旮里。,xiǎo māo duǒ jìn qiáng biān de lá gā lǐ.,The kitten hid in a corner by the wall.
2,砬,lá,山坡上的石砬挡住了去路。,shān pō shàng de shí lá dǎng zhù le qù lù.,A rocky outcrop on the hillside blocked the way.
2,崃山,lái shān,远处的邛崃山笼罩在云雾中。,yuǎn chù de qióng lái shān lǒng zhào zài yún wù zhōng.,The distant Qionglai Mountains were shrouded in mist.
2,崃,lái,远处的邛崃山笼罩在云雾中。,yuǎn chù de qióng lái shān lǒng zhào zài yún wù zhōng.,The distant Qionglai Mountains were shrouded in mist.
2,招徕,zhāo lái,商店用优质商品招徕顾客。,shāng diàn yòng yōu zhì shāng pǐn zhāo lái gù kè.,The shop attracted customers with quality goods.
2,涞,lái,这条河就是古书中的涞水。,zhè tiáo hé jiù shì gǔ shū zhōng de lái shuǐ.,This river is the Lai River mentioned in ancient books.
2,赉,lài,古文中的赉，意思是赏赐。,"gǔ wén zhōng de lài, yì si shì shǎng cì.","In classical writing, this character means to bestow a reward."
2,谰言,lán yán,他编造谰言，试图推卸责任。,"tā biān zào lán yán, shì tú tuī xiè zé rèn.",He fabricated false accusations to avoid responsibility.
2,谰,lán,他编造谰言，试图推卸责任。,"tā biān zào lán yán, shì tú tuī xiè zé rèn.",He fabricated false accusations to avoid responsibility.
2,褴褛,lán lǚ,流浪的人衣衫褴褛，坐在路边。,"liú làng de rén yī shān lán lǚ, zuò zài lù biān.",The homeless man sat by the road in ragged clothes.
2,镧,lán,实验室用镧制造特殊玻璃。,shí yàn shì yòng lán zhì zào tè shū bō li.,The laboratory uses lanthanum to make special glass.
2,啷当,lāng dāng,他四十啷当岁，身体很结实。,"tā sì shí lāng dāng suì, shēn tǐ hěn jiē shí.",He was in his forties and in sturdy health.
2,阆,làng,古诗用阆形容高大宽阔的地方。,gǔ shī yòng làng xíng róng gāo dà kuān kuò de dì fang.,"Ancient poetry uses this character to describe a lofty, spacious place."
2,阆中,làng zhōng,游客在阆中参观古城街道。,yóu kè zài làng zhōng cān guān gǔ chéng jiē dào.,Visitors explored the streets of the old town in Langzhong.
2,痨,láo,过去，人们常把肺结核叫肺痨。,"guò qù, rén men cháng bǎ fèi jié hé jiào fèi láo.","In the past, people often called tuberculosis consumption."
2,醪糟,láo zāo,奶奶用醪糟煮了一碗甜汤。,nǎi nai yòng láo zāo zhǔ le yī wǎn tián tāng.,Grandma made a bowl of sweet soup with fermented rice.
2,蛤蜊,gé lí,锅里的蛤蜊张开了壳。,guō lǐ de gé lí zhāng kāi le ké.,The clams in the pot opened their shells.
2,藜,lí,路边的藜长得比膝盖还高。,lù biān de lí zhǎng de bǐ xī gài hái gāo.,The goosefoot plants beside the road grew above knee height.
2,俚语,lǐ yǔ,老师解释了这句俚语的意思。,lǎo shī jiě shì le zhè jù lǐ yǔ de yì si.,The teacher explained the meaning of this slang expression.
2,妯娌,zhóu li,两位妯娌一起准备年夜饭。,liǎng wèi zhóu li yī qǐ zhǔn bèi nián yè fàn.,The two brothers' wives prepared the New Year's Eve meal together.
2,澧水,lǐ shuǐ,澧水流过田野，向大江汇去。,"lǐ shuǐ liú guò tián yě, xiàng dà jiāng huì qù.",The Li River flows through the fields toward a larger river.
2,疠,lì,古文用疠表示严重的疫病。,gǔ wén yòng lì biǎo shì yán zhòng de yì bìng.,Classical writing uses this character for a severe epidemic disease.
2,栎,lì,秋天，栎树的果实落在地上。,"qiū tiān, lì shù de guǒ shí luò zài dì shàng.","In autumn, acorns fall from the oak trees."
2,栎树,lì shù,秋天，栎树的果实落在地上。,"qiū tiān, lì shù de guǒ shí luò zài dì shàng.","In autumn, acorns fall from the oak trees."
2,俪,lì,贺卡上写着祝福伉俪的话。,hè kǎ shàng xiě zhe zhù fú kàng lì de huà.,The card contained good wishes for the married couple.
2,莅临,lì lín,校长欢迎来宾莅临学校。,xiào zhǎng huān yíng lái bīn lì lín xué xiào.,The principal welcomed the guests to the school.
2,磨砺,mó lì,多年训练磨砺了他的意志。,duō nián xùn liàn mó lì le tā de yì zhì.,Years of training strengthened his will.
2,唳,lì,远处传来鹤唳，声音十分清亮。,"yuǎn chù chuán lái hè lì, shēng yīn shí fēn qīng liàng.",The clear call of a crane came from far away.
2,风声鹤唳,fēng shēng hè lì,敌军败退后，一路风声鹤唳。,"dí jūn bài tuì hòu, yī lù fēng shēng hè lì.",The defeated troops panicked at the slightest sound.
2,傈僳,lì sù,展馆介绍了傈僳族的服饰。,zhǎn guǎn jiè shào le lì sù zú de fú shì.,The exhibition introduces traditional Lisu clothing.
2,溧水,lì shuǐ,我们坐车去溧水参观茶园。,wǒ men zuò chē qù lì shuǐ cān guān chá yuán.,We took a bus to Lishui to visit a tea plantation.
2,梿,lián,古时，人们用梿枷拍打谷物。,"gǔ shí, rén men yòng lián jiā pāi da gǔ wù.","In the past, people used flails to thresh grain."
2,濂,lián,老师讲了宋濂求学的故事。,lǎo shī jiǎng le sòng lián qiú xué de gù shi.,The teacher told the story of Song Lian's studies.
2,潋滟,liàn yàn,夕阳下，湖水波光潋滟。,"xī yáng xià, hú shuǐ bō guāng liàn yàn.",The lake shimmered in the light of the setting sun.
2,莨菪,làng dàng,植物园给莨菪立了警示牌。,zhí wù yuán gěi làng dàng lì le jǐng shì pái.,The botanical garden put a warning sign beside the henbane.
2,蓼蓝,liǎo lán,工人用蓼蓝制作蓝色染料。,gōng rén yòng liǎo lán zhì zuò lán sè rǎn liào.,The workers made blue dye from Japanese indigo.
2,蓼,liǎo,工人用蓼蓝制作蓝色染料。,gōng rén yòng liǎo lán zhì zuò lán sè rǎn liào.,The workers made blue dye from Japanese indigo.
2,撂下,liào xià,他撂下工具，跑去打开大门。,"tā liào xià gōng jù, pǎo qù dǎ kāi dà mén.",He put down his tools and ran to open the gate.
1,咧嘴,liě zuǐ,孩子咧嘴一笑，露出两颗门牙。,"hái zi liě zuǐ yī xiào, lù chū liǎng kē mén yá.","The child grinned, showing two front teeth."
2,啉,lín,喹啉是一种有机化合物。,kuí lín shì yī zhǒng yǒu jī huà hé wù.,Quinoline is an organic compound.
2,璘,lín,古书用璘形容玉的光彩。,gǔ shū yòng lín xíng róng yù de guāng cǎi.,Ancient books use this character to describe the luster of jade.
2,瓴,líng,工人把屋顶的瓦瓴排整齐。,gōng rén bǎ wū dǐng de wǎ líng pái zhěng qí.,The workers arranged the roof tiles neatly.
2,棂,líng,阳光透过窗棂，照在桌上。,"yáng guāng tòu guò chuāng líng, zhào zài zhuō shàng.",Sunlight shone through the window lattice onto the table.
2,嘌呤,piào lìng,老师画出嘌呤的分子结构。,lǎo shī huà chū piào lìng de fēn zǐ jié gòu.,The teacher drew the molecular structure of purine.
2,镠,liú,古书用镠指含金较多的合金。,gǔ shū yòng liú zhǐ hán jīn jiào duō de hé jīn.,Ancient books use this character for an alloy with a high gold content.
2,绺,liǔ,一绺头发垂在她的额前。,yī liǔ tóu fa chuí zài tā de é qián.,A lock of hair hung over her forehead.
2,茏,lóng,雨后的山林显得十分茏葱。,yǔ hòu de shān lín xiǎn de shí fēn lóng cōng.,The mountain forest looked lush after the rain.
2,茏葱,lóng cōng,雨后的山林显得十分茏葱。,yǔ hòu de shān lín xiǎn de shí fēn lóng cōng.,The mountain forest looked lush after the rain.
2,栊,lóng,她倚着窗栊，看院里的梅花。,"tā yǐ zhe chuāng lóng, kàn yuàn lǐ de méi huā.",She leaned by the window lattice and looked at the plum blossoms in the courtyard.
2,砻,lóng,农人用砻去掉稻谷的壳。,nóng rén yòng lóng qù diào dào gǔ de ké.,The farmer used a huller to remove the husks from rice.
2,砻糠,lóng kāng,这台机器专门用来砻糠。,zhè tái jī qì zhuān mén yòng lái lóng kāng.,This machine is specifically used to remove rice husks.
1,娄,lóu,娄老师在黑板上写了题目。,lóu lǎo shī zài hēi bǎn shàng xiě le tí mù.,Teacher Lou wrote the question on the blackboard.
2,偻,lǚ,老人伛偻着背，缓缓走来。,"lǎo rén yǔ lǚ zhe bèi, huǎn huǎn zǒu lái.",The old man approached slowly with his back bent.
2,蒌,lóu,河边长着一片嫩绿的蒌蒿。,hé biān zhǎng zhe yī piàn nèn lǜ de lóu hāo.,A patch of tender green mugwort grew by the river.
2,蒌蒿,lóu hāo,河边长着一片嫩绿的蒌蒿。,hé biān zhǎng zhe yī piàn nèn lǜ de lóu hāo.,A patch of tender green mugwort grew by the river.
2,撸,lū,他轻轻撸了撸猫背，小猫安静下来。,"tā qīng qīng lū le lū māo bèi, xiǎo māo ān jìng xià lai.","He gently stroked the cat's back, and it calmed down."
2,轳,lú,他转动辘轳，从井里提水。,"tā zhuǎn dòng lù lú, cóng jǐng lǐ tí shuǐ.",He turned the windlass to draw water from the well.
2,胪,lú,古文中的胪，可表示陈述。,"gǔ wén zhōng de lú, kě biǎo shì chén shù.","In classical writing, this character can mean to set out or state something."
2,鲈鱼,lú yú,厨师把鲈鱼蒸熟，端上餐桌。,"chú shī bǎ lú yú zhēng shú, duān shàng cān zhuō.",The cook steamed the sea bass and served it at the table.
2,箓,lù,道士把符箓收进木盒。,dào shì bǎ fú lù shōu jìn mù hé.,The Taoist priest put the talismans in a wooden box.
2,潞,lù,潞河两岸种着高大的树。,lù hé liǎng àn zhòng zhe gāo dà de shù.,Tall trees grow along both banks of the Lu River.
2,栾,luán,这棵栾树开满了黄色小花。,zhè kē luán shù kāi mǎn le huáng sè xiǎo huā.,This golden rain tree was covered in small yellow flowers.
2,滦,luán,滦河边的村庄十分安静。,luán hé biān de cūn zhuāng shí fēn ān jìng.,The village by the Luan River was very quiet.
2,銮,luán,古代皇帝的銮驾经过城门。,gǔ dài huáng dì de luán jià jīng guò chéng mén.,The emperor's carriage passed through the city gate in ancient times.
2,猡,luó,在一些方言里，猡可以指猪。,"zài yī xiē fāng yán lǐ, luó kě yǐ zhǐ zhū.","In some dialects, this character can mean pig."
2,珞,luò,她戴着璎珞，站在镜子前。,"tā dài zhe yīng luò, zhàn zài jìng zi qián.",She stood before the mirror wearing an ornamental necklace.
2,闾,lǘ,古时，闾可以指里巷的大门。,"gǔ shí, lǘ kě yǐ zhǐ lǐ xiàng de dà mén.","In the past, this character could refer to the gate of a neighborhood."
2,褛,lǚ,这件旧衣褴褛，已经不能穿了。,"zhè jiàn jiù yī lán lǚ, yǐ jīng bù néng chuān le.",This old garment is so ragged that it can no longer be worn.
2,墁,màn,工人用石板墁地，铺得很平。,"gōng rén yòng shí bǎn màn dì, pù de hěn píng.",The workers paved the ground evenly with stone slabs.
2,牤牛,māng niú,两头牤牛在草地上吃草。,liǎng tóu māng niú zài cǎo dì shàng chī cǎo.,Two bulls grazed on the grass.
2,邙山,máng shān,他们登上邙山，远眺洛阳。,"tā men dēng shàng máng shān, yuǎn tiào luò yáng.",They climbed Mount Mang and looked out toward Luoyang.
2,北邙,běi máng,古诗常提到洛阳的北邙。,gǔ shī cháng tí dào luò yáng de běi máng.,"Ancient poems often mention Be Mang, north of Luoyang."
2,铓,máng,刀剑的铓十分锋利。,dāo jiàn de máng shí fēn fēng lì.,The edges of the blades were very sharp.
1,铆钉,mǎo dīng,工人用铆钉把两块铁板固定住。,gōng rén yòng mǎo dīng bǎ liǎng kuài tiě bǎn gù dìng zhù.,The workers fastened the two iron plates with rivets.
2,眊,mào,他年老眼眊，看不清细小的字。,"tā nián lǎo yǎn mào, kàn bù qīng xì xiǎo de zì.","His eyesight grew dim with age, and he could not read small characters."
2,眊眊,mào mào,古文中的眊眊，形容看不清楚。,"gǔ wén zhōng de mào mào, xíng róng kàn bù qīng chǔ.","In classical writing, this expression describes dim vision."
2,懋,mào,古文用懋表示勤勉努力。,gǔ wén yòng mào biǎo shì qín miǎn nǔ lì.,Classical writing uses this character for diligence and effort.
2,袂,mèi,她举起衣袂，擦去脸上的泪。,"tā jǔ qǐ yī mèi, cā qù liǎn shàng de lèi.",She raised her sleeve and wiped the tears from her face.
2,扪,mén,他扪心自问，是否尽了全力。,"tā mén xīn zì wèn, shì fǒu jǐn le quán lì.",He searched his conscience and asked whether he had done his best.
2,懑,mèn,他的心中充满愤懑，久久不语。,"tā de xīn zhōng chōng mǎn fèn mèn, jiǔ jiǔ bù yǔ.",He was filled with resentment and remained silent for a long time.
2,勐,měng,我们到勐海参观茶厂。,wǒ men dào měng hǎi shēn guān chá chǎng.,We went to Menghai to visit a tea factory.
2,嘧啶,mì dìng,老师用模型展示嘧啶的结构。,lǎo shī yòng mó xíng zhǎn shì mì dìng de jié gòu.,The teacher used a model to show the structure of pyrimidine.
2,沉湎,chén miǎn,他沉湎于过去，忘了眼前的生活。,"tā chén miǎn yú guò qù, wàng le yǎn qián de shēng huó.",He dwelled on the past and forgot about his present life.
2,淼,miǎo,古诗用淼形容水面宽广。,gǔ shī yòng miǎo xíng róng shuǐ miàn kuān guǎng.,Ancient poetry uses this character to describe a broad expanse of water.
2,闵,mǐn,闵老师带学生到河边写生。,mǐn lǎo shī dài xué sheng dào hé biān xiě shēng.,Teacher Min took the students to sketch by the river.
2,茗,míng,客人坐下后，主人端来香茗。,"kè rén zuò xia hòu, zhǔ rén duān lái xiāng míng.","After the guest sat down, the host brought fragrant tea."
2,溟,míng,古文中的溟，可以表示大海。,"gǔ wén zhōng de míng, kě yǐ biǎo shì dà hǎi.","In classical writing, this character can mean the sea."
2,谟,mó,古文中的谟，意思是谋划。,"gǔ wén zhōng de mó, yì si shì móu huà.","In classical writing, this character means to plan."
2,秣马,mò mǎ,士兵先秣马，再整理行装。,"shì bīng xiān mò mǎ, zài zhěng lǐ xíng zhuāng.",The soldiers fed their horses before packing their gear.
2,貉,hé,貉常在夜里寻找食物。,hé cháng zài yè li xún zhǎo shí wù.,Raccoon dogs often look for food at night.
2,一丘之貉,yī qiū zhī hé,他们合伙欺骗顾客，真是一丘之貉。,"tā men hé huǒ qī piàn gù kè, zhēn shi yī qiū zhī hé.",They worked together to cheat customers and are equally dishonest.
2,貘,mò,动物园里的貘正慢慢吃草。,dòng wù yuán lǐ de mò zhèng màn màn chī cǎo.,The tapir in the zoo was eating grass slowly.
2,氖气,nǎi qì,霓虹灯中常用到氖气。,ní hóng dēng zhōng cháng yòng dào nǎi qì.,Neon gas is often used in neon lights.
2,赧然,nǎn rán,受到表扬，她赧然低下了头。,"shòu dào biǎo yáng, tā nǎn rán dī xià le tóu.",She blushed and lowered her head at the praise.
2,囔囔,nāng nang,他低声囔囔，谁也听不清。,"tā dī shēng nāng nang, shuí yě tīng bù qīng.",He murmured so quietly that no one could make out his words.
2,呶呶,náo náo,老人呶呶不休，反复叮嘱孩子。,"lǎo rén náo náo bù xiū, fǎn fù dīng zhǔ hái zi.","The old man kept talking, reminding the child again and again."
2,淖,nào,大雨过后，路边全是泥淖。,"dà yǔ guò hòu, lù biān quán shì ní nào.","After the heavy rain, there was mud all along the roadside."
2,讷,nè,他性格木讷，不太善于表达。,"tā xìng gé mù nè, bù tài shàn yú biǎo dá.",He was reserved and not very good at expressing himself.
2,忸怩,niǔ ní,面对陌生人，她有些忸怩不安。,"miàn duì mò shēng rén, tā yǒu xiē niǔ ní bù ān.",She felt a little shy and uneasy around strangers.
2,鲵,ní,保护区里有珍稀的大鲵。,bǎo hù qū lǐ yǒu zhēn xī de dà ní.,There are rare giant salamanders in the reserve.
2,旖旎,yǐ nǐ,春日湖边风光旖旎。,chūn rì hú biān fēng guāng yǐ nǐ.,The lakeside scenery was charming in spring.
2,睨视,nì shì,他睨视来客，脸上带着怀疑。,"tā nì shì lái kè, liǎn shàng dài zhe huái yí.",He glanced sideways at the visitor with a doubtful expression.
2,茑,niǎo,茑寄生在树上，从树枝吸取养分。,"niǎo jì shēng zài shù shàng, cóng shù zhī xī qǔ yǎng fèn.",Mistletoe grows on trees and draws nutrients from their branches.
2,茑萝,niǎo luó,她种的茑萝开出了小红花。,tā zhòng de niǎo luó kāi chū le xiǎo hóng huā.,The cypress vine she planted produced small red flowers.
2,袅,niǎo,炊烟袅袅，从村里的屋顶升起。,"chuī yān niǎo niǎo, cóng cūn lǐ de wū dǐng shēng qǐ.",Wisps of cooking smoke rose from the village rooftops.
2,乜斜,miē xie,他乜斜着眼，仔细打量来人。,"tā miē xie zhe yǎn, zǐ xì dǎ liang lái rén.",He squinted as he examined the newcomer.
2,乜,miē,他乜斜着眼，仔细打量来人。,"tā miē xie zhe yǎn, zǐ xì dǎ liang lái rén.",He squinted as he examined the newcomer.
2,蘖,niè,树桩上长出了嫩绿的新蘖。,shù zhuāng shàng zhǎng chū le nèn lǜ de xīn niè.,Tender green shoots sprouted from the stump.
1,拧开,nǐng kāi,她拧开瓶盖，倒出一些水。,"tā nǐng kāi píng gài, dào chū yī xiē shuǐ.",She unscrewed the cap and poured out some water.
2,忸怩不安,niǔ ní bù ān,面对陌生人，她有些忸怩不安。,"miàn duì mò shēng rén, tā yǒu xiē niǔ ní bù ān.",She felt a little shy and uneasy around strangers.
2,哝,nong,他一边嘟哝，一边收拾桌子。,"tā yī biān dū nong, yī biān shōu shi zhuō zi.",He grumbled while clearing the table.
2,嘟哝,dū nong,他一边嘟哝，一边收拾桌子。,"tā yī biān dū nong, yī biān shōu shi zhuō zi.",He grumbled while clearing the table.
2,傩,nuó,村民戴着面具，表演傩舞。,"cūn mín dài zhe miàn jù, biǎo yǎn nuó wǔ.",The villagers wore masks and performed a ritual dance to ward off evil.
2,喏,nuò,喏，你找的书就在桌上。,"nuò, nǐ zhǎo de shū jiù zài zhuō shàng.","Look, the book you wanted is on the table."
2,唱喏,chàng rě,小厮向客人唱喏，然后退下。,"xiǎo sī xiàng kè rén chàng rě, rán hòu tuì xià.",The young servant bowed politely to the guest and withdrew.
2,搦,nuò,古文用搦管表示提笔写字。,gǔ wén yòng nuò guǎn biǎo shì tí bǐ xiě zì.,Classical writing uses this expression to mean taking up a brush to write.
2,衄,nǜ,医书中，衄血常指鼻出血。,"yī shū zhōng, nǜ xuè cháng zhǐ bí chū xuè.","In medical books, this term often refers to a nosebleed."
2,衄血,nǜ xuè,医书中，衄血常指鼻出血。,"yī shū zhōng, nǜ xuè cháng zhǐ bí chū xuè.","In medical books, this term often refers to a nosebleed."
2,耦合,ǒu hé,两个电路通过线圈实现耦合。,liǎng gè diàn lù tōng guò xiàn quān shí xiàn ǒu hé.,The two circuits are coupled through coils.
2,奇葩,qí pā,园中这株奇葩开得格外鲜艳。,yuán zhōng zhè zhū qí pā kāi de gé wài xiān yàn.,This unusual flower bloomed with especially vivid colors in the garden.
2,俳句,pái jù,她用俳句描写雨后的竹林。,tā yòng pái jù miáo xiě yǔ hòu de zhú lín.,She described the bamboo grove after the rain in a haiku.
2,槃,pán,古书中，槃可以指木制托盘。,"gǔ shū zhōng, pán kě yǐ zhǐ mù zhì tuō pán.","In ancient books, this character can refer to a wooden tray."
2,泮,pàn,古文用泮表示冰雪消融。,gǔ wén yòng pàn biǎo shì bīng xuě xiāo róng.,Classical writing uses this character for the melting of ice and snow.
2,耪地,pǎng dì,爷爷拿起锄头，去田里耪地。,"yé ye ná qǐ chú tou, qù tián lǐ pǎng dì.",Grandpa picked up his hoe and went to weed the field.
2,呸,pēi,他吐出一口沙子，呸了一声。,"tā tǔ chū yī kǒu shā zi, pēi le yī shēng.",He spat out a mouthful of sand with a spluttering sound.
2,嘭,pēng,门被风吹得嘭的一声关上。,mén bèi fēng chuī de pēng de yī shēng guān shàng.,The wind slammed the door shut with a bang.
2,砒霜,pī shuāng,旧小说里常出现砒霜这种毒物。,jiù xiǎo shuō lǐ cháng chū xiàn pī shuāng zhè zhǒng dú wù.,"This poison, arsenic trioxide, often appears in old novels."
2,毗邻,pí lín,小店毗邻车站，买东西很方便。,"xiǎo diàn pí lín chē zhàn, mǎi dōng xi hěn fāng biàn.","The little shop is next to the station, making shopping convenient."
2,蜱虫,pí chóng,他在狗的耳后发现一只蜱虫。,tā zài gǒu de ěr hòu fā xiàn yī zhī pí chóng.,He found a tick behind the dog's ear.
2,鼙鼓,pí gǔ,古代军队用鼙鼓传递号令。,gǔ dài jūn duì yòng pí gǔ chuán dì hào lìng.,Ancient armies used drums to transmit orders.
2,痞子,pǐ zi,那个痞子在街头寻衅闹事。,nà ge pǐ zi zài jiē tóu xún xìn nào shì.,That hooligan caused trouble on the street.
2,痞气,pǐ qì,他说话带着痞气，态度粗鲁。,"tā shuō huà dài zhe pǐ qì, tài dù cū lǔ.",He spoke like a thug and behaved rudely.
2,地痞,dì pǐ,警察制止了地痞的勒索行为。,jǐng chá zhì zhǐ le dì pǐ de lè suǒ xíng wéi.,The police stopped the local thug from extorting money.
2,睥睨,pì nì,他睥睨众人，神情十分傲慢。,"tā pì nì zhòng rén, shén qíng shí fēn ào màn.",He looked down on everyone with an arrogant expression.
2,剽窃,piāo qiè,这篇文章剽窃了别人的作品。,zhè piān wén zhāng piāo qiè le bié ren de zuò pǐn.,This article plagiarized someone else's work.
2,嫔,pín,历史书介绍了宫中妃嫔的生活。,lì shǐ shū jiè shào le gōng zhōng fēi pín de shēng huó.,The history book describes the lives of imperial consorts in the palace.
2,鄱阳,pó yáng,候鸟每年都会飞到鄱阳湖过冬。,hòu niǎo měi nián dū huì fēi dào pó yáng hú guò dōng.,Migratory birds come to Poyang Lake every year for the winter.
2,噗噗,pū pū,水壶里的水噗噗地冒着气泡。,shuǐ hú lǐ de shuǐ pū pū de mào zhe qì pào.,The water in the kettle bubbled with soft popping sounds.
2,濮阳,pú yáng,他坐火车去濮阳探望亲人。,tā zuò huǒ chē qù pú yáng tàn wàng qīn rén.,He took a train to Puyang to visit his relatives.
2,圻,qí,古书用圻表示疆界。,gǔ shū yòng qí biǎo shì jiāng jiè.,Ancient books use this character to mean a boundary.
2,黄芪,huáng qí,药材柜里放着切好的黄芪。,yào cái guì lǐ fàng zhe qiè hǎo de huáng qí.,Sliced astragalus root was kept in the herb cabinet.
2,颀,qí,他身材颀长，站在人群后面。,"tā shēn cái qí cháng, zhàn zài rén qún hòu mian.",He was tall and stood behind the crowd.
2,祺,qí,他在信末写下敬颂时祺。,tā zài xìn mò xiě xià jìng sòng shí qí.,He ended the letter with a formal wish for the recipient's well-being.
2,綦,qí,綦老师向学生解释了这道题。,qí lǎo shī xiàng xué sheng jiě shì le zhè dào tí.,Teacher Qi explained the problem to the students.
2,蕲,qí,游客到蕲春了解当地的历史。,yóu kè dào qí chūn liǎo jiě dāng dì de lì shǐ.,The visitors went to Qichun to learn about its history.
2,修葺,xiū qì,工人正在修葺村里的旧桥。,gōng rén zhèng zài xiū qì cūn lǐ de jiù qiáo.,The workers were repairing the old bridge in the village.
2,髂骨,qià gǔ,图中用蓝色标出了髂骨。,tú zhōng yòng lán sè biāo chū le qià gǔ.,The ilium was marked in blue in the diagram.
2,扦插,qiān chā,园丁用扦插的方法繁殖月季。,yuán dīng yòng qiān chā de fāng fǎ fán zhí yuè jì.,The gardener propagated roses from cuttings.
2,钤,qián,他在书画上钤了自己的印章。,tā zài shū huà shàng qián le zì jǐ de yìn zhāng.,He stamped his own seal on the painting.
2,箝制,qián zhì,这些规定箝制了人们的思想。,zhè xiē guī dìng qián zhì le rén men de sī xiǎng.,These rules restricted people's thinking.
2,戗,qiāng,木纹是戗着的，刨起来很费力。,"mù wén shì qiāng zhe de, páo qǐ lai hěn fèi lì.","The grain ran against the plane, making the wood hard to smooth."
2,嫱,qiáng,王昭君名嫱，是著名的历史人物。,"wáng zhāo jūn míng qiáng, shì zhù míng de lì shǐ rén wù.","Wang Zhaojun's given name was Qiang, and she is a well-known historical figure."
2,羟基,qiǎng jī,老师用红笔圈出了羟基。,lǎo shī yòng hóng bǐ quān chū le qiǎng jī.,The teacher circled the hydroxyl group in red.
2,羟,qiǎng,老师用红笔圈出了羟基。,lǎo shī yòng hóng bǐ quān chū le qiǎng jī.,The teacher circled the hydroxyl group in red.
2,跄踉,qiàng liàng,他喝醉后跄踉着走出酒馆。,tā hē zuì hòu qiàng liàng zhe zǒu chū jiǔ guǎn.,He staggered out of the tavern after getting drunk.
2,橇,qiāo,孩子坐上雪橇，从坡上滑下来。,"hái zi zuò shàng xuě qiāo, cóng pō shàng huá xià lai.",The child rode a sled down the slope.
2,峤,jiào,古文用峤表示高而尖的山。,gǔ wén yòng jiào biǎo shì gāo ér jiān de shān.,"Classical writing uses this character for a tall, pointed mountain."
2,诮,qiào,他受到讥诮，却仍耐心解释。,"tā shòu dào jī qiào, què réng nài xīn jiě shì.","He was mocked, but continued to explain patiently."
2,挈带,qiè dài,古人挈带行李，沿着山路赶路。,"gǔ rén qiè dài xíng li, yán zhe shān lù gǎn lù.",The traveler in ancient times carried his luggage along the mountain path.
2,趔趄,liè qie,他脚下一滑，打了个趔趄。,"tā jiǎo xià yī huá, dǎ le gè liè qie.","His foot slipped, and he stumbled."
2,趄,qiè,古文中的趄可以表示倾斜。,gǔ wén zhōng de qiè kě yǐ biǎo shì qīng xié.,"In classical writing, qie can mean to slant."
2,衾,qīn,古书中的衾，指睡觉用的被子。,"gǔ shū zhōng de qīn, zhǐ shuì jiào yòng de bèi zi.","In ancient books, this character refers to a quilt used for sleeping."
2,黄芩,huáng qín,药柜上的标签写着黄芩。,yào guì shàng de biāo qiān xiě zhe huáng qín.,The label on the herb cabinet read Chinese skullcap.
2,氰化物,qīng huà wù,老师强调氰化物具有毒性。,lǎo shī qiáng diào qīng huà wù jù yǒu dú xìng.,The teacher stressed that cyanides are toxic.
2,邛崃,qióng lái,远处的邛崃山笼罩在云雾中。,yuǎn chù de qióng lái shān lǒng zhào zài yún wù zhōng.,The distant Qionglai Mountains were shrouded in mist.
2,湫,jiǎo,字典中，湫可指低洼湿地。,"zì diǎn zhōng, jiǎo kě zhǐ dī wā shī dì.","In the dictionary, this character can refer to low-lying wet ground."
2,楸树,qiū shù,院里的楸树开出了淡色的花。,yuàn lǐ de qiū shù kāi chū le dàn sè de huā.,The Chinese catalpa in the courtyard produced pale flowers.
2,虬,qiú,画中的虬龙盘绕在云间。,huà zhōng de qiú lóng pán rào zài yún jiān.,The horned dragon in the painting coils among the clouds.
2,祛除,qū chú,他勇敢行动，祛除心中的恐惧。,"tā yǒng gǎn xíng dòng, qū chú xīn zhōng de kǒng jù.",He acted bravely to dispel the fear in his heart.
2,蛐蛐,qū qu,夜里，草丛中的蛐蛐叫个不停。,"yè li, cǎo cóng zhōng de qū qu jiào gè bù tíng.","At night, the crickets in the grass chirped without stopping."
2,癯,qú,病后的他清癯了许多。,bìng hòu de tā qīng qú le xǔ duō.,He had become much thinner after his illness.
2,衢,qú,古时，衢常指四通八达的道路。,"gǔ shí, qú cháng zhǐ sì tōng bā dá de dào lù.","In ancient times, this character often referred to a thoroughfare."
2,蠼螋,qú sōu,他在湿木板下发现了蠼螋。,tā zài shī mù bǎn xià fā xiàn le qú sōu.,He found an earwig under a damp wooden board.
2,龋齿,qǔ chǐ,牙医发现她有一颗龋齿。,yá yī fā xiàn tā yǒu yī kē qǔ chǐ.,The dentist found that she had a decayed tooth.
2,阒,qù,深夜的村庄阒无一人。,shēn yè de cūn zhuāng qù wú yī rén.,There was no one about in the village late at night.
2,荃,quán,古书中的荃，可以指香草。,"gǔ shū zhōng de quán, kě yǐ zhǐ xiāng cǎo.","In ancient books, this character can refer to fragrant plants."
2,筌,quán,渔人把竹筌放进浅水中。,yú rén bǎ zhú quán fàng jìn qiǎn shuǐ zhōng.,The fisherman placed a bamboo fish trap in shallow water.
2,醛,quán,化学课上，老师介绍了醛类。,"huà xué kè shàng, lǎo shī jiè shào le quán lèi.","In chemistry class, the teacher introduced aldehydes."
2,炔,quē,乙炔属于炔类化合物。,yǐ quē shǔ yú quē lèi huà hé wù.,Acetylene belongs to the alkyne group of compounds.
2,阕,què,他为大家唱了一阕新词。,tā wèi dà jiā chàng le yī què xīn cí.,He sang a newly written ci poem for everyone.
2,逡巡,qūn xún,他在门外逡巡，不敢贸然进去。,"tā zài mén wài qūn xún, bù gǎn mào rán jìn qù.","He hesitated outside the door, afraid to enter too abruptly."
2,禳灾,ráng zāi,古人举行仪式，祈求禳灾。,"gǔ rén jǔ xíng yí shì, qí qiú ráng zāi.",People in ancient times held ceremonies to ward off disasters.
2,娆,ráo,她的舞姿十分妖娆。,tā de wǔ zī shí fēn yāo ráo.,Her dancing was graceful and enchanting.
2,濡湿,rú shī,细雨濡湿了他的衣袖。,xì yǔ rú shī le tā de yī xiù.,The drizzle dampened his sleeves.
2,偌大,ruò dà,偌大的教室里，只坐着三个人。,"ruò dà de jiào shì lǐ, zhǐ zuò zhe sān gè rén.",Only three people were sitting in the large classroom.
2,仨人,sā rén,我们仨人轮流照顾这盆花。,wǒ men sā rén lún liú zhào gu zhè pén huā.,The three of us take turns looking after this plant.
1,飒飒,sà sà,秋风飒飒，吹动窗外的树叶。,"qiū fēng sà sà, chuī dòng chuāng wài de shù yè.",The autumn wind rustled the leaves outside the window.
2,噻唑,sāi zuò,这张图展示了噻唑的结构。,zhè zhāng tú zhǎn shì le sāi zuò de jié gòu.,This diagram shows the structure of thiazole.
2,糁,sǎn,妈妈往汤里撒了些米糁。,mā ma wǎng tāng lǐ sā le xiē mǐ sǎn.,Mother sprinkled some rice grits into the soup.
2,缫丝,sāo sī,工人把蚕茧放进热水中缫丝。,gōng rén bǎ cán jiǎn fàng jìn rè shuǐ zhōng sāo sī.,The workers put the cocoons in hot water to reel the silk.
2,瘙痒,sào yǎng,蚊子叮过后，皮肤有些瘙痒。,"wén zi dīng guò hòu, pí fū yǒu xiē sào yǎng.",My skin felt itchy after a mosquito bite.
2,铯,sè,老师在元素表上圈出了铯。,lǎo shī zài yuán sù biǎo shàng quān chū le sè.,The teacher circled cesium in the periodic table.
2,穑,sè,古文用穑表示收割庄稼。,gǔ wén yòng sè biǎo shì shōu gē zhuāng jia.,Classical writing uses this character for harvesting crops.
2,痧,shā,古时，痧常用于一些急病的名称。,"gǔ shí, shā cháng yòng yú yī xiē jí bìng de míng chēng.","In the past, this character often appeared in the names of certain acute illnesses."
1,啥,shá,你刚才说的是啥意思？,nǐ gāng cái shuō de shì shá yì si?,What did you mean by what you just said?
2,芟除,shān chú,园丁芟除杂草，整理花圃。,"yuán dīng shān chú zá cǎo, zhěng lǐ huā pǔ.",The gardener removed the weeds and tidied the flower bed.
2,舢板,shān bǎn,渔人划着舢板，靠近岸边。,"yú rén huà zhe shān bǎn, kào jìn àn biān.",The fisherman rowed his sampan toward the shore.
2,潸然,shān rán,听到亲人的消息，她潸然泪下。,"tīng dào qīn rén de xiāo xi, tā shān rán lèi xià.",She shed tears at the news of her family.
2,潸然泪下,shān rán lèi xià,听到亲人的消息，她潸然泪下。,"tīng dào qīn rén de xiāo xi, tā shān rán lèi xià.",She shed tears at the news of her family.
2,鄯善,shàn shàn,历史书介绍了古代的鄯善国。,lì shǐ shū jiè shào le gǔ dài de shàn shàn guó.,The history book describes the ancient kingdom of Shanshan.
2,嬗变,shàn biàn,这本书讲述城市百年的嬗变。,zhè běn shū jiǎng shù chéng shì bǎi nián de shàn biàn.,This book describes the city's transformation over a century.
2,鳝鱼,shàn yú,水田边的沟里藏着一条鳝鱼。,shuǐ tián biān de gōu lǐ cáng zhe yī tiáo shàn yú.,An eel was hiding in the ditch beside the rice field.
2,殇,shāng,古文用殇指未成年便去世。,gǔ wén yòng shāng zhǐ wèi chéng nián biàn qù shì.,Classical writing uses this character for dying before adulthood.
2,筲箕,shāo jī,奶奶用筲箕把米里的水沥干。,nǎi nai yòng shāo jī bǎ mǐ lǐ de shuǐ lì gān.,Grandma drained the water from the rice in a bamboo basket.
2,艄公,shāo gōng,艄公握住船桨，把船靠岸。,"shāo gōng wò zhù chuán jiǎng, bǎ chuán kào àn.",The boatman gripped his oar and brought the boat to shore.
2,猞猁,shē lì,猞猁躲在林中，静静观察猎物。,"shē lì duǒ zài lín zhōng, jìng jìng guān chá liè wù.",The lynx hid in the forest and quietly watched its prey.
2,畲族,shē zú,她介绍了畲族的传统服饰。,tā jiè shào le shē zú de chuán tǒng fú shì.,She introduced traditional She clothing.
2,诜,shēn,古文用诜诜形容众多的样子。,gǔ wén yòng shēn shēn xíng róng zhòng duō de yàng zi.,Classical writing uses this expression to describe a large number of things.
2,砷,shēn,老师提醒大家，砷具有毒性。,"lǎo shī tí xǐng dà jiā, shēn jù yǒu dú xìng.",The teacher reminded everyone that arsenic is toxic.
2,嵊州,shèng zhōu,我们到嵊州品尝当地小吃。,wǒ men dào shèng zhōu pǐn cháng dāng dì xiǎo chī.,We went to Shengzhou to try the local snacks.
2,谥号,shì hào,史书记录了这位皇帝的谥号。,shǐ shū jì lù le zhè wèi huáng dì de shì hào.,The history book records this emperor's posthumous title.
2,奭,shì,召公名奭，是周代的历史人物。,"zhào gōng míng shì, shì zhōu dài de lì shǐ rén wù.","The Duke of Shao's given name was Shi, and he was a historical figure of the Zhou dynasty."
2,螫,shì,蜜蜂可能会螫人，请别惊动它。,"mì fēng kě néng huì shì rén, qǐng bié jīng dòng tā.","Bees may sting people, so please do not disturb them."
2,绶带,shòu dài,她整理好胸前的绶带。,tā zhěng lǐ hǎo xiōng qián de shòu dài.,She straightened the ceremonial sash across her chest.
2,绶,shòu,她整理好胸前的绶带。,tā zhěng lǐ hǎo xiōng qián de shòu dài.,She straightened the ceremonial sash across her chest.
2,疋,pǐ,古时，商人可以用疋来计量布。,"gǔ shí, shāng rén kě yǐ yòng pǐ lái jì liàng bù.","In the past, merchants could use this measure to count bolts of cloth."
2,菽,shū,古文中的菽，常用来表示豆类。,"gǔ wén zhōng de shū, cháng yòng lái biǎo shì dòu lèi.","In classical writing, this character often refers to beans."
2,澍,shù,久旱之后，一场澍雨滋润了农田。,"jiǔ hàn zhī hòu, yī cháng shù yǔ zī rùn le nóng tián.","After a long drought, a timely rain watered the fields."
1,吮吸,shǔn xī,婴儿正在吮吸母亲的乳汁。,yīng ér zhèng zài shǔn xī mǔ qīn de rǔ zhī.,The baby was sucking milk from its mother's breast.
1,吮乳,shǔn rǔ,画中描绘了婴儿吮乳的情景。,huà zhōng miáo huì le yīng ér shǔn rǔ de qíng jǐng.,The painting depicts a baby nursing.
2,媒妁,méi shuò,古时，媒妁为男女介绍婚事。,"gǔ shí, méi shuò wèi nán nǚ jiè shào hūn shì.","In the past, matchmakers arranged marriages for men and women."
2,妁,shuò,古时，媒妁为男女介绍婚事。,"gǔ shí, méi shuò wèi nán nǚ jiè shào hūn shì.","In the past, matchmakers arranged marriages for men and women."
2,铄,shuò,古书用铄表示金属熔化。,gǔ shū yòng shuò biǎo shì jīn shǔ róng huà.,Ancient books use this character for the melting of metal.
2,蛳,sī,小河里有许多螺蛳。,xiǎo hé lǐ yǒu xǔ duō luó sī.,There are many freshwater snails in the stream.
2,锶,sī,元素表上，锶排在钙的下面。,"yuán sù biǎo shàng, sī pái zài gài de xià miàn.",Strontium appears below calcium in the periodic table.
2,汜水,sì shuǐ,地图上标出了汜水的位置。,dì tú shàng biāo chū le sì shuǐ de wèi zhì.,The map marked the location of the Si River.
2,泗水,sì shuǐ,泗水两岸的树木已经发芽。,sì shuǐ liǎng àn de shù mù yǐ jīng fā yá.,The trees along the Si River had already begun to bud.
2,淞,sōng,他们沿着吴淞江散步。,tā men yán zhe wú sōng jiāng sàn bù.,They walked along the Wusong River.
2,溲,sōu,古文中的溲，可以表示排尿。,"gǔ wén zhōng de sōu, kě yǐ biǎo shì pái niào.","In classical writing, this character can mean to urinate."
2,簌簌,sù sù,风吹过树林，叶子簌簌作响。,"fēng chuī guò shù lín, yè zi sù sù zuò xiǎng.",The wind rustled the leaves in the woods.
2,睢,suī,古文中的睢，可以表示抬眼看。,"gǔ wén zhōng de suī, kě yǐ biǎo shì tái yǎn kàn.","In classical writing, this character can mean to look up."
2,荪,sūn,古诗中的荪，可以指一种香草。,"gǔ shī zhōng de sūn, kě yǐ zhǐ yī zhǒng xiāng cǎo.","In ancient poetry, this character can refer to a kind of fragrant plant."
2,摩挲,mó suō,爷爷摩挲着照片，想起了往事。,"yé ye mó suō zhe zhào piàn, xiǎng qǐ le wǎng shì.",Grandpa stroked the photograph as he recalled the past.
2,羧基,suō jī,老师画出了羧基的结构。,lǎo shī huà chū le suō jī de jié gòu.,The teacher drew the structure of the carboxyl group.
2,唢呐,suǒ nà,婚礼上，乐手吹起了唢呐。,"hūn lǐ shàng, yuè shǒu chuī qǐ le suǒ nà.","At the wedding, the musician began playing a suona."
2,趿拉,tā la,他趿拉着拖鞋，走进厨房。,"tā tā la zhe tuō xié, zǒu jìn chú fáng.",He shuffled into the kitchen in his slippers.
2,挞,tà,古书用挞表示用鞭子打人。,gǔ shū yòng tà biǎo shì yòng biān zi dǎ rén.,Ancient books use this character for whipping someone.
2,肽,tài,课本介绍了肽的基本结构。,kè běn jiè shào le tài de jī běn jié gòu.,The textbook introduces the basic structure of peptides.
2,钛,tài,这副眼镜的镜架由钛制成。,zhè fù yǎn jìng de jìng jià yóu tài zhì chéng.,The frame of these glasses is made of titanium.
1,昙花,tán huā,夜里，这盆昙花终于开了。,"yè li, zhè pén tán huā zhōng yú kāi le.",This night-blooming cactus finally bloomed during the night.
2,郯城,tán chéng,他们开车去郯城探亲。,tā men kāi chē qù tán chéng tàn qīn.,They drove to Tancheng to visit relatives.
2,羰基,tāng jī,老师在分子图上标出了羰基。,lǎo shī zài fèn zǐ tú shàng biāo chū le tāng jī.,The teacher marked the carbonyl group on the molecular diagram.
2,蹚水,tāng shuǐ,孩子脱掉鞋子，准备蹚水过河。,"hái zi tuō diào xié zi, zhǔn bèi tāng shuǐ guò hé.",The child took off his shoes to wade across the river.
1,搪塞,táng sè,他总是搪塞问题，让人不满。,"tā zǒng shì táng sè wèn tí, ràng rén bù mǎn.","He always dodged questions, which upset people."
2,溏心,táng xīn,她早餐吃了一个溏心蛋。,tā zǎo cān chī le yī ge táng xīn dàn.,She had a soft-boiled egg for breakfast.
2,帑,tǎng,古时，国帑用于国家的开支。,"gǔ shí, guó tǎng yòng yú guó jiā de kāi zhī.","In the past, public funds were used for state expenses."
2,国帑,guó tǎng,古时，国帑用于国家的开支。,"gǔ shí, guó tǎng yòng yú guó jiā de kāi zhī.","In the past, public funds were used for state expenses."
2,傥,tǎng,他性情倜傥，常与朋友谈笑。,"tā xìng qíng tì tǎng, cháng yǔ péng you tán xiào.",He was free-spirited and often joked with his friends.
2,焘,dào,古文中的焘有覆盖的意思。,gǔ wén zhōng de dào yǒu fù gài de yì si.,"In classical writing, dao can mean to cover."
2,焘,tāo,焘字也常用于人名。,tāo zì yě cháng yòng yú rén míng.,The character Tao is also often used in given names.
2,韬,tāo,他韬光养晦，耐心等待时机。,"tā tāo guāng yǎng huì, nài xīn děng dài shí jī.",He kept his abilities hidden and waited patiently for an opportunity.
2,饕餮,tāo tiè,这件青铜器上刻着饕餮纹。,zhè jiàn qīng tóng qì shàng kè zhe tāo tiè wén.,A taotie mask motif is carved on this bronze vessel.
2,洮河,táo hé,洮河从山间流过，水声很响。,"táo hé cóng shān jiān liú guò, shuǐ shēng hěn xiǎng.",The Tao River flows through the mountains with a loud rushing sound.
2,锑,tī,老师在元素表上找到了锑。,lǎo shī zài yuán sù biǎo shàng zhǎo dào le tī.,The teacher located antimony in the periodic table.
2,逖,tì,古文中的逖，可以表示遥远。,"gǔ wén zhōng de tì, kě yǐ biǎo shì yáo yuǎn.","In classical writing, this character can mean distant."
2,孝悌,xiào tì,老师解释了古人所说的孝悌。,lǎo shī jiě shì le gǔ rén suǒ shuō de xiào tì.,The teacher explained the ancient concept of filial and fraternal duty.
2,悌,tì,老师解释了古人所说的孝悌。,lǎo shī jiě shì le gǔ rén suǒ shuō de xiào tì.,The teacher explained the ancient concept of filial and fraternal duty.
2,佻,tiāo,他的举止轻佻，令人反感。,"tā de jǔ zhǐ qīng tiāo, lìng rén fǎn gǎn.",His frivolous behavior put people off.
2,轻佻,qīng tiāo,他的举止轻佻，令人反感。,"tā de jǔ zhǐ qīng tiāo, lìng rén fǎn gǎn.",His frivolous behavior put people off.
2,苕,sháo,爷爷把红苕放进锅里蒸。,yé ye bǎ hóng sháo fàng jìn guō lǐ zhēng.,Grandpa put sweet potatoes in the pot to steam.
1,笤帚,tiáo zhou,她拿起笤帚，把地上的灰扫净。,"tā ná qǐ tiáo zhou, bǎ dì shang de huī sǎo jìng.",She picked up a broom and swept the dust off the floor.
2,烃,tīng,甲烷是一种简单的烃。,jiǎ wán shì yī zhǒng jiǎn dān de tīng.,Methane is a simple hydrocarbon.
2,酮,tóng,丙酮属于酮类化合物。,bǐng tóng shǔ yú tóng lèi huà hé wù.,Acetone belongs to the ketone group of compounds.
2,潼关,tóng guān,列车经过潼关，继续向东行驶。,"liè chē jīng guò tóng guān, jì xù xiàng dōng xíng shǐ.",The train passed through Tongguan and continued east.
2,恸,tòng,听到噩耗，她悲恸地哭了起来。,"tīng dào è hào, tā bēi tòng de kū le qǐ lai.",She wept in grief at the terrible news.
2,坨,tuó,面条放久了，已经坨在一起。,"miàn tiáo fàng jiǔ le, yǐ jīng tuó zài yī qǐ.",The noodles had clumped together after sitting for too long.
2,柁,tuó,工人检查屋架上的柁是否牢固。,gōng rén jiǎn chá wū jià shàng de tuó shì fǒu láo gù.,The workers checked whether the roof girder was secure.
2,秤砣,chèng tuó,店主移动秤砣，称好一袋米。,"diàn zhǔ yí dòng chèng tuó, chēng hǎo yī dài mǐ.",The shopkeeper moved the weight to weigh a bag of rice.
2,柝,tuò,古时，打更人敲柝报告时辰。,"gǔ shí, dǎ gēng rén qiāo tuò bào gào shí chen.","In the past, night watchmen struck wooden rattles to announce the time."
2,箨,tuò,竹笋长大后，外面的箨逐渐脱落。,"zhú sǔn zhǎng dà hòu, wài miàn de tuò zhú jiàn tuō luò.","As the bamboo shoot grows, its outer sheath gradually falls away."
2,佤族,wǎ zú,佧佤是佤族的一种旧称。,kǎ wǎ shì wǎ zú de yī zhǒng jiù chēng.,Kawa is an old name for the Wa people.
2,崴脚,wǎi jiǎo,他下楼时不小心崴脚了。,tā xià lóu shí bù xiǎo xīn wǎi jiǎo le.,He sprained his ankle while going downstairs.
2,绾,wǎn,她把长发绾成一个发髻。,tā bǎ cháng fà wǎn chéng yī ge fà jì.,She coiled her long hair into a bun.
2,罔,wǎng,这个故事批评了罔顾他人感受的人。,zhè ge gù shi pī píng le wǎng gù tā rén gǎn shòu de rén.,This story criticizes someone who disregards other people's feelings.
2,葳蕤,wēi ruí,雨水充足，院中草木葳蕤。,"yǔ shuǐ chōng zú, yuàn zhōng cǎo mù wēi ruí.","With plenty of rain, the plants in the courtyard grew lush."
2,帏,wéi,她拉开床帏，让阳光照进来。,"tā lā kāi chuáng wéi, ràng yáng guāng zhào jìn lái.",She drew back the bed curtains to let the sunlight in.
2,潍,wéi,他们站在桥上，望着潍河。,"tā men zhàn zài qiáo shàng, wàng zhe wéi hé.",They stood on the bridge looking at the Wei River.
2,诿,wěi,这件事需要负责，不能推诿。,"zhè jiàn shì xū yào fù zé, bù néng tuī wěi.",Someone must take responsibility for this matter rather than pass the blame.
2,猥琐,wěi suǒ,他举止猥琐，大家都躲着他。,"tā jǔ zhǐ wěi suǒ, dà jiā dōu duǒ zhe tā.","His behavior was sleazy, and everyone avoided him."
2,韪,wěi,他做了错事，冒天下之大不韪。,"tā zuò le cuò shì, mào tiān xià zhī dà bù wěi.",He did something wrong that went against everyone's sense of what was right.
2,痿,wěi,医书用痿描述肌肉无力等症状。,yī shū yòng wěi miáo shù jī ròu wú lì děng zhèng zhuàng.,Medical books use this character to describe symptoms such as muscle weakness.
2,汶川,wèn chuān,游客在汶川参观纪念馆。,yóu kè zài wèn chuān cān guān jì niàn guǎn.,Visitors toured the memorial museum in Wenchuan.
2,挝,wō,老挝的挝字读音比较特别。,lǎo wō de wō zì dú yīn bǐ jiào tè bié.,The second character in the Chinese name for Laos has an unusual pronunciation.
2,挝,zhuā,古文中的挝可以表示敲打。,gǔ wén zhōng de zhuā kě yǐ biǎo shì qiāo dǎ.,"In classical writing, zhua can mean to strike."
2,幄,wò,古时，将领在营幄中议事。,"gǔ shí, jiàng lǐng zài yíng wò zhōng yì shì.","In the past, commanders discussed affairs in their military tent."
2,庑,wǔ,古寺两侧的庑里挂着壁画。,gǔ sì liǎng cè de wǔ lǐ guà zhe bì huà.,Murals hung in the side galleries of the old temple.
2,忤逆,wǔ nì,古人用忤逆形容违抗父母。,gǔ rén yòng wǔ nì xíng róng wéi kàng fù mǔ.,People in ancient times used this word for disobeying one's parents.
2,妩媚,wǔ mèi,她在舞台上露出妩媚的笑容。,tā zài wǔ tái shàng lù chū wǔ mèi de xiào róng.,She gave a charming smile on stage.
1,捂住,wǔ zhù,他捂住耳朵，躲开刺耳的声音。,"tā wǔ zhù ěr duo, duǒ kāi cì ěr de shēng yīn.",He covered his ears to avoid the piercing sound.
2,牾,wǔ,他的两段解释彼此抵牾。,tā de liǎng duàn jiě shì bǐ cǐ dǐ wǔ.,His two explanations contradicted each other.
2,骛,wù,学习要踏实，不能好高骛远。,"xué xí yào tā shi, bù néng hǎo gāo wù yuǎn.",We should study steadily instead of aiming too high without a solid foundation.
2,鹜,wù,一群野鹜从湖面上飞起。,yī qún yě wù cóng hú miàn shàng fēi qǐ.,A flock of wild ducks took off from the lake.
2,郗,chī,郗先生在门口迎接来客。,chī xiān sheng zài mén kǒu yíng jiē lái kè.,Mr. Chi welcomed the visitors at the door.
2,唏嘘,xī xū,想起那段往事，他不禁唏嘘。,"xiǎng qǐ nà duàn wǎng shì, tā bù jīn xī xū.",He could not help sighing as he thought of the past.
2,硒,xī,老师在课上介绍了硒元素。,lǎo shī zài kè shàng jiè shào le xī yuán sù.,The teacher introduced the element selenium in class.
2,翕,xī,小鱼的嘴一翕一合，十分有趣。,"xiǎo yú de zuǐ yī xī yī hé, shí fēn yǒu qù.",It was fascinating to watch the little fish's mouth open and close.
2,皙,xī,她皮肤白皙，眼睛很明亮。,"tā pí fū bái xī, yǎn jing hěn míng liàng.",She had fair skin and bright eyes.
2,豨莶,xī xiān,植物图册上收录了豨莶。,zhí wù tú cè shàng shōu lù le xī xiān.,The plant atlas includes Sigesbeckia orientalis.
2,豨,xī,植物图册上收录了豨莶。,zhí wù tú cè shàng shōu lù le xī xiān.,The plant atlas includes Sigesbeckia orientalis.
2,僖,xī,史书记录了鲁僖公的事迹。,shǐ shū jì lù le lǔ xī gōng de shì jì.,The history book records the deeds of Duke Xi of Lu.
2,木樨,mù xī,院里的木樨开花，香气满园。,"yuàn lǐ de mù xī kāi huā, xiāng qì mǎn yuán.","The sweet osmanthus in the courtyard bloomed, filling the garden with fragrance."
2,觋,xí,古代故事中的觋主持祭祀。,gǔ dài gù shi zhōng de xí zhǔ chí jì sì.,The male shaman in the ancient story presided over the ritual.
2,氙气,xiān qì,这种车灯使用氙气发光。,zhè zhǒng chē dēng shǐ yòng xiān qì fā guāng.,This type of car headlight uses xenon gas to produce light.
2,酰基,xiān jī,她在分子结构图上圈出酰基。,tā zài fēn zǐ jié gòu tú shàng quān chū xiān jī.,She circled the acyl group on the molecular diagram.
1,船舷,chuán xián,他扶着船舷，观看远处的海岸。,"tā fú zhe chuán xián, guān kàn yuǎn chù de hǎi àn.",He held the side of the boat and looked at the distant coast.
2,痫,xián,这本医书有一章介绍癫痫。,zhè běn yī shū yǒu yī zhāng jiè shào diān xián.,This medical book has a chapter on epilepsy.
2,蚬,xiǎn,渔民从河底捞出一些蚬。,yú mín cóng hé dǐ lāo chū yī xiē xiǎn.,The fisherman collected some freshwater clams from the riverbed.
2,骧,xiāng,古诗用骧描述骏马腾跃。,gǔ shī yòng xiāng miáo shù jùn mǎ téng yuè.,Ancient poetry uses this character to describe a horse bounding forward.
2,枭,xiāo,历史书把他称为一代枭雄。,lì shǐ shū bǎ tā chēng wéi yī dài xiāo xióng.,The history book calls him a formidable and ruthless figure of his age.
2,枭雄,xiāo xióng,历史书把他称为一代枭雄。,lì shǐ shū bǎ tā chēng wéi yī dài xiāo xióng.,The history book calls him a formidable and ruthless figure of his age.
2,哓,xiāo,两人哓哓不休，争论了半天。,"liǎng rén xiāo xiāo bù xiū, zhēng lùn le bàn tiān.",The two argued endlessly for quite a while.
2,撷,xié,她采撷鲜花，插在小瓶里。,"tā cǎi xié xiān huā, chā zài xiǎo píng lǐ.",She picked fresh flowers and put them in a small vase.
2,勰,xié,古文用勰表示和谐。,gǔ wén yòng xié biǎo shì hé xié.,Classical writing uses this character to mean harmonious.
2,缬,xié,展馆展示了古代的绞缬织物。,zhǎn guǎn zhǎn shì le gǔ dài de jiǎo xié zhī wù.,The exhibition displayed ancient tie-dyed fabrics.
2,廨,xiè,古书中的公廨，指官府办公处。,"gǔ shū zhōng de gōng xiè, zhǐ guān fǔ bàn gōng chù.","In ancient books, this term refers to a government office."
2,燮,xiè,古文用燮表示调和。,gǔ wén yòng xiè biǎo shì tiáo hé.,Classical writing uses this character to mean to harmonize.
2,躞蹀,xiè dié,她躞蹀着走来，脚步轻而细。,"tā xiè dié zhe zǒu lái, jiǎo bù qīng ér xì.","She approached with small, delicate steps."
1,灯芯,dēng xīn,他剪短灯芯，再点亮油灯。,"tā jiǎn duǎn dēng xīn, zài diǎn liàng yóu dēng.",He trimmed the wick before lighting the oil lamp.
2,忻,xīn,古文中的忻，可以表示喜悦。,"gǔ wén zhōng de xīn, kě yǐ biǎo shì xǐ yuè.","In classical writing, this character can express joy."
2,昕,xīn,古书中的昕，指太阳将出的时刻。,"gǔ shū zhōng de xīn, zhǐ tài yang jiāng chū de shí kè.","In ancient books, this character refers to the time just before sunrise."
1,锌,xīn,工人给铁板镀锌，防止生锈。,"gōng rén gěi tiě bǎn dù xīn, fáng zhǐ shēng xiù.",The workers coated the iron sheet with zinc to prevent rust.
2,歆羡,xīn xiàn,他的自由生活令朋友歆羡。,tā de zì yóu shēng huó lìng péng you xīn xiàn.,His friends envied his carefree life.
2,囟门,xìn mén,医生向家长解释婴儿的囟门。,yī shēng xiàng jiā zhǎng jiě shì yīng ér de xìn mén.,The doctor explained the baby's fontanel to the parents.
2,荇菜,xìng cài,池塘中的荇菜开出了黄花。,chí táng zhōng de xìng cài kāi chū le huáng huā.,The yellow floating heart in the pond produced yellow flowers.
2,悻悻,xìng xìng,遭到拒绝，他悻悻地离开了。,"zāo dào jù jué, tā xìng xìng de lí kāi le.","After being turned down, he left resentfully."
2,悻然,xìng rán,他悻然转身，一句话也没说。,"tā xìng rán zhuǎn shēn, yī jù huà yě méi shuō.",He turned away in a huff without saying a word.
2,岫,xiù,云雾从山岫中缓缓升起。,yún wù cóng shān xiù zhōng huǎn huǎn shēng qǐ.,Mist rose slowly from the mountain caves.
2,溴,xiù,老师在元素表上找到了溴。,lǎo shī zài yuán sù biǎo shàng zhǎo dào le xiù.,The teacher found bromine in the periodic table.
2,盱眙,xū yí,游客到盱眙品尝当地美食。,yóu kè dào xū yí pǐn cháng dāng dì měi shí.,Visitors came to Xuyi to try the local food.
2,顼,xū,神话书介绍了古代帝王颛顼。,shén huà shū jiè shào le gǔ dài dì wáng zhuān xū.,The book of myths introduces the legendary ruler Zhuanxu.
2,洫,xù,古时，田间的沟洫用于排水。,"gǔ shí, tián jiān de gōu xù yòng yú pái shuǐ.","In the past, the ditches between fields were used for drainage."
2,噱头,xué tou,广告用了一个噱头来吸引顾客。,guǎng gào yòng le yī ge xué tou lái xī yǐn gù kè.,The advertisement used a gimmick to attract customers.
2,荨麻,qián má,路边的荨麻长着细小的刺毛。,lù biān de qián má zhǎng zhe xì xiǎo de cì máo.,The nettles beside the road had fine stinging hairs.
2,洵,xún,古文中的洵，可以表示确实。,"gǔ wén zhōng de xún, kě yǐ biǎo shì què shí.","In classical writing, this character can mean truly."
2,鲟鱼,xún yú,水族馆里的鲟鱼缓缓游过。,shuǐ zú guǎn lǐ de xún yú huǎn huǎn yóu guò.,The sturgeon swam slowly past in the aquarium.
1,汛期,xùn qī,汛期将至，村民开始准备防汛。,"xùn qī jiāng zhì, cūn mín kāi shǐ zhǔn bèi fáng xùn.","With the flood season approaching, the villagers began flood preparations."
1,潮汛,cháo xùn,渔民根据潮汛安排出海时间。,yú mín gēn jù cháo xùn ān pái chū hǎi shí jiān.,The fishermen planned their trips according to the tides.
1,防汛,fáng xùn,汛期将至，村民开始准备防汛。,"xùn qī jiāng zhì, cūn mín kāi shǐ zhǔn bèi fáng xùn.","With the flood season approaching, the villagers began flood preparations."
2,徇私,xùn sī,办事要公正，不能徇私。,"bàn shì yào gōng zhèng, bù néng xùn sī.",We should act fairly and never show favoritism.
2,巽,xùn,在八卦中，巽通常代表风。,"zài bā guà zhōng, xùn tōng cháng dài biǎo fēng.","Among the Eight Trigrams, Xun usually represents wind."
2,琅琊,láng yá,这篇文章介绍了琅琊的历史。,zhè piān wén zhāng jiè shào le láng yá de lì shǐ.,This article introduces the history of Langya.
2,娅,yà,古书用娅指姊妹丈夫间的关系。,gǔ shū yòng yà zhǐ zǐ mèi zhàng fu jiān de guān xi.,Ancient books use this character for the relationship between the husbands of sisters.
2,氩,yà,焊工用氩气保护焊接部位。,hàn gōng yòng yà qì bǎo hù hàn jiē bù wèi.,The welder used argon gas to shield the weld.
2,偃旗息鼓,yǎn qí xī gǔ,双方决定偃旗息鼓，停止争论。,"shuāng fāng jué dìng yǎn qí xī gǔ, tíng zhǐ zhēng lùn.",Both sides decided to back down and stop arguing.
2,琰,yǎn,古书用琰指一种美玉。,gǔ shū yòng yǎn zhǐ yī zhǒng měi yù.,Ancient books use this character for a kind of fine jade.
1,唁电,yàn diàn,他向逝者家属发去唁电。,tā xiàng shì zhě jiā shǔ fā qù yàn diàn.,He sent a condolence telegram to the bereaved family.
2,滟,yàn,夕阳下，湖水波光潋滟。,"xī yáng xià, hú shuǐ bō guāng liàn yàn.",The lake shimmered in the light of the setting sun.
2,赝品,yàn pǐn,鉴定以后，这幅画被认定为赝品。,"jiàn dìng yǐ hòu, zhè fú huà bèi rèn dìng wéi yàn pǐn.","After examination, this painting was judged to be a forgery."
2,炀,yáng,古文中的炀，可以表示熔化金属。,"gǔ wén zhōng de yáng, kě yǐ biǎo shì róng huà jīn shǔ.","In classical writing, this character can mean to melt metal."
2,佯装,yáng zhuāng,他佯装镇定，手却微微发抖。,"tā yáng zhuāng zhèn dìng, shǒu què wēi wēi fā dǒu.","He pretended to be calm, but his hands trembled slightly."
2,怏怏,yàng yàng,考试失利后，他怏怏不乐。,"kǎo shì shī lì hòu, tā yàng yàng bù lè.",He felt dejected after doing poorly on the exam.
2,怏怏不乐,yàng yàng bù lè,考试失利后，他怏怏不乐。,"kǎo shì shī lì hòu, tā yàng yàng bù lè.",He felt dejected after doing poorly on the exam.
2,徭役,yáo yì,古代百姓要为官府服徭役。,gǔ dài bǎi xìng yào wèi guān fǔ fú yáo yì.,Common people in ancient times had to perform forced labor for the government.
2,繇,yóu,古文中的繇，可以通徭役的徭。,"gǔ wén zhōng de yóu, kě yǐ tōng yáo yì de yáo.","In classical writing, this character can stand for the character meaning compulsory labor."
1,掖县,yē xiàn,这幅旧地图上标有掖县。,zhè fú jiù dì tú shàng biāo yǒu yē xiàn.,Ye County is marked on this old map.
2,揶揄,yé yú,他被朋友揶揄，脸一下红了。,"tā bèi péng you yé yú, liǎn yī xià hóng le.",He blushed when his friends teased him.
2,邺城,yè chéng,考古队在邺城遗址进行发掘。,kǎo gǔ duì zài yè chéng yí zhǐ jìn xíng fā jué.,The archaeological team excavated the ruins of Ye.
2,晔然,yè rán,古文用晔然形容光彩鲜明。,gǔ wén yòng yè rán xíng róng guāng cǎi xiān míng.,Classical writing uses this word to describe a bright radiance.
2,晔,yè,晔可以形容光明的样子。,yè kě yǐ xíng róng guāng míng de yàng zi.,Ye can describe a bright appearance.
2,咿呀,yī yā,婴儿躺在床上，咿呀学语。,"yīng ér tǎng zài chuáng shàng, yī yā xué yǔ.","The baby lay on the bed, babbling as it learned to speak."
2,铱金,yī jīn,这支钢笔装着铱金笔尖。,zhè zhī gāng bǐ zhuāng zhe yī jīn bǐ jiān.,This fountain pen has an iridium-tipped nib.
2,涟猗,lián yī,古诗中的涟猗，指水面的波纹。,"gǔ shī zhōng de lián yī, zhǐ shuǐ miàn de bō wén.","In ancient poetry, this word refers to ripples on water."
2,猗,yī,猗是古诗中的语气词。,yī shì gǔ shī zhōng de yǔ qì cí.,Yi is an expressive particle in classical poetry.
2,噫嘻,yī xī,古文里的噫嘻，常表示感叹。,"gǔ wén lǐ de yī xī, cháng biǎo shì gǎn tàn.","In classical writing, this expression often conveys an exclamation."
2,诒训,yí xùn,古人的诒训劝后代勤学守信。,gǔ rén de yí xùn quàn hòu dài qín xué shǒu xìn.,The ancestors' instructions urged later generations to study diligently and keep their word.
2,疮痍,chuāng yí,战争过后，城市满目疮痍。,"zhàn zhēng guò hòu, chéng shì mǎn mù chuāng yí.","After the war, the city lay devastated."
2,薏苡,yì yǐ,田里的薏苡结出了饱满的种子。,tián lǐ de yì yǐ jiē chū le bǎo mǎn de zhǒng zi.,The Job's tears plants in the field produced plump seeds.
2,不怿,bù yì,听到这个决定，他心中不怿。,"tīng dào zhè ge jué dìng, tā xīn zhōng bù yì.",He felt displeased on hearing the decision.
2,轶事,yì shì,这本传记收录了许多童年轶事。,zhè běn zhuàn jì shōu lù le xǔ duō tóng nián yì shì.,This biography includes many anecdotes from childhood.
2,散轶,sàn yì,年深日久，一些古籍已经散轶。,"nián shēn rì jiǔ, yī xiē gǔ jí yǐ jīng sàn yì.","Over the years, some ancient books were lost and scattered."
2,悒悒,yì yì,他独坐窗边，终日悒悒。,"tā dú zuò chuāng biān, zhōng rì yì yì.","He sat alone by the window, gloomy all day."
2,癔症,yì zhèng,旧医学书中记载了癔症。,jiù yī xué shū zhōng jì zǎi le yì zhèng.,Older medical books recorded the condition called hysteria.
2,喑哑,yīn yǎ,他喊了太久，声音变得喑哑。,"tā hǎn le tài jiǔ, shēng yīn biàn de yīn yǎ.",He had shouted for so long that his voice grew hoarse.
2,狺狺,yín yín,陌生人走近时，狗狺狺地叫着。,"mò shēng rén zǒu jìn shí, gǒu yín yín de jiào zhe.",The dog barked as the stranger approached.
2,鄞州,yín zhōu,她在鄞州参观了一座博物馆。,tā zài yín zhōu cān guān le yī zuò bó wù guǎn.,She visited a museum in Yinzhou.
2,后胤,hòu yìn,史书记录了这个家族的后胤。,shǐ shū jì lù le zhè ge jiā zú de hòu yìn.,The history book records the descendants of this family.
2,嘤鸣,yīng míng,树林里的鸟儿嘤鸣相和。,shù lín lǐ de niǎo r yīng míng xiāng hé.,The birds in the woods called to one another.
2,璎珞,yīng luò,她戴着璎珞，站在镜子前。,"tā dài zhe yīng luò, zhàn zài jìng zi qián.",She stood before the mirror wearing an ornamental necklace.
2,楹联,yíng lián,老人把楹联挂在厅堂两侧。,lǎo rén bǎ yíng lián guà zài tīng táng liǎng cè.,The old man hung a pair of poetic couplets on either side of the hall.
2,嬴政,yíng zhèng,老师讲述了嬴政统一六国的历史。,lǎo shī jiǎng shù le yíng zhèng tǒng yī liù guó de lì shǐ.,The teacher described how Ying Zheng unified the six states.
2,郢都,yǐng dū,史书把郢都记作楚国的都城。,shǐ shū bǎ yǐng dū jì zuò chǔ guó de dū chéng.,The history book records Ying as the capital of Chu.
2,瘿瘤,yǐng liú,这本医书介绍了瘿瘤的古代分类。,zhè běn yī shū jiè shào le yǐng liú de gǔ dài fēn lèi.,This medical book describes ancient classifications of goiters and tumors.
2,慵懒,yōng lǎn,午后的猫显得十分慵懒。,wǔ hòu de māo xiǎn de shí fēn yōng lǎn.,The cat seemed very lazy in the afternoon.
2,臃肿,yōng zhǒng,她穿得太多，看起来有些臃肿。,"tā chuān de tài duō, kàn qǐ lai yǒu xiē yōng zhǒng.",She was wearing so many layers that she looked bulky.
2,鳙鱼,yōng yú,池塘里养着许多鳙鱼。,chí táng lǐ yǎng zhe xǔ duō yōng yú.,Many bighead carp were raised in the pond.
2,呦呦,yōu yōu,小鹿在树林里呦呦鸣叫。,xiǎo lù zài shù lín lǐ yōu yōu míng jiào.,The young deer bleated in the woods.
2,鸿猷,hóng yóu,古文中的鸿猷，指宏大的谋划。,"gǔ wén zhōng de hóng yóu, zhǐ hóng dà de móu huà.","In classical writing, this word refers to a grand plan."
2,户牖,hù yǒu,工人修好户牖，屋里不再漏风。,"gōng rén xiū hǎo hù yǒu, wū lǐ bù zài lòu fēng.","The workers repaired the doors and windows, and the room was no longer drafty."
2,玙璠,yú fán,古书用玙璠指珍贵的美玉。,gǔ shū yòng yú fán zhǐ zhēn guì de měi yù.,Ancient books use this word for precious jade.
2,须臾,xū yú,他坐下不到须臾，就有人来访。,"tā zuò xia bù dào xū yú, jiù yǒu rén lái fǎng.",A visitor arrived just moments after he sat down.
2,揄扬,yú yáng,文章揄扬了她勤奋好学的品格。,wén zhāng yú yáng le tā qín fèn hào xué de pǐn gé.,The article praised her diligence and eagerness to learn.
2,喁喁,yú yú,两人在窗边喁喁细语。,liǎng rén zài chuāng biān yú yú xì yǔ.,The two spoke softly together by the window.
2,膏腴,gāo yú,这里土地膏腴，适合种植庄稼。,"zhè lǐ tǔ dì gāo yú, shì hé zhòng zhí zhuāng jia.",The soil here is fertile and suitable for crops.
2,伛偻,yǔ lǚ,老人伛偻着背，缓缓走来。,"lǎo rén yǔ lǚ zhe bèi, huǎn huǎn zǒu lái.",The old man approached slowly with his back bent.
2,聿皇,yù huáng,古文用聿皇形容迅疾轻快。,gǔ wén yòng yù huáng xíng róng xùn jí qīng kuài.,Classical writing uses this word to mean swift and light.
2,钰,yù,钰有珍宝的意思。,yù yǒu zhēn bǎo de yì si.,Yu can mean a precious treasure.
2,阈值,yù zhí,温度超过阈值，警报就会响起。,"wēn dù chāo guò yù zhí, jǐng bào jiù huì xiǎng qǐ.",The alarm sounds when the temperature exceeds the threshold.
2,爰书,yuán shū,古代官员在爰书中记录供词。,gǔ dài guān yuán zài yuán shū zhōng jì lù gòng cí.,Ancient officials recorded testimony in legal documents called yuanshu.
2,鼋鼍,yuán tuó,古书中的鼋鼍，指大鳖和鳄类。,"gǔ shū zhōng de yuán tuó, zhǐ dà biē hé è lèi.","In ancient books, this term refers to large softshell turtles and crocodilians."
2,婵媛,chán yuán,古文用婵媛形容姿态美好。,gǔ wén yòng chán yuán xíng róng zī tài měi hǎo.,Classical writing uses this word to describe a graceful bearing.
2,名媛,míng yuàn,这本书介绍了几位近代名媛。,zhè běn shū jiè shào le jǐ wèi jìn dài míng yuàn.,This book introduces several distinguished society ladies from modern history.
2,瑗,yuàn,瑗是一种中间有大孔的玉器。,yuàn shì yī zhǒng zhōng jiān yǒu dà kǒng de yù qì.,Yuan is a jade object with a large central hole.
2,斧钺,fǔ yuè,博物馆陈列着古代的斧钺。,bó wù guǎn chén liè zhe gǔ dài de fǔ yuè.,The museum displays ancient battle-axes.
2,纷纭,fēn yún,对这件事，大家众说纷纭。,"duì zhè jiàn shì, dà jiā zhòng shuō fēn yún.",People had many conflicting opinions about the matter.
2,郓城,yùn chéng,他坐车到郓城探望朋友。,tā zuò chē dào yùn chéng tàn wàng péng you.,He took a bus to Yuncheng to visit a friend.
2,姓恽,xìng yùn,他姓恽。,tā xìng yùn.,His surname is Yun.
2,韫玉,yùn yù,古文用韫玉比喻隐藏才智。,gǔ wén yòng yùn yù bǐ yù yǐn cáng cái zhì.,Classical writing uses this word as a metaphor for concealing one's talents.
2,韫藏,yùn cáng,他把古籍韫藏在书柜里。,tā bǎ gǔ jí yùn cáng zài shū guì lǐ.,He stores the ancient books in a bookcase.
2,一匝,yī zā,他绕院子走了一匝，才停下来。,"tā rào yuàn zi zǒu le yī zā, cái tíng xià lái.",He walked once around the courtyard before stopping.
2,咂嘴,zā zuǐ,尝过酸梅，他忍不住咂嘴。,"cháng guò suān méi, tā rěn bù zhù zā zuǐ.","After tasting the sour plum, he smacked his lips."
2,咋办,zǎ bàn,车票丢了，现在咋办？,"chē piào diū le, xiàn zài zǎ bàn?",I've lost my ticket. What should I do now?
2,咋舌,zé shé,这座高楼的高度令人咋舌。,zhè zuò gāo lóu de gāo dù lìng rén zé shé.,The height of this skyscraper is astonishing.
2,圭瓒,guī zàn,古代祭祀时，人们使用圭瓒盛酒。,"gǔ dài jì sì shí, rén men shǐ yòng guī zàn shèng jiǔ.","During ancient rituals, people used jade vessels called guizan to hold wine."
2,探赜,tàn zé,古人探赜索隐，研究事物的奥秘。,"gǔ rén tàn zé suǒ yǐn, yán jiū shì wù de ào mì.",Ancient scholars explored hidden truths and studied the mysteries of things.
2,瓦甑,wǎ zèng,古人把米放进瓦甑中蒸熟。,gǔ rén bǎ mǐ fàng jìn wǎ zèng zhōng zhēng shú.,People in ancient times steamed rice in earthenware steamers.
2,旃檀,zhān tán,古书中的旃檀，就是檀香木。,"gǔ shū zhōng de zhān tán, jiù shì tán xiāng mù.","In ancient books, this word refers to sandalwood."
2,谵妄,zhān wàng,医书列举了谵妄的常见表现。,yī shū liè jǔ le zhān wàng de cháng jiàn biǎo xiàn.,The medical book lists common signs of delirium.
2,谵语,zhān yǔ,他发烧时说了几句谵语。,tā fā shāo shí shuō le jǐ jù zhān yǔ.,He spoke deliriously while he had a fever.
2,沾润,zhān rùn,细雨沾润了窗前的绿叶。,xì yǔ zhān rùn le chuāng qián de lǜ yè.,The drizzle moistened the green leaves outside the window.
2,叠嶂,dié zhàng,远处重峦叠嶂，山路曲折。,"yuǎn chù chóng luán dié zhàng, shān lù qū zhé.","Layers of mountains rose in the distance, with winding roads between them."
2,寿幛,shòu zhàng,亲友送来寿幛，为老人祝寿。,"qīn yǒu sòng lái shòu zhàng, wèi lǎo rén zhù shòu.",Friends and relatives brought a birthday banner to honor the elder.
2,锗元素,zhě yuán sù,老师在课上介绍了锗元素。,lǎo shī zài kè shàng jiè shào le zhě yuán sù.,The teacher introduced the element germanium in class.
2,柘木,zhè mù,木匠挑选柘木，准备做一张弓。,"mù jiàng tiāo xuǎn zhè mù, zhǔn bèi zuò yī zhāng gōng.",The carpenter selected cudrania wood to make a bow.
2,箴言,zhēn yán,爷爷把一句箴言写在书的扉页。,yé ye bǎ yī jù zhēn yán xiě zài shū de fēi yè.,Grandpa wrote a maxim on the book's flyleaf.
2,畛域,zhěn yù,古文中的畛域，可以指界限。,"gǔ wén zhōng de zhěn yù, kě yǐ zhǐ jiè xiàn.","In classical writing, this word can mean a boundary."
2,缜密,zhěn mì,她思考缜密，事先考虑了风险。,"tā sī kǎo zhěn mì, shì xiān kǎo lǜ le fēng xiǎn.",She thought carefully and considered the risks in advance.
2,铮铮,zhēng zhēng,两块金属相碰，发出铮铮声。,"liǎng kuài jīn shǔ xiāng pèng, fā chū zhēng zhēng shēng.",The two pieces of metal struck each other with a ringing sound.
2,祗候,zhī hòu,古书中的祗候，可以表示恭候。,"gǔ shū zhōng de zhī hòu, kě yǐ biǎo shì gōng hòu.","In ancient books, this word can mean to wait respectfully."
2,跖骨,zhí gǔ,老师在足部模型上指出跖骨。,lǎo shī zài zú bù mó xíng shàng zhǐ chū zhí gǔ.,The teacher pointed out the metatarsal bones on the foot model.
2,沙沚,shā zhǐ,江中的沙沚上停着几只水鸟。,jiāng zhōng de shā zhǐ shàng tíng zhe jǐ zhī shuǐ niǎo.,Several waterbirds rested on a small sandbar in the river.
2,酯化,zhǐ huà,老师解释了酯化反应的过程。,lǎo shī jiě shì le zhǐ huà fǎn yìng de guò chéng.,The teacher explained the process of esterification.
2,卷帙,juàn zhì,书房里的古籍卷帙浩繁。,shū fáng lǐ de gǔ jí juàn zhì hào fán.,The study held a vast collection of ancient books.
2,鸷鸟,zhì niǎo,鹰是一种善于捕猎的鸷鸟。,yīng shì yī zhǒng shàn yú bǔ liè de zhì niǎo.,An eagle is a bird of prey skilled at hunting.
2,瞎诌,xiā zhōu,他没有证据，却在会上瞎诌。,"tā méi yǒu zhèng jù, què zài huì shàng xiā zhōu.","He had no evidence, but made things up at the meeting."
2,江渚,jiāng zhǔ,渔人把小船停在江渚旁。,yú rén bǎ xiǎo chuán tíng zài jiāng zhǔ páng.,The fisherman moored his little boat beside a river islet.
2,颛顼,zhuān xū,神话书介绍了古代帝王颛顼。,shén huà shū jiè shào le gǔ dài dì wáng zhuān xū.,The book of myths introduces the legendary ruler Zhuanxu.
2,鸟啭,niǎo zhuàn,清晨，林中传来悦耳的鸟啭。,"qīng chén, lín zhōng chuán lái yuè ěr de niǎo zhuàn.",Melodious birdsong came from the woods in the morning.
2,盛馔,shèng zhuàn,主人备好盛馔，款待远方来客。,"zhǔ rén bèi hǎo shèng zhuàn, kuǎn dài yuǎn fāng lái kè.",The host prepared a sumptuous meal for the visitor from afar.
2,酒馔,jiǔ zhuàn,桌上摆满酒馔，宾客陆续入席。,"zhuō shàng bǎi mǎn jiǔ zhuàn, bīn kè lù xù rù xí.",The table was laden with food and wine as the guests took their seats.
2,斫木,zhuó mù,樵夫进山斫木，傍晚才回来。,"qiáo fū jìn shān zhuó mù, bàng wǎn cái huí lai.",The woodcutter went into the mountains to cut wood and returned at dusk.
2,赀财,zī cái,古书中的赀财，指钱财和财物。,"gǔ shū zhōng de zī cái, zhǐ qián cái hé cái wù.","In ancient books, this word means money and possessions."
2,淄博,zī bó,游客到淄博参观陶瓷展览。,yóu kè dào zī bó cān guān táo cí zhǎn lǎn.,Visitors went to Zibo to see a ceramics exhibition.
2,龇牙,zī yá,小狗龇牙，警告陌生人别靠近。,"xiǎo gǒu zī yá, jǐng gào mò shēng rén bié kào jìn.",The puppy bared its teeth to warn the stranger to stay away.
2,箭镞,jiàn zú,考古队发现了一枚古代箭镞。,kǎo gǔ duì fā xiàn le yī méi gǔ dài jiàn zú.,The archaeological team found an ancient arrowhead.
2,国祚,guó zuò,史书记录了这个王朝的国祚。,shǐ shū jì lù le zhè ge wáng cháo de guó zuò.,The history book records how long this dynasty lasted.
2,咔唑,kā zuò,老师画出了咔唑的分子结构。,lǎo shī huà chū le kā zuò de fēn zǐ jié gòu.,The teacher drew the molecular structure of carbazole.
2,獐子,zhāng zi,獐子受了惊，迅速跑进草丛。,"zhāng zi shòu le jīng, xùn sù pǎo jìn cǎo cóng.",The startled water deer quickly ran into the grass.
0,着落,zhuó luò,修桥的钱终于有了着落。,xiū qiáo de qián zhōng yú yǒu le zhuó luò.,Funding for the bridge repairs was finally secured.
2,寒伧,hán chen,房间虽然寒伧，收拾得却很干净。,"fáng jiān suī rán hán chen, shōu shi de què hěn gān jìng.","Although the room was shabby, it had been kept very clean."
2,铍元素,pí yuán sù,老师指出了铍元素在表中的位置。,lǎo shī zhǐ chū le pí yuán sù zài biǎo zhōng de wèi zhì.,The teacher pointed out the position of beryllium in the table.
2,铋元素,bì yuán sù,课本介绍了铋元素的基本性质。,kè běn jiè shào le bì yuán sù de jī běn xìng zhì.,The textbook introduces the basic properties of bismuth.
2,镍币,niè bì,老人拿出一枚旧镍币给孩子看。,lǎo rén ná chū yī méi jiù niè bì gěi hái zi kàn.,The old man showed the child an old nickel coin.
2,镓元素,jiā yuán sù,实验中用到了镓元素。,shí yàn zhōng yòng dào le jiā yuán sù.,The experiment used the element gallium.
2,铷元素,rú yuán sù,学生在元素表上找到铷元素。,xué sheng zài yuán sù biǎo shàng zhǎo dào rú yuán sù.,The students found rubidium in the periodic table.
2,钼钢,mù gāng,工厂用钼钢制造耐热零件。,gōng chǎng yòng mù gāng zhì zào nài rè líng jiàn.,The factory used molybdenum steel to make heat-resistant parts.
2,铟元素,yīn yuán sù,老师让我们查找铟元素的资料。,lǎo shī ràng wǒ men chá zhǎo yīn yuán sù de zī liào.,The teacher asked us to look up information about indium.
2,铌元素,ní yuán sù,课本列出了铌元素的原子序数。,kè běn liè chū le ní yuán sù de yuán zǐ xù shù.,The textbook lists the atomic number of niobium.
2,钽元素,tǎn yuán sù,这份材料介绍了钽元素的用途。,zhè fèn cái liào jiè shào le tǎn yuán sù de yòng tú.,This material describes the uses of tantalum.
2,钋元素,pō yuán sù,老师说明钋元素具有放射性。,lǎo shī shuō míng pō yuán sù jù yǒu fàng shè xìng.,The teacher explained that polonium is radioactive.
2,钫元素,fāng yuán sù,元素表中可以找到钫元素。,yuán sù biǎo zhōng kě yǐ zhǎo dào fāng yuán sù.,Francium can be found in the periodic table.
2,钍元素,tǔ yuán sù,课本把钍元素列在锕系中。,kè běn bǎ tǔ yuán sù liè zài ā xì zhōng.,The textbook lists thorium among the actinides.
2,钚元素,bù yuán sù,课堂上，老师介绍了钚元素。,"kè táng shàng, lǎo shī jiè shào le bù yuán sù.",The teacher introduced plutonium in class.
2,苄基,biàn jī,她在分子图中标出了苄基。,tā zài fèn zǐ tú zhòng biāo chū le biàn jī.,She marked the benzyl group on the molecular diagram.
2,锕元素,ā yuán sù,学生整理了锕元素的相关资料。,xué sheng zhěng lǐ le ā yuán sù de xiāng guān zī liào.,The student compiled information about actinium.
2,氘核,dāo hé,氘核含有一个质子和一个中子。,dāo hé hán yǒu yī ge zhì zǐ hé yī ge zhōng zǐ.,A deuteron contains one proton and one neutron.
2,蒽油,ēn yóu,这本化工书介绍了蒽油的成分。,zhè běn huà gōng shū jiè shào le ēn yóu de chéng fèn.,This chemical engineering book describes the components of anthracene oil.
2,砜基,fēng jī,她用不同颜色标出分子中的砜基。,tā yòng bù tóng yán sè biāo chū fèn zǐ zhōng de fēng jī.,She used a different color to mark the sulfone group in the molecule.
2,呋喃,fū nán,老师展示了呋喃的分子模型。,lǎo shī zhǎn shì le fū nán de fèn zǐ mó xíng.,The teacher displayed a molecular model of furan.
2,坩埚,gān guō,工人用钳子夹起高温的坩埚。,gōng rén yòng qián zi jiā qǐ gāo wēn de gān guō.,The worker lifted the hot crucible with tongs.
2,胍基,guā jī,图中蓝色部分表示胍基。,tú zhōng lán sè bù fèn biǎo shì guā jī.,The blue part of the diagram represents the guanidino group.
2,焓值,hán zhí,他根据实验数据计算焓值。,tā gēn jù shí yàn shù jù jì suàn hán zhí.,He calculated the enthalpy from the experimental data.
2,腈纶,jīng lún,这件毛衣的标签注明含有腈纶。,zhè jiàn máo yī de biāo qiān zhù míng hán yǒu jīng lún.,The label on this sweater says it contains acrylic fiber.
2,醌类,kūn lèi,老师介绍了醌类化合物的结构。,lǎo shī jiè shào le kūn lèi huà hé wù de jié gòu.,The teacher introduced the structure of quinone compounds.
2,脒基,mǐ jī,学生在结构图中圈出了脒基。,xué sheng zài jié gòu tú zhōng quān chū le mǐ jī.,The student circled the amidino group in the structural diagram.
2,萘丸,nài wán,包装上写着萘丸的保存方法。,bāo zhuāng shàng xiě zhe nài wán de bǎo cún fāng fǎ.,The package gives instructions for storing naphthalene mothballs.
2,脲醛,niào quán,厂里用脲醛树脂制造胶合板。,chǎng lǐ yòng niào quán shù zhī zhì zào jiāo hé bǎn.,The factory uses urea-formaldehyde resin to make plywood.
2,哌嗪,pài qín,这本化学书收录了哌嗪的结构。,zhè běn huà xué shū shōu lù le pài qín de jié gòu.,This chemistry book includes the structure of piperazine.
2,巯基,qiú jī,老师指出这个分子含有巯基。,lǎo shī zhǐ chū zhè ge fèn zǐ hán yǒu qiú jī.,The teacher pointed out that this molecule contains a thiol group.
2,酞菁,tài jīng,工厂用酞菁颜料制作蓝色油墨。,gōng chǎng yòng tài jīng yán liào zhì zuò lán sè yóu mò.,The factory uses phthalocyanine pigment to make blue ink.
2,熵值,shāng zhí,他在表格中记录了系统的熵值。,tā zài biǎo gé zhōng jì lù le xì tǒng de shāng zhí.,He recorded the system's entropy in the table.
0,糖类,táng lèi,米饭中含有丰富的糖类。,mǐ fàn zhōng hán yǒu fēng fù de táng lèi.,Rice is rich in carbohydrates.
2,吲哚,yǐn duǒ,学生用模型拼出吲哚的结构。,xué sheng yòng mó xíng pīn chū yǐn duǒ de jié gòu.,The student used a model kit to build the structure of indole.
2,孬种,nāo zhǒng,他骂对方是孬种，言语很粗鲁。,"tā mà duì fāng shì nāo zhǒng, yán yǔ hěn cū lǔ.",He rudely called the other person a coward.
2,朊病毒,ruǎn bìng dú,老师解释了朊病毒与蛋白质的关系。,lǎo shī jiě shì le ruǎn bìng dú yǔ dàn bái zhì de guān xi.,The teacher explained the relationship between prions and proteins.
2,仂语,lè yǔ,旧语法书用仂语表示词组。,jiù yǔ fǎ shū yòng lè yǔ biǎo shì cí zǔ.,Older grammar books use the term leyu to mean a phrase.
2,佧佤,kǎ wǎ,佧佤是佤族的一种旧称。,kǎ wǎ shì wǎ zú de yī zhǒng jiù chēng.,Kawa is an old name for the Wa people.
2,赤倮,chì luǒ,古书中的赤倮，与赤裸意思相同。,"gǔ shū zhōng de chì luǒ, yǔ chì luǒ yì si xiāng tóng.","In ancient books, this written form has the same meaning as naked."
2,氽水,,字目表中的氽水一词还需核实。,,The entry “氽水” in the source list still needs verification.
2,氚核,chuān hé,氚核含有一个质子和两个中子。,chuān hé hán yǒu yī ge zhì zǐ hé liǎng gè zhōng zǐ.,A triton contains one proton and two neutrons.
2,雾凇,wù sōng,冬日的树枝上结满了雾凇。,dōng rì de shù zhī shàng jié mǎn le wù sōng.,The branches were covered in rime on the winter day.
2,诳语,kuáng yǔ,做人应诚实，不要用诳语骗人。,"zuò rén yīng chéng shí, bù yào yòng kuáng yǔ piàn rén.",We should be honest and never deceive people with lies.
2,马谡,mǎ sù,书里提到了马谡。,shū lǐ tí dào le mǎ sù.,The book mentions Ma Su.
2,坌土,bèn tǔ,爷爷用锄头坌土，准备播种。,"yé ye yòng chú tou bèn tǔ, zhǔn bèi bō zhǒng.",Grandpa loosened the soil with a hoe to prepare for sowing.
2,圩田,wéi tián,农民修好堤坝，保护低洼的圩田。,"nóng mín xiū hǎo dī bà, bǎo hù dī wā de wéi tián.",The farmers repaired the dikes to protect the low-lying enclosed fields.
2,垸子,yuàn zǐ,河水涨了，村民加固垸子。,"hé shuǐ zhǎng le, cūn mín jiā gù yuàn zǐ.","The river rose, so the villagers reinforced the embankments."
2,垸,yuàn,垸指堤坝围住的地区。,yuàn zhǐ dī bà wéi zhù de dì qū.,Yuan refers to an area enclosed by embankments.
2,地塄,dì léng,他坐在田边的地塄上休息。,tā zuò zài tián biān de dì léng shàng xiū xi.,He sat on the ridge beside the field to rest.
2,芋艿,yù nǎi,奶奶把芋艿蒸熟了。,nǎi nai bǎ yù nǎi zhēng shú le.,Grandma steamed the taro until it was cooked.
2,葶苈,tíng lì,这本植物图册介绍了葶苈。,zhè běn zhí wù tú cè jiè shào le tíng lì.,This plant guide describes pepperweed.
2,芗剧,xiāng jù,爷爷今晚去看芗剧。,yé ye jīn wǎn qù kàn xiāng jù.,Grandpa is going to watch Xiang opera tonight.
2,菘蓝,sōng lán,园子里种着几株菘蓝。,yuán zi lǐ zhòng zhe jǐ zhū sōng lán.,Several woad plants grow in the garden.
2,蒴果,shuò guǒ,成熟的蒴果裂开了。,chéng shú de shuò guǒ liè kāi le.,The ripe seed capsule split open.
2,大夼,dà kuǎng,他在地图上找到了大夼。,tā zài dì tú shàng zhǎo dào le dà kuǎng.,He found Dakuang on the map.
2,芨芨草,jī jī cǎo,风吹过一片芨芨草。,fēng chuī guò yī piàn jī jī cǎo.,The wind blew across a patch of achnatherum grass.
2,搠刺,shuò cì,小说描写了士兵搠刺的动作。,xiǎo shuō miáo xiě le shì bīng shuò cì de dòng zuò.,The novel describes the soldier's thrusting movement.
2,攥紧,zuàn jǐn,他攥紧了手里的车票。,tā zuàn jǐn le shǒu lǐ de chē piào.,He gripped the ticket in his hand tightly.
2,卟啉,bǔ lín,老师在课上介绍了卟啉。,lǎo shī zài kè shàng jiè shào le bǔ lín.,The teacher introduced porphyrin in class.
2,呔,dāi,呔，你是什么人？,"dāi, nǐ shì shén me rén?","Hey, who are you?"
2,哐当,kuāng dāng,门哐当一声关上了。,mén kuāng dāng yī shēng guān shàng le.,The door closed with a loud clank.
2,咝声,sī shēng,水壶里传来轻轻的咝声。,shuǐ hú lǐ chuán lái qīng qīng de sī shēng.,A soft hissing sound came from the kettle.
2,呲牙,zī yá,那只狗朝陌生人呲牙。,nà zhǐ gǒu cháo mò shēng rén zī yá.,The dog bared its teeth at the stranger.
2,啵,bo,大家一起走啵。,dà jiā yī qǐ zǒu bo.,Let's all go together.
2,唰唰,shuā shuā,雨点打在树叶上，唰唰作响。,"yǔ diǎn dǎ zài shù yè shàng, shuā shuā zuò xiǎng.",Raindrops rustled against the leaves.
2,嗥叫,háo jiào,远处传来狼的嗥叫。,yuǎn chù chuán lái láng de háo jiào.,The howling of wolves came from the distance.
2,嗳气,ǎi qì,他吃完饭后有些嗳气。,tā chī wán fàn hòu yǒu xiē ǎi qì.,He belched a little after eating.
2,嗵,tōng,嗵的一声，门关上了。,"tōng de yī shēng, mén guān shàng le.",The door closes with a bang.
2,嘞,lei,好嘞，我马上来。,"hǎo lei, wǒ mǎ shàng lái.","All right, I will be right there."
1,嘁嘁喳喳,qī qi chā chā,孩子们在门外嘁嘁喳喳。,hái zi men zài mén wài qī qi chā chā.,The children were chattering outside the door.
2,噘嘴,juē zuǐ,她噘嘴说自己不想走。,tā juē zuǐ shuō zì jǐ bù xiǎng zǒu.,She pouted and said she did not want to leave.
2,囝囝,jiǎn jiǎn,她用方言把孩子叫作囝囝。,tā yòng fāng yán bǎ hái zi jiào zuò jiǎn jiǎn.,She calls a child jiǎnjiǎn in her dialect.
2,茅圊,máo qīng,古书把厕所称作茅圊。,gǔ shū bǎ cè suǒ chēng zuò máo qīng.,Old books use máoqīng as a word for a toilet.
2,霞帔,xiá pèi,展柜里放着一件霞帔。,zhǎn guì lǐ fàng zhe yī jiàn xiá pèi.,A ceremonial cape is displayed in the cabinet.
2,岘港,xiàn gǎng,他们计划下个月去岘港。,tā men jì huà xià gè yuè qù xiàn gǎng.,They plan to visit Da Nang next month.
2,大岙,dà ào,地图上标着大岙这个地名。,dì tú shàng biāo zhe dà ào zhè ge dì míng.,The place name Da'ao is marked on the map.
2,岣嵝,gǒu lǒu,游客在岣嵝山下拍照。,yóu kè zài gǒu lǒu shān xià pāi zhào.,The visitors took photos at the foot of Goulou Mountain.
2,山峁,shān mǎo,那座山峁上长着青草。,nà zuò shān mǎo shàng zhǎng zhe qīng cǎo.,Green grass grows on that rounded hill.
2,峄山,yì shān,我们周末去峄山爬山。,wǒ men zhōu mò qù yì shān pá shān.,We are going hiking on Mount Yi this weekend.
2,孟良崮,mèng liáng gù,他在地图上找孟良崮。,tā zài dì tú shàng zhǎo mèng liáng gù.,He is looking for Mount Mengliang on the map.
2,噙泪,qín lèi,她噙泪向朋友告别。,tā qín lèi xiàng péng you gào bié.,She said goodbye to her friend with tears in her eyes.
2,噌,cēng,他噌地一下站了起来。,tā cēng de yī xià zhàn le qǐ lai.,He suddenly sprang to his feet.
2,恹恹,yān yān,他今天恹恹的，没有精神。,"tā jīn tiān yān yān de, méi yǒu jīng shen.",He is listless and has no energy today.
2,惝恍,chǎng huǎng,梦中的景色惝恍不清。,mèng zhōng de jǐng sè chǎng huǎng bù qīng.,The scenery in the dream was hazy and indistinct.
2,沣河,fēng hé,他们沿着沣河散步。,tā men yán zhe fēng hé sàn bù.,They walked along the Feng River.
2,謇谔,jiǎn è,古文称赞他敢于謇谔直言。,gǔ wén chēng zàn tā gǎn yú jiǎn è zhí yán.,The classical text praises him for speaking frankly.
2,沅江,yuán jiāng,小船缓缓驶过沅江。,xiǎo chuán huǎn huǎn shǐ guò yuán jiāng.,The small boat moved slowly along the Yuan River.
2,潴留,zhū liú,医生向学生解释了尿潴留。,yī shēng xiàng xué sheng jiě shì le niào zhū liú.,The doctor explained urinary retention to the students.
2,羼杂,chàn zá,这段文字里羼杂了几句古文。,zhè duàn wén zì lǐ chàn zá le jǐ jù gǔ wén.,A few classical passages are mixed into this text.
2,纡回,yū huí,山间小路纡回曲折。,shān jiān xiǎo lù yū huí qū zhé.,The mountain path winds and twists.
2,缦衣,màn yī,图册里画着一件素色缦衣。,tú cè lǐ huà zhe yī jiàn sù sè màn yī.,"The illustrated book shows a plain, unpatterned robe."
2,玢,bīn,玢可以指玉上的纹理。,bīn kě yǐ zhǐ yù shàng de wén lǐ.,Bin can refer to the patterns in jade.
2,江珧,jiāng yáo,市场里有人卖新鲜江珧。,shì chǎng lǐ yǒu rén mài xīn xiān jiāng yáo.,Someone at the market sells fresh pen shells.
2,棹歌,zhào gē,河上传来渔人的棹歌。,hé shàng chuán lái yú rén de zhào gē.,The boatmen's songs drifted across the river.
2,棰楚,chuí chǔ,这篇古文提到了棰楚之刑。,zhè piān gǔ wén tí dào le chuí chǔ zhī xíng.,This classical text mentions punishment by beating with a rod.
2,槭树,qì shù,院里的槭树叶子变红了。,yuàn lǐ de qì shù yè zi biàn hóng le.,The maple leaves in the yard have turned red.
2,樯橹,qiáng lǔ,他在诗里读到了樯橹一词。,tā zài shī lǐ dú dào le qiáng lǔ yī cí.,He came across the word for masts and oars in a poem.
2,山楂,shān zhā,这串糖葫芦是用山楂做的。,zhè chuàn táng hú lu shì yòng shān zhā zuò de.,This candied fruit skewer is made from hawthorn berries.
2,枸橼,jǔ yuán,她画了一颗黄色的枸橼。,tā huà le yī kē huáng sè de jǔ yuán.,She drew a yellow citron.
2,珥笔,ěr bǐ,古书用珥笔描写记事的官员。,gǔ shū yòng ěr bǐ miáo xiě jì shì de guān yuán.,An old book uses ěrbǐ to describe an official who records events.
2,赕佛,dǎn fó,赕佛是向佛供奉财物。,dǎn fó shì xiàng fú gòng fèng cái wù.,Danfo means making material offerings to the Buddha.
2,牦牛,máo niú,草地上有几头牦牛。,cǎo dì shàng yǒu jǐ tóu máo niú.,There are several yaks on the grassland.
2,胴体,dòng tǐ,工作人员给胴体称了重量。,gōng zuò rén yuán gěi dòng tǐ chēng le zhòng liàng.,The worker weighed the carcass.
2,胃脘,wèi wǎn,中医书里常见胃脘这个词。,zhōng yī shū lǐ cháng jiàn wèi wǎn zhè ge cí.,The term for the stomach region often appears in books on Chinese medicine.
2,腧穴,shù xué,图上标出了几个腧穴。,tú shàng biāo chū le jǐ ge shù xué.,Several acupuncture points are marked on the diagram.
2,媵妾,yìng qiè,这篇历史文章介绍了媵妾制度。,zhè piān lì shǐ wén zhāng jiè shào le yìng qiè zhì dù.,This history article describes the system of accompanying concubines.
2,歙砚,shè yàn,爷爷珍藏着一方歙砚。,yé ye zhēn cáng zhe yī fāng shè yàn.,Grandpa treasures a She inkstone.
2,歙县,shè xiàn,他住在歙县。,tā zhù zài shè xiàn.,He lives in She County.
2,飑风,biāo fēng,湖面上突然刮起飑风。,hú miàn shàng tū rán guā qǐ biāo fēng.,A sudden squall swept across the lake.
2,欹器,qī qì,老师用图画介绍古代的欹器。,lǎo shī yòng tú huà jiè shào gǔ dài de qī qì.,The teacher used a drawing to explain an ancient tilting vessel.
2,焱,yàn,焱字可以表示火焰。,yàn zì kě yǐ biǎo shì huǒ yàn.,Yan can mean a flame.
2,煊赫,xuān hè,这篇文章描写一个煊赫的家族。,zhè piān wén zhāng miáo xiě yī ge xuān hè de jiā zú.,This article describes an illustrious family.
2,砭石,biān shí,展览中有古代使用的砭石。,zhǎn lǎn zhōng yǒu gǔ dài shǐ yòng de biān shí.,The exhibition includes stone needles used in ancient times.
2,鹿砦,lù zhài,士兵在路口设置了鹿砦。,shì bīng zài lù kǒu shè zhì le lù zhài.,The soldiers set up an abatis at the crossroads.
2,硌脚,gè jiǎo,鞋里有颗小石子，真硌脚。,"xié lǐ yǒu kē xiǎo shí zǐ, zhēn gè jiǎo.","There is a small stone in my shoe, and it hurts my foot."
2,北碚,běi bèi,朋友邀请我去北碚做客。,péng you yāo qǐng wǒ qù běi bèi zuò kè.,My friend invited me to visit Beibei.
2,田畈,tián fàn,清晨，田畈上笼着薄雾。,"qīng chén, tián fàn shàng lóng zhe bó wù.",A light mist covers the fields in the early morning.
2,刀锷,dāo è,他小心擦拭刀锷上的污渍。,tā xiǎo xīn cā shì dāo è shàng de wū zì.,He carefully wiped the stains from the blade's edge.
2,稃壳,fū ké,老师让我们观察稃壳的形状。,lǎo shī ràng wǒ men guān chá fū ké de xíng zhuàng.,The teacher asked us to examine the shape of the husk.
2,稹密,zhěn mì,古文用稹密形容草木茂盛。,gǔ wén yòng zhěn mì xíng róng cǎo mù mào shèng.,The classical text uses zhěnmì to describe dense vegetation.
2,冻瘃,dòng zhú,这篇资料解释了冻瘃的含义。,zhè piān zī liào jiě shì le dòng zhú de hán yì.,This document explains the meaning of chilblains.
2,白癜风,bái diàn fēng,医生在讲座中介绍了白癜风。,yī shēng zài jiǎng zuò zhōng jiè shào le bái diàn fēng.,The doctor discussed vitiligo in the lecture.
2,衣袢,yī pàn,她把衣袢上的扣子扣好了。,tā bǎ yī pàn shàng de kòu zi kòu hǎo le.,She fastened the button on the garment's loop.
2,裱褙,biǎo bèi,师傅正在裱褙一幅旧画。,shī fu zhèng zài biǎo bèi yī fú jiù huà.,The craftsman is mounting an old painting.
2,襦裙,rú qún,她为表演准备了一套襦裙。,tā wèi biǎo yǎn zhǔn bèi le yī tào rú qún.,She prepared a short jacket and skirt outfit for the performance.
2,顸实,hān shí,这块木板又厚又顸实。,zhè kuài mù bǎn yòu hòu yòu hān shí.,This wooden board is thick and sturdy.
2,颞颥,niè rú,颞颥位于头部两侧。,niè rú wèi yú tóu bù liǎng cè.,The temples are on the two sides of the head.
2,颟顸,mān hān,做事颟顸容易出差错。,zuò shì mān hān róng yì chū chā cuò.,Careless and muddleheaded work can lead to mistakes.
2,蚰蜒,yóu yán,墙角有一只蚰蜒。,qiáng jiǎo yǒu yī zhī yóu yán.,There is a house centipede in the corner.
2,毛蚴,máo yòu,学生用显微镜观察毛蚴。,xué sheng yòng xiǎn wēi jìng guān chá máo yòu.,The students examined miracidia under a microscope.
2,蛱蝶,jiá dié,一只蛱蝶停在花瓣上。,yī zhī jiá dié tíng zài huā bàn shàng.,A nymphalid butterfly landed on a petal.
2,水螅,shuǐ xī,他在实验课上观察水螅。,tā zài shí yàn kè shàng guān chá shuǐ xī.,He observed a hydra in the laboratory class.
2,笸箩,pǒ luó,奶奶用笸箩装晒干的豆子。,nǎi nai yòng pǒ luó zhuāng shài gān de dòu zi.,Grandma uses a shallow basket to hold dried beans.
2,竹箐,zhú qìng,这条小路通向山里的竹箐。,zhè tiáo xiǎo lù tōng xiàng shān lǐ de zhú qìng.,This path leads to a bamboo grove in the mountains.
2,书箧,shū qiè,他把旧书收进书箧里。,tā bǎ jiù shū shōu jìn shū qiè lǐ.,He put the old books into a book chest.
2,鱼簖,yú duàn,渔民在河里设置了鱼簖。,yú mín zài hé lǐ shè zhì le yú duàn.,The fishermen placed a fishing weir in the river.
2,踅摸,xué mo,他在院子里踅摸丢失的钥匙。,tā zài yuàn zi lǐ xué mo diū shī de yào shi.,He searched the yard for his lost key.
2,蹁跹,pián xiān,她随着音乐蹁跹起舞。,tā suí zhe yīn yuè pián xiān qǐ wǔ.,She danced gracefully to the music.
2,鲣鱼,jiān yú,这家店出售冷冻鲣鱼。,zhè jiā diàn chū shòu lěng dòng jiān yú.,This shop sells frozen skipjack tuna.
2,鲻鱼,zī yú,渔网里有几条鲻鱼。,yú wǎng lǐ yǒu jǐ tiáo zī yú.,There are several mullets in the fishing net.
2,鳓鱼,lè yú,他从市场买了一条鳓鱼。,tā cóng shì chǎng mǎi le yī tiáo lè yú.,He bought an ilisha fish at the market.
2,鳕鱼,xuě yú,妈妈烤了一块鳕鱼。,mā ma kǎo le yī kuài xuě yú.,Mom baked a piece of cod.
2,鞣制,róu zhì,工人正在鞣制皮革。,gōng rén zhèng zài róu zhì pí gé.,The workers are tanning leather.
2,髁骨,kē gǔ,老师在模型上指出髁骨的位置。,lǎo shī zài mó xíng shàng zhǐ chū kē gǔ de wèi zhì.,The teacher pointed to the condylar bone on the model.
2,髭须,zī xū,画中的老人留着长长的髭须。,huà zhōng de lǎo rén liú zhe cháng cháng de zī xū.,The old man in the painting has a long beard and mustache.
2,麇集,qún jí,节日里，游客麇集在广场上。,"jié rì lǐ, yóu kè qún jí zài guǎng chǎng shàng.",Visitors gathered in large numbers in the square during the festival.
2,麇至,qún zhì,参观的人从各地麇至。,cān guān de rén cóng gè dì qún zhì.,Visitors arrived in crowds from many places.
2,麂子,jǐ zi,林边出现了一只麂子。,lín biān chū xiàn le yī zhī jǐ zi.,A muntjac appeared at the edge of the forest.
2,黧黑,lí hēi,常年劳作使他的脸变得黧黑。,cháng nián láo zuò shǐ tā de liǎn biàn de lí hēi.,Years of outdoor work made his face dark.
0,面粉,miàn fěn,这包白色粉末是做蛋糕用的面粉。,zhè bāo bái sè fěn mò shì zuò dàn gāo yòng de miàn fěn.,This white powder is flour for making a cake.
1,凌空,líng kōng,一只鹰凌空飞过山谷。,yī zhī yīng líng kōng fēi guò shān gǔ.,An eagle flew high above the valley.
2,钼矿,mù kuàng,这本书介绍了钼矿的开采。,zhè běn shū jiè shào le mù kuàng de kāi cǎi.,This book describes the mining of molybdenum ore.
2,铌合金,ní hé jīn,工厂正在研究一种铌合金。,gōng chǎng zhèng zài yán jiū yī zhǒng ní hé jīn.,The factory is studying a niobium alloy.
2,钍矿,tǔ kuàng,样品盒里装着一块钍矿。,yàng pǐn hé lǐ zhuāng zhe yī kuài tǔ kuàng.,The sample box contains a piece of thorium ore.
0,氘元素,dāo yuán sù,老师向我们介绍了氘元素。,lǎo shī xiàng wǒ men jiè shào le dāo yuán sù.,The teacher introduced deuterium to us.
2,脲酶,niào méi,实验中需要用到脲酶。,shí yàn zhōng xū yào yòng dào niào méi.,Urease is needed for the experiment.
2,氚水,chuān shuǐ,研究人员给氚水样品贴上标签。,yán jiū rén yuán gěi chuān shuǐ yàng pǐn tiē shàng biāo qiān.,The researchers labeled the tritiated water sample.
2,灶台,zào tái,她把灶台擦得很干净。,tā bǎ zào tái cā de hěn gān jìng.,She wiped the stovetop clean.
2,鲶鱼,nián yú,河里游着一条鲶鱼。,hé lǐ yóu zhe yī tiáo nián yú.,A catfish is swimming in the river.
2,铪元素,hā yuán sù,化学课上介绍了铪元素。,huà xué kè shàng jiè shào le hā yuán sù.,Hafnium was introduced in chemistry class.
2,铪,hā,铪是一种金属。,hā shì yī zhǒng jīn shǔ.,Hafnium is a metal.
2,土埯,tǔ ǎn,他在土埯里放了几粒种子。,tā zài tǔ ǎn lǐ fàng le jǐ lì zhǒng zi.,He put a few seeds into the small planting hole.
0,个中,gè zhōng,其中的困难不少，个中原因需要调查。,"qí zhōng de kùn nan bù shǎo, gè zhōng yuán yīn xū yào diào chá.","There are many difficulties, and the underlying reasons need investigating."
2,馃子,guǒ zi,他早上买了两根馃子。,tā zǎo shang mǎi le liǎng gēn guǒ zi.,He bought two deep-fried dough sticks in the morning.
2,踒脚,wō jiǎo,她走路时不小心踒脚了。,tā zǒu lù shí bù xiǎo xīn wō jiǎo le.,She accidentally sprained her ankle while walking.
2,鐾刀,bèi dāo,师傅坐在门口鐾刀。,shī fu zuò zài mén kǒu bèi dāo.,The craftsman sat by the door honing a knife.
2,眵,chī,眵是眼睛的分泌物。,chī shì yǎn jing de fēn mì wù.,Chi means discharge from the eyes.
2,靴靿,xuē yào,这双靴子的靴靿很高。,zhè shuāng xuē zi de xuē yào hěn gāo.,The shafts of these boots are tall.
2,噍类,jiào lèi,古书用噍类指活着的人。,gǔ shū yòng jiào lèi zhǐ huó zhe de rén.,An old book uses jiàolèi to refer to living people.
2,尥蹶子,liào juě zi,那匹马突然尥蹶子了。,nà pǐ mǎ tū rán liào juě zi le.,The horse suddenly kicked backward.
2,瘊子,hóu zi,他发现手背上长了一个瘊子。,tā fā xiàn shǒu bèi shàng zhǎng le yī ge hóu zi.,He noticed a wart on the back of his hand.
2,髽鬏,zhuā jiū,画里的女孩梳着两个髽鬏。,huà lǐ de nǚ hái shū zhe liǎng gè zhuā jiū.,The girl in the picture wears her hair in two buns.
2,溻湿,tā shī,汗水把他的衣服溻湿了。,hàn shuǐ bǎ tā de yī fu tā shī le.,Sweat soaked his clothes.
2,鹐啄,qiān zhuó,母鸡正在鹐啄地上的米粒。,mǔ jī zhèng zài qiān zhuó dì shang de mǐ lì.,The hen is pecking at grains of rice on the ground.
2,鹐,qiān,小鸡正在鹐地上的谷粒。,xiǎo jī zhèng zài qiān dì shang de gǔ lì.,The chicks are pecking at grains on the ground.
2,水笕,shuǐ jiǎn,山里的水沿着水笕流下来。,shān lǐ de shuǐ yán zhe shuǐ jiǎn liú xià lai.,Water from the mountain flows down the bamboo channel.
2,撙节,zǔn jié,他们撙节开支，准备买房。,"tā men zǔn jié kāi zhī, zhǔn bèi mǎi fáng.",They are cutting expenses to save for a home.
0,即使,jí shǐ,即使工作繁忙，他也愿意帮忙。,"jí shǐ gōng zuò fán máng, tā yě yuàn yì bāng máng.","Even when busy at work, he is willing to help."
2,砹元素,ài yuán sù,化学课上讲到了砹元素。,huà xué kè shàng jiǎng dào le ài yuán sù.,Astatine was discussed in chemistry class.
2,嗌喉,yì hóu,古书中的嗌喉指自缢。,gǔ shū zhōng de yì hóu zhǐ zì yì.,"In old writing, yìhóu refers to hanging oneself."
2,叆叇,ài dài,天空叆叇，像是快下雨了。,"tiān kōng ài dài, xiàng shì kuài xià yǔ le.","The sky is thick with clouds, as if rain is coming."
2,唵嘛,ǎn ma,这段真言以唵嘛开头。,zhè duàn zhēn yán yǐ ǎn ma kāi tóu.,This mantra begins with the syllables ǎn ma.
0,暗淡,àn dàn,房间里的灯光十分暗淡。,fáng jiān lǐ de dēng guāng shí fēn àn dàn.,The light in the room is very dim.
2,云璈,yún áo,图册里画着古代乐器云璈。,tú cè lǐ huà zhe gǔ dài yuè qì yún áo.,The illustrated book shows the ancient yun'ao instrument.
2,藏獒,zàng áo,院门口卧着一只藏獒。,yuàn mén kǒu wò zhe yī zhī zàng áo.,A Tibetan mastiff is lying by the courtyard gate.
2,聱牙,áo yá,这篇古文聱牙，读起来费力。,"zhè piān gǔ wén áo yá, dú qǐ lai fèi lì.",This classical text is difficult to read because of its awkward wording.
2,旱魃,hàn bá,民间故事中出现了旱魃。,mín jiān gù shi zhōng chū xiàn le hàn bá.,A drought demon appears in the folk tale.
2,灞桥,bà qiáo,他在灞桥附近拍了一张照片。,tā zài bà qiáo fù jìn pāi le yī zhāng zhào piàn.,He took a photo near Ba Bridge.
2,癍,bān,癍指呈斑点状的皮肤病。,bān zhǐ chéng bān diǎn zhuàng de pí fū bìng.,Ban refers to a skin disease marked by spots.
2,牛蒡,niú bàng,她买了一根牛蒡做汤。,tā mǎi le yī gēn niú bàng zuò tāng.,She bought a burdock root to make soup.
2,趵突泉,bào tū quán,我们在趵突泉边看泉水。,wǒ men zài bào tū quán biān kàn quán shuǐ.,We watched the spring water beside Baotu Spring.
2,邶风,bèi fēng,老师选了一篇邶风让我们读。,lǎo shī xuǎn le yī piān bèi fēng ràng wǒ men dú.,The teacher chose a poem from the Bei Airs for us to read.
2,琫珌,běng bì,博物馆展出了装饰刀鞘的琫珌。,bó wù guǎn zhǎn chū le zhuāng shì dāo qiào de běng bì.,The museum displayed jade ornaments used on sword sheaths.
2,荜门,bì mén,诗中描写了一户荜门人家。,shī zhōng miáo xiě le yī hù bì mén rén jiā.,The poem describes a family living behind a humble wicker door.
2,警跸,jǐng bì,古文记载了皇帝出行时的警跸。,gǔ wén jì zǎi le huáng dì chū xíng shí de jǐng bì.,The classical text records the clearing of the road for an emperor's journey.
2,嬖人,bì rén,这段古文写到君主宠爱的嬖人。,zhè duàn gǔ wén xiě dào jūn zhǔ chǒng ài de bì rén.,This classical passage mentions a favorite of the ruler.
2,笾豆,biān dòu,展柜中放着祭祀用的笾豆。,zhǎn guì zhōng fàng zhe jì sì yòng de biān dòu.,Ritual food vessels are displayed in the cabinet.
2,煸炒,biān chǎo,先把洋葱放进锅里煸炒。,xiān bǎ yáng cōng fàng jìn guō lǐ biān chǎo.,First stir-fry the onion in the pan with a little oil.
2,褊急,biǎn jí,他性情褊急，容易发火。,"tā xìng qíng biǎn jí, róng yì fā huǒ.",He is impatient and easily loses his temper.
2,欣忭,xīn biàn,听到喜讯，大家十分欣忭。,"tīng dào xǐ xùn, dà jiā shí fēn xīn biàn.",Everyone was delighted to hear the good news.
2,摽梅,biāo méi,老师解释了古诗中摽梅的含义。,lǎo shī jiě shì le gǔ shī zhōng biāo méi de hán yì.,The teacher explained the image of falling plums in the ancient poem.
2,傧相,bīn xiàng,婚礼上，傧相帮新郎整理衣服。,"hūn lǐ shàng, bīn xiàng bāng xīn láng zhěng lǐ yī fu.","At the wedding, the groomsman helped the groom adjust his clothes."
2,豳风,bīn fēng,这节课读的是豳风中的诗。,zhè jié kè dú de shì bīn fēng zhōng de shī.,"In this class, we are reading a poem from the Bin Airs."
2,髌骨,bìn gǔ,模型上标出了髌骨的位置。,mó xíng shàng biāo chū le bìn gǔ de wèi zhì.,The position of the kneecap is marked on the model.
2,邴邑,bǐng yì,他在古地图上查找邴邑。,tā zài gǔ dì tú shàng chá zhǎo bǐng yì.,He is looking for Bingyi on an old map.
2,晡时,bū shí,古文把下午的一段时间称为晡时。,gǔ wén bǎ xià wǔ de yī duàn shí jiān chēng wéi bū shí.,Classical writing calls a period in the afternoon būshí.
0,采地,cài dì,这篇文章介绍了古代的采地。,zhè piān wén zhāng jiè shào le gǔ dài de cài dì.,This article describes fiefs in ancient times.
2,骖乘,cān chéng,图中画着站在车上的骖乘。,tú zhōng huà zhe zhàn zài chē shàng de cān chéng.,The picture shows an attendant standing in a chariot.
2,锸锹,chā qiāo,他拿起锸锹去田里挖土。,tā ná qǐ chā qiāo qù tián lǐ wā tǔ.,He picked up a spade and went to dig in the field.
2,嵖岈,chá yá,游客沿着嵖岈山的小路向上走。,yóu kè yán zhe chá yá shān de xiǎo lù xiàng shàng zǒu.,The visitors walked up a path on Chaya Mountain.
2,觇视,chān shì,他站在门后悄悄觇视院子。,tā zhàn zài mén hòu qiāo qiāo chān shì yuàn zi.,He stood behind the door and secretly watched the courtyard.
2,澶渊,chán yuān,老师在地图上指出了澶渊。,lǎo shī zài dì tú shàng zhǐ chū le chán yuān.,The teacher pointed out Chanyuan on the map.
2,镵针,chán zhēn,展览介绍了古代使用的镵针。,zhǎn lǎn jiè shào le gǔ dài shǐ yòng de chán zhēn.,The exhibition describes a pointed needle used in ancient times.
2,镵,chán,镵是一种古代的掘土工具。,chán shì yī zhǒng gǔ dài de jué tǔ gōng jù.,Chan is an ancient tool for digging soil.
2,伥鬼,chāng guǐ,这个故事讲的是老虎和伥鬼。,zhè ge gù shi jiǎng de shì lǎo hǔ hé chāng guǐ.,This story is about a tiger and its ghostly servant.
2,为虎作伥,wèi hǔ zuò chāng,帮坏人做事就是为虎作伥。,bāng huài rén zuò shì jiù shì wèi hǔ zuò chāng.,Helping a bad person do wrong is acting as their accomplice.
2,阊阖,chāng hé,诗中用阊阖指宫门。,shī zhōng yòng chāng hé zhǐ gōng mén.,The poem uses chānghé to mean a palace gate.
2,苌弘,cháng hóng,他在历史书里读到了苌弘。,tā zài lì shǐ shū lǐ dú dào le cháng hóng.,He read about Chang Hong in a history book.
0,厂部,chǎng bù,请把这份文件交到厂部。,qǐng bǎ zhè fèn wén jiàn jiāo dào chǎng bù.,Please take this document to the factory office.
2,童龀,tóng chèn,古文中的童龀可以指幼童。,gǔ wén zhōng de tóng chèn kě yǐ zhǐ yòu tóng.,"In classical writing, tóngchèn can refer to a young child."
2,始龀,shǐ chèn,始龀指刚开始换牙。,shǐ chèn zhǐ gāng kāi shǐ huàn yá.,Shichen means beginning to lose one's baby teeth.
2,门枨,mén chéng,木工正在修理门枨。,mù gōng zhèng zài xiū lǐ mén chéng.,The carpenter is repairing the doorpost.
2,裸裎,luǒ chéng,古文用裸裎形容没有穿衣服。,gǔ wén yòng luǒ chéng xíng róng méi yǒu chuān yī fú.,Classical writing uses luǒchéng to describe being unclothed.
2,蚩尤,chī yóu,爷爷讲了一个关于蚩尤的传说。,yé ye jiǎng le yī ge guān yú chī yóu de chuán shuō.,Grandpa told a legend about Chiyou.
2,妍媸,yán chī,这篇文章讨论人物外貌的妍媸。,zhè piān wén zhāng tǎo lùn rén wù wài mào de yán chī.,This article discusses beauty and ugliness in people's appearance.
2,螭龙,chī lóng,玉器上雕着一条螭龙。,yù qì shàng diāo zhe yī tiáo chī lóng.,A hornless dragon is carved on the jade object.
2,埙篪,xūn chí,老师向我们介绍了埙篪两种乐器。,lǎo shī xiàng wǒ men jiè shào le xūn chí liǎng zhǒng yuè qì.,The teacher introduced the xun and chi musical instruments to us.
2,艨艟,méng chōng,图中画着一艘古代艨艟。,tú zhōng huà zhe yī sōu gǔ dài méng chōng.,The picture shows an ancient warship.
2,病瘳,bìng chōu,古书用病瘳表示疾病痊愈。,gǔ shū yòng bìng chōu biǎo shì jí bìng quán yù.,An old book uses bìngchōu to mean recovery from illness.
2,俦侣,chóu lǚ,旅途中，他结识了几位俦侣。,"lǚ tú zhōng, tā jié shí le jǐ wèi chóu lǚ.",He made several companions during the journey.
2,樗栎,chū lì,这段古文提到了樗栎两种树。,zhè duàn gǔ wén tí dào le chū lì liǎng zhòng shù.,This classical passage mentions the ailanthus and oak trees.
2,楮纸,chǔ zhǐ,他用楮纸写了一幅书法。,tā yòng chǔ zhǐ xiě le yī fú shū fǎ.,He wrote a piece of calligraphy on mulberry paper.
2,俶装,chù zhuāng,古文中的俶装就是整理行装。,gǔ wén zhōng de chù zhuāng jiù shì zhěng lǐ xíng zhuāng.,"In classical writing, chùzhuāng means preparing one's luggage."
2,搋面,chuāi miàn,妈妈正在厨房里搋面。,mā ma zhèng zài chú fáng lǐ chuāi miàn.,Mom is kneading dough in the kitchen.
2,遄行,chuán xíng,古文用遄行表示快速前行。,gǔ wén yòng chuán xíng biǎo shì kuài sù qián xíng.,Classical writing uses chuánxíng to mean moving forward quickly.
2,踔厉,chuō lì,他以踔厉的精神继续工作。,tā yǐ chuō lì de jīng shen jì xù gōng zuò.,He continued working with vigor and determination.
2,跐溜,cī liū,他脚下一滑，跐溜到了坡底。,"tā jiǎo xià yī huá, cī liū dào le pō dǐ.","His foot slipped, and he slid down to the bottom of the slope."
2,骢马,cōng mǎ,画中的骑士骑着一匹骢马。,huà zhōng de qí shì qí zhe yī pǐ cōng mǎ.,The rider in the painting is on a gray-and-white horse.
2,璁,cōng,璁是像玉的美石。,cōng shì xiàng yù de měi shí.,Cong is a beautiful stone resembling jade.
2,殂落,cú luò,古文用殂落委婉地表示死亡。,gǔ wén yòng cú luò wěi wǎn de biǎo shì sǐ wáng.,Classical writing uses cúluò as a euphemism for death.
2,蚕蔟,cán cù,养蚕人把蚕放到蚕蔟上。,yǎng cán rén bǎ cán fàng dào cán cù shàng.,The silkworm farmer placed the silkworms on cocooning frames.
2,榱栋,cuī dòng,工匠正在检查房屋的榱栋。,gōng jiàng zhèng zài jiǎn chá fáng wū de cuī dòng.,The craftsman is inspecting the house's rafters and beams.
2,毳毛,cuì máo,他用放大镜观察细小的毳毛。,tā yòng fàng dà jìng guān chá xì xiǎo de cuì máo.,He examined the fine downy hairs with a magnifying glass.
2,嵯峨,cuó é,远处的山峰嵯峨高耸。,yuǎn chù de shān fēng cuó é gāo sǒng.,The distant peaks rise high and steep.
2,妲己,dá jǐ,她在小说中读到了妲己。,tā zài xiǎo shuō zhōng dú dào le dá jǐ.,She read about Daji in a novel.
2,竹笪,zhú dá,他把竹笪铺在地上。,tā bǎ zhú dá pù zài dì shàng.,He spread the bamboo mat on the ground.
2,姓笪,xìng dá,他姓笪。,tā xìng dá.,His surname is Da.
0,负担,fù dān,家人帮他减轻了生活的负担。,jiā rén bāng tā jiǎn qīng le shēng huó de fù dān.,His family helped lighten his burden in life.
2,老聃,lǎo dān,老师介绍了老聃这个名字。,lǎo shī jiè shào le lǎo dān zhè ge míng zi.,The teacher explained the name Lao Dan.
2,儋州,dān zhōu,朋友寄来一张儋州的明信片。,péng you jì lái yī zhāng dān zhōu de míng xìn piàn.,My friend sent a postcard from Danzhou.
2,亶,dǎn,亶在古文中有诚实的意思。,dǎn zài gǔ wén zhōng yǒu chéng shí de yì si.,Dan can mean honest in classical Chinese.
2,珰珥,dāng ěr,展览中陈列着古代的珰珥。,zhǎn lǎn zhōng chén liè zhe gǔ dài de dāng ěr.,Ancient earrings are displayed in the exhibition.
2,谠论,dǎng lùn,文章称赞他敢于发表谠论。,wén zhāng chēng zàn tā gǎn yú fā biǎo dǎng lùn.,The article praises him for expressing honest opinions.
2,大纛,dà dào,队伍前方飘着一面大纛。,duì wǔ qián fāng piāo zhe yī miàn dà dào.,A large banner waves at the front of the procession.
2,纛,dào,纛是古代军中的大旗。,dào shì gǔ dài jūn zhōng de dà qí.,Dao is a large military banner from ancient times.
2,鸣镝,míng dī,故事里，一支鸣镝划过天空。,"gù shi lǐ, yī zhī míng dī huá guò tiān kōng.","In the story, a whistling arrow flew through the sky."
2,氐族,dī zú,这本历史书介绍了古代氐族。,zhè běn lì shǐ shū jiè shào le gǔ dài dī zú.,This history book introduces the ancient Di people.
2,宝坻,bǎo dǐ,她周末去宝坻看望亲戚。,tā zhōu mò qù bǎo dǐ kàn wàng qīn qi.,She is visiting relatives in Baodi this weekend.
2,反坫,fǎn diàn,老师解释了古代宴会中的反坫。,lǎo shī jiě shì le gǔ dài yàn huì zhōng de fǎn diàn.,The teacher explained the ancient banquet custom of returning cups to a stand.
2,坫,diàn,坫是古代放器物的土台。,diàn shì gǔ dài fàng qì wù de tǔ tái.,Dian is an ancient earthen stand for utensils.
1,沉淀,chén diàn,杯底出现了少量沉淀。,bēi dǐ chū xiàn le shǎo liàng chén diàn.,A small amount of sediment appeared at the bottom of the cup.
2,铫子,diào zi,奶奶用铫子烧水。,nǎi nai yòng diào zi shāo shuǐ.,Grandma uses a small pot to boil water.
2,蚁垤,yǐ dié,树下有一个小小的蚁垤。,shù xià yǒu yī ge xiǎo xiǎo de yǐ dié.,There is a small anthill beneath the tree.
2,耄耋,mào dié,这位老人已经到了耄耋之年。,zhè wèi lǎo rén yǐ jīng dào le mào dié zhī nián.,This elderly person is already in very old age.
2,鲽鱼,dié yú,他买了两条鲽鱼。,tā mǎi le liǎng tiáo dié yú.,He bought two flounders.
2,玎珰,dīng dāng,风铃被风吹得玎珰作响。,fēng líng bèi fēng chuī de dīng dāng zuò xiǎng.,The wind chime tinkled in the breeze.
2,田垌,tián dòng,农民正在田垌里插秧。,nóng mín zhèng zài tián dòng lǐ chā yāng.,The farmers are transplanting rice in the paddy fields.
2,买椟,mǎi dú,老师讲解了买椟还珠的故事。,lǎo shī jiǎng jiě le mǎi dú huán zhū de gù shi.,The teacher explained the story of buying the box and returning the pearl.
2,髑髅,dú lóu,展柜里有一具动物髑髅。,zhǎn guì lǐ yǒu yī jù dòng wù dú lóu.,An animal skull is displayed in the cabinet.
2,怨怼,yuàn duì,他心中有些怨怼，但没有说出口。,"tā xīn zhōng yǒu xiē yuàn duì, dàn méi yǒu shuō chū kǒu.",He felt some resentment but did not express it.
2,石礅,shí dūn,老人坐在门口的石礅上。,lǎo rén zuò zài mén kǒu de shí dūn shàng.,The old man sat on a stone block by the door.
2,栏楯,lán dùn,工匠修好了桥边的栏楯。,gōng jiàng xiū hǎo le qiáo biān de lán dùn.,The craftsman repaired the railing along the bridge.
2,楯,dùn,楯在古文中可以指盾牌。,dùn zài gǔ wén zhōng kě yǐ zhǐ dùn pái.,Dun can mean a shield in classical Chinese.
2,土埵,tǔ duǒ,田边有一座土埵。,tián biān yǒu yī zuò tǔ duǒ.,There is a mound of earth beside the field.
2,莪术,é shù,植物图册里有一幅莪术的图片。,zhí wù tú cè lǐ yǒu yī fú é shù de tú piàn.,The plant guide contains a picture of zedoary.
2,鸸鹋,ér miáo,孩子在动物园里看到了鸸鹋。,hái zi zài dòng wù yuán lǐ kàn dào le ér miáo.,The child saw an emu at the zoo.
2,枋材,fāng cái,木匠把枋材搬进仓库。,mù jiàng bǎ fāng cái bān jìn cāng kù.,The carpenter carried the squared timber into the warehouse.
2,昉始,fǎng shǐ,古文用昉始表示开始。,gǔ wén yòng fǎng shǐ biǎo shì kāi shǐ.,Classical writing uses fǎngshǐ to mean beginning.
2,鲱鱼,fēi yú,商店出售鲱鱼，也出售新鲜水果。,"shāng diàn chū shòu fēi yú, yě chū shòu xīn xiān shuǐ guǒ.",The shop sells herring as well as fresh fruit.
2,淝水,féi shuǐ,他在地图上寻找淝水。,tā zài dì tú shàng xún zhǎo féi shuǐ.,He is looking for the Fei River on the map.
2,棻,fēn,棻指有香气的木材。,fēn zhǐ yǒu xiāng qì de mù cái.,Fen means fragrant wood.
2,棼乱,fén luàn,这段文字棼乱，难以看懂。,"zhè duàn wén zì fén luàn, nán yǐ kàn dǒng.",This passage is confusing and difficult to understand.
2,鼢鼠,fén shǔ,农田边出现了一只鼢鼠。,nóng tián biān chū xiàn le yī zhī fén shǔ.,A zokor appeared beside the farmland.
2,偾事,fèn shì,他担心一时冲动会偾事。,tā dān xīn yī shí chōng dòng huì fèn shì.,He worries that acting rashly could ruin the matter.
2,沨沨,fēng fēng,诗中用沨沨描写悠扬的乐声。,shī zhōng yòng fēng fēng miáo xiě yōu yáng de lè shēng.,The poem uses féngféng to describe melodious music.
2,葑菲,fēng fēi,古诗中提到了葑菲两种植物。,gǔ shī zhōng tí dào le fēng fēi liǎng zhòng zhí wù.,The ancient poem mentions turnips and a radish-like plant.
2,酆都,fēng dū,古书中出现了酆都这个地名。,gǔ shū zhōng chū xiàn le fēng dū zhè ge dì míng.,The place name Fengdu appears in an old book.
2,击缶,jī fǒu,他一边击缶，一边唱歌。,"tā yī biān jī fǒu, yī biān chàng gē.",He sings while keeping time on an earthenware vessel.
2,朱绂,zhū fú,画中官员的衣服上有朱绂。,huà zhōng guān yuán de yī fu shàng yǒu zhū fú.,The official's clothing in the painting includes a red ceremonial apron.
2,城郛,chéng fú,古文用城郛指城墙。,gǔ wén yòng chéng fú zhǐ chéng qiáng.,Classical writing uses chéngfú to mean city walls.
2,祓除,fú chú,这篇文章介绍了古代的祓除仪式。,zhè piān wén zhāng jiè shào le gǔ dài de fú chú yí shì.,This article describes an ancient purification ritual.
2,葭莩,jiā fú,葭莩是芦苇茎里的薄膜。,jiā fú shì lú wěi jīng lǐ de báo mó.,Jiāfú is the thin membrane inside a reed stem.
2,桴鼓,fú gǔ,展柜里放着古代的桴鼓。,zhǎn guì lǐ fàng zhe gǔ dài de fú gǔ.,An ancient drum and drumstick are displayed in the cabinet.
2,蜉蝣,fú yóu,河边飞着几只蜉蝣。,hé biān fēi zhe jǐ zhī fú yóu.,Several mayflies are flying beside the river.
2,幞头,fú tóu,画中的男子戴着幞头。,huà zhōng de nán zǐ dài zhe fú tóu.,The man in the painting wears an ancient head wrap.
2,黼黻,fǔ fú,这件古代礼服上绣有黼黻。,zhè jiàn gǔ dài lǐ fú shàng xiù yǒu fǔ fú.,This ancient ceremonial robe is embroidered with formal ornamental patterns.
0,反复,fǎn fù,这种类型的瓶子可以反复使用。,zhè zhǒng lèi xíng de píng zi kě yǐ fǎn fù shǐ yòng.,This type of bottle can be reused repeatedly.
2,鲋鱼,fù yú,古书中的鲋鱼通常指鲫鱼。,gǔ shū zhōng de fù yú tōng cháng zhǐ jì yú.,"In old books, fùyú usually refers to crucian carp."
2,赙仪,fù yí,亲友送来赙仪表示慰问。,qīn yǒu sòng lái fù yí biǎo shì wèi wèn.,Relatives and friends brought funeral gifts to express sympathy.
2,矸石,gān shí,矿工把矸石运到一旁。,kuàng gōng bǎ gān shí yùn dào yī páng.,The miners moved the waste rock to one side.
2,疳积,gān jī,这本中医书介绍了疳积。,zhè běn zhōng yī shū jiè shào le gān jī.,This book on Chinese medicine describes childhood nutritional disorders.
0,干材,gàn cái,这段古文称赞他有干材。,zhè duàn gǔ wén chēng zàn tā yǒu gàn cái.,This classical passage praises his ability to handle affairs.
2,淦水,gàn shuǐ,他沿着淦水走了一段路。,tā yán zhe gàn shuǐ zǒu le yī duàn lù.,He walked along the Gan River for a while.
2,郜国,gào guó,历史课上讲到了古代郜国。,lì shǐ kè shàng jiǎng dào le gǔ dài gào guó.,The ancient state of Gao was discussed in history class.
2,姓郜,xìng gào,她姓郜。,tā xìng gào.,Her surname is Gao.
2,回纥,huí hé,老师介绍了古代的回纥。,lǎo shī jiè shào le gǔ dài de huí hé.,The teacher introduced the ancient Huihe people.
2,百舸,bǎi gě,江上百舸争流，十分热闹。,"jiāng shàng bǎi gě zhēng liú, shí fēn rè nao.",Many boats race along the busy river.
2,绠短,gěng duǎn,绠短，水桶还够不到井水。,"gěng duǎn, shuǐ tǒng hái gòu bù dào jǐng shuǐ.",The rope is too short for the bucket to reach the well water.
2,鲠直,gěng zhí,他说话鲠直，从不绕弯子。,"tā shuō huà gěng zhí, cóng bù rào wān zi.",He speaks frankly and never beats around the bush.
2,觥筹,gōng chóu,古文中的觥筹指酒杯和酒令筹。,gǔ wén zhōng de gōng chóu zhǐ jiǔ bēi hé jiǔ lìng chóu.,"In classical writing, gōngchóu refers to wine cups and drinking-game counters."
2,缑山,gōu shān,他在地图上找到了缑山。,tā zài dì tú shàng zhǎo dào le gōu shān.,He found Mount Gou on the map.
2,鞲鹰,gōu yīng,画里的人正准备鞲鹰出猎。,huà lǐ de rén zhèng zhǔn bèi gōu yīng chū liè.,The person in the painting is preparing a hawk for hunting.
2,觏见,gòu jiàn,古文用觏见表示看见。,gǔ wén yòng gòu jiàn biǎo shì kàn jiàn.,Classical writing uses gòujiàn to mean seeing.
2,菰米,gū mǐ,她把菰米加入锅里煮。,tā bǎ gū mǐ jiā rù guō lǐ zhǔ.,She added wild rice to the pot to cook.
2,酤酒,gū jiǔ,故事中，他去小店酤酒。,"gù shi zhōng, tā qù xiǎo diàn gū jiǔ.","In the story, he went to a small shop to buy wine."
2,觚棱,gū léng,古建筑的屋顶上有高高的觚棱。,gǔ jiàn zhù de wū dǐng shàng yǒu gāo gāo de gū léng.,Tall corner ridges rise from the roof of the ancient building.
2,罟网,gǔ wǎng,渔夫正在修补罟网。,yú fū zhèng zài xiū bǔ gǔ wǎng.,The fisherman is repairing a fishing net.
2,诖误,guà wù,古文用诖误表示受牵连而犯错。,gǔ wén yòng guà wù biǎo shì shòu qiān lián ér fàn cuò.,Classical writing uses guàwù for being implicated in an error.
2,瓘,guàn,瓘是一种玉石的名称。,guàn shì yī zhǒng yù shí de míng chēng.,Guan is the name of a kind of jade.
2,妫水,guī shuǐ,地图上画出了妫水的流向。,dì tú shàng huà chū le guī shuǐ de liú xiàng.,The direction of the Gui River is shown on the map.
2,庋置,guǐ zhì,他把珍贵的书庋置在高架上。,tā bǎ zhēn guì de shū guǐ zhì zài gāo jià shàng.,He stored the valuable books on a high shelf.
2,庋藏,guǐ cáng,他把古籍庋藏在书柜里。,tā bǎ gǔ jí guǐ cáng zài shū guì lǐ.,He stores the ancient books in a bookcase.
2,票匦,piào guǐ,选民把选票投入票匦。,xuǎn mín bǎ xuǎn piào tóu rù piào guǐ.,The voter put the ballot into the ballot box.
2,绲边,gǔn biān,她给裙子缝了一道绲边。,tā gěi qún zi fèng le yī dào gǔn biān.,She sewed an edging onto the skirt.
2,鲧禹,gǔn yǔ,这本书讲述了鲧禹治水的传说。,zhè běn shū jiǎng shù le gǔn yǔ zhì shuǐ de chuán shuō.,This book tells the legend of Gun and Yu controlling floods.
2,玉琯,yù guǎn,展柜里有一支古代玉琯。,zhǎn guì lǐ yǒu yī zhī gǔ dài yù guǎn.,An ancient jade tube is displayed in the cabinet.
2,棺椁,guān guǒ,这篇文章介绍了古代的棺椁。,zhè piān wén zhāng jiè shào le gǔ dài de guān guǒ.,This article describes ancient inner and outer coffins.
2,醢酱,hǎi jiàng,古人把肉制成醢酱。,gǔ rén bǎ ròu zhì chéng hǎi jiàng.,People in ancient times made minced meat into a sauce.
2,绗缝,háng féng,她正在绗缝一条被子。,tā zhèng zài háng féng yī tiáo bèi zi.,She is quilting a blanket.
2,颉颃,xié háng,两只鸟在空中颉颃飞舞。,liǎng zhǐ niǎo zài kōng zhōng xié háng fēi wǔ.,Two birds rise and fall as they fly through the air.
2,灏瀚,hào hàn,古文用灏瀚形容水势广大。,gǔ wén yòng hào hàn xíng róng shuǐ shì guǎng dà.,Classical writing uses hàohàn to describe a vast expanse of water.
2,饸饹,hé le,他点了一碗热腾腾的饸饹。,tā diǎn le yī wǎn rè téng téng de hé le.,He ordered a steaming bowl of hele noodles.
2,青盉,qīng hé,展览介绍了古代的青盉。,zhǎn lǎn jiè shào le gǔ dài de qīng hé.,The exhibition introduces an ancient bronze wine-mixing vessel.
2,盉,hé,盉是古代调和酒水的器具。,hé shì gǔ dài tiáo hé jiǔ shuǐ de qì jù.,He is an ancient vessel for mixing wine and water.
2,靺鞨,mò hé,这本书介绍了古代靺鞨的历史。,zhè běn shū jiè shào le gǔ dài mò hé de lì shǐ.,This book describes the history of the ancient Mohe people.
2,桁条,héng tiáo,木工把桁条装到屋架上。,mù gōng bǎ héng tiáo zhuāng dào wū jià shàng.,The carpenter fitted the purlin onto the roof frame.
2,桁架,héng jià,这座桥用了钢桁架。,zhè zuò qiáo yòng le gāng héng jià.,This bridge uses steel trusses.
2,菜蕻,cài hóng,她把菜蕻洗净后放进锅里。,tā bǎ cài hóng xǐ jìng hòu fàng jìn guō lǐ.,She washed the vegetable stalks and put them into the pot.
2,鲎鱼,hòu yú,孩子在海边看到了鲎鱼。,hái zi zài hǎi biān kàn dào le hòu yú.,The child saw a horseshoe crab by the sea.
2,烧煳,shāo hú,锅里的饭不小心烧煳了。,guō lǐ de fàn bù xiǎo xīn shāo hú le.,The rice in the pot was accidentally burned.
2,槲树,hú shù,山坡上长着一棵槲树。,shān pō shàng zhǎng zhe yī kē hú shù.,A daimyo oak grows on the hillside.
0,胡同,hú tòng,走过胡同以后，他看见烧毁的房屋。,"zǒu guò hú tòng yǐ hòu, tā kàn jiàn shāo huǐ de fáng wū.","After passing through the alley, he saw the burned-out house."
2,觳觫,hú sù,小牛受到惊吓，觳觫不止。,"xiǎo niú shòu dào jīng xià, hú sù bù zhǐ.",The calf was frightened and kept trembling.
2,怙恃,hù shì,古文有时用怙恃指父母。,gǔ wén yǒu shí yòng hù shì zhǐ fù mǔ.,Classical writing sometimes uses hùshì to refer to one's parents.
2,笏板,hù bǎn,画中的官员手里拿着笏板。,huà zhōng de guān yuán shǒu lǐ ná zhe hù bǎn.,The official in the painting holds a ceremonial tablet.
2,鳇鱼,huáng yú,渔民在图册中认出了鳇鱼。,yú mín zài tú cè zhōng rèn chū le huáng yú.,The fisherman recognized a kaluga sturgeon in the illustrated guide.
2,虺蛇,huī shé,故事里出现了一条虺蛇。,gù shi lǐ chū xiàn le yī tiáo huī shé.,A venomous snake appears in the story.
2,虺颓,huī tuí,古文用虺颓形容疲惫的样子。,gǔ wén yòng huī tuí xíng róng pí bèi de yàng zi.,Classical writing uses huitui to describe exhaustion.
2,虺蜴,huǐ yì,古诗中的虺蜴与蜥蜴有关。,gǔ shī zhōng de huǐ yì yǔ xī yì yǒu guān.,The word huǐyì in the ancient poem is associated with lizards.
2,翚飞,huī fēi,古诗用翚飞比喻屋檐翘起。,gǔ shī yòng huī fēi bǐ yù wū yán qiào qǐ.,The ancient poem likens raised eaves to a pheasant in flight.
2,隳突,huī tū,古文用隳突描写横冲直撞。,gǔ wén yòng huī tū miáo xiě héng chōng zhí zhuàng.,Classical writing uses huītū to describe charging about recklessly.
0,烧毁,shāo huǐ,走过胡同以后，他看见烧毁的房屋。,"zǒu guò hú tòng yǐ hòu, tā kàn jiàn shāo huǐ de fáng wū.","After passing through the alley, he saw the burned-out house."
0,毁谤,huǐ bàng,请不要传播毁谤他人的话。,qǐng bù yào chuán bō huǐ bàng tā rén de huà.,Please do not spread slander about other people.
2,沟浍,gōu huì,雨水沿着田间的沟浍流走。,yǔ shuǐ yán zhe tián jiān de gōu huì liú zǒu.,Rainwater runs off through the drainage channels in the fields.
2,恚怒,huì nù,他听到这句话后心生恚怒。,tā tīng dào zhè jù huà hòu xīn shēng huì nù.,He became angry after hearing those words.
2,蟪蛄,huì gū,树上传来蟪蛄的叫声。,shù shàng chuán lái huì gū de jiào shēng.,The call of a cicada comes from the tree.
2,阍人,hūn rén,古文把守门的人称为阍人。,gǔ wén bǎ shǒu mén de rén chēng wéi hūn rén.,Classical writing calls a gatekeeper hūnrén.
2,溷浊,hùn zhuó,雨后，河水变得溷浊。,"yǔ hòu, hé shuǐ biàn de hùn zhuó.","After the rain, the river water became muddy."
2,嚄唶,huò zè,古书用嚄唶形容大声呼叫。,gǔ shū yòng huò zè xíng róng dà shēng hū jiào.,An old book uses huòzè to describe a loud shout.
2,攉土,huō tǔ,他拿着铁锹攉土，把土堆到一旁。,"tā ná zhe tiě qiāo huō tǔ, bǎ tǔ duī dào yī páng.",He used a shovel to move the soil and pile it to one side.
2,扶乩,fú jī,这篇文章介绍了扶乩的民俗。,zhè piān wén zhāng jiè shào le fú jī de mín sú.,This article describes the folk practice of spirit writing.
2,剞劂,jī jué,展柜里放着刻木用的剞劂。,zhǎn guì lǐ fàng zhe kè mù yòng de jī jué.,A carving tool is displayed in the cabinet.
2,赍志,jī zhì,诗中描写了赍志而终的人。,shī zhōng miáo xiě le jī zhì ér zhōng de rén.,The poem describes someone who died with an unfulfilled ambition.
2,齑粉,jī fěn,石块被打成了齑粉。,shí kuài bèi dǎ chéng le jī fěn.,The stone was crushed into fine powder.
0,北极,běi jí,北极的冰上没有高大的树木。,běi jí de bīng shàng méi yǒu gāo dà de shù mù.,There are no tall trees on the Arctic ice.
0,极点,jí diǎn,他的兴奋达到了极点。,tā de xīng fèn dá dào le jí diǎn.,His excitement reached its peak.
2,佶屈,jí qū,这篇古文佶屈，老师慢慢讲解。,"zhè piān gǔ wén jí qū, lǎo shī màn màn jiǎng jiě.","This classical text is difficult, so the teacher explains it slowly."
2,雷殛,léi jí,古文用雷殛表示被雷击中。,gǔ wén yòng léi jí biǎo shì bèi léi jī zhōng.,Classical writing uses léijí to mean being struck by lightning.
2,戢兵,jí bīng,故事里，双方决定戢兵休战。,"gù shi lǐ, shuāng fāng jué dìng jí bīng xiū zhàn.","In the story, both sides decided to put away their weapons and stop fighting."
2,虮虱,jǐ shī,这篇资料介绍了虮虱的区别。,zhè piān zī liào jiè shào le jǐ shī de qū bié.,This document explains the difference between nits and lice.
2,虮子,jǐ zi,她在头发上发现了虮子。,tā zài tóu fa shàng fā xiàn le jǐ zi.,She found a nit in the hair.
2,洎乎,jì hū,古文常用洎乎引出后来的事情。,gǔ wén cháng yòng jì hū yǐn chū hòu lái de shì qing.,Classical writing often uses jìhū to introduce what happened later.
2,自洎,,字目表中的自洎一词还需核实。,,The entry “自洎” in the source list still needs verification.
2,鲚鱼,jì yú,市场上有新鲜的鲚鱼。,shì chǎng shàng yǒu xīn xiān de jì yú.,Fresh anchovies are available at the market.
2,罽毯,jì tǎn,展厅里铺着一张罽毯。,zhǎn tīng lǐ pù zhe yī zhāng jì tǎn.,A woolen carpet is spread out in the exhibition hall.
2,草菅,cǎo jiān,诗中的草菅指田野里的杂草。,shī zhōng de cǎo jiān zhǐ tián yě lǐ de zá cǎo.,"In the poem, cǎojiān refers to weeds in the countryside."
2,湔洗,jiān xǐ,她用清水湔洗衣服上的污渍。,tā yòng qīng shuǐ jiān xǐ yī fu shàng de wū zì.,She washed the stain from the clothes with clean water.
2,枧水,jiǎn shuǐ,这份食谱要求加入少量枧水。,zhè fèn shí pǔ yāo qiú jiā rù shǎo liàng jiǎn shuǐ.,This recipe calls for a small amount of alkaline water.
2,戬谷,jiǎn gǔ,古书中的戬谷含有吉祥之意。,gǔ shū zhōng de jiǎn gǔ hán yǒu jí xiáng zhī yì.,Jiǎngǔ in old books carries a sense of good fortune.
2,蹇驴,jiǎn lǘ,故事中，他骑着一头蹇驴。,"gù shi zhōng, tā qí zhe yī tóu jiǎn lǘ.","In the story, he rides a lame donkey."
2,命蹇,mìng jiǎn,诗人感叹自己命蹇。,shī rén gǎn tàn zì jǐ mìng jiǎn.,The poet laments his unfortunate fate.
2,牮石,,字目表中的牮石一词还需核实。,,The entry “牮石” in the source list still needs verification.
0,僵尸,jiāng shī,这部电影里出现了僵尸。,zhè bù diàn yǐng lǐ chū xiàn le jiāng shī.,A zombie appears in this film.
2,糨糊,jiàng hu,他用糨糊把纸粘在一起。,tā yòng jiàng hu bǎ zhǐ zhān zài yī qǐ.,He used paste to stick the paper together.
2,秦艽,qín jiāo,植物图册里画着一株秦艽。,zhí wù tú cè lǐ huà zhe yī zhū qín jiāo.,The plant guide shows a large-leaf gentian.
2,鹪鹩,jiāo liáo,一只鹪鹩停在矮树枝上。,yī zhī jiāo liáo tíng zài ǎi shù zhī shàng.,A wren perched on a low branch.
2,藠头,jiào tou,奶奶把藠头泡进了坛子。,nǎi nai bǎ jiào tou pào jìn le tán zi.,Grandma put Chinese onions into the jar to pickle.
2,喈喈,jiē jiē,树上的鸟儿喈喈鸣叫。,shù shàng de niǎo r jiē jiē míng jiào.,The birds in the tree chirp melodiously.
2,圭玠,guī jiè,这本图册介绍了古代的圭玠。,zhè běn tú cè jiè shào le gǔ dài de guī jiè.,This illustrated book describes ancient jade tablets.
2,青衿,qīng jīn,古文常用青衿称呼读书人。,gǔ wén cháng yòng qīng jīn chēng hu dú shū rén.,Classical writing often uses qīngjīn to refer to scholars.
2,堇菜,jǐn cài,路边开着几朵堇菜花。,lù biān kāi zhe jǐ duǒ jǐn cài huā.,Several violets are blooming by the road.
2,堇堇,jǐn jǐn,古文中的堇堇表示数量很少。,gǔ wén zhōng de jǐn jǐn biǎo shì shù liàng hěn shǎo.,"In classical writing, jǐnjǐn indicates a very small amount."
2,荩草,jìn cǎo,学生在植物标本中找到了荩草。,xué sheng zài zhí wù biāo běn zhōng zhǎo dào le jìn cǎo.,The students found Japanese jointgrass among the plant specimens.
2,婧女,jìng nǚ,古文用婧女形容美好的女子。,gǔ wén yòng jìng nǚ xíng róng měi hǎo de nǚ zǐ.,Classical writing uses jìngnǚ to describe a beautiful woman.
2,门扃,mén jiōng,他检查了一下门扃是否牢固。,tā jiǎn chá le yī xià mén jiōng shì fǒu láo gù.,He checked whether the door bolt was secure.
2,苴麻,jū má,田里种着一片苴麻。,tián lǐ zhòng zhe yī piàn jū má.,A patch of female hemp plants grows in the field.
2,苴杖,jū zhàng,古代礼书中记载了苴杖。,gǔ dài lǐ shū zhōng jì zǎi le jū zhàng.,An ancient ritual book records the mourning staff.
2,琚瑀,jū yǔ,这件古代佩饰由琚瑀组成。,zhè jiàn gǔ dài pèi shì yóu jū yǔ zǔ chéng.,This ancient pendant is made up of jade ornaments.
2,椐木,jū mù,工匠用椐木做了一根手杖。,gōng jiàng yòng jū mù zuò le yī gēn shǒu zhàng.,The craftsman made a walking stick from ju wood.
2,雎鸠,jū jiū,我们在古诗里读到了雎鸠。,wǒ men zài gǔ shī lǐ dú dào le jū jiū.,We read about the bird jūjiū in an ancient poem.
2,蒟酱,jǔ jiàng,古书里记载了一种叫蒟酱的植物。,gǔ shū lǐ jì zǎi le yī zhǒng jiào jǔ jiàng de zhí wù.,An old book records a plant called jǔjiàng.
2,蒟蒻,jǔ ruò,这份点心是用蒟蒻做的。,zhè fèn diǎn xin shì yòng jǔ ruò zuò de.,This snack is made from konjac.
2,讵料,jù liào,讵料天忽然下起雨来。,jù liào tiān hū rán xià qǐ yǔ lái.,Who would have expected it to start raining suddenly?
2,讵知,jù zhī,古文用讵知表示怎能知道。,gǔ wén yòng jù zhī biǎo shì zěn néng zhī dào.,Classical writing uses jùzhī to mean how could one know.
2,屦履,jù lǚ,古文常用屦履指鞋子。,gǔ wén cháng yòng jù lǚ zhǐ xié zi.,Classical writing often uses jùlǚ to refer to shoes.
2,狷介,juàn jiè,他性情狷介，不肯随便妥协。,"tā xìng qíng juàn jiè, bù kěn suí biàn tuǒ xié.",He is principled and unwilling to compromise casually.
2,夬,guài,夬是易经中的一个卦名。,guài shì yì jīng zhōng de yī ge guà míng.,Guai is the name of a hexagram in the Book of Changes.
2,玉玦,yù jué,展柜中放着一枚玉玦。,zhǎn guì zhōng fàng zhe yī méi yù jué.,An open-ring jade pendant is displayed in the cabinet.
2,爝火,jué huǒ,夜里，爝火照亮了小路。,"yè li, jué huǒ zhào liàng le xiǎo lù.",A small torch lit the path at night.
2,爝炬,jué jù,古书把火把称作爝炬。,gǔ shū bǎ huǒ bǎ chēng zuò jué jù.,An old book calls a torch juéjù.
2,皲裂,jūn liè,天气太冷，她的手指皲裂了。,"tiān qì tài lěng, tā de shǒu zhǐ jūn liè le.",The weather was so cold that her fingers became chapped.
2,剀切,kǎi qiè,老师的建议剀切而具体。,lǎo shī de jiàn yì kǎi qiè ér jù tǐ.,The teacher's advice is earnest and specific.
2,剀导,kǎi dǎo,他耐心剀导，帮助孩子改错。,"tā nài xīn kǎi dǎo, bāng zhù hái zi gǎi cuò.",He patiently guided the child toward correcting the mistake.
2,尻骨,kāo gǔ,老师在骨骼模型上指出尻骨。,lǎo shī zài gǔ gé mó xíng shàng zhǐ chū kāo gǔ.,The teacher pointed to the tailbone on the skeleton model.
2,栲栳,kǎo lǎo,奶奶用栲栳装收下的豆子。,nǎi nai yòng kǎo lǎo zhuāng shōu xià de dòu zi.,Grandma uses a wicker basket to hold the harvested beans.
2,沉疴,chén kē,这篇文章讨论社会的沉疴。,zhè piān wén zhāng tǎo lùn shè huì de chén kē.,This article discusses society's deep-rooted problems.
2,痼疴,gù kē,他希望医生能治好自己的痼疴。,tā xī wàng yī shēng néng zhì hǎo zì jǐ de gù kē.,He hopes the doctor can cure his long-standing illness.
2,刳木,kū mù,古人刳木为舟。,gǔ rén kū mù wéi zhōu.,People in ancient times hollowed out wood to make boats.
2,帝喾,dì kù,历史书介绍了传说中的帝喾。,lì shǐ shū jiè shào le chuán shuō zhōng de dì kù.,The history book introduces the legendary Emperor Ku.
2,诓骗,kuāng piàn,他差点被陌生人诓骗。,tā chà diǎn bèi mò shēng rén kuāng piàn.,He was almost swindled by a stranger.
2,贶赠,kuàng zèng,古文用贶赠表示赠送礼物。,gǔ wén yòng kuàng zèng biǎo shì zèng sòng lǐ wù.,Classical writing uses kuàngzèng to mean giving gifts.
2,悝,kuī,悝在古文中有嘲笑的意思。,kuī zài gǔ wén zhōng yǒu cháo xiào de yì si.,Kui can mean to ridicule in classical Chinese.
2,悝,lǐ,悝在古文中也可表示忧愁。,lǐ zài gǔ wén zhōng yě kě biǎo shì yōu chóu.,Li can also mean sorrow in classical Chinese.
2,暌违,kuí wéi,古文常用暌违表示久别。,gǔ wén cháng yòng kuí wéi biǎo shì jiǔ bié.,Classical writing often uses kuíwéi to mean a long separation.
2,跬步,kuǐ bù,只要坚持，跬步也能走远。,"zhǐ yào jiān chí, kuǐ bù yě néng zǒu yuǎn.","With persistence, even half-steps can take you far."
2,愦乱,kuì luàn,他心中愦乱，难以作出决定。,"tā xīn zhōng kuì luàn, nán yǐ zuò chū jué dìng.","His mind was confused, and he could not make a decision."
2,焜煌,kūn huáng,灯火把大厅照得焜煌明亮。,dēng huǒ bǎ dà tīng zhào de kūn huáng míng liàng.,The lights made the hall bright and splendid.
2,阃内,kǔn nèi,古书用阃内指家庭之中。,gǔ shū yòng kǔn nèi zhǐ jiā tíng zhī zhōng.,An old book uses kǔnnèi to refer to the inside of a household.
2,蛞蝓,kuò yú,菜叶下面藏着一只蛞蝓。,cài yè xià miàn cáng zhe yī zhī kuò yú.,A slug is hiding beneath the vegetable leaf.
0,蜡祭,zhà jì,老师介绍了古代年终的蜡祭。,lǎo shī jiè shào le gǔ dài nián zhōng de zhà jì.,The teacher introduced the ancient year-end zha sacrifice.
0,蜡,là,这根蜡烛用蜂蜡制成。,zhè gēn là zhú yòng fēng là zhì chéng.,This candle is made from beeswax.
2,罱泥,lǎn ní,船上的工人正在罱泥。,chuán shàng de gōng rén zhèng zài lǎn ní.,The workers on the boat are scooping up river mud.
2,锒铛,láng dāng,小说描写囚犯锒铛入狱。,xiǎo shuō miáo xiě qiú fàn láng dāng rù yù.,The novel describes a prisoner being sent to jail in chains.
2,稂莠,láng yǒu,农民清除了田里的稂莠。,nóng mín qīng chú le tián lǐ de láng yǒu.,The farmers cleared the weeds from the field.
2,蒗蕖,làng qú,他在地图上找蒗蕖这个地名。,tā zài dì tú shàng zhǎo làng qú zhè ge dì míng.,He is looking for the place name Langqu on the map.
2,手泐,shǒu lè,这封旧信的结尾写着手泐。,zhè fēng jiù xìn de jié wěi xiě zhe shǒu lè.,The old letter ends with a word indicating it was handwritten.
2,嫘祖,léi zǔ,传说中，嫘祖与养蚕有关。,"chuán shuō zhōng, léi zǔ yǔ yǎng cán yǒu guān.","In legend, Leizu is associated with raising silkworms."
2,缧绁,léi xiè,古文中的缧绁可指牢狱。,gǔ wén zhōng de léi xiè kě zhǐ láo yù.,"In classical writing, léixiè can refer to imprisonment."
2,诔文,lěi wén,他写了一篇诔文悼念朋友。,tā xiě le yī piān lěi wén dào niàn péng you.,He wrote a eulogy in memory of his friend.
2,酹酒,lèi jiǔ,他向地上酹酒，表达悼念。,"tā xiàng dì shang lèi jiǔ, biǎo dá dào niàn.",He poured wine onto the ground as a memorial offering.
2,酹祭,lèi jì,这篇文章介绍了酹祭的习俗。,zhè piān wén zhāng jiè shào le lèi jì de xí sú.,This article describes the custom of offering wine in remembrance.
1,漓江,lí jiāng,我们坐船游览了漓江。,wǒ men zuò chuán yóu lǎn le lí jiāng.,We took a boat trip on the Li River.
2,结缡,jié lí,古文用结缡表示成婚。,gǔ wén yòng jié lí biǎo shì chéng hūn.,Classical writing uses jiélí to mean getting married.
2,嫠妇,lí fù,古书中的嫠妇指寡妇。,gǔ shū zhōng de lí fù zhǐ guǎ fu.,"In old books, lífù means a widow."
2,鳢鱼,lǐ yú,他在鱼类图册里找到了鳢鱼。,tā zài yú lèi tú cè lǐ zhǎo dào le lǐ yú.,He found a snakehead fish in the fish guide.
2,伏枥,fú lì,诗中的老马伏枥而志向未改。,shī zhōng de lǎo mǎ fú lì ér zhì xiàng wèi gǎi.,The old horse in the poem rests by its manger without losing its ambition.
2,郦邑,lì yì,他在历史地图上寻找郦邑。,tā zài lì shǐ dì tú shàng xún zhǎo lì yì.,He is looking for Liyi on a historical map.
2,粝食,lì shí,故事中的一家人每天吃粝食。,gù shi zhōng de yī jiā rén měi tiān chī lì shí.,The family in the story eats coarse food every day.
2,卓跞,zhuó lì,文章赞扬了他的卓跞才华。,wén zhāng zàn yáng le tā de zhuó lì cái huá.,The article praises his exceptional talent.
2,跞动,lì dòng,古书用跞动表示行走或移动。,gǔ shū yòng lì dòng biǎo shì xíng zǒu huò yí dòng.,An old book uses lìdòng to mean walking or moving.
2,觱篥,bì lì,乐师拿起觱篥吹奏起来。,yuè shī ná qǐ bì lì chuī zòu qǐ lai.,The musician picked up the bili reed instrument and began to play.
2,琏瑚,liǎn hú,图册里介绍了祭祀用的琏瑚。,tú cè lǐ jiè shào le jì sì yòng de liǎn hú.,The illustrated book describes ritual vessels called liǎnhú.
2,靓妆,jìng zhuāng,诗中描写了女子的靓妆。,shī zhōng miáo xiě le nǚ zǐ de jìng zhuāng.,The poem describes a woman's beautiful adornment.
2,靓丽,liàng lì,这件蓝色外套十分靓丽。,zhè jiàn lán sè wài tào shí fēn liàng lì.,This blue coat is very attractive.
2,鹩鹩,,字目表中的鹩鹩一词还需核实。,,The entry “鹩鹩” in the source list still needs verification.
2,清洌,qīng liè,山间泉水清洌见底。,shān jiān quán shuǐ qīng liè jiàn dǐ.,The mountain spring water is clear enough to see the bottom.
2,等埒,děng liè,古文用等埒表示相等。,gǔ wén yòng děng liè biǎo shì xiāng děng.,Classical writing uses děngliè to mean equal.
2,躐等,liè děng,古代礼书不赞成躐等而行。,gǔ dài lǐ shū bù zàn chéng liè děng ér xíng.,Ancient ritual books discouraged skipping ranks.
2,辚辚,lín lín,远处传来车轮辚辚的声音。,yuǎn chù chuán lái chē lún lín lín de shēng yīn.,The rumbling of wheels came from the distance.
2,冕旒,miǎn liú,画中的君王戴着冕旒。,huà zhōng de jūn wáng dài zhe miǎn liú.,The ruler in the painting wears a ceremonial crown with hanging strings.
2,鎏金,liú jīn,这件铜器表面带有鎏金。,zhè jiàn tóng qì biǎo miàn dài yǒu liú jīn.,The surface of this bronze object is gilded.
2,泷水,shuāng shuǐ,地图上标出了泷水的位置。,dì tú shàng biāo chū le shuāng shuǐ de wèi zhì.,The Shuang River is marked on the map.
2,泷濑,lóng lài,古文用泷濑描写急流。,gǔ wén yòng lóng lài miáo xiě jí liú.,Classical writing uses lónglài to describe rapids.
2,奔泷,bēn lóng,山间奔泷发出轰鸣声。,shān jiān bēn lóng fā chū hōng míng shēng.,The rushing mountain stream roars.
2,癃闭,lóng bì,这本中医书解释了癃闭。,zhè běn zhōng yī shū jiě shì le lóng bì.,This book on Chinese medicine explains urinary obstruction.
2,黄栌,huáng lú,秋天，黄栌的叶子变红了。,"qiū tiān, huáng lú de yè zi biàn hóng le.","In autumn, the smoke tree's leaves turn red."
2,玉辂,yù lù,图册中画着装饰华美的玉辂。,tú cè zhōng huà zhe zhuāng shì huá měi de yù lù.,The illustrated book shows an ornate jade-adorned imperial carriage.
2,渌水,lù shuǐ,诗中的渌水清澈平静。,shī zhōng de lù shuǐ qīng chè píng jìng.,The clear water in the poem is calm.
2,桫椤,suō luó,植物园里种着一株桫椤。,zhí wù yuán lǐ zhòng zhe yī zhū suō luó.,A tree fern grows in the botanical garden.
2,泺水,luò shuǐ,他在地图上查找泺水。,tā zài dì tú shàng chá zhǎo luò shuǐ.,He is looking for the Luo River on the map.
2,荦荦,luò luò,古文用荦荦形容事情明显。,gǔ wén yòng luò luò xíng róng shì qing míng xiǎn.,Classical writing uses luòluò to describe something conspicuous.
2,雒水,luò shuǐ,这篇古文提到了雒水。,zhè piān gǔ wén tí dào le luò shuǐ.,This classical text mentions the Luo River.
2,漯河,luò hé,她乘火车去漯河。,tā chéng huǒ chē qù luò hé.,She is taking the train to Luohe.
2,膂力,lǚ lì,这份工作需要很强的膂力。,zhè fèn gōng zuò xū yào hěn qiáng de lǚ lì.,This job requires considerable physical strength.
2,勉劢,miǎn mài,古文用勉劢表示努力。,gǔ wén yòng miǎn mài biǎo shì nǔ lì.,Classical writing uses miǎnmài to mean making an effort.
2,镘刀,màn dāo,泥瓦匠用镘刀抹平墙面。,ní wǎ jiàng yòng màn dāo mǒ píng qiáng miàn.,The mason smoothed the wall with a trowel.
2,镘板,màn bǎn,工人拿着镘板处理墙面。,gōng rén ná zhe màn bǎn chǔ lǐ qiáng miàn.,The worker is finishing the wall with a plastering float.
2,硭硝,máng xiāo,实验课上介绍了硭硝样品。,shí yàn kè shàng jiè shào le máng xiāo yàng pǐn.,A sodium sulfate sample was introduced in the laboratory class.
2,茆屋,máo wū,山边有一间小小的茆屋。,shān biān yǒu yī jiān xiǎo xiǎo de máo wū.,There is a small thatched cottage by the mountain.
2,茅茆,máo máo,诗中提到屋顶所用的茅茆。,shī zhōng tí dào wū dǐng suǒ yòng de máo máo.,The poem mentions the thatching grass used on the roof.
2,旄节,máo jié,使臣手中拿着一根旄节。,shǐ chén shǒu zhōng ná zhe yī gēn máo jié.,The envoy holds a ceremonial staff with a yak-tail ornament.
2,旄旗,máo qí,队伍前面飘着一面旄旗。,duì wǔ qián miàn piāo zhe yī miàn máo qí.,A flag decorated with yak hair waves at the front of the procession.
2,斑蝥,bān máo,他在昆虫图册中看到了斑蝥。,tā zài kūn chóng tú cè zhōng kàn dào le bān máo.,He saw a blister beetle in the insect guide.
2,螫蝥,,字目表中的提示词螫蝥还需核实。,,The entry “螫蝥” in the source list still needs verification.
2,虫蝥,,字目表中的提示词虫蝥还需核实。,,The entry “虫蝥” in the source list still needs verification.
2,毒蝥,,字目表中的提示词毒蝥还需核实。,,The entry “毒蝥” in the source list still needs verification.
2,蟊贼,máo zéi,古文用蟊贼比喻害人的人。,gǔ wén yòng máo zéi bǐ yù hài rén de rén.,Classical writing uses máozéi to describe people who harm others.
2,芼羹,mào gēng,古书用芼羹指菜肉做的汤。,gǔ shū yòng mào gēng zhǐ cài ròu zuò de tāng.,An old book uses màogēng for a soup made with vegetables and meat.
2,芼菜,mào cài,古文中的芼菜是选择菜蔬。,gǔ wén zhōng de mào cài shì xuǎn zé cài shū.,"In classical writing, màocài means selecting vegetables."
2,瞀乱,mào luàn,他一时瞀乱，不知该怎么办。,"tā yī shí mào luàn, bù zhī gāi zěn me bàn.",He became confused for a moment and did not know what to do.
2,郿县,méi xiàn,这张古地图上标着郿县。,zhè zhāng gǔ dì tú shàng biāo zhe méi xiàn.,Mei County is marked on this old map.
2,瞢腾,méng téng,他刚醒来，头脑还很瞢腾。,"tā gāng xǐng lái, tóu nǎo hái hěn méng téng.",He has just woken up and is still drowsy and confused.
2,艨冲,méng chōng,古书里描写了一艘艨冲。,gǔ shū lǐ miáo xiě le yī sōu méng chōng.,An ancient warship is described in the old book.
2,祢衡,mí héng,老师讲述了祢衡的故事。,lǎo shī jiǎng shù le mí héng de gù shi.,The teacher told the story of Mi Heng.
2,宓妃,fú fēi,古代传说把宓妃称为洛水女神。,gǔ dài chuán shuō bǎ fú fēi chēng wéi luò shuǐ nǚ shén.,Ancient legend calls Fufei the goddess of the Luo River.
2,宓穆,mì mù,古文用宓穆形容安静平和。,gǔ wén yòng mì mù xíng róng ān jìng píng hé.,Classical writing uses mìmù to describe peaceful stillness.
2,黾勉,mǐn miǎn,他黾勉工作，不肯懈怠。,"tā mǐn miǎn gōng zuò, bù kěn xiè dài.",He works diligently and refuses to slack off.
2,黾塞,mǐn sài,他在古地图上寻找黾塞。,tā zài gǔ dì tú shàng xún zhǎo mǐn sài.,He is looking for Minsai on an old map.
2,黾池,miǎn chí,古书中的黾池就是渑池。,gǔ shū zhōng de miǎn chí jiù shì miǎn chí.,"In old books, Miǎnchí is another spelling of Mianchi."
2,眄视,miàn shì,他回头眄视了一眼门口。,tā huí tóu miàn shì le yī yǎn mén kǒu.,He turned back and glanced toward the doorway.
2,眄睨,miàn nì,画中人物正在眄睨远处。,huà zhōng rén wù zhèng zài miàn nì yuǎn chù.,The person in the painting is looking sideways into the distance.
2,岁杪,suì miǎo,岁杪将至，大家准备过年。,"suì miǎo jiāng zhì, dà jiā zhǔn bèi guò nián.","The year is drawing to a close, and everyone is preparing for the New Year."
0,污蔑,wū miè,他拒绝接受对朋友的污蔑。,tā jù jué jiē shòu duì péng you de wū miè.,He refused to accept slander about his friend.
2,旻天,mín tiān,古诗用旻天称呼秋日的天空。,gǔ shī yòng mín tiān chēng hu qiū rì de tiān kōng.,The ancient poem uses míntiān for the autumn sky.
2,珉玉,mín yù,图册中画着一块珉玉。,tú cè zhōng huà zhe yī kuài mín yù.,The illustrated book shows a jade-like ornamental stone.
2,嫫母,mó mǔ,他在古代传说中读到了嫫母。,tā zài gǔ dài chuán shuō zhōng dú dào le mó mǔ.,He read about Momo in an ancient legend.
2,貊人,mò rén,这本书介绍了古代貊人。,zhè běn shū jiè shào le gǔ dài mò rén.,This book introduces the ancient Mo people.
2,民瘼,mín mò,他走访村庄，了解当地民瘼。,"tā zǒu fǎng cūn zhuāng, liǎo jiě dāng dì mín mò.",He visited the villages to learn about local people's hardships.
2,相侔,xiāng móu,两件作品的价值大致相侔。,liǎng jiàn zuò pǐn de jià zhí dà zhì xiāng móu.,The two works are roughly equal in value.
2,兜鍪,dōu móu,展柜中放着一顶古代兜鍪。,zhǎn guì zhōng fàng zhe yī dǐng gǔ dài dōu móu.,An ancient battle helmet is displayed in the cabinet.
2,仫佬族,mù lǎo zú,她向朋友介绍仫佬族的节日。,tā xiàng péng you jiè shào mù lǎo zú de jié rì.,She introduced the Mulao people's festivals to her friend.
2,柰子,nài zi,这幅植物图画里有柰子。,zhè fú zhí wù tú huà lǐ yǒu nài zi.,This botanical illustration includes Chinese crabapples.
2,鼎鼐,dǐng nài,展览中陈列着古代鼎鼐。,zhǎn lǎn zhōng chén liè zhe gǔ dài dǐng nài.,Ancient cooking vessels are displayed in the exhibition.
2,鼐鼎,nài dǐng,这件鼐鼎比旁边的器物更大。,zhè jiàn nài dǐng bǐ páng biān de qì wù gèng dà.,This large cauldron is bigger than the object beside it.
2,牛腩,niú nǎn,妈妈炖了一锅牛腩。,mā ma dùn le yī guō niú nǎn.,Mom stewed a pot of beef brisket.
2,馕饼,náng bǐng,他买了两个热乎乎的馕饼。,tā mǎi le liǎng gè rè hū hū de náng bǐng.,He bought two warm naan breads.
2,齉鼻,nàng bí,他感冒了，说话有些齉鼻。,"tā gǎn mào le, shuō huà yǒu xiē nàng bí.",He has a cold and speaks with a blocked-nose sound.
2,硇砂,náo shā,这本矿物图册介绍了硇砂。,zhè běn kuàng wù tú cè jiè shào le náo shā.,This mineral guide describes sal ammoniac.
2,坭土,ní tǔ,方言中的坭土就是泥土。,fāng yán zhōng de ní tǔ jiù shì ní tǔ.,"In dialect, nítǔ means soil or mud."
2,袅袅,niǎo niǎo,炉中的烟袅袅升起。,lú zhōng de yān niǎo niǎo shēng qǐ.,Smoke rises in gentle curls from the stove.
0,宁静,níng jìng,腼腆的孩子喜欢宁静的地方。,miǎn tiǎn de hái zi xǐ huan níng jìng de dì fang.,The shy child likes peaceful places.
0,宁可,nìng kě,我宁可早点出门，也不愿迟到。,"wǒ nìng kě zǎo diǎn chū mén, yě bù yuàn chí dào.",I would rather leave early than arrive late.
2,杻械,chǒu xiè,博物馆里陈列着古代杻械。,bó wù guǎn lǐ chén liè zhe gǔ dài chǒu xiè.,Ancient shackles are displayed in the museum.
2,秾纤,nóng xiān,古文用秾纤描写身材的肥瘦。,gǔ wén yòng nóng xiān miáo xiě shēn cái de féi shòu.,Classical writing uses nóngxiān to describe a figure's fullness or slenderness.
2,秾华,nóng huá,诗中用秾华形容花开得繁盛。,shī zhōng yòng nóng huá xíng róng huā kāi de fán shèng.,The poem uses nónghuá to describe flowers blooming abundantly.
2,妻孥,qī nú,古书用妻孥指妻子和儿女。,gǔ shū yòng qī nú zhǐ qī zi hé ér nǚ.,An old book uses qīnú to mean one's wife and children.
2,驽马,nú mǎ,故事中的驽马拉着一辆旧车。,gù shi zhōng de nú mǎ lā zhe yī liàng jiù chē.,The poor horse in the story pulls an old cart.
2,雱雱,pāng pāng,诗中描写了大雪雱雱的景象。,shī zhōng miáo xiě le dà xuě pāng pāng de jǐng xiàng.,The poem describes snow falling heavily.
2,姓逄,xìng páng,他姓逄。,tā xìng páng.,His surname is Pang.
2,尿脬,suī pāo,方言中的尿脬指膀胱。,fāng yán zhōng de suī pāo zhǐ páng guāng.,"In dialect, niàopāo means the bladder."
2,匏瓜,páo guā,院子里挂着几个成熟的匏瓜。,yuàn zi lǐ guà zhe jǐ ge chéng shú de páo guā.,Several ripe gourds hang in the courtyard.
2,水疱,shuǐ pào,她走了很远，脚上起了水疱。,"tā zǒu le hěn yuǎn, jiǎo shàng qǐ le shuǐ pào.",She walked a long way and developed a blister on her foot.
2,旌旆,jīng pèi,城头的旌旆在风中飘动。,chéng tóu de jīng pèi zài fēng zhōng piāo dòng.,The banners on the city wall flutter in the wind.
2,霈霖,pèi lín,古文用霈霖描写充足的雨水。,gǔ wén yòng pèi lín miáo xiě chōng zú de yǔ shuǐ.,Classical writing uses pèilín to describe plentiful rain.
2,蟛蜞,péng qí,河岸边爬着一只蟛蜞。,hé àn biān pá zhe yī zhī péng qí.,A small sesarmid crab is crawling along the riverbank.
2,纰缪,pī miù,他仔细检查文中的纰缪。,tā zǐ xì jiǎn chá wén zhōng de pī miù.,He carefully checks the errors in the text.
2,蚍蜉,pí fú,树根旁有几只蚍蜉。,shù gēn páng yǒu jǐ zhī pí fú.,Several large ants are near the tree roots.
2,埤堄,pí nì,游客站在城墙的埤堄旁拍照。,yóu kè zhàn zài chéng qiáng de pí nì páng pāi zhào.,The visitors took photos beside the battlements on the city wall.
2,熊罴,xióng pí,古文常用熊罴比喻勇士。,gǔ wén cháng yòng xióng pí bǐ yù yǒng shì.,Classical writing often uses xióngpí as a metaphor for brave warriors.
2,谝言,pián yán,他不相信那些夸张的谝言。,tā bù xiāng xìn nà xiē kuā zhāng de pián yán.,"He does not believe those exaggerated, glib words."
2,谝佞,pián nìng,古文批评了谝佞奉承的人。,gǔ wén pī píng le pián nìng fèng cheng de rén.,The classical text criticizes people who flatter with clever words.
2,谝口,pián kǒu,他爱谝口，总说夸大的话。,"tā ài pián kǒu, zǒng shuō kuā dà de huà.",He likes to boast and always exaggerates.
2,螵蛸,piāo xiāo,他在枝上找到了螵蛸。,tā zài zhī shàng zhǎo dào le piāo xiāo.,He found a mantis egg case on the branch.
2,饿殍,è piǎo,历史书里记载了灾荒中的饿殍。,lì shǐ shū lǐ jì zǎi le zāi huāng zhōng de è piǎo.,The history book records people who died of starvation during a famine.
2,殍殣,piǎo jìn,古文用殍殣指饿死的人。,gǔ wén yòng piǎo jìn zhǐ è sǐ de rén.,Classical writing uses piǎojìn to refer to people who starved to death.
2,流殍,liú piǎo,古书写到了灾荒中的流殍。,gǔ shū xiě dào le zāi huāng zhōng de liú piǎo.,The old book describes famine victims who died while wandering.
2,娉婷,pīng tíng,诗中描写她娉婷的身影。,shī zhōng miáo xiě tā pīng tíng de shēn yǐng.,The poem describes her graceful figure.
2,娉娉,pīng pīng,古诗用娉娉描写轻盈的姿态。,gǔ shī yòng pīng pīng miáo xiě qīng yíng de zī tài.,"The ancient poem uses pīngpīng to describe a light, graceful bearing."
0,凭证,píng zhèng,请保留付款凭证。,qǐng bǎo liú fù kuǎn píng zhèng.,Please keep the proof of payment.
2,棋枰,qí píng,他把棋子放在棋枰上。,tā bǎ qí zǐ fàng zài qí píng shàng.,He placed the pieces on the chessboard.
2,皤皤,pó pó,古诗中的老人白发皤皤。,gǔ shī zhōng de lǎo rén bái fà pó pó.,The old man in the ancient poem has snowy white hair.
2,皤然,pó rán,他年事已高，须发皤然。,"tā nián shì yǐ gāo, xū fà pó rán.","He is advanced in years, and his beard and hair are white."
2,一抔,yī póu,他从地上捧起一抔土。,tā cóng dì shang pěng qǐ yī póu tǔ.,He scooped up a handful of earth from the ground.
2,抔土,póu tǔ,古文用抔土表示一捧土。,gǔ wén yòng póu tǔ biǎo shì yī pěng tǔ.,Classical writing uses póutǔ to mean a handful of earth.
2,掊击,póu jī,这篇文章掊击了不合理的制度。,zhè piān wén zhāng póu jī le bù hé lǐ de zhì dù.,This article attacks an unreasonable system.
2,裒辑,póu jí,他花了多年裒辑这些旧诗。,tā huā le duō nián póu jí zhè xiē jiù shī.,He spent years collecting and compiling these old poems.
2,恓惶,xī huáng,他为生活奔忙，心中恓惶。,"tā wèi shēng huó bēn máng, xīn zhōng xī huáng.",He works hard to get by and feels troubled.
0,忧戚,yōu qī,听到坏消息，他心中忧戚。,"tīng dào huài xiāo xi, tā xīn zhōng yōu qī.",He felt sorrow after hearing the bad news.
2,豆萁,dòu qí,地上堆着晒干的豆萁。,dì shang duī zhe shài gān de dòu qí.,Dried bean stalks are piled on the ground.
2,萁草,qí cǎo,这份植物资料里提到了萁草。,zhè fèn zhí wù zī liào lǐ tí dào le qí cǎo.,This botanical document mentions the plant qícǎo.
2,骐骥,qí jì,古诗中描写了奔驰的骐骥。,gǔ shī zhōng miáo xiě le bēn chí de qí jì.,The ancient poem describes fine horses running swiftly.
2,鼎锜,dǐng qí,古代厨房中摆着鼎锜。,gǔ dài chú fáng zhōng bǎi zhe dǐng qí.,Cooking vessels stood in the ancient kitchen.
2,芑草,qǐ cǎo,这本植物图册介绍了芑草。,zhè běn zhí wù tú cè jiè shào le qǐ cǎo.,This plant guide describes the plant qǐcǎo.
2,屺山,qǐ shān,古书中的屺山指没有草木的山。,gǔ shū zhōng de qǐ shān zhǐ méi yǒu cǎo mù de shān.,"In old books, qǐshān means a mountain without vegetation."
2,肯綮,kěn qìng,他的分析切中了问题的肯綮。,tā de fēn xī qiè zhòng le wèn tí de kěn qìng.,His analysis reached the heart of the problem.
2,芊芊,qiān qiān,春天，河岸青草芊芊。,"chūn tiān, hé àn qīng cǎo qiān qiān.","In spring, lush green grass covers the riverbank."
2,芊绵,qiān mián,诗中描写了草木芊绵的景象。,shī zhōng miáo xiě le cǎo mù qiān mián de jǐng xiàng.,The poem describes vegetation growing thickly.
2,悭吝,qiān lìn,他十分悭吝，不愿多花一分钱。,"tā shí fēn qiān lìn, bù yuàn duō huā yī fēn qián.",He is very stingy and refuses to spend an extra cent.
2,搴旗,qiān qí,小说中的勇士冲上前去搴旗。,xiǎo shuō zhōng de yǒng shì chōng shàng qián qù qiān qí.,The warrior in the novel charged forward to capture the flag.
2,搴取,qiān qǔ,古文用搴取表示采摘。,gǔ wén yòng qiān qǔ biǎo shì cǎi zhāi.,Classical writing uses qiānqǔ to mean picking.
2,褰裳,qiān shang,他褰裳涉水，走过小河。,"tā qiān shang shè shuǐ, zǒu guò xiǎo hé.",He lifted his robe and waded across the stream.
2,缱绻,qiǎn quǎn,这首诗写出了两人的缱绻之情。,zhè shǒu shī xiě chū le liǎng rén de qiǎn quǎn zhī qíng.,This poem expresses the couple's deep and inseparable love.
2,椠本,qiàn běn,图书馆收藏着一部旧椠本。,tú shū guǎn shōu cáng zhe yī bù jiù qiàn běn.,The library holds an old woodblock-printed edition.
2,慊慊,qiàn qiàn,他心中慊慊，总觉得不够。,"tā xīn zhōng qiàn qiàn, zǒng jué de bù gòu.",He feels dissatisfied and always thinks it is not enough.
2,慊意,qiè yì,古文用慊意表示感到满意。,gǔ wén yòng qiè yì biǎo shì gǎn dào mǎn yì.,Classical writing uses qièyì to mean feeling satisfied.
2,蜣螂,qiāng láng,一只蜣螂正在滚动粪球。,yī zhī qiāng láng zhèng zài gǔn dòng fèn qiú.,A dung beetle is rolling a ball of dung.
2,桅樯,wéi qiáng,港口里可以看到许多桅樯。,gǎng kǒu lǐ kě yǐ kàn dào xǔ duō wéi qiáng.,Many masts can be seen in the harbor.
2,镪水,qiāng shuǐ,标签上写着镪水这个名称。,biāo qiān shàng xiě zhe qiāng shuǐ zhè ge míng chēng.,The label bears a colloquial name for strong acid.
2,硗瘠,qiāo jí,这里土地硗瘠，庄稼长得慢。,"zhè lǐ tǔ dì qiāo jí, zhuāng jia zhǎng de màn.","The soil here is poor and thin, so crops grow slowly."
2,谯楼,qiáo lóu,古城门上的谯楼保存完好。,gǔ chéng mén shàng de qiáo lóu bǎo cún wán hǎo.,The watchtower above the old city gate is well preserved.
2,愀然,qiǎo rán,听到这个消息，他神色愀然。,"tīng dào zhè ge xiāo xi, tā shén sè qiǎo rán.",His expression became grave when he heard the news.
2,骎骎,qīn qīn,古文用骎骎形容马跑得快。,gǔ wén yòng qīn qīn xíng róng mǎ pǎo de kuài.,Classical writing uses qīnqīn to describe a horse running swiftly.
2,骎寻,qīn xún,古文中的骎寻表示逐渐。,gǔ wén zhōng de qīn xún biǎo shì zhú jiàn.,"In classical writing, qīnxún means gradually."
2,溱水,qín shuǐ,古诗里提到了溱水。,gǔ shī lǐ tí dào le qín shuǐ.,The ancient poem mentions the Zhen River.
2,林檎,lín qín,她在图册里看到了林檎。,tā zài tú cè lǐ kàn dào le lín qín.,She saw Chinese crabapples in the illustrated guide.
2,灯檠,dēng qíng,展柜里放着一座古代灯檠。,zhǎn guì lǐ fàng zhe yī zuò gǔ dài dēng qíng.,An ancient lamp stand is displayed in the cabinet.
2,弓檠,gōng qíng,工匠用弓檠校正弓的形状。,gōng jiàng yòng gōng qíng jiào zhèng gōng de xíng zhuàng.,The craftsman uses a bow frame to correct the bow's shape.
2,檠架,qíng jià,古文用檠架比喻扶持。,gǔ wén yòng qíng jià bǐ yù fú chí.,Classical writing uses qíngjià as a metaphor for support.
2,黥刑,qíng xíng,这本书介绍了古代的黥刑。,zhè běn shū jiè shào le gǔ dài de qíng xíng.,This book describes the ancient punishment of facial tattooing.
2,筇竹,qióng zhú,老人拄着一根筇竹手杖。,lǎo rén zhǔ zhe yī gēn qióng zhú shǒu zhàng.,The old man walks with a qiong-bamboo cane.
2,蛩声,qióng shēng,夜里，窗外传来蛩声。,"yè li, chuāng wài zhuàn lái qióng shēng.","At night, the sound of crickets comes from outside the window."
2,犰狳,qiú yú,孩子在动物图册中看到了犰狳。,hái zi zài dòng wù tú cè zhōng kàn dào le qiú yú.,The child saw an armadillo in the animal guide.
2,高俅,gāo qiú,小说里出现了高俅。,xiǎo shuō lǐ chū xiàn le gāo qiú.,Gao Qiu appears in the novel.
2,好逑,hǎo qiú,古文用好逑表示好的配偶。,gǔ wén yòng hǎo qiú biǎo shì hǎo de pèi ǒu.,Classical writing uses hǎoqiú to mean a good spouse.
2,赇赂,qiú lù,古书中的赇赂就是贿赂。,gǔ shū zhōng de qiú lù jiù shì huì lù.,"In old books, qiúlù means bribery."
2,劬劳,qú láo,他感念父母养育自己的劬劳。,tā gǎn niàn fù mǔ yǎng yù zì jǐ de qú láo.,He is grateful for his parents' hard work in raising him.
2,临朐,lín qú,朋友邀请我去临朐玩。,péng you yāo qǐng wǒ qù lín qú wán.,My friend invited me to visit Linqu.
2,芙蕖,fú qú,池塘里的芙蕖开花了。,chí táng lǐ de fú qú kāi huā le.,The lotuses in the pond have bloomed.
2,砗磲,chē qú,海洋图册里有砗磲的照片。,hǎi yáng tú cè lǐ yǒu chē qú de zhào piàn.,The marine guide contains a photograph of a giant clam.
2,姓璩,xìng qú,她姓璩。,tā xìng qú.,Her surname is Qu.
2,蘧然,qú rán,听到好消息，他蘧然一笑。,"tīng dào hǎo xiāo xī, tā qú rán yī xiào.",He smiled in pleasant surprise at the good news.
2,蘧蘧,qú qú,古文用蘧蘧描写悠然自得。,gǔ wén yòng qú qú miáo xiě yōu rán zì dé.,Classical writing uses qúqú to describe being carefree and content.
2,悛改,quān gǎi,他承认过错，表示愿意悛改。,"tā chéng rèn guò cuò, biǎo shì yuàn yì quān gǎi.",He admitted his mistake and said he was willing to reform.
2,畎亩,quǎn mǔ,古文用畎亩指田地。,gǔ wén yòng quǎn mǔ zhǐ tián dì.,Classical writing uses quǎnmǔ to mean farmland.
2,绻绻,quǎn quǎn,古书用绻绻表示恳切的心意。,gǔ shū yòng quǎn quǎn biǎo shì kěn qiè de xīn yì.,An old book uses quǎnquǎn to describe sincere feelings.
2,诚悫,chéng què,他待人诚悫，从不说假话。,"tā dài rén chéng què, cóng bù shuō jiǎ huà.",He treats people sincerely and never lies.
0,确实,què shí,这件衣服确实很适合他。,zhè jiàn yī fu què shí hěn shì hé tā.,These clothes really suit him well.
2,洳湿,rù shī,雨后，这片低地十分洳湿。,"yǔ hòu, zhè piàn dī dì shí fēn rù shī.","After the rain, this low-lying area is very damp."
2,蓁蓁,zhēn zhēn,诗中写到树叶蓁蓁的景象。,shī zhōng xiě dào shù yè zhēn zhēn de jǐng xiàng.,The poem describes leaves growing luxuriantly.
2,溽暑,rù shǔ,溽暑天气里，他总想喝水。,"rù shǔ tiān qì lǐ, tā zǒng xiǎng hē shuǐ.","In hot and humid summer weather, he keeps wanting a drink."
0,洒脱,sǎ tuo,他的举止自然洒脱。,tā de jǔ zhǐ zì rán sǎ tuo.,His manner is natural and relaxed.
0,洒落,sǎ luò,阳光洒落在窗边的书上。,yáng guāng sǎ luò zài chuāng biān de shū shàng.,Sunlight falls gently onto the book by the window.
2,靸鞋,sǎ xié,古书中提到一种叫靸鞋的鞋。,gǔ shū zhōng tí dào yī zhǒng jiào sǎ xié de xié.,An old book mentions a type of shoe called sǎxié.
2,靸拉,sǎ lā,他靸拉着鞋走到门口。,tā sǎ lā zhe xié zǒu dào mén kǒu.,He shuffled to the doorway with the backs of his shoes trodden down.
2,馓子,sǎn zi,奶奶买了一包酥脆的馓子。,nǎi nai mǎi le yī bāo sū cuì de sǎn zi.,Grandma bought a bag of crisp fried noodle twists.
2,稽颡,qǐ sǎng,古人稽颡行礼，把额头贴近地面。,"gǔ rén qǐ sǎng xíng lǐ, bǎ é tóu tiē jìn dì miàn.",Ancient people bowed with their foreheads near the ground to show respect.
2,埽帚,sào zhǒu,奶奶拿起埽帚，扫净门前落叶。,"nǎi nai ná qǐ sào zhǒu, sǎo jìng mén qián luò yè.",Grandma picked up the broom and swept away the leaves outside the door.
2,堤埽,dī sào,工人用堤埽保护河岸，防止水流冲刷。,"gōng rén yòng dī sào bǎo hù hé àn, fáng zhǐ shuǐ liú chōng shuā.",Workers used bundles of brushwood to protect the riverbank from erosion.
2,铩羽,shā yǔ,比赛铩羽而归，他仍没有放弃。,"bǐ sài shā yǔ ér guī, tā réng méi yǒu fàng qì.",He returned defeated from the competition but did not give up.
2,铩翼,shā yì,这只鸟铩翼受伤，暂时不能飞翔。,"zhè zhǐ niǎo shā yì shòu shāng, zàn shí bù néng fēi xiáng.",This bird has injured wings and cannot fly for now.
2,铩翮,shā hé,故事中的将军铩翮失意，独自回乡。,"gù shi zhōng de jiāng jūn shā hé shī yì, dú zì huí xiāng.","The general in the story returned home alone, defeated and discouraged."
2,歃血,shà xuè,古人歃血立誓，表示愿意共同守约。,"gǔ rén shà xuè lì shì, biǎo shì yuàn yì gòng tóng shǒu yuē.",Ancient people used blood in an oath to show a shared commitment to an agreement.
2,歃盟,shà méng,历史书描述了古代的歃盟仪式。,lì shǐ shū miáo shù le gǔ dài de shà méng yí shì.,The history book describes an ancient blood-oath ceremony.
2,骟马,shàn mǎ,牧场里有几匹温顺的骟马。,mù chǎng lǐ yǒu jǐ pǐ wēn shùn de shàn mǎ.,There are several gentle geldings at the farm.
2,觞咏,shāng yǒng,诗人聚在河边觞咏，边饮酒边写诗。,"shī rén jù zài hé biān shāng yǒng, biān yǐn jiǔ biān xiě shī.",The poets gathered by the river to drink wine and compose poems.
2,蛸虫,shāo chóng,蛸虫在墙角结网，等待小虫靠近。,"shāo chóng zài qiáng jiǎo jié wǎng, děng dài xiǎo chóng kào jìn.",The long-legged spider weaves a web in the corner and waits for small insects.
2,杓子,sháo zi,他用杓子盛汤，放进我的碗里。,"tā yòng sháo zi shèng tāng, fàng jìn wǒ de wǎn lǐ.",He used a scoop to serve soup into my bowl.
2,睄看,shào kàn,她睄看门外，发现朋友已经来了。,"tā shào kàn mén wài, fā xiàn péng you yǐ jīng lái le.",She glanced outside the door and noticed her friend had arrived.
2,哂笑,shěn xiào,面对夸大的说法，他只是哂笑。,"miàn duì kuā dà de shuō fǎ, tā zhǐ shì shěn xiào.",He merely sneered at the exaggerated claim.
2,谂知,shěn zhī,听完报告，大家谂知了事情的经过。,"tīng wán bào gào, dà jiā shěn zhī le shì qing de jīng guò.","After hearing the report, everyone learned what had happened."
0,升级,shēng jí,电脑升级后，打开文件更快了。,"diàn nǎo shēng jí hòu, dǎ kāi wén jiàn gèng kuài le.","After the computer was upgraded, files opened more quickly."
0,圣人,shèng rén,故事里的圣人以智慧帮助大家。,gù shi lǐ de shèng rén yǐ zhì huì bāng zhù dà jiā.,The sage in the story helped everyone with his wisdom.
2,晟明,,字目表中的晟明一词还需核实。,,The entry “晟明” in the source list still needs verification.
2,蓍草,shī cǎo,古人常用蓍草占筮，询问吉凶。,"gǔ rén cháng yòng shī cǎo zhān shì, xún wèn jí xiōng.",Ancient people often used yarrow stalks for divination to ask about fortune and misfortune.
2,鸡埘,jī shí,天黑以后，母鸡回到鸡埘里。,"tiān hēi yǐ hòu, mǔ jī huí dào jī shí lǐ.","After dark, the hens returned to the chicken coop."
2,莳花,shì huā,爷爷喜欢莳花，院子里开满鲜花。,"yé ye xǐ huan shì huā, yuàn zi lǐ kāi mǎn xiān huā.","Grandpa enjoys growing flowers, and the yard is full of blossoms."
2,湜湜,shí shí,河水湜湜，我们看得见水底石头。,"hé shuǐ shí shí, wǒ men kàn de jiàn shuǐ dǐ shí tou.","The river is clear, and we can see the stones on the bottom."
2,贳酒,shì jiǔ,古人贳酒，就是赊账买酒。,"gǔ rén shì jiǔ, jiù shì shē zhàng mǎi jiǔ.","In ancient usage, buying wine on credit meant taking it and paying later."
2,贳贷,shì dài,缺少钱时，他向邻居贳贷。,"quē shǎo qián shí, tā xiàng lín jū shì dài.","When short of money, he borrowed from a neighbor."
0,适,kuò,唐德宗名叫李适。,táng dé zōng míng jiào lǐ kuò.,The Tang emperor Dezong was named Li Kuo.
2,占筮,zhān shì,古人常用蓍草占筮，询问吉凶。,"gǔ rén cháng yòng shī cǎo zhān shì, xún wèn jí xiōng.",Ancient people often used yarrow stalks for divination to ask about fortune and misfortune.
2,摅陈,shū chén,他向朋友摅陈心事，感觉轻松了。,"tā xiàng péng you shū chén xīn shì, gǎn jué qīng sōng le.",He expressed his worries to a friend and felt relieved.
2,沭阳,shù yáng,我们准备去沭阳拜访老朋友。,wǒ men zhǔn bèi qù shù yáng bài fǎng lǎo péng you.,We are preparing to visit an old friend in Shuyang.
2,横槊,héng shuò,将军横槊而立，手里握着长矛。,"jiāng jūn héng shuò ér lì, shǒu lǐ wò zhe cháng máo.",The general stood holding his long spear sideways.
0,私家,sī jiā,这辆私家汽车可以连接网络。,zhè liàng sī jiā qì chē kě yǐ lián jiē wǎng luò.,This private car can connect to the internet.
2,澌灭,sī miè,希望没有澌灭，他仍然继续努力。,"xī wàng méi yǒu sī miè, tā réng rán jì xù nǔ lì.","His hope had not faded away, and he continued making an effort."
2,书笥,shū sì,父亲把旧书放进书笥，保存起来。,"fù qīn bǎ jiù shū fàng jìn shū sì, bǎo cún qǐ lai.",Father stored the old books in a book box.
2,竦立,sǒng lì,山峰竦立，远处看起来十分雄伟。,"shān fēng sǒng lì, yuǎn chù kàn qǐ lai shí fēn xióng wěi.",The mountain peaks rise high and look magnificent from a distance.
2,㧐,sǒng,㧐有挺起身体的意思。,sǒng yǒu tǐng qǐ shēn tǐ de yì si.,Song can mean straightening up the body.
1,溯流,sù liú,小船溯流而上，慢慢接近源头。,"xiǎo chuán sù liú ér shàng, màn màn jiē jìn yuán tóu.",The small boat traveled upstream and slowly approached the source.
2,谡谡,sù sù,松树谡谡，枝干挺拔有力。,"sōng shù sù sù, zhī gàn tǐng bá yǒu lì.","The pine trees stand strong and upright, with vigorous branches."
1,溯源,sù yuán,调查人员追查记录，为事件溯源。,"diào chá rén yuán zhuī chá jì lù, wèi shì jiàn sù yuán.",The investigators checked the records to trace the event's origin.
2,芫荽,yán suī,妈妈把芫荽撒在汤上，增加香味。,"mā ma bǎ yán suī sā zài tāng shàng, zēng jiā xiāng wèi.",Mom sprinkled coriander over the soup to add fragrance.
2,姓眭,xìng suī,他姓眭。,tā xìng suī.,His surname is Sui.
2,猴狲,hóu sūn,猴狲坐在树枝上，抱着一个果子。,"hóu sūn zuò zài shù zhī shàng, bào zhe yī ge guǒ zi.",The monkey sits on a branch holding a piece of fruit.
2,鹰隼,yīng sǔn,鹰隼飞过天空，寻找地上的猎物。,"yīng sǔn fēi guò tiān kōng, xún zhǎo dì shang de liè wù.","Birds of prey fly across the sky, looking for prey on the ground."
2,睃看,suō kàn,他向屋里睃看一眼，没有出声。,"tā xiàng wū lǐ suō kàn yī yǎn, méi yǒu chū shēng.",He glanced into the room without making a sound.
2,嗍奶,suō nǎi,婴儿闭着眼睛，安静地嗍奶。,"yīng ér bì zhe yǎn jing, ān jìng de suō nǎi.",The baby quietly suckles milk with its eyes closed.
2,铊毒,tā dú,医生怀疑铊毒，继续检查病因。,"yī shēng huái yí tā dú, jì xù jiǎn chá bìng yīn.",The doctor suspected thallium poisoning and continued investigating the cause.
2,门闼,mén tà,宫里的门闼高大，门前有人守卫。,"gōng lǐ de mén tà gāo dà, mén qián yǒu rén shǒu wèi.","The palace gate is tall, with guards stationed outside."
2,姓邰,xìng tái,他姓邰。,tā xìng tái.,His surname is Tai.
1,蒜薹,suàn tái,蒜薹炒熟以后，仍保留绿色。,"suàn tái chǎo shú yǐ hòu, réng bǎo liú lǜ sè.",The cooked garlic shoots still retain their green color.
2,骀荡,dài dàng,春风骀荡，走在河边很舒服。,"chūn fēng dài dàng, zǒu zài hé biān hěn shū fu.","The spring breeze is pleasant, making a riverside walk enjoyable."
2,骀骀,dài dài,疲惫的他脚步骀骀，走得很慢。,"pí bèi de tā jiǎo bù dài dài, zǒu de hěn màn.","His weary steps were sluggish, and he walked slowly."
2,煤炱,méi tái,烟囱里的煤炱弄黑了工人的手。,yān cōng lǐ de méi tái nòng hēi le gōng rén de shǒu.,Soot from the chimney blackened the worker's hands.
2,跆拳,tái quán,跆拳训练开始前，大家先热身。,"tái quán xùn liàn kāi shǐ qián, dà jiā xiān rè shēn.",Everyone warms up before starting taekwondo training.
2,剑镡,jiàn chán,工匠修好剑镡，使握剑更加稳固。,"gōng jiàng xiū hǎo jiàn chán, shǐ wò jiàn gèng jiā wěn gù.",The craftsman repaired the sword guard to make the grip more secure.
2,镡首,chán shǒu,展柜里摆着一件雕花的镡首。,zhǎn guì lǐ bǎi zhe yī jiàn diāo huā de chán shǒu.,An ornamented sword fitting is displayed in the cabinet.
2,刀镡,dāo chán,这把刀的刀镡挡在刀身和手柄之间。,zhè bǎ dāo de dāo chán dǎng zài dāo shēn hé shǒu bǐng zhī jiān.,This knife's guard stands between the blade and handle.
2,瑭,táng,瑭是一种玉石的名称。,táng shì yī zhǒng yù shí de míng chēng.,Tang is the name of a kind of jade.
2,镗床,táng chuáng,工人用镗床加工金属上的孔。,gōng rén yòng táng chuáng jiā gōng jīn shǔ shàng de kǒng.,The worker uses a boring machine to enlarge holes in metal.
2,邪慝,xié tè,书中批评邪慝，赞扬正直的人。,"shū zhōng pī píng xié tè, zàn yáng zhèng zhí de rén.",The book condemns wickedness and praises upright people.
2,绨袍,tí páo,天气冷了，他换上一件绨袍。,"tiān qì lěng le, tā huàn shàng yī jiàn tí páo.","As the weather grew cold, he put on a thick silk robe."
2,缇骑,tí jì,古代缇骑骑马出行，守护贵官。,"gǔ dài tí jì qí mǎ chū xíng, shǒu hù guì guān.",The mounted guards of ancient times rode alongside senior officials to protect them.
2,鳀鱼,tí yú,餐馆把鳀鱼烤好，装进小盘子。,"cān guǎn bǎ tí yú kǎo hǎo, zhuāng jìn xiǎo pán zi.",The restaurant grilled the anchovies and served them on a small plate.
2,畋猎,tián liè,古人到山中畋猎，寻找野兽。,"gǔ rén dào shān zhōng tián liè, xún zhǎo yě shòu.",Ancient people went hunting in the mountains for wild animals.
2,湉湉,tián tián,池水湉湉，水面几乎没有波纹。,"chí shuǐ tián tián, shuǐ miàn jī hū méi yǒu bō wén.","The pond is tranquil, with almost no ripples on its surface."
2,殄灭,tiǎn miè,村民希望殄灭害虫，保护庄稼。,"cūn mín xī wàng tiǎn miè hài chóng, bǎo hù zhuāng jia.",The villagers hope to eliminate the pests and protect their crops.
2,蜩螗,tiáo táng,树上的蜩螗叫个不停，十分热闹。,"shù shàng de tiáo táng jiào gè bù tíng, shí fēn rè nao.",The cicadas in the tree keep calling noisily.
2,髫年,tiáo nián,他从髫年起，就喜欢读书。,"tā cóng tiáo nián qǐ, jiù xǐ huan dú shū.",He has loved reading since childhood.
2,梃子,tǐng zi,工具的梃子断了，需要换一个。,"gōng jù de tǐng zi duàn le, xū yào huàn yī ge.",The tool's handle has broken and needs replacing.
2,抟风,tuán fēng,故事里的大鸟抟风而起，飞向高空。,"gù shi lǐ de dà niǎo tuán fēng ér qǐ, fēi xiàng gāo kōng.",The great bird in the story rose on the wind and flew into the sky.
2,酡颜,tuó yán,喝酒以后，他酡颜微笑。,"hē jiǔ yǐ hòu, tā tuó yán wēi xiào.","After drinking, he smiled with a flushed face."
2,橐驼,tuó tuó,沙漠中的橐驼背着行李慢慢走。,shā mò zhōng de tuó tuó bèi zhe xíng li màn màn zǒu.,The camel walks slowly through the desert carrying luggage.
2,鼍龙,tuó lóng,鼍龙躲在水里，只露出一双眼睛。,"tuó lóng duǒ zài shuǐ lǐ, zhǐ lù chū yī shuāng yǎn jīng.",The Chinese alligator hides in the water with only its eyes showing.
2,庹,tuǒ,庹是按两臂长度计量的单位。,tuǒ shì àn liǎng bì cháng dù jì liàng de dān wèi.,Tuo is a unit of length based on the span of outstretched arms.
2,芄兰,wán lán,芄兰缠绕在枝条上，慢慢生长。,"wán lán chán rào zài zhī tiáo shàng, màn màn shēng zhǎng.",The climbing plant winds around the branches as it grows.
2,紫菀,zǐ wǎn,花园里的紫菀开出了紫色花朵。,huā yuán lǐ de zǐ wǎn kāi chū le zǐ sè huā duǒ.,The asters in the garden produced purple blossoms.
2,菀柳,yù liǔ,河边的菀柳枝叶茂盛，投下树荫。,"hé biān de yù liǔ zhī yè mào shèng, tóu xià shù yīn.",The lush willow by the river casts shade with its thick foliage.
2,琬琰,wǎn yǎn,展览中的琬琰晶莹，看起来十分美丽。,"zhǎn lǎn zhōng de wǎn yǎn jīng yíng, kàn qǐ lai shí fēn měi lì.",The fine jade in the exhibition gleams beautifully.
0,上网,shàng wǎng,无论在哪里，他都喜欢上网看新闻。,"wú lùn zài nǎ lǐ, tā dōu xǐ huan shàng wǎng kàn xīn wén.","Wherever he is, he likes reading the news online."
2,山隈,shān wēi,山隈藏着小屋，水隈停着小船。,"shān wēi cáng zhe xiǎo wū, shuǐ wēi tíng zhe xiǎo chuán.","A cottage lies in a bend of the mountains, and a boat rests at a bend in the water."
2,水隈,shuǐ wēi,山隈藏着小屋，水隈停着小船。,"shān wēi cáng zhe xiǎo wū, shuǐ wēi tíng zhe xiǎo chuán.","A cottage lies in a bend of the mountains, and a boat rests at a bend in the water."
2,宫闱,gōng wéi,宫闱深处，灯光渐渐暗下来。,"gōng wéi shēn chù, dēng guāng jiàn jiàn àn xià lai.","Deep inside the palace, the lights gradually dim."
2,洧水,wěi shuǐ,历史地图标出了洧水的位置。,lì shǐ dì tú biāo chū le wěi shuǐ de wèi zhì.,The historical map marks the location of the Wei River.
2,鲔鱼,wěi yú,餐厅把鲔鱼切成小块，放进盘中。,"cān tīng bǎ wěi yú qiē chéng xiǎo kuài, fàng jìn pán zhōng.",The restaurant cut the tuna into small pieces and placed them on a plate.
2,圬工,wū gōng,圬工修好墙壁，屋里不再漏风。,"wū gōng xiū hǎo qiáng bì, wū lǐ bù zài lòu fēng.","The mason repaired the wall, stopping the draft inside."
0,无论,wú lùn,无论在哪里，他都喜欢上网看新闻。,"wú lùn zài nǎ lǐ, tā dōu xǐ huan shàng wǎng kàn xīn wén.","Wherever he is, he likes reading the news online."
2,鼯鼠,wú shǔ,鼯鼠从一棵树滑翔到另一棵树。,wú shǔ cóng yī kē shù huá xiáng dào lìng yī kē shù.,The flying squirrel glides from one tree to another.
2,仵作,wǔ zuò,古代仵作检查尸体，协助查明死因。,"gǔ dài wǔ zuò jiǎn chá shī tǐ, xié zhù chá míng sǐ yīn.",The coroner in ancient times examined bodies to help establish the cause of death.
2,迕逆,wù nì,他没有迕逆父母，而是耐心解释。,"tā méi yǒu wù nì fù mǔ, ér shì nài xīn jiě shì.",He patiently explained rather than defying his parents.
2,怃然,wǔ rán,听到坏消息，他怃然坐在门口。,"tīng dào huài xiāo xi, tā wǔ rán zuò zài mén kǒu.","After hearing the bad news, he sat dejectedly at the doorway."
2,鋈金,wù jīn,工匠在器物表面鋈金，使它发亮。,"gōng jiàng zài qì wù biǎo miàn wù jīn, shǐ tā fā liàng.",The craftsman plated the object's surface with metal to make it shine.
2,晞发,xī fà,洗头以后，她坐在阳光下晞发。,"xǐ tóu yǐ hòu, tā zuò zài yáng guāng xià xī fà.","After washing her hair, she sat in the sunshine to dry it."
2,粞米,xī mǐ,磨好的粞米和粞粉放在袋子里。,mó hǎo de xī mǐ hé xī fěn fàng zài dài zi lǐ.,The milled rice fragments and flour are stored in bags.
2,粞粉,xī fěn,磨好的粞米和粞粉放在袋子里。,mó hǎo de xī mǐ hé xī fěn fàng zài dài zi lǐ.,The milled rice fragments and flour are stored in bags.
2,醯醢,xī hǎi,厨师用醯醢调味，让菜更有滋味。,"chú shī yòng xī hǎi tiáo wèi, ràng cài gèng yǒu zī wèi.",The cook used a meat sauce seasoned with vinegar to flavor the dish.
2,隰地,xí dì,隰地低湿，适合一些水生植物生长。,"xí dì dī shī, shì hé yī xiē shuǐ shēng zhí wù shēng zhǎng.","The low, damp land supports certain aquatic plants."
2,畏葸,wèi xǐ,面对困难，不要畏葸不前。,"miàn duì kùn nan, bù yào wèi xǐ bù qián.",Do not let fear stop you from moving forward when facing difficulties.
2,饩羊,xì yáng,古书介绍了祭祀时使用饩羊的礼仪。,gǔ shū jiè shào le jì sì shí shǐ yòng xì yáng de lǐ yí.,The ancient book describes rituals using sacrificial sheep.
2,郤穴,xì xué,老师在图上指出郤穴的位置。,lǎo shī zài tú shàng zhǐ chū xì xué de wèi zhì.,The teacher pointed out the location of a cleft point on the diagram.
2,阋墙,xì qiáng,兄弟阋墙争吵，母亲劝他们和好。,"xiōng dì xì qiáng zhēng chǎo, mǔ qīn quàn tā men hé hǎo.","The brothers argued with each other, and their mother urged them to make peace."
2,舄,xì,舄是古代的一种鞋。,xì shì gǔ dài de yī zhǒng xié.,Xi is a type of shoe from ancient times.
2,槛柙,kǎn xiá,猛兽被关在槛柙里，不能自由走动。,"měng shòu bèi guān zài kǎn xiá lǐ, bù néng zì yóu zǒu dòng.",The wild beast was confined in a cage and could not move freely.
2,挦毛,xián máo,挦毛、挦扯和挦拔，都含有扯拔之意。,"xián máo, xián chě hé xián bá, dōu hán yǒu chě bá zhī yì.",These three old terms all involve pulling or plucking.
2,挦扯,xián chě,挦毛、挦扯和挦拔，都含有扯拔之意。,"xián máo, xián chě hé xián bá, dōu hán yǒu chě bá zhī yì.",These three old terms all involve pulling or plucking.
2,挦拔,xián bá,挦毛、挦扯和挦拔，都含有扯拔之意。,"xián máo, xián chě hé xián bá, dōu hán yǒu chě bá zhī yì.",These three old terms all involve pulling or plucking.
2,白鹇,bái xián,白鹇站在林间，展开美丽的羽毛。,"bái xián zhàn zài lín jiān, zhǎn kāi měi lì de yǔ máo.",The silver pheasant stands in the woods and spreads its beautiful feathers.
2,跣足,xiǎn zú,孩子跣足走在沙上，留下小脚印。,"hái zi xiǎn zú zǒu zài shā shàng, liú xià xiǎo jiǎo yìn.",The barefoot child leaves little footprints in the sand.
2,兵燹,bīng xiǎn,兵燹过后，村里的房屋损坏严重。,"bīng xiǎn guò hòu, cūn lǐ de fáng wū sǔn huài yán zhòng.","After the destruction of war, the village houses were badly damaged."
2,缃帙,xiāng zhì,爷爷打开缃帙，翻看保存多年的旧书。,"yé ye dǎ kāi xiāng zhì, fān kàn bǎo cún duō nián de jiù shū.",Grandpa opened the book cover and examined old books he had kept for years.
0,向日,xiàng rì,向日在古语中可以表示往日。,xiàng rì zài gǔ yǔ zhōng kě yǐ biǎo shì wǎng rì.,"In classical Chinese, xiangri can mean former days."
0,向来,xiàng lái,他向来守时，今天也没有迟到。,"tā xiàng lái shǒu shí, jīn tiān yě méi yǒu chí dào.",He has always been punctual and was not late today either.
2,绡帐,xiāo zhàng,轻薄的绡帐随风摆动。,qīng bó de xiāo zhàng suí fēng bǎi dòng.,The thin gauze curtain sways in the breeze.
2,崤山,xiáo shān,地图上可以找到崤山的位置。,dì tú shàng kě yǐ zhǎo dào xiáo shān de wèi zhì.,The location of Mount Xiao can be found on the map.
2,揳入,xiē rù,他把木楔揳入缝隙，使门不再摇晃。,"tā bǎ mù xiē xiē rù fèng xì, shǐ mén bù zài yáo huàng.",He drove a wooden wedge into the gap to stop the door from shaking.
2,渫水,xiè shuǐ,渫水清井以后，井里的泥沙少了。,"xiè shuǐ qīng jǐng yǐ hòu, jǐng lǐ de ní shā shǎo le.","After the well was drained and cleaned, it contained less sediment."
2,渫除,xiè chú,工人渫除泥沙，让水道重新畅通。,"gōng rén xiè chú ní shā, ràng shuǐ dào chóng xīn chàng tōng.",The workers removed the sediment to clear the waterway again.
2,薤白,xiè bái,老师把薤白放在植物标本旁边。,lǎo shī bǎ xiè bái fàng zài zhí wù biāo běn páng biān.,The teacher placed the Chinese onion beside the plant specimens.
2,獬豸,xiè zhì,古人认为獬豸能够辨别是非。,gǔ rén rèn wéi xiè zhì néng gòu biàn bié shì fēi.,Ancient people believed the mythical xiezhi could distinguish right from wrong.
2,新硎,xīn xíng,新硎的刀刃很锋利，拿时要小心。,"xīn xíng de dāo rèn hěn fēng lì, ná shí yào xiǎo xīn.",The newly sharpened blade is keen and must be handled carefully.
2,川芎,chuān xiōng,药材柜上写着川芎的名称。,yào cái guì shàng xiě zhe chuān xiōng de míng chēng.,The name chuanxiong is written on the medicinal herb cabinet.
2,荫庥,yìn xiū,他感谢长辈的荫庥，愿意帮助后辈。,"tā gǎn xiè zhǎng bèi de yìn xiū, yuàn yì bāng zhù hòu bèi.",He is grateful for his elders' protection and is willing to help younger people.
2,髹漆,xiū qī,工匠给木盒髹漆，使表面光滑。,"gōng jiàng gěi mù hé xiū qī, shǐ biǎo miàn guāng huá.",The craftsman lacquered the wooden box to make its surface smooth.
1,抚恤,fǔ xù,组织向遇难者家属发放抚恤金。,zǔ zhī xiàng yù nàn zhě jiā shǔ fā fàng fǔ xù jīn.,The organization issued assistance payments to the families of those who died.
2,谖草,xuān cǎo,谖草又叫萱草，花园里常能看见。,"xuān cǎo yòu jiào xuān cǎo, huā yuán lǐ cháng néng kàn jiàn.",The daylily can often be seen in gardens.
2,谖言,xuān yán,别信他的谖言，要先核实事实。,"bié xìn tā de xuān yán, yào xiān hé shí shì shí.",Do not trust his empty claims; check the facts first.
2,瑄玉,xuān yù,瑄玉是古代祭天用的玉璧。,xuān yù shì gǔ dài jì tiān yòng de yù bì.,Xuanyu is a jade disc used in ancient rituals to Heaven.
2,烜赫,xuǎn hè,他一时烜赫，却没有忘记老朋友。,"tā yī shí xuǎn hè, què méi yǒu wàng jì lǎo péng you.","Even at the height of his fame, he did not forget his old friends."
2,泫然,xuàn rán,想到家人，她泫然流下眼泪。,"xiǎng dào jiā rén, tā xuàn rán liú xià yǎn lèi.","Thinking of her family, she began to weep."
2,鼎铉,dǐng xuàn,古人使用鼎铉，将鼎提起。,"gǔ rén shǐ yòng dǐng xuàn, jiāng dǐng tí qǐ.",Ancient people used a lifting bar to raise the ceremonial vessel.
2,朝曛,zhāo xūn,朝曛照着村庄，大家开始一天的工作。,"zhāo xūn zhào zhe cūn zhuāng, dà jiā kāi shǐ yī tiān de gōng zuò.",The morning sunlight shines on the village as everyone begins the day's work.
2,恂恂,xún xún,他恂恂有礼，认真听长辈说话。,"tā xún xún yǒu lǐ, rèn zhēn tīng zhǎng bèi shuō huà.",He is modest and courteous and listens carefully to his elders.
2,珣,xún,珣是一种玉石的名称。,xún shì yī zhǒng yù shí de míng chēng.,Xun is the name of a kind of jade.
2,睚眦,yá zì,别为一点小事睚眦必报。,bié wèi yī diǎn xiǎo shì yá zì bì bào.,Do not seek revenge over every tiny slight.
2,鄢陵,yān líng,她到鄢陵旅行，拍下许多照片。,"tā dào yān líng lǚ xíng, pāi xià xǔ duō zhào piàn.",She traveled to Yanling and took many photographs.
2,剡溪,shàn xī,剡溪流过山间，溪水清澈。,"shàn xī liú guò shān jiān, xī shuǐ qīng chè.",The Shan River runs through the mountains with clear water.
2,剡锐,yǎn ruì,这件工具剡锐，使用时要小心。,"zhè jiàn gōng jù yǎn ruì, shǐ yòng shí yào xiǎo xīn.","This tool is sharp and pointed, so use it carefully."
1,草庵,cǎo ān,小小的草庵建在树林旁边。,xiǎo xiǎo de cǎo ān jiàn zài shù lín páng biān.,The little thatched hut stands beside the woods.
2,谳狱,yàn yù,官员谳狱、谳案，都要查清证据。,"guān yuán yàn yù, yàn àn, dōu yào chá qīng zhèng jù.",Officials reviewing cases must establish the evidence clearly.
2,谳案,yàn àn,官员谳狱、谳案，都要查清证据。,"guān yuán yàn yù, yàn àn, dōu yào chá qīng zhèng jù.",Officials reviewing cases must establish the evidence clearly.
2,鳐鱼,yáo yú,鳐鱼贴着海底游动，身体扁平。,"yáo yú tiē zhe hǎi dǐ yóu dòng, shēn tǐ biǎn píng.",The ray swims close to the seabed with its flat body.
0,药材,yào cái,药材柜上写着川芎的名称。,yào cái guì shàng xiě zhe chuān xiōng de míng chēng.,The name chuanxiong is written on the medicinal herb cabinet.
0,药草,yào cǎo,药草经过整理，成为柜中的药材。,"yào cǎo jīng guò zhěng lǐ, chéng wéi guì zhōng de yào cái.",The medicinal plants were prepared and stored as herbal materials in the cabinet.
0,叶子,yè zi,一片叶子漂浮在水面上。,yī piàn yè zi piāo fú zài shuǐ miàn shàng.,A leaf floats on the surface of the water.
2,烨烨,yè yè,灯火烨烨，照亮夜晚的街道。,"dēng huǒ yè yè, zhào liàng yè wǎn de jiē dào.",The bright lights illuminate the street at night.
2,祎祎,yī yī,古诗用祎祎描写美好的样子。,gǔ shī yòng yī yī miáo xiě měi hǎo de yàng zi.,The ancient poem uses this old word to describe beauty.
2,匜,yí,匜是古代盛水或酒的器具。,yí shì gǔ dài shèng shuǐ huò jiǔ de qì jù.,Yi is an ancient vessel for water or wine.
2,圯桥,yí qiáo,导游讲述了圯桥旁的历史故事。,dǎo yóu jiǎng shù le yí qiáo páng de lì shǐ gù shi.,The guide told the historical story associated with Yi Bridge.
2,手荑,,字目表中的手荑一词还需核实。,,The entry “手荑” in the source list still needs verification.
2,瞠眙,chēng yí,看到巨大的鲸鱼，他瞠眙不语。,"kàn dào jù dà de jīng yú, tā chēng yí bù yǔ.",He stared speechlessly in amazement at the enormous whale.
2,九嶷,jiǔ yí,九嶷山远远可见，群峰十分壮观。,"jiǔ yí shān yuǎn yuǎn kě jiàn, qún fēng shí fēn zhuàng guān.","Mount Jiuyi can be seen from afar, with its impressive peaks."
2,嶷嶷,yí yí,山峰嶷嶷，直立在云雾之间。,"shān fēng yí yí, zhí lì zài yún wù zhī jiān.",The lofty peaks stand upright among the clouds.
2,乂安,yì ān,天下乂安，百姓能够安心生活。,"tiān xià yì ān, bǎi xìng néng gòu ān xīn shēng huó.","With peace throughout the land, the people can live securely."
2,仡仡,yì yì,战士仡仡，表现出仡勇的气概。,"zhàn shì yì yì, biǎo xiàn chū yì yǒng de qì gài.",The warriors display strength and bravery.
2,仡勇,yì yǒng,战士仡仡，表现出仡勇的气概。,"zhàn shì yì yì, biǎo xiàn chū yì yǒng de qì gài.",The warriors display strength and bravery.
2,八佾,bā yì,老师解释八佾是八行八列的舞队。,lǎo shī jiě shì bā yì shì bā xíng bā liè de wǔ duì.,The teacher explained that this ceremonial dance has eight rows of eight dancers.
2,挹注,yì zhù,他从大瓶挹注清水，倒进小杯。,"tā cóng dà píng yì zhù qīng shuǐ, dào jìn xiǎo bēi.",He poured clear water from the large bottle into a small cup.
2,浥润,yì rùn,细雨浥润土地，花草更加鲜绿。,"xì yǔ yì rùn tǔ dì, huā cǎo gèng jiā xiān lǜ.","The light rain moistens the soil, making the plants greener."
2,翊戴,yì dài,臣子翊戴君主，协助处理政事。,"chén zǐ yì dài jūn zhǔ, xié zhù chǔ lǐ zhèng shì.",The minister supported the ruler and helped manage state affairs.
2,镒,yì,镒是古代的重量单位。,yì shì gǔ dài de zhòng liàng dān wèi.,Yi is an ancient unit of weight.
2,殪杀,yì shā,古书写到殪杀敌人，说明战争残酷。,"gǔ shū xiě dào yì shā dí rén, shuō míng zhàn zhēng cán kù.",The ancient book describes killing enemies and shows the cruelty of war.
2,劓刑,yì xíng,劓刑是古代割去鼻子的刑罚。,yì xíng shì gǔ dài gē qù bí zi de xíng fá.,This ancient punishment involved cutting off the nose.
2,堙塞,yīn sè,水道堙塞，船只暂时无法通过。,"shuǐ dào yīn sè, chuán zhī zàn shí wú fǎ tōng guò.","The waterway is blocked, and boats cannot pass for now."
2,愔愔,yīn yīn,小院愔愔，几乎听不见人声。,"xiǎo yuàn yīn yīn, jī hū tīng bù jiàn rén shēng.","The little courtyard is quiet, with hardly any voices to be heard."
2,訚訚,yín yín,他訚訚而谈，态度和悦而正直。,"tā yín yín ér tán, tài dù hé yuè ér zhèng zhí.",He speaks gently and with integrity.
2,夤缘,yín yuán,别靠夤缘关系，而要凭自己的能力。,"bié kào yín yuán guān xi, ér yào píng zì jǐ de néng lì.",Rely on your own abilities rather than cultivating connections for personal gain.
2,荫庇,yìn bì,大树荫庇小屋，屋里十分凉爽。,"dà shù yìn bì xiǎo wū, wū lǐ shí fēn liáng shuǎng.","The large tree shades the cottage, keeping it very cool."
2,撄锋,yīng fēng,他不愿撄锋，先退到安全的地方。,"tā bù yuàn yīng fēng, xiān tuì dào ān quán de dì fang.",He did not want to confront the weapons and first retreated to safety.
2,华蓥山,huá yíng shān,我们准备去华蓥山。,wǒ men zhǔn bèi qù huá yíng shān.,We are planning to visit Mount Huaying.
2,城墉,chéng yōng,城墉高大，城门旁挂着镛钟。,"chéng yōng gāo dà, chéng mén páng guà zhe yōng zhōng.","The city walls are tall, and a large bell hangs beside the gate."
2,镛钟,yōng zhōng,城墉高大，城门旁挂着镛钟。,"chéng yōng gāo dà, chéng mén páng guà zhe yōng zhōng.","The city walls are tall, and a large bell hangs beside the gate."
2,饔飧,yōng sūn,他按时准备饔飧，让家人吃饱。,"tā àn shí zhǔn bèi yōng sūn, ràng jiā rén chī bǎo.",He prepares the daily meals on time so his family can eat well.
2,薰莸,xūn yóu,古人常用薰莸，比喻善恶的区别。,"gǔ rén cháng yòng xūn yóu, bǐ yù shàn è de qū bié.",Ancient writers often used fragrant and foul-smelling plants to symbolize good and evil.
2,卣,yǒu,卣是古代盛酒的器具。,yǒu shì gǔ dài shèng jiǔ de qì jù.,You is an ancient vessel for holding wine.
2,羑里,yǒu lǐ,老师讲述了羑里的历史故事。,lǎo shī jiǎng shù le yǒu lǐ de lì shǐ gù shi.,The teacher told the historical story of Youli.
2,侑食,yòu shí,孩子在旁侑食，劝奶奶多吃一点。,"hái zi zài páng yòu shí, quàn nǎi nai duō chī yī diǎn.",The child attended to Grandma during the meal and encouraged her to eat a little more.
2,雩祭,yú jì,古人举行雩祭，祈求雨水到来。,"gǔ rén jǔ xíng yú jì, qí qiú yǔ shuǐ dào lái.",Ancient people held a rain-seeking ritual to pray for rainfall.
2,山嵎,shān yú,山嵎的小屋里，住着一位老人。,"shān yú de xiǎo wū lǐ, zhù zhe yī wèi lǎo rén.",An elderly person lives in the cottage at the corner of the mountain.
1,逾越,yú yuè,任何人都不应该逾越法律的界限。,rèn hé rén dōu bù yīng gāi yú yuè fǎ lǜ de jiè xiàn.,No one should go beyond the boundaries of the law.
2,颙颙,yóng yóng,他颙颙而望，盼着家人回来。,"tā yóng yóng ér wàng, pàn zhe jiā rén huí lai.","He looked on eagerly, hoping his family would return."
2,俣俣,yǔ yǔ,舞者俣俣，身材高大而魁伟。,"wǔ zhě yǔ yǔ, shēn cái gāo dà ér kuí wěi.",The dancer is tall and imposing.
2,仓庾,cāng yǔ,仓庾里存着粮食，够村民吃很久。,"cāng yǔ lǐ cún zhe liáng shi, gòu cūn mín chī hěn jiǔ.",The granaries hold enough grain to feed the villagers for a long time.
2,铻铻,,字目表中的铻铻一词还需核实。,,The entry “铻铻” in the source list still needs verification.
2,窳陋,yǔ lòu,小屋窳陋，门窗已经损坏。,"xiǎo wū yǔ lòu, mén chuāng yǐ jīng sǔn huài.","The cottage is crude and shabby, with damaged doors and windows."
2,饫饱,yù bǎo,他饫饱以后，放下筷子休息。,"tā yù bǎo yǐ hòu, fàng xià kuài zi xiū xi.","After eating his fill, he put down his chopsticks and rested."
2,鹦鹆,yīng yù,古书中的鹦鹆，可以指鹦鹉和八哥。,"gǔ shū zhōng de yīng yù, kě yǐ zhǐ yīng wǔ hé bā ge.","In ancient books, this expression can refer to parrots and mynas."
2,滟滪,yàn yù,古人行船，经过滟滪时格外谨慎。,"gǔ rén xíng chuán, jīng guò yàn yù shí gé wài jǐn shèn.",Ancient boat travelers were especially careful when passing Yanyu Rock.
2,鬼蜮,guǐ yù,他识破鬼蜮的诡计，保护了朋友。,"tā shí pò guǐ yù de guǐ jì, bǎo hù le péng you.",He saw through the villain's trick and protected his friend.
2,蜮射,yù shè,古书用蜮射比喻暗中伤害他人。,gǔ shū yòng yù shè bǐ yù àn zhōng shāng hài tā rén.,The ancient book uses this expression for secretly harming others.
2,芫花,yuán huā,菜园旁的芫花开出了漂亮的花朵。,cài yuán páng de yuán huā kāi chū le piào liang de huā duǒ.,The daphne beside the vegetable garden produced lovely blossoms.
0,菜园,cài yuán,菜园旁的芫花开出了漂亮的花朵。,cài yuán páng de yuán huā kāi chū le piào liang de huā duǒ.,The daphne beside the vegetable garden produced lovely blossoms.
0,愿望,yuàn wàng,他的愿望是学会自己缝上扣子。,tā de yuàn wàng shì xué huì zì jǐ fèng shàng kòu zi.,His wish is to learn to sew on a button by himself.
2,刖刑,yuè xíng,刖刑包括刖足，古人也称刖趾。,"yuè xíng bāo kuò yuè zú, gǔ rén yě chēng yuè zhǐ.",This ancient mutilation punishment included cutting off feet and was also called severing the toes.
2,刖足,yuè zú,刖刑包括刖足，古人也称刖趾。,"yuè xíng bāo kuò yuè zú, gǔ rén yě chēng yuè zhǐ.",This ancient mutilation punishment included cutting off feet and was also called severing the toes.
2,刖趾,yuè zhǐ,刖刑包括刖足，古人也称刖趾。,"yuè xíng bāo kuò yuè zú, gǔ rén yě chēng yuè zhǐ.",This ancient mutilation punishment included cutting off feet and was also called severing the toes.
2,玥,yuè,玥是传说中的神珠。,yuè shì chuán shuō zhōng de shén zhū.,Yue is a mythical divine pearl.
2,龠,yuè,龠是古代的一种乐器。,yuè shì gǔ dài de yī zhǒng yuè qì.,Yue is a type of ancient musical instrument.
2,赟,yūn,赟字有美好的意思。,yūn zì yǒu měi hǎo de yì si.,Yun has the meaning of beautiful or fine.
2,芸薹,yún tái,田里的芸薹开着黄色的小花。,tián lǐ de yún tái kāi zhe huáng sè de xiǎo huā.,The rape plants in the field bear small yellow flowers.
2,昀,yún,昀指日光。,yún zhǐ rì guāng.,Yun means sunlight.
2,猃狁,xiǎn yǔn,古书记录了周人和猃狁的战争。,gǔ shū jì lù le zhōu rén hé xiǎn yǔn de zhàn zhēng.,The ancient book records wars between the Zhou people and the Xianyun.
2,腌臜,ā zā,这间屋子腌臜，必须彻底打扫。,"zhè jiān wū zi ā zā, bì xū chè dǐ dǎ sǎo.",This room is filthy and must be cleaned thoroughly.
2,姓昝,xìng zǎn,他姓昝。,tā xìng zǎn.,His surname is Zan.
2,趱路,zǎn lù,天快黑了，他们仍然继续趱路。,"tiān kuài hēi le, tā men réng rán jì xù zǎn lù.","It was getting dark, but they continued hurrying on their journey."
2,牂牁,zāng kē,历史地图上标着牂牁的名称。,lì shǐ dì tú shàng biāo zhe zāng kē de míng chēng.,The name Zangke appears on the historical map.
2,玉璪,yù zǎo,古代礼冠上的玉璪，用玉珠串成。,"gǔ dài lǐ guān shàng de yù zǎo, yòng yù zhū chuàn chéng.",The jade ornaments on the ancient ceremonial crown were made of strung beads.
2,帻巾,zé jīn,他戴好帻巾，把头发包起来。,"tā dài hǎo zé jīn, bǎ tóu fā bāo qǐ lai.",He put on his headcloth and wrapped up his hair.
2,竹笮,zhú zuó,船夫拉着竹笮，让小船靠近岸边。,"chuán fū lā zhe zhú zuó, ràng xiǎo chuán kào jìn àn biān.",The boatman pulled the bamboo rope to bring the boat closer to the bank.
2,舴艋,zé měng,舴艋停在岸边，船上铺着竹箦。,"zé měng tíng zài àn biān, chuán shàng pù zhe zhú zé.",The small boat is moored by the bank with a bamboo mat inside.
2,竹箦,zhú zé,舴艋停在岸边，船上铺着竹箦。,"zé měng tíng zài àn biān, chuán shàng pù zhe zhú zé.",The small boat is moored by the bank with a bamboo mat inside.
2,日昃,rì zè,日昃以后，他才收拾工具回家。,"rì zè yǐ hòu, tā cái shōu shi gōng jù huí jiā.",Only after the sun moved westward did he pack up his tools and go home.
2,谮言,zèn yán,谮言伤人，听见后要认真辨别。,"zèn yán shāng rén, tīng jiàn hòu yào rèn zhēn biàn bié.",Slander can hurt people and should be examined carefully when heard.
2,鱼罾,yú zēng,渔夫张开鱼罾，等待鱼儿进入。,"yú fū zhāng kāi yú zēng, děng dài yú ér jìn rù.",The fisherman opened his fishing net and waited for fish to enter.
2,缯帛,zēng bó,商人把缯帛折好，放进木箱。,"shāng rén bǎ zēng bó zhé hǎo, fàng jìn mù xiāng.",The merchant folded the silk fabrics and placed them in a wooden box.
2,痨瘵,láo zhài,痨瘵是古时对肺结核的称呼。,láo zhài shì gǔ shí duì fèi jié hé de chēng hu.,This is an old term for tuberculosis.
2,鸡胗,jī zhēn,妈妈把鸡胗切好，准备做晚饭。,"mā ma bǎ jī zhēn qiè hǎo, zhǔn bèi zuò wǎn fàn.",Mom sliced the chicken gizzards to prepare dinner.
2,轸念,zhěn niàn,他轸念故友，久久不愿离开。,"tā zhěn niàn gù yǒu, jiǔ jiǔ bù yuàn lí kāi.",He mourned his old friend and was reluctant to leave for a long time.
2,鸩毒,zhèn dú,故事里的鸩毒害人，令人恐惧。,"gù shi lǐ de zhèn dú hài rén, lìng rén kǒng jù.",The poison in the story harms people and arouses fear.
2,钲鼓,zhēng gǔ,钲鼓响起，士兵开始前进。,"zhēng gǔ xiǎng qǐ, shì bīng kāi shǐ qián jìn.","The metal signal instrument and drums sounded, and the soldiers advanced."
2,埴土,zhí tǔ,埴土与埴壤，都是黏土的古称。,"zhí tǔ yǔ zhí rǎng, dōu shì nián tǔ de gǔ chēng.",These two old expressions both refer to clay.
2,埴壤,zhí rǎng,埴土与埴壤，都是黏土的古称。,"zhí tǔ yǔ zhí rǎng, dōu shì nián tǔ de gǔ chēng.",These two old expressions both refer to clay.
2,摭拾,zhí shí,他摭拾资料，整理成一篇文章。,"tā zhí shí zī liào, zhěng lǐ chéng yī piān wén zhāng.",He gathered information and organized it into an article.
2,虫豸,chóng zhì,花草之间，藏着许多小虫豸。,"huā cǎo zhī jiān, cáng zhe xǔ duō xiǎo chóng zhì.",Many tiny creatures hide among the plants.
2,豸冠,zhì guān,古代官员戴着豸冠，负责执法。,"gǔ dài guān yuán dài zhe zhì guān, fù zé zhí fǎ.",The ancient official wore a ceremonial law officer's cap and enforced the law.
2,郅治,zhì zhì,人们盼望郅治，让天下安定。,"rén men pàn wàng zhì zhì, ràng tiān xià ān dìng.",People hoped for excellent governance and peace throughout the land.
2,陟罚,zhì fá,陟罚要公正，不能偏袒朋友。,"zhì fá yào gōng zhèng, bù néng piān tǎn péng you.","Promotions and punishments should be fair, without favoring friends."
2,轩轾,xuān zhì,比较两人时，不要轻易定轩轾。,"bǐ jiào liǎng rén shí, bù yào qīng yì dìng xuān zhì.",Do not decide too quickly that one person is better than another when comparing them.
2,阴骘,yīn zhì,古人认为助人为乐可以积阴骘。,gǔ rén rèn wéi zhù rén wéi lè kě yǐ jī yīn zhì.,Ancient people believed helping others could accumulate unseen moral merit.
2,犬彘,quǎn zhì,院子里养着犬彘，狗叫声很响。,"yuàn zi lǐ yǎng zhe quǎn zhì, gǒu jiào shēng hěn xiǎng.","Dogs and pigs are kept in the yard, and the barking is loud."
2,颠踬,diān zhì,人生颠踬时，他仍然坚持学习。,"rén shēng diān zhì shí, tā réng rán jiān chí xué xí.","Even through life's setbacks, he continued studying."
2,觯杯,zhì bēi,博物馆里的觯杯，是古代酒器。,"bó wù guǎn lǐ de zhì bēi, shì gǔ dài jiǔ qì.",The vessel in the museum is an ancient drinking cup.
2,碌碡,liù zhóu,农民用碌碡碾谷，收好粮食。,"nóng mín yòng liù zhóu niǎn gǔ, shōu hǎo liáng shi.",The farmer used a stone roller to thresh the grain and then stored it.
2,籀文,zhòu wén,老师讲解籀文，展示古代字形。,"lǎo shī jiǎng jiě zhòu wén, zhǎn shì gǔ dài zì xíng.",The teacher explained large seal script and showed ancient character forms.
2,邾国,zhū guó,邾国的历史写在这本书里。,zhū guó de lì shǐ xiě zài zhè běn shū lǐ.,The history of the ancient state of Zhu is recorded in this book.
2,洙水,zhū shuǐ,古诗描写了洙水旁的景色。,gǔ shī miáo xiě le zhū shuǐ páng de jǐng sè.,The ancient poem describes the scenery beside the Zhu River.
2,麈尾,zhǔ wěi,古人拿着麈尾，边谈话边拂尘。,"gǔ rén ná zhe zhǔ wěi, biān tán huà biān fú chén.",Ancient people held a whisk while talking and brushing away dust.
2,苧,níng,苧在古文中可以形容草木杂乱。,níng zài gǔ wén zhōng kě yǐ xíng róng cǎo mù zá luàn.,"In classical writing, ning can describe tangled vegetation."
2,翔翥,xiáng zhù,群鸟翔翥，飞过高高的树梢。,"qún niǎo xiáng zhù, fēi guò gāo gāo de shù shāo.",A flock of birds flies over the tall treetops.
2,骓,zhuī,这匹骓身上有斑纹，十分漂亮。,"zhè pǐ zhuī shēn shang yǒu bān wén, shí fēn piào liang.",This piebald horse has striking markings and is very beautiful.
2,缒,zhuì,他用绳子把篮子缒到井里。,tā yòng shéng zi bǎ lán zi zhuì dào jǐng lǐ.,He lowered the basket into the well with a rope.
2,倬,zhuō,古诗用倬字描写高大明亮的样子。,gǔ shī yòng zhuō zì miáo xiě gāo dà míng liàng de yàng zi.,The ancient poem uses this character to describe something grand and bright.
2,缁衣,zī yī,僧人穿着缁衣，静静走过寺门。,"sēng rén chuān zhe zī yī, jìng jìng zǒu guò sì mén.","The monk, dressed in black robes, walked quietly through the temple gate."
2,嗞嗞,zī zī,油锅发出嗞嗞声。,yóu guō fā chū zī zī shēng.,The frying pan makes a sizzling sound.
2,趑趄,zī jū,他趑趄不前，不知道该不该进屋。,"tā zī jū bù qián, bù zhī dào gāi bù gāi jìn wū.","He hesitated to move forward, unsure whether to enter the room."
2,锱铢,zī zhū,他不在锱铢上计较，愿意多付一点。,"tā bù zài zī zhū shàng jì jiào, yuàn yì duō fù yī diǎn.",He does not quarrel over tiny amounts and is willing to pay a little extra.
2,訾议,zǐ yì,他不该随意訾议别人。,tā bù gāi suí yì zǐ yì bié ren.,He should not disparage others casually.
2,谘诹,zī zōu,他向长辈谘诹，认真听取意见。,"tā xiàng zhǎng bèi zī zōu, rèn zhēn tīng qǔ yì jiàn.",He consulted his elders and carefully listened to their advice.
2,陬,zōu,老人住在山陬，远离热闹的街道。,"lǎo rén zhù zài shān zōu, yuǎn lí rè nao de jiē dào.","The elderly person lives at the foot of the mountain, far from the busy streets."
2,菹,zū,他夹起一块菹，尝到酸咸的味道。,"tā jiā qǐ yī kuài zū, cháng dào suān xián de wèi dao.","He picked up a piece of pickled vegetable and tasted its sour, salty flavor."
2,赓缵,gēng zuǎn,后辈赓缵先人的事业，继续努力。,"hòu bèi gēng zuǎn xiān rén de shì yè, jì xù nǔ lì.",The younger generation carries on the work of their predecessors.
0,钻研,zuān yán,认真钻研以后，他学会使用电钻。,"rèn zhēn zuān yán yǐ hòu, tā xué huì shǐ yòng diàn zuàn.","After studying carefully, he learned to use an electric drill."
0,电钻,diàn zuàn,认真钻研以后，他学会使用电钻。,"rèn zhēn zuān yán yǐ hòu, tā xué huì shǐ yòng diàn zuàn.","After studying carefully, he learned to use an electric drill."
2,蕞尔,zuì ěr,地图上的蕞尔小岛，几乎看不清楚。,"dì tú shàng de zuì ěr xiǎo dǎo, jī hū kàn bù qīng chǔ.",The tiny island on the map is almost impossible to see clearly.
2,嘬,zuō,孩子用吸管嘬果汁，慢慢喝完。,"hái zi yòng xī guǎn zuō guǒ zhī, màn màn hē wán.",The child sipped the juice through a straw and slowly finished it.
2,惭怍,cán zuò,想到自己的失礼，他感到惭怍。,"xiǎng dào zì jǐ de shī lǐ, tā gǎn dào cán zuò.",He felt ashamed when he thought about his rudeness.
2,胙,zuò,古代祭祀以后，大家分食胙肉。,"gǔ dài jì sì yǐ hòu, dà jiā fēn shí zuò ròu.","After the ancient sacrifice, people shared the sacrificial meat."
2,酢,zuò,古代宴饮中，酢可以指客人回敬主人。,"gǔ dài yàn yǐn zhōng, zuò kě yǐ zhǐ kè rén huí jìng zhǔ rén.","In ancient banquets, zuo can mean a guest offering a return toast to the host."
2,姓仉,xìng zhǎng,她姓仉。,tā xìng zhǎng.,Her surname is Zhang.
2,魈,xiāo,山魈躲在树林里，游客远远观看。,"shān xiāo duǒ zài shù lín lǐ, yóu kè yuǎn yuǎn guān kàn.",The mandrill hides in the woods while visitors watch from afar.
2,獐,zhāng,一只獐跑过草地，躲到树后。,"yī zhī zhāng pǎo guò cǎo dì, duǒ dào shù hòu.",A water deer ran across the grass and hid behind a tree.
2,徼,jiào,古文中的徼，有边界的意思。,"gǔ wén zhōng de jiào, yǒu biān jiè de yì si.","In classical writing, this character can mean a border."
0,扣子,kòu zi,他的愿望是学会自己缝上扣子。,tā de yuàn wàng shì xué huì zì jǐ fèng shàng kòu zi.,His wish is to learn to sew on a button by himself.
2,伧,cāng,古书里的伧，常用来指粗俗的人。,"gǔ shū lǐ de cāng, cháng yòng lái zhǐ cū sú de rén.","In ancient books, this character is often used for a vulgar person."
2,铍,pí,老师在周期表中找到铍、铋和镍。,"lǎo shī zài zhōu qī biǎo zhōng zhǎo dào pí, bì hé niè.","The teacher found beryllium, bismuth, and nickel in the periodic table."
2,铋,bì,老师在周期表中找到铍、铋和镍。,"lǎo shī zài zhōu qī biǎo zhōng zhǎo dào pí, bì hé niè.","The teacher found beryllium, bismuth, and nickel in the periodic table."
2,镍,niè,老师在周期表中找到铍、铋和镍。,"lǎo shī zài zhōu qī biǎo zhōng zhǎo dào pí, bì hé niè.","The teacher found beryllium, bismuth, and nickel in the periodic table."
2,馇粥,chā zhōu,奶奶正在灶前馇粥。,nǎi nai zhèng zài zào qián chā zhōu.,Grandma is cooking and stirring porridge at the stove.
2,钇,yǐ,学生记录了钇、钌和铟的元素符号。,"xué sheng jì lù le yǐ, liǎo hé yīn de yuán sù fú hào.","The students recorded the chemical symbols for yttrium, ruthenium, and indium."
2,钌,liǎo,学生记录了钇、钌和铟的元素符号。,"xué sheng jì lù le yǐ, liǎo hé yīn de yuán sù fú hào.","The students recorded the chemical symbols for yttrium, ruthenium, and indium."
2,铟,yīn,学生记录了钇、钌和铟的元素符号。,"xué sheng jì lù le yǐ, liǎo hé yīn de yuán sù fú hào.","The students recorded the chemical symbols for yttrium, ruthenium, and indium."
2,钽,tǎn,这张元素表列出了钽、铼和铒。,"zhè zhāng yuán sù biǎo liè chū le tǎn, lái hé ěr.","This periodic table lists tantalum, rhenium, and erbium."
2,铼,lái,这张元素表列出了钽、铼和铒。,"zhè zhāng yuán sù biǎo liè chū le tǎn, lái hé ěr.","This periodic table lists tantalum, rhenium, and erbium."
2,苄,biàn,化学课上，老师画出了苄基的结构。,"huà xué kè shàng, lǎo shī huà chū le biàn jī de jié gòu.","In chemistry class, the teacher drew the structure of a benzyl group."
2,锕,ā,老师在元素表里指出了锕。,lǎo shī zài yuán sù biǎo lǐ zhǐ chū le ā.,The teacher pointed out actinium in the periodic table.
2,胨,dòng,实验记录里写着蛋白胨的用量。,shí yàn jì lù lǐ xiě zhe dàn bái dòng de yòng liàng.,The laboratory record states the amount of peptone used.
2,蒽,ēn,老师比较蒽和萘的化学性质。,lǎo shī bǐ jiào ēn hé nài de huà xué xìng zhì.,The teacher compared the chemical properties of anthracene and naphthalene.
2,胍,guā,课本介绍了胍和脒的结构。,kè běn jiè shào le guā hé mǐ de jié gòu.,The textbook introduces the structures of guanidine and amidine.
2,焓,hán,我们在物理课上学习焓和熵。,wǒ men zài wù lǐ kè shàng xué xí hán hé shāng.,We study enthalpy and entropy in physics class.
2,腈,jīng,老师在板书中写下腈和醌的名称。,lǎo shī zài bǎn shū zhōng xiě xià jīng hé kūn de míng chēng.,The teacher wrote the names of nitrile and quinone on the board.
2,肼,jǐng,实验资料列出了肼和膦的性质。,shí yàn zī liào liè chū le jǐng hé lìn de xìng zhì.,The laboratory materials list the properties of hydrazine and phosphine.
2,醌,kūn,老师在板书中写下腈和醌的名称。,lǎo shī zài bǎn shū zhōng xiě xià jīng hé kūn de míng chēng.,The teacher wrote the names of nitrile and quinone on the board.
2,膦,lìn,实验资料列出了肼和膦的性质。,shí yàn zī liào liè chū le jǐng hé lìn de xìng zhì.,The laboratory materials list the properties of hydrazine and phosphine.
2,脒,mǐ,课本介绍了胍和脒的结构。,kè běn jiè shào le guā hé mǐ de jié gòu.,The textbook introduces the structures of guanidine and amidine.
2,萘,nài,老师比较蒽和萘的化学性质。,lǎo shī bǐ jiào ēn hé nài de huà xué xìng zhì.,The teacher compared the chemical properties of anthracene and naphthalene.
2,酞,tài,化学词典里可以查到酞、肟和萜。,"huà xué cí diǎn lǐ kě yǐ chá dào tài, wò hé tiē.","Phthalein, oxime, and terpene can be found in the chemistry dictionary."
2,熵,shāng,我们在物理课上学习焓和熵。,wǒ men zài wù lǐ kè shàng xué xí hán hé shāng.,We study enthalpy and entropy in physics class.
2,萜,tiē,化学词典里可以查到酞、肟和萜。,"huà xué cí diǎn lǐ kě yǐ chá dào tài, wò hé tiē.","Phthalein, oxime, and terpene can be found in the chemistry dictionary."
2,肟,wò,化学词典里可以查到酞、肟和萜。,"huà xué cí diǎn lǐ kě yǐ chá dào tài, wò hé tiē.","Phthalein, oxime, and terpene can be found in the chemistry dictionary."
2,孬,nāo,这个办法不孬，大家愿意试试。,"zhè ge bàn fǎ bù nāo, dà jiā yuàn yì shì shì.","This method is not bad, and everyone is willing to try it."
2,朊,ruǎn,古书中的朊，是蛋白质的旧称。,"gǔ shū zhōng de ruǎn, shì dàn bái zhì de jiù chēng.",This word in older books is an old name for protein.
2,铒,ěr,这张元素表列出了钽、铼和铒。,"zhè zhāng yuán sù biǎo liè chū le tǎn, lái hé ěr.","This periodic table lists tantalum, rhenium, and erbium."
2,姓亓,xìng qí,他姓亓。,tā xìng qí.,His surname is Qi.
2,姓厍,xìng shè,她姓厍。,tā xìng shè.,Her surname is She.
2,刭,jǐng,刭和刿都与割伤有关，古书里能见到。,"jǐng hé guì dōu yǔ gē shāng yǒu guān, gǔ shū lǐ néng jiàn dào.",These two characters concern cutting injuries and can be found in ancient books.
2,刿,guì,刭和刿都与割伤有关，古书里能见到。,"jǐng hé guì dōu yǔ gē shāng yǒu guān, gǔ shū lǐ néng jiàn dào.",These two characters concern cutting injuries and can be found in ancient books.
2,劁,qiāo,农场的记录里写着劁猪的日期。,nóng chǎng de jì lù lǐ xiě zhe qiāo zhū de rì qī.,The farm's records show the date when the pigs were castrated.
2,仂,lè,古文中的仂，有余数的意思。,"gǔ wén zhōng de lè, yǒu yú shù de yì si.","In classical writing, this character can mean a remainder."
2,佧,kǎ,老师解释佧佤是族名的旧写法。,lǎo shī jiě shì kǎ wǎ shì zú míng de jiù xiě fǎ.,The teacher explained that Kawa is an older form of an ethnic name.
2,倮,luǒ,古书中的倮，与裸是相通的字。,"gǔ shū zhōng de luǒ, yǔ luǒ shì xiāng tōng de zì.","In ancient books, this character is equivalent to the one meaning naked."
2,氽,tǔn,小木片氽在水面上，随水漂动。,"xiǎo mù piàn tǔn zài shuǐ miàn shàng, suí shuǐ piāo dòng.",The little piece of wood floats on the water and drifts with the current.
2,兕,sì,古书用兕，指一种像牛的野兽。,"gǔ shū yòng sì, zhǐ yī zhǒng xiàng niú de yě shòu.",Ancient books use this character for a wild animal resembling an ox.
2,谇,suì,不要一味责谇，先听听他的解释。,"bù yào yī wèi zé suì, xiān tīng tīng tā de jiě shì.",Do not keep scolding him; listen to his explanation first.
2,卮,zhī,古人举起酒卮，向客人敬酒。,"gǔ rén jǔ qǐ jiǔ zhī, xiàng kè rén jìng jiǔ.",The ancient host raised a wine cup to toast the guests.
2,陔,gāi,陔可以指田间的土埂。,gāi kě yǐ zhǐ tián jiān de tǔ gěng.,Gai can mean a ridge of earth between fields.
2,姓隗,xìng wěi,她姓隗。,tā xìng wěi.,Her surname is Wei.
2,邗江,hán jiāng,地图上标着邗江、郾城和郫县。,"dì tú shàng biāo zhe hán jiāng, yǎn chéng hé pí xiàn.","Hanjiang, Yancheng, and Pi County are marked on the map."
2,郏,jiá,旅行计划里写着先去郏县。,lǚ xíng jì huà lǐ xiě zhe xiān qù jiá xiàn.,The travel plan says to visit Jia County first.
2,郇国,xún guó,郇国是古代的一个诸侯国。,xún guó shì gǔ dài de yī ge zhū hóu guó.,Xun was a vassal state in ancient China.
2,郾城,yǎn chéng,地图上标着邗江、郾城和郫县。,"dì tú shàng biāo zhe hán jiāng, yǎn chéng hé pí xiàn.","Hanjiang, Yancheng, and Pi County are marked on the map."
2,酃县,líng xiàn,酃县是一个旧县名。,líng xiàn shì yī ge jiù xiàn míng.,Ling County is a former county name.
2,勖,xù,老师勖勉学生，希望他们继续努力。,"lǎo shī xù miǎn xué sheng, xī wàng tā men jì xù nǔ lì.",The teacher encouraged the students to continue working hard.
2,郫县,pí xiàn,地图上标着邗江、郾城和郫县。,"dì tú shàng biāo zhe hán jiāng, yǎn chéng hé pí xiàn.","Hanjiang, Yancheng, and Pi County are marked on the map."
2,坌,bèn,旧词中的坌，有笨拙的意思。,"jiù cí zhōng de bèn, yǒu bèn zhuō de yì si.","In older expressions, this character can mean clumsy."
2,垡,fá,农民翻垡，把土块翻到地面上。,"nóng mín fān fá, bǎ tǔ kuài fān dào dì miàn shàng.","The farmer turned over the soil, bringing the clods to the surface."
2,墼,jī,工匠用泥做墼，放在院子里晒干。,"gōng jiàng yòng ní zuò jī, fàng zài yuàn zi lǐ shài gān.",The craftsman made unfired bricks from clay and dried them in the yard.
2,圩,wéi,村民加固圩堤，防止洪水进入。,"cūn mín jiā gù wéi dī, fáng zhǐ hóng shuǐ jìn rù.",The villagers strengthened the dike to keep the floodwater out.
2,诼,zhuó,谣诼伤人，不要随意传播。,"yáo zhuó shāng rén, bù yào suí yì chuán bō.",Malicious rumors hurt people and should not be spread casually.
2,埸,yì,两块田之间的埸，用石头标出来。,"liǎng kuài tián zhī jiān de yì, yòng shí tou biāo chū lái.",Stones mark the boundary between the two fields.
2,堋,péng,射手对准堋上的靶子，拉开弓。,"shè shǒu duì zhǔn péng shàng de bǎ zi, lā kāi gōng.",The archer draws the bow toward the target on the archery mound.
2,堍,tù,他站在桥堍，等朋友走过桥来。,"tā zhàn zài qiáo tù, děng péng you zǒu guò qiáo lái.","He stands at the end of the bridge, waiting for his friend to cross."
2,塄,léng,农民走上田塄，查看庄稼长势。,"nóng mín zǒu shàng tián léng, chá kàn zhuāng jia zhǎng shì.",The farmer walked onto the raised field bank to inspect the crops.
2,肉苁蓉,ròu cōng róng,肉苁蓉的标本放在植物展柜里。,ròu cōng róng de biāo běn fàng zài zhí wù zhǎn guì lǐ.,A specimen of desert cistanche is displayed in the plant cabinet.
2,苘,qǐng,苘麻长在田边，叶子随风摆动。,"qǐng má zhǎng zài tián biān, yè zi suí fēng bǎi dòng.","Velvetleaf grows at the edge of the field, its leaves swaying in the breeze."
2,苤蓝,piě lán,妈妈把苤蓝和萝菔切成细条。,mā ma bǎ piě lán hé luó fú qiē chéng xì tiáo.,Mom cut the kohlrabi and radish into thin strips.
2,茚,yìn,老师在课本上指出了茚的分子式。,lǎo shī zài kè běn shàng zhǐ chū le yìn de fēn zǐ shì.,The teacher pointed out indene's molecular formula in the textbook.
2,莛,tíng,他捡起一根草莛，轻轻弯折。,"tā jiǎn qǐ yī gēn cǎo tíng, qīng qīng wān zhé.",He picked up a grass stalk and bent it gently.
2,芗城,xiāng chéng,他住在芗城。,tā zhù zài xiāng chéng.,He lives in Xiangcheng.
2,苦荬菜,kǔ mǎi cài,苦荬菜长在路边，开着小花。,"kǔ mǎi cài zhǎng zài lù biān, kāi zhe xiǎo huā.",The wild greens grow by the road with little flowers.
2,菘,sōng,古书里的菘，就是白菜一类的菜。,"gǔ shū lǐ de sōng, jiù shì bái cài yī lèi de cài.",The ancient term refers to vegetables such as Chinese cabbage.
2,萑,huán,河边的萑草长得很茂盛。,hé biān de huán cǎo zhǎng de hěn mào shèng.,The reeds beside the river grow thickly.
2,萝菔,luó fú,妈妈把苤蓝和萝菔切成细条。,mā ma bǎ piě lán hé luó fú qiē chéng xì tiáo.,Mom cut the kohlrabi and radish into thin strips.
2,蓥,yíng,工匠把器物蓥亮，使表面光滑。,"gōng jiàng bǎ qì wù yíng liàng, shǐ biǎo miàn guāng huá.",The craftsman polished the object to make its surface smooth and bright.
2,甍,méng,夕阳照着屋甍，瓦片染上金色。,"xī yáng zhào zhe wū méng, wǎ piàn rǎn shàng jīn sè.","The evening sun shines on the roof ridge, turning the tiles golden."
2,蕺,jí,蕺菜长在湿地，叶子呈心形。,"jí cài zhǎng zài shī dì, yè zi chéng xīn xíng.","Heartleaf grows in the wetland, with heart-shaped leaves."
2,江蓠,jiāng lí,海边的江蓠被收集起来，制成标本。,"hǎi biān de jiāng lí bèi shōu jí qǐ lai, zhì chéng biāo běn.",The red seaweed by the coast was collected to make specimens.
2,薜,bì,薜荔爬在墙上，慢慢伸展枝叶。,"bì lì pá zài qiáng shàng, màn màn shēn zhǎn zhī yè.",The climbing fig grows along the wall and slowly spreads its foliage.
2,香薷,xiāng rú,香薷带着香气，老师让大家观察叶子。,"xiāng rú dài zhe xiāng qì, lǎo shī ràng dà jiā guān chá yè zi.","The aromatic herb has a fragrance, and the teacher asks everyone to examine its leaves."
2,夼,kuǎng,地图上的这个夼，是一片低洼地。,"dì tú shàng de zhè ge kuǎng, shì yī piàn dī wā dì.",The place marked with this name element on the map is a low-lying hollow.
2,捃,jùn,他捃拾资料，准备写一篇文章。,"tā jùn shí zī liào, zhǔn bèi xiě yī piān wén zhāng.",He collected information to prepare an article.
2,草蓐,cǎo rù,床上的草蓐很厚。,chuáng shàng de cǎo rù hěn hòu.,The straw mat on the bed is thick.
2,芨,jī,花园里的白芨开出了淡紫色花。,huā yuán lǐ de bái jī kāi chū le dàn zǐ sè huā.,The Chinese ground orchid in the garden produced pale purple flowers.
2,掾,yuàn,县里的掾负责整理文书。,xiàn lǐ de yuàn fù zé zhěng lǐ wén shū.,The county official is responsible for organizing documents.
2,揸,zhā,他揸开手指，把小球递给孩子。,"tā zhā kāi shǒu zhǐ, bǎ xiǎo qiú dì gěi hái zi.",He spread his fingers and handed the little ball to the child.
2,搠,shuò,他把旗杆搠进土里，立稳旗子。,"tā bǎ qí gān shuò jìn tǔ lǐ, lì wěn qí zi.",He thrust the flagpole into the soil and secured the flag.
2,荮,zhòu,荮有用草包裹东西的意思。,zhòu yǒu yòng cǎo bāo guǒ dōng xī de yì si.,Zhou can mean wrapping something with straw.
2,攥,zuàn,她紧紧攥住钥匙，生怕弄丢。,"tā jǐn jǐn zuàn zhù yào shi, shēng pà nòng diū.","She gripped the keys tightly, afraid of losing them."
2,呒,fǔ,字典把呒解释为惊讶的样子。,zì diǎn bǎ fǔ jiě shì wéi jīng yà de yàng zi.,The dictionary explains this character as expressing astonishment.
2,呖呖,lì lì,树上传来呖呖鸟鸣。,shù shàng chuán lái lì lì niǎo míng.,Clear birdsong comes from the tree.
2,咝,sī,蛇吐着舌头，发出咝咝声。,"shé tǔ zhe shé tou, fā chū sī sī shēng.",The snake flicked its tongue and hissed.
2,呲,zī,小狗呲牙，发出低低的叫声。,"xiǎo gǒu zī yá, fā chū dī dī de jiào shēng.",The puppy bared its teeth and growled softly.
2,哏,gén,这段相声很有哏，逗得大家大笑。,"zhè duàn xiàng sheng hěn yǒu gén, dòu de dà jiā dà xiào.",This comic dialogue is funny and makes everyone laugh.
2,唛头,mài tóu,工人核对箱上的唛头，确认货物。,"gōng rén hé duì xiāng shàng de mài tóu, què rèn huò wù.",The worker checked the shipping mark on the box to identify the goods.
2,啰唣,luō zào,别再啰唣，安静听老师讲话。,"bié zài luō zào, ān jìng tīng lǎo shī jiǎng huà.",Stop making a fuss and listen quietly to the teacher.
2,唼,shà,鸭群唼喋，在水面寻找食物。,"yā qún shà dié, zài shuǐ miàn xún zhǎo shí wù.",The ducks gobble as they look for food on the water.
2,唰,shuā,他唰地翻开书，开始寻找答案。,"tā shuā de fān kāi shū, kāi shǐ xún zhǎo dá àn.",He flipped the book open with a rustle and began looking for the answer.
2,嗾,sǒu,不要嗾使别人做危险的事。,bù yào sǒu shǐ bié ren zuò wēi xiǎn de shì.,Do not incite others to do dangerous things.
2,嚆矢,hāo shǐ,嚆矢射出时，会发出响声。,"hāo shǐ shè chū shí, huì fā chū xiǎng shēng.",The whistling arrow makes a sound when shot.
2,囝,jiǎn,方言里有人把孩子叫作囝。,fāng yán lǐ yǒu rén bǎ hái zi jiào zuò jiǎn.,"In some dialects, people use this word for a child."
2,圊,qīng,他去打扫圊厕，让环境清洁。,"tā qù dǎ sǎo qīng cè, ràng huán jìng qīng jié.",He went to clean the latrine to keep the surroundings hygienic.
2,帔,pèi,她披上霞帔，准备参加仪式。,"tā pī shàng xiá pèi, zhǔn bèi cān jiā yí shì.",She put on a ceremonial cape and prepared to attend the ritual.
2,岘,xiàn,导游在地图上指出岘首山。,dǎo yóu zài dì tú shàng zhǐ chū xiàn shǒu shān.,The guide pointed out Mount Xianshou on the map.
2,岙,ào,山岙里有一个安静的小村庄。,shān ào lǐ yǒu yī ge ān jìng de xiǎo cūn zhuāng.,There is a quiet little village in the hollow among the mountains.
2,岣,gǒu,这本书介绍了岣嵝山的风景。,zhè běn shū jiè shào le gǒu lǒu shān de fēng jǐng.,This book introduces the scenery of Mount Goulou.
2,峁,mǎo,远处的山峁呈圆形，覆着黄土。,"yuǎn chù de shān mǎo chéng yuán xíng, fù zhe huáng tǔ.",The distant rounded hill is covered with yellow earth.
2,峄,yì,旅行结束前，我们去看了峄山。,"lǚ xíng jié shù qián, wǒ men qù kàn le yì shān.","Before the trip ended, we visited Mount Yi."
2,崮,gù,这个山崮顶部平坦，四周陡峭。,"zhè ge shān gù dǐng bù píng tǎn, sì zhōu dǒu qiào.",This mesa has a flat top and steep sides.
2,嵝,lǒu,这本书介绍了岣嵝山的风景。,zhè běn shū jiè shào le gǒu lǒu shān de fēng jǐng.,This book introduces the scenery of Mount Goulou.
2,崦嵫,yān zī,古诗用崦嵫，指日落的地方。,"gǔ shī yòng yān zī, zhǐ rì luò de dì fang.",The ancient poem uses the mountain's name to mean the place where the sun sets.
2,嶝,dèng,沿着石嶝上山，要小心脚下。,"yán zhe shí dèng shàng shān, yào xiǎo xīn jiǎo xià.",Watch your step while climbing the mountain along the stone path.
2,噙,qín,她噙着眼泪，向朋友挥手告别。,"tā qín zhe yǎn lèi, xiàng péng you huī shǒu gào bié.","With tears in her eyes, she waved goodbye to her friend."
2,狨,róng,狨猴坐在树枝上，观察周围。,"róng hóu zuò zài shù zhī shàng, guān chá zhōu wéi.",The marmoset sits on a branch and watches its surroundings.
2,猃,xiǎn,古书用猃，指一种长嘴的狗。,"gǔ shū yòng xiǎn, zhǐ yī zhǒng cháng zuǐ de gǒu.",The ancient book uses this word for a dog with a long muzzle.
2,猱,náo,猱在树间活动，动作十分灵活。,"náo zài shù jiān huó dòng, dòng zuò shí fēn líng huó.",The gibbon moves very nimbly among the trees.
2,饧,táng,他把饧放在碗里，尝到甜味。,"tā bǎ táng fàng zài wǎn lǐ, cháng dào tián wèi.",He put the malt syrup in a bowl and tasted its sweetness.
2,猹,chá,孩子在书里读到了猹这种野兽。,hái zi zài shū lǐ dú dào le chá zhè zhǒng yě shòu.,The child read about this wild animal in a book.
2,怫然,fú rán,听到不公平的话，他怫然变色。,"tīng dào bù gōng píng de huà, tā fú rán biàn sè.","Hearing the unfair remark, his expression changed with anger."
2,恹,yān,他病后恹恹无力，需要休息。,"tā bìng hòu yān yān wú lì, xū yào xiū xi.",He feels weak and listless after his illness and needs rest.
2,惝,chǎng,他惝恍不安，一时不知如何回答。,"tā chǎng huǎng bù ān, yī shí bù zhī rú hé huí dá.","He was bewildered and uneasy, unsure how to answer."
2,汔,qì,古文里的汔，可以表示接近。,"gǔ wén lǐ de qì, kě yǐ biǎo shì jiē jìn.","In classical writing, this character can mean near or almost."
2,沣,fēng,地图上标出了沣水、沩水和涑水。,"dì tú shàng biāo chū le fēng shuǐ, wéi shuǐ hé sù shuǐ.","The map marks the Feng, Wei, and Su rivers."
2,沩,wéi,地图上标出了沣水、沩水和涑水。,"dì tú shàng biāo chū le fēng shuǐ, wéi shuǐ hé sù shuǐ.","The map marks the Feng, Wei, and Su rivers."
2,泖,mǎo,泖水安静，映出了岸边的树影。,"mǎo shuǐ ān jìng, yìng chū le àn biān de shù yǐng.",The still water reflects the trees on the bank.
2,涑,sù,地图上标出了沣水、沩水和涑水。,"dì tú shàng biāo chū le fēng shuǐ, wéi shuǐ hé sù shuǐ.","The map marks the Feng, Wei, and Su rivers."
2,浯,wú,老师指着地图，讲解浯水、浠水和溆水。,"lǎo shī zhǐ zhe dì tú, jiǎng jiě wú shuǐ, xī shuǐ hé xù shuǐ.","The teacher points to the map and discusses the Wu, Xi, and Xu rivers."
2,涠,wéi,他计划去涠洲岛旅行。,tā jì huà qù wéi zhōu dǎo lǚ xíng.,He plans to visit Weizhou Island.
2,浠,xī,老师指着地图，讲解浯水、浠水和溆水。,"lǎo shī zhǐ zhe dì tú, jiǎng jiě wú shuǐ, xī shuǐ hé xù shuǐ.","The teacher points to the map and discusses the Wu, Xi, and Xu rivers."
2,淠,pì,字典里的淠，能形容水草茂盛。,"zì diǎn lǐ de pì, néng xíng róng shuǐ cǎo mào shèng.",The dictionary says this character can describe luxuriant aquatic plants.
2,涫,guàn,古文里的涫，有水沸腾的意思。,"gǔ wén lǐ de guàn, yǒu shuǐ fèi téng de yì si.","In classical writing, this character can mean water boiling."
2,溆,xù,老师指着地图，讲解浯水、浠水和溆水。,"lǎo shī zhǐ zhe dì tú, jiǎng jiě wú shuǐ, xī shuǐ hé xù shuǐ.","The teacher points to the map and discusses the Wu, Xi, and Xu rivers."
2,溘然,kè rán,他溘然长逝，家人十分悲伤。,"tā kè rán cháng shì, jiā rén shí fēn bēi shāng.","He passed away suddenly, leaving his family deeply saddened."
2,漭,mǎng,河水漭漭，望不到远处的岸。,"hé shuǐ mǎng mǎng, wàng bù dào yuǎn chù de àn.","The river is vast, and the far bank cannot be seen."
2,滏,fǔ,旅行地图列出了滏河、濉河和沅江。,"lǚ xíng dì tú liè chū le fǔ hé, suī hé hé yuán jiāng.","The travel map lists the Fu River, Sui River, and Yuan River."
2,漶,huàn,旧纸上的字迹漫漶，已经难以辨认。,"jiù zhǐ shàng de zì jì màn huàn, yǐ jīng nán yǐ biàn rèn.",The writing on the old paper has become blurred and hard to recognize.
2,澉,gǎn,地图上有一个名叫澉浦的地方。,dì tú shàng yǒu yī ge míng jiào gǎn pǔ de dì fang.,The map shows a place called Ganpu.
2,濉,suī,旅行地图列出了滏河、濉河和沅江。,"lǚ xíng dì tú liè chū le fǔ hé, suī hé hé yuán jiāng.","The travel map lists the Fu River, Sui River, and Yuan River."
2,謇,jiǎn,他謇謇直言，认真指出错误。,"tā jiǎn jiǎn zhí yán, rèn zhēn zhǐ chū cuò wù.","He spoke boldly and frankly, carefully pointing out the mistakes."
2,沅,yuán,旅行地图列出了滏河、濉河和沅江。,"lǚ xíng dì tú liè chū le fǔ hé, suī hé hé yuán jiāng.","The travel map lists the Fu River, Sui River, and Yuan River."
2,潴,zhū,雨水潴积在低洼处，形成小池。,"yǔ shuǐ zhū jī zài dī wā chù, xíng chéng xiǎo chí.",Rainwater collects in the depression and forms a little pool.
2,逯,lù,逯先生拿着书，走进了教室。,"lù xiān sheng ná zhe shū, zǒu jìn le jiào shì.",Mr. Lu walked into the classroom carrying a book.
2,迮,zé,道路狭迮，大家只能慢慢前进。,"dào lù xiá zé, dà jiā zhǐ néng màn màn qián jìn.","The road is narrow, so everyone can only move slowly."
2,漾濞,yàng bì,他住在漾濞。,tā zhù zài yàng bì.,He lives in Yangbi.
2,妫,guī,妫老师在黑板上写下自己的姓。,guī lǎo shī zài hēi bǎn shàng xiě xià zì jǐ de xìng.,Teacher Gui wrote her surname on the board.
2,姗姗,shān shān,她姗姗来迟，向大家说明了原因。,"tā shān shān lái chí, xiàng dà jiā shuō míng le yuán yīn.",She arrived late and explained the reason to everyone.
2,姝,shū,古诗中的姝，可以指美丽的女子。,"gǔ shī zhōng de shū, kě yǐ zhǐ měi lì de nǚ zǐ.","In ancient poetry, this character can refer to a beautiful woman."
2,羼,chàn,不要往商品里羼入劣质材料。,bù yào wǎng shāng pǐn lǐ chàn rù liè zhì cái liào.,Do not mix inferior materials into the product.
2,胬肉,nǔ ròu,眼睛不舒服，医生检查了胬肉。,"yǎn jing bù shū fu, yī shēng jiǎn chá le nǔ ròu.","The eye was uncomfortable, and the doctor examined the pterygium."
2,令嫒,lìng ài,请问令嫒今年多大了？,qǐng wèn lìng ài jīn nián duō dà le?,May I ask how old your daughter is this year?
2,尕,gǎ,方言中的尕，有小的意思。,"fāng yán zhōng de gǎ, yǒu xiǎo de yì si.","In dialect usage, this character means small."
2,尜,gá,孩子拿着尜，在院子里玩。,"hái zi ná zhe gá, zài yuàn zi lǐ wán.",The child plays in the yard with the pointed wooden toy.
2,骒,kè,这匹骒马十分温顺，正在吃草。,"zhè pǐ kè mǎ shí fēn wēn shùn, zhèng zài chī cǎo.",This mare is very gentle and is eating grass.
2,绱,shàng,奶奶绱鞋时，认真缝合鞋底。,"nǎi nai shàng xié shí, rèn zhēn féng hé xié dǐ.","While attaching the sole, Grandma carefully sewed the shoe together."
2,骣,chǎn,他骣骑小马，没有使用马鞍。,"tā chǎn qí xiǎo mǎ, méi yǒu shǐ yòng mǎ ān.",He rode the pony bareback without using a saddle.
2,缌,sī,这件衣服用细软的缌麻做成。,zhè jiàn yī fu yòng xì ruǎn de sī má zuò chéng.,"This garment is made from fine, soft linen."
2,缦,màn,这种缦没有花纹，颜色很朴素。,"zhè zhǒng màn méi yǒu huā wén, yán sè hěn pǔ sù.",This plain silk has no pattern and is simple in color.
2,缳,huán,古书中的缳，可以指绳圈。,"gǔ shū zhōng de huán, kě yǐ zhǐ shéng quān.","In ancient books, this character can refer to a loop of rope."
2,珧,yáo,工匠用江珧贝壳制作装饰品。,gōng jiàng yòng jiāng yáo bèi ké zhì zuò zhuāng shì pǐn.,The craftsman made ornaments from pen-shell shells.
2,栝,guā,他在植物书里读到栝楼的名称。,tā zài zhí wù shū lǐ dú dào guā lóu de míng chēng.,He read the name of the snake gourd in a botanical book.
2,桤,qī,山坡上的桤木长出了新叶。,shān pō shàng de qī mù zhǎng chū le xīn yè.,The alders on the hillside have produced new leaves.
2,棹,zhào,船夫举起棹，慢慢划动小船。,"chuán fū jǔ qǐ zhào, màn màn huà dòng xiǎo chuán.",The boatman raised the oar and slowly rowed the boat.
2,棰,chuí,古人用棰作鞭，驱赶牲畜。,"gǔ rén yòng chuí zuò biān, qū gǎn shēng chù.",Ancient people used a wooden whip to drive livestock.
2,桔槔,jié gāo,农民用桔槔汲水，省了不少力气。,"nóng mín yòng jié gāo jí shuǐ, shěng le bù shǎo lì qi.","The farmer drew water with a well sweep, saving considerable effort."
2,椋,liáng,椋鸟停在枝头，发出清脆的叫声。,"liáng niǎo tíng zài zhī tóu, fā chū qīng cuì de jiào shēng.",The starling perched on the branch and gave a clear call.
2,槭,qì,槭树的叶子，在秋天逐渐变红。,"qì shù de yè zi, zài qiū tiān zhú jiàn biàn hóng.",The maple's leaves gradually turn red in autumn.
2,樯,qiáng,船上的樯很高，帆挂在上面。,"chuán shàng de qiáng hěn gāo, fān guà zài shàng miàn.","The mast on the boat is tall, with a sail attached to it."
2,樘,táng,工人安装了一樘新门。,gōng rén ān zhuāng le yī táng xīn mén.,The worker installed a new door.
2,楂,zhā,山楂的果实小小的，味道很酸。,"shān zhā de guǒ shí xiǎo xiǎo de, wèi dao hěn suān.",Hawthorn fruits are small and taste very sour.
2,樾,yuè,孩子坐在林樾里，躲开炎热的阳光。,"hái zi zuò zài lín yuè lǐ, duǒ kāi yán rè de yáng guāng.",The child sits in the shade of the trees to escape the hot sunlight.
2,槠,zhū,这棵槠树很高，枝叶十分茂盛。,"zhè kē zhū shù hěn gāo, zhī yè shí fēn mào shèng.",This oak is tall and has abundant foliage.
2,香橼,xiāng yuán,香橼放在桌上，散发出淡淡香气。,"xiāng yuán fàng zài zhuō shàng, sàn fā chū dàn dàn xiāng qì.",The citron on the table gives off a faint fragrance.
2,殁,mò,他病殁以后，家人为他举行葬礼。,"tā bìng mò yǐ hòu, jiā rén wèi tā jǔ xíng zàng lǐ.","After he died of illness, his family held a funeral for him."
2,珥,ěr,她戴着玉珥，耳边微微发亮。,"tā dài zhe yù ěr, ěr biān wēi wēi fā liàng.",She wears jade earrings that gleam faintly beside her ears.
2,瓿,bù,展柜里放着古代的瓿和甏。,zhǎn guì lǐ fàng zhe gǔ dài de bù hé bèng.,The display case holds an ancient vase and a squat storage jar.
2,甏,bèng,展柜里放着古代的瓿和甏。,zhǎn guì lǐ fàng zhe gǔ dài de bù hé bèng.,The display case holds an ancient vase and a squat storage jar.
2,暾,tūn,朝暾升起，村庄渐渐明亮。,"cháo tūn shēng qǐ, cūn zhuāng jiàn jiàn míng liàng.","The morning sun rises, gradually brightening the village."
2,赍,jī,他赍着书信，前往远方拜访朋友。,"tā jī zhe shū xìn, qián wǎng yuǎn fāng bài fǎng péng you.",He carried a letter on a journey to visit a distant friend.
2,赕,dǎn,古书中的赕，可以指赔偿财物。,"gǔ shū zhōng de dǎn, kě yǐ zhǐ péi cháng cái wù.","In ancient books, this character can refer to paying compensation."
2,犋,jù,农民把牲畜配成一犋，准备耕田。,"nóng mín bǎ shēng chù pèi chéng yī jù, zhǔn bèi gēng tián.",The farmer paired the draft animals as a working team to prepare for plowing.
2,犏牛,piān niú,犏牛站在草地上，慢慢吃草。,"piān niú zhàn zài cǎo dì shàng, màn màn chī cǎo.",The yak–cattle hybrid stands in the grass and grazes slowly.
2,毪,mú,这块毪用羊毛织成，摸起来很厚。,"zhè kuài mú yòng yáng máo zhī chéng, mō qǐ lai hěn hòu.",This woolen cloth feels thick to the touch.
2,毡毹,zhān shū,地上的毡毹铺得整齐，十分柔软。,"dì shang de zhān shū pū de zhěng qí, shí fēn róu ruǎn.",The felt carpet is neatly spread on the floor and feels very soft.
2,氇,lu,这种氆氇由羊毛织成，十分保暖。,"zhè zhǒng pǔ lu yóu yáng máo zhī chéng, shí fēn bǎo nuǎn.",This woolen fabric is woven from sheep's wool and keeps you very warm.
2,氆氇,pǔ lu,这种氆氇由羊毛织成，十分保暖。,"zhè zhǒng pǔ lu yóu yáng máo zhī chéng, shí fēn bǎo nuǎn.",This woolen fabric is woven from sheep's wool and keeps you very warm.
2,氍毹,qú shū,演员站在氍毹上，向观众行礼。,"yǎn yuán zhàn zài qú shū shàng, xiàng guān zhòng xíng lǐ.",The actor stood on the stage carpet and bowed to the audience.
2,敫,jiǎo,敫先生站在门口，向客人问好。,"jiǎo xiān sheng zhàn zài mén kǒu, xiàng kè rén wèn hǎo.",Mr. Jiao stood at the door and greeted the guests.
2,胂,shèn,化学课本介绍了胂的性质。,huà xué kè běn jiè shào le shèn de xìng zhì.,The chemistry textbook introduces the properties of arsine.
2,脘,wǎn,他感到胃脘不适，向医生说明症状。,"tā gǎn dào wèi wǎn bù shì, xiàng yī shēng shuō míng zhèng zhuàng.",He felt discomfort in the stomach area and described his symptoms to the doctor.
2,腭,è,医生用灯照着口腔，检查上腭。,"yī shēng yòng dēng zhào zhe kǒu qiāng, jiǎn chá shàng è.",The doctor shone a light into the mouth to examine the palate.
2,媵,yìng,古代的媵女陪伴新娘前往夫家。,gǔ dài de yìng nǚ péi bàn xīn niáng qián wǎng fū jiā.,The ancient bride's attendant accompanied her to her husband's home.
2,飑,biāo,海上突然起飑，船长赶紧回港。,"hǎi shàng tū rán qǐ biāo, chuán zhǎng gǎn jǐn huí gǎng.","A squall suddenly arose at sea, and the captain hurried back to port."
2,欹,yī,古诗用欹字，表示惊叹的声音。,"gǔ shī yòng yī zì, biǎo shì jīng tàn de shēng yīn.",The ancient poem uses this character to express a sound of wonder.
2,炻,shí,这种炻器坚硬，常用来做容器。,"zhè zhǒng shí qì jiān yìng, cháng yòng lái zuò róng qì.",This stoneware is hard and is often used to make containers.
2,烀,hū,奶奶用少量水烀红薯。,nǎi nai yòng shǎo liàng shuǐ hū hóng shǔ.,Grandma cooked the sweet potatoes with a small amount of water.
2,焐,wù,他把冷手焐在热水杯旁。,tā bǎ lěng shǒu wù zài rè shuǐ bēi páng.,He warmed his cold hands beside the cup of hot water.
2,煊,xuān,名字里的煊，带有温暖的意思。,"míng zi lǐ de xuān, dài yǒu wēn nuǎn de yì si.",The character in the name conveys the idea of warmth.
2,炝,qiàng,妈妈准备炝拌蔬菜，先把菜焯好。,"mā ma zhǔn bèi qiàng bàn shū cài, xiān bǎ cài chāo hǎo.",Mom prepared a seasoned vegetable dish by briefly boiling the vegetables first.
2,祆教,xiān jiào,历史课上，老师介绍了祆教。,"lì shǐ kè shàng, lǎo shī jiè shào le xiān jiào.",The teacher introduced Zoroastrianism in history class.
2,禊,xì,古人临水修禊，祈求平安。,"gǔ rén lín shuǐ xiū xì, qí qiú píng ān.",Ancient people held a purification ceremony by the water to pray for safety.
2,悫,què,他为人诚悫，从不故意说谎。,"tā wéi rén chéng què, cóng bù gù yì shuō huǎng.",He is honest and sincere and never lies deliberately.
2,砘,dùn,农民播种后，用石砘压实土壤。,"nóng mín bō zhǒng hòu, yòng shí dùn yā shí tǔ rǎng.","After sowing, the farmer used a stone roller to compact the soil."
2,针砭,zhēn biān,这篇文章针砭弊病，提出改进办法。,"zhè piān wén zhāng zhēn biān bì bìng, tí chū gǎi jìn bàn fǎ.",This article criticizes shortcomings and proposes improvements.
2,砟,zhǎ,铁路旁堆着碎石砟，工人准备铺路。,"tiě lù páng duī zhe suì shí zhǎ, gōng rén zhǔn bèi pū lù.",Crushed stone is piled beside the railway for workers to lay the track bed.
2,砼,tóng,工人用砼浇筑地面，使地面平整。,"gōng rén yòng tóng jiāo zhù dì miàn, shǐ dì miàn píng zhěng.",The workers poured concrete to make the ground level.
2,硖,xiá,地图上标着硖石这个地名。,dì tú shàng biāo zhe xiá shí zhè ge dì míng.,The map marks a place called Xiashi.
2,砦,zhài,古代士兵守着山砦，防止敌人进入。,"gǔ dài shì bīng shǒu zhe shān zhài, fáng zhǐ dí rén jìn rù.",The ancient soldiers guarded the mountain stronghold against enemy entry.
2,硐,dòng,矿工走进矿硐，仔细查看岩壁。,"kuàng gōng zǒu jìn kuàng dòng, zǐ xì chá kàn yán bì.",The miner entered the mine tunnel to examine the rock wall.
2,硌,gè,鞋里的小石头硌得他脚疼。,xié lǐ de xiǎo shí tou gè de tā jiǎo téng.,The little stone in his shoe pressed painfully against his foot.
2,畈,fàn,田畈里的庄稼长得很整齐。,tián fàn lǐ de zhuāng jia zhǎng de hěn zhěng qí.,The crops in the fields grow in neat rows.
2,畹,wǎn,古代用畹来计算田地的面积。,gǔ dài yòng wǎn lái jì suàn tián dì de miàn jī.,Ancient people used this unit to measure farmland area.
2,罨,yǎn,医生在书里查到罨敷的解释。,yī shēng zài shū lǐ chá dào yǎn fū de jiě shì.,The doctor looked up the explanation of a compress in the book.
2,钣,bǎn,这块钣很薄，工人把它放好。,"zhè kuài bǎn hěn báo, gōng rén bǎ tā fàng hǎo.","This metal sheet is thin, and the worker put it away carefully."
2,磔,zhé,古书把汉字的捺画称为磔。,gǔ shū bǎ hàn zì de nà huà chēng wéi zhé.,Ancient books called the right-falling stroke by this name.
2,铗,jiá,工匠用火铗夹住热的金属。,gōng jiàng yòng huǒ jiá jiā zhù rè de jīn shǔ.,The craftsman held the hot metal with fire tongs.
2,锞,kè,展柜里的银锞，是小小的银锭。,"zhǎn guì lǐ de yín kè, shì xiǎo xiǎo de yín dìng.",The silver object in the display case is a small ingot.
2,锩,juǎn,这块铁已经锩曲，需要修整。,"zhè kuài tiě yǐ jīng juǎn qū, xū yào xiū zhěng.",This piece of iron has bent and needs straightening.
2,锷,è,这把刀的锷很锋利，要小心拿。,"zhè bǎ dāo de è hěn fēng lì, yào xiǎo xīn ná.","The cutting edge of this knife is sharp, so handle it carefully."
2,镏,liù,她把镏子戴在手指上，仔细端详。,"tā bǎ liù zi dài zài shǒu zhǐ shàng, zǐ xì duān xiáng.",She put the ring on her finger and examined it carefully.
2,镔铁,bīn tiě,工匠用镔铁打造坚固的器物。,gōng jiàng yòng bīn tiě dǎ zào jiān gù de qì wù.,The craftsman used refined iron to make a sturdy object.
2,镦,dūn,工人对金属进行镦锻，改变形状。,"gōng rén duì jīn shǔ jìn xíng dūn duàn, gǎi biàn xíng zhuàng.",The worker upset-forged the metal to change its shape.
2,镩,cuān,他用冰镩凿冰，开出一个小洞。,"tā yòng bīng cuān záo bīng, kāi chū yī ge xiǎo dòng.",He used an ice chisel to make a small hole in the ice.
2,镲,chǎ,乐队中的镲发出清脆响声。,yuè duì zhōng de chǎ fā chū qīng cuì xiǎng shēng.,The small cymbals in the band make a bright ringing sound.
2,稃,fū,谷粒外面的稃，保护里面的种子。,"gǔ lì wài miàn de fū, bǎo hù lǐ miàn de zhǒng zi.",The husk around the grain protects the seed inside.
2,稹,zhěn,草木稹密，远处看去一片绿色。,"cǎo mù zhěn mì, yuǎn chù kàn qù yī piàn lǜ sè.","The vegetation grows densely, forming a green expanse in the distance."
2,鸲,qú,红尾鸲停在树枝上，轻轻鸣叫。,"hóng wěi qú tíng zài shù zhī shàng, qīng qīng míng jiào.",The redstart perched on a branch and sang softly.
2,鹁鸽,bó gē,院子里的鹁鸽正在啄食米粒。,yuàn zi lǐ de bó gē zhèng zài zhuó shí mǐ lì.,The pigeons in the yard are pecking at grains of rice.
2,鹋,miáo,鸸鹋站在草地上，身材十分高大。,"ér miáo zhàn zài cǎo dì shàng, shēn cái shí fēn gāo dà.",The emu stands in the grass and is very tall.
2,鹛,méi,画眉鹛在树上鸣叫，声音清脆。,"huà méi méi zài shù shàng míng jiào, shēng yīn qīng cuì.",The babbler sings clearly in the tree.
2,痦,wù,他脸上的痦子很小，不容易看见。,"tā liǎn shàng de wù zi hěn xiǎo, bù róng yì kàn jiàn.",The mole on his face is tiny and difficult to notice.
2,痤疮,cuó chuāng,医生检查痤疮，询问皮肤情况。,"yī shēng jiǎn chá cuó chuāng, xún wèn pí fū qíng kuàng.",The doctor examined the acne and asked about the skin's condition.
2,瘃,zhú,冬天太冷，他的手上长了冻瘃。,"dōng tiān tài lěng, tā de shǒu shàng zhǎng le dòng zhú.",The winter was so cold that chilblains developed on his hands.
2,瘐,yǔ,古书中的瘐，常与囚犯受苦有关。,"gǔ shū zhōng de yǔ, cháng yǔ qiú fàn shòu kǔ yǒu guān.","In ancient books, this character often concerns the suffering of prisoners."
2,瘛疭,chì zòng,医书记录了病人出现瘛疭的症状。,yī shū jì lù le bìng rén chū xiàn chì zòng de zhèng zhuàng.,The medical book records the patient's symptoms of clonic convulsions.
2,袢,pàn,她把衣服上的袢扣系好。,tā bǎ yī fu shàng de pàn kòu jì hǎo.,She fastened the loop fastening on her clothes.
2,裉,kèn,裁缝检查衣服的裉，调整两侧接缝。,"cái feng jiǎn chá yī fu de kèn, tiáo zhěng liǎng cè jiē fèng.",The tailor examined the garment's sides and adjusted the seams.
2,裰,duō,奶奶认真补裰，把破衣服缝好。,"nǎi nai rèn zhēn bǔ duō, bǎ pò yī fú fèng hǎo.",Grandma carefully mended the torn clothes.
2,褙,bèi,工匠用纸褙好画卷，准备装裱。,"gōng jiàng yòng zhǐ bèi hǎo huà juàn, zhǔn bèi zhuāng biǎo.",The craftsman backed the scroll with paper to prepare it for mounting.
2,襦,rú,天气冷了，孩子穿上一件短襦。,"tiān qì lěng le, hái zi chuān shang yī jiàn duǎn rú.","As the weather turned cold, the child put on a short jacket."
2,耖,chào,农民用耖打碎土块，平整田地。,"nóng mín yòng chào dǎ suì tǔ kuài, píng zhěng tián dì.",The farmer used a harrow to break the clods and level the field.
2,耠,huō,农民用耠锄松土，准备播种。,"nóng mín yòng huō chú sōng tǔ, zhǔn bèi bō zhǒng.",The farmer loosened the soil with a hoe to prepare for sowing.
2,耢,lào,耢和耱都是用来平整土地的农具。,lào hé mò dōu shì yòng lái píng zhěng tǔ dì de nóng jù.,Both of these farm tools are used to level the soil.
2,耥,tāng,他在水田里耥地，整理稻苗之间的土。,"tā zài shuǐ tián lǐ tāng dì, zhěng lǐ dào miáo zhī jiān de tǔ.",He worked the soil between the rice seedlings in the paddy field.
2,耱,mò,耢和耱都是用来平整土地的农具。,lào hé mò dōu shì yòng lái píng zhěng tǔ dì de nóng jù.,Both of these farm tools are used to level the soil.
2,顸,hān,这根管子很顸，不容易弯曲。,"zhè gēn guǎn zi hěn hān, bù róng yì wān qū.",This pipe is thick and does not bend easily.
2,虼蚤,gè zǎo,小狗身上的虼蚤，使它不停地挠痒。,"xiǎo gǒu shēn shang de gè zǎo, shǐ tā bù tíng de náo yǎng.",The fleas on the puppy make it scratch constantly.
2,蚋,ruì,老师展示蚋和蚴的图片，介绍小生物。,"lǎo shī zhǎn shì ruì hé yòu de tú piàn, jiè shào xiǎo shēng wù.",The teacher showed pictures of blackflies and larvae to introduce small organisms.
2,蚴,yòu,老师展示蚋和蚴的图片，介绍小生物。,"lǎo shī zhǎn shì ruì hé yòu de tú piàn, jiè shào xiǎo shēng wù.",The teacher showed pictures of blackflies and larvae to introduce small organisms.
2,蛘,yáng,米袋里的蛘，被工人发现了。,"mǐ dài lǐ de yáng, bèi gōng rén fā xiàn le.",The rice weevil in the sack was discovered by the worker.
2,蝽,chūn,这只蝽停在叶片上，一动不动。,"zhè zhǐ chūn tíng zài yè piàn shàng, yī dòng bù dòng.",This stink bug rests motionless on a leaf.
2,蝻,nǎn,田里的蝻，是还没长大的蝗虫。,"tián lǐ de nǎn, shì hái méi zhǎng dà de huáng chóng.",The creature in the field is a locust that has not yet grown up.
2,蝰蛇,kuí shé,蝰蛇躲在草丛里，大家绕路走。,"kuí shé duǒ zài cǎo cóng lǐ, dà jiā rào lù zǒu.","The viper hides in the grass, so everyone takes another route."
2,蚯蟮,qiū shàn,蚯蟮钻进泥土，地上留下小洞。,"qiū shàn zuān jìn ní tǔ, dì shang liú xià xiǎo dòng.","The earthworm burrowed into the soil, leaving a little hole."
2,笄,jī,她用玉笄固定头发，整理发髻。,"tā yòng yù jī gù dìng tóu fa, zhěng lǐ fà jì.",She secured her hair bun with a jade hairpin.
2,筢,pá,农民用竹筢，把晒干的草收拢。,"nóng mín yòng zhú pá, bǎ shài gān de cǎo shōu lǒng.",The farmer gathered the dried grass with a bamboo rake.
2,箐,qìng,山间的箐里，树木和竹子很茂盛。,"shān jiān de qìng lǐ, shù mù hé zhú zi hěn mào shèng.",The wooded mountain hollow is thick with trees and bamboo.
2,箧,qiè,旧书放在书箧里，保存得很好。,"jiù shū fàng zài shū qiè lǐ, bǎo cún de hěn hǎo.",The old books are well preserved in the book chest.
2,箢箕,yuān ji,他把粮食装进箢箕，挑回家里。,"tā bǎ liáng shi zhuāng jìn yuān ji, tiāo huí jiā lǐ.",He loaded the grain into bamboo baskets and carried it home on a pole.
2,簖,duàn,渔民设置鱼簖，在河里拦捕鱼。,"yú mín shè zhì yú duàn, zài hé lǐ lán bǔ yú.",The fisherman set a bamboo fish trap in the river.
2,籼米,xiān mǐ,妈妈用籼米煮饭，米粒十分松散。,"mā ma yòng xiān mǐ zhǔ fàn, mǐ lì shí fēn sōng san.","Mom cooked long-grain rice, and the grains remained separate."
2,醅,pēi,古人酿成酒醅，还没有过滤。,"gǔ rén niàng chéng jiǔ pēi, hái méi yǒu guò lǜ.",The ancient brewer made wine that had not yet been filtered.
2,踅,xué,他在巷子里踅来踅去，寻找店铺。,"tā zài xiàng zi lǐ xué lái xué qù, xún zhǎo diàn pù.",He walked around the alley looking for the shop.
2,踺子,jiàn zi,运动员做了一个踺子，稳稳落地。,"yùn dòng yuán zuò le yī ge jiàn zi, wěn wěn luò dì.",The gymnast performed a roundoff and landed steadily.
2,蹁,pián,字典里，蹁可以指脚步不正。,"zì diǎn lǐ, pián kě yǐ zhǐ jiǎo bù bù zhèng.","In the dictionary, this character can refer to uneven steps."
2,躜,zuān,小狗从栏杆下面躜了过去。,xiǎo gǒu cóng lán gān xià miàn zuān le guò qù.,The puppy squeezed through beneath the railing.
2,鲅,bà,鱼店出售鲅鱼、鲐鱼和鲣鱼。,"yú diàn chū shòu bà yú, tái yú hé jiān yú.","The fish shop sells Spanish mackerel, mackerel, and bonito."
2,鲆,píng,老师比较鲆鱼和鳎鱼的扁平身体。,lǎo shī bǐ jiào píng yú hé tǎ yú de biǎn píng shēn tǐ.,The teacher compared the flat bodies of flounder and sole.
2,鲐,tái,鱼店出售鲅鱼、鲐鱼和鲣鱼。,"yú diàn chū shòu bà yú, tái yú hé jiān yú.","The fish shop sells Spanish mackerel, mackerel, and bonito."
2,鲡,lí,鳗鲡在水里游动，身体细长。,"mán lí zài shuǐ lǐ yóu dòng, shēn tǐ xì cháng.","The eel swims in the water with its long, slender body."
2,鲣,jiān,鱼店出售鲅鱼、鲐鱼和鲣鱼。,"yú diàn chū shòu bà yú, tái yú hé jiān yú.","The fish shop sells Spanish mackerel, mackerel, and bonito."
2,鲻,zī,海洋图册里有鲻鱼、鲼鱼和鳓鱼。,"hǎi yáng tú cè lǐ yǒu zī yú, fèn yú hé lè yú.","The marine atlas contains mullet, rays, and Chinese herring."
2,鲼,fèn,海洋图册里有鲻鱼、鲼鱼和鳓鱼。,"hǎi yáng tú cè lǐ yǒu zī yú, fèn yú hé lè yú.","The marine atlas contains mullet, rays, and Chinese herring."
2,鳎,tǎ,老师比较鲆鱼和鳎鱼的扁平身体。,lǎo shī bǐ jiào píng yú hé tǎ yú de biǎn píng shēn tǐ.,The teacher compared the flat bodies of flounder and sole.
2,鳓,lè,海洋图册里有鲻鱼、鲼鱼和鳓鱼。,"hǎi yáng tú cè lǐ yǒu zī yú, fèn yú hé lè yú.","The marine atlas contains mullet, rays, and Chinese herring."
2,鞒,qiáo,他检查马鞍的鞒，铺好鞯。,"tā jiǎn chá mǎ ān de qiáo, pù hǎo jiān.",He checked the saddle's raised frame and arranged the saddle blanket.
2,鞯,jiān,他检查马鞍的鞒，铺好鞯。,"tā jiǎn chá mǎ ān de qiáo, pù hǎo jiān.",He checked the saddle's raised frame and arranged the saddle blanket.
2,鞫,jū,古代官员鞫问嫌疑人，核实案情。,"gǔ dài guān yuán jū wèn xián yí rén, hé shí àn qíng.",The ancient official interrogated the suspect to establish the facts of the case.
2,鞲,gōu,猎人戴上臂鞲，让鹰停在手臂上。,"liè rén dài shang bì gōu, ràng yīng tíng zài shǒu bì shàng.",The hunter wore a protective arm guard for the hawk to perch on.
2,髁,kē,医生指出骨头上的髁，讲解关节。,"yī shēng zhǐ chū gǔ tou shàng de kē, jiǎng jiě guān jié.",The doctor pointed out the bone's condyle while explaining the joint.
2,髭,zī,他修剪嘴上的髭，使胡须整齐。,"tā xiū jiǎn zuǐ shàng de zī, shǐ hú xū zhěng qí.",He trimmed his mustache to make it neat.
2,麇,jūn,树林里的麇和麂，听见声音就跑开。,"shù lín lǐ de jūn hé jǐ, tīng jiàn shēng yīn jiù pǎo kāi.",The deer and muntjac in the woods ran away when they heard a sound.
2,麂,jǐ,树林里的麇和麂，听见声音就跑开。,"shù lín lǐ de jūn hé jǐ, tīng jiàn shēng yīn jiù pǎo kāi.",The deer and muntjac in the woods ran away when they heard a sound.
2,黧,lí,他的脸色黧黑，像是经常在太阳下工作。,"tā de liǎn sè lí hēi, xiàng shì jīng cháng zài tài yang xià gōng zuò.","His face is dark, as if he often works in the sun."
2,黪,cǎn,这件衣服颜色黪暗，已经很旧。,"zhè jiàn yī fu yán sè cǎn àn, yǐ jīng hěn jiù.",This garment is dark and dull in color and is already very old.
2,疴,kē,久病沉疴，让他感到十分疲惫。,"jiǔ bìng chén kē, ràng tā gǎn dào shí fēn pí bèi.",The persistent illness left him very tired.
2,黟县,yī xiàn,我们准备到黟县，参观古老的村庄。,"wǒ men zhǔn bèi dào yī xiàn, cān guān gǔ lǎo de cūn zhuāng.",We plan to visit ancient villages in Yi County.
2,蹽,liāo,他抬脚一蹽，很快就跑远了。,"tā tái jiǎo yī liāo, hěn kuài jiù pǎo yuǎn le.",He set off at a run and soon disappeared into the distance.
0,刘,liú,他姓刘。,Tā xìng Liú.,His family name is Liu.
2,叁,sān,叁是数字三的大写形式。,Sān shì shù zì sān de dà xiě xíng shì.,The character 叁 is the formal form of the number three.
1,一隅,yī yú,他坐在教室的一隅。,Tā zuò zài jiào shì de yī yú.,He sits in a corner of the classroom.
2,斌,bīn,斌字常用于人名。,Bīn zì cháng yòng yú rén míng.,The character bin is often used in given names.
1,煞费苦心,shà fèi kǔ xīn,为了做好这顿饭，爸爸煞费苦心。,"Wèi le zuò hǎo zhè dùn fàn, bà ba shà fèi kǔ xīn.",Dad took great pains to prepare this meal well.
2,慰藉,wèi jiè,朋友的话给了我一些慰藉。,Péng you de huà gěi le wǒ yī xiē wèi jiè.,My friend's words gave me some comfort.
