一以贯之	yī yǐ guàn zhī	to follow one consistent principle	verb phrase	Maintain the same guiding principle throughout changing situations.	他的教学始终一以贯之。	His teaching has always followed one consistent principle.	诚信是她一以贯之的原则。	Honesty is the principle she consistently follows.
一分一毫	yī fēn yī háo	even the smallest amount	noun phrase	Emphasizes tiny amounts of money or resources, especially when none should be wasted.	这笔钱一分一毫都不能乱花。	Not a cent of this money should be wasted.	她记下了一分一毫的开支。	She recorded every last cent she spent.
一分为二	yī fēn wéi èr	to consider both sides	verb phrase	Examine the positive and negative sides of a matter instead of judging it absolutely.	评价这项改革要一分为二。	We should consider both sides when assessing this reform.	看待他的表现要一分为二。	We should assess both the strengths and weaknesses of his performance.
一切就绪	yī qiè jiù xù	everything is ready	clause	All necessary preparations have been completed.	开幕前已经一切就绪。	Everything was ready before the opening ceremony.	设备调好后，一切就绪。	Once the equipment was adjusted, everything was ready.
一反常态	yī fǎn cháng tài	to behave unusually	verb phrase	Depart noticeably from one's usual behavior or an established pattern.	他今天一反常态，主动发言。	Unusually for him, he volunteered to speak today.	她一反常态地提前到了。	She arrived early, which was unlike her.
一呼百应	yī hū bǎi yìng	to receive widespread support	verb phrase	A call or proposal quickly attracts many willing supporters.	队长一呼百应，大家都来帮忙。	The captain's call brought everyone out to help.	这个环保倡议一呼百应。	This environmental initiative attracted immediate widespread support.
一哄而散	yī hòng ér sàn	to scatter in a rush	verb phrase	A gathered group disperses suddenly and noisily.	雨一下，围观的人就一哄而散。	The spectators scattered as soon as it started raining.	铃声响起，孩子们一哄而散。	The children rushed off when the bell rang.
一唱一和	yī chàng yī hè	to echo each other	verb phrase	Two people support each other's words, often in a coordinated or insincere way.	他们一唱一和地推销产品。	They echoed each other while selling the product.	两人在会上又一唱一和。	The two of them again backed each other up at the meeting.
一团和气	yī tuán hé qì	superficial harmony	noun phrase	A very agreeable atmosphere, sometimes maintained by avoiding necessary criticism.	会议一团和气，却没解决问题。	The meeting was all smiles, but solved nothing.	不能为了一团和气隐瞒错误。	We must not hide mistakes just to keep everyone happy.
一孔之见	yī kǒng zhī jiàn	a narrow personal view	noun phrase	A limited view based on restricted experience; also a modest way to present an opinion.	这只是一孔之见，请大家补充。	This is only my limited view; please add your thoughts.	他把一孔之见当成了真理。	He treated his narrow view as the truth.
一字不差	yī zì bù chā	without a single word changed	adverb phrase	Exactly matching the original wording, with no missing or altered characters.	她把台词一字不差地背出来。	She recited her lines without changing a word.	两份通知的内容一字不差。	The two notices have exactly the same wording.
一字不提	yī zì bù tí	to say nothing about something	verb phrase	Avoid mentioning a particular subject at all.	他对获奖的事一字不提。	He said nothing about winning the award.	她在信里对困难一字不提。	She did not mention her difficulties in the letter.
一字千金	yī zì qiān jīn	writing of exceptional value	noun phrase	Praises words or writing as extremely valuable; the stated price is figurative.	这篇短文一字千金，值得细读。	Every word of this short essay is valuable and deserves careful reading.	名家的题字被称为一字千金。	The master's calligraphy was described as exceptionally valuable.
一心二用	yī xīn èr yòng	to divide one's attention	verb phrase	Try to perform two tasks at the same time rather than concentrating on one.	开车时不能一心二用。	You must not divide your attention while driving.	她一心二用，边听课边回消息。	She split her attention between the lesson and replying to messages.
一技之长	yī jì zhī cháng	a useful specialized skill	noun phrase	A particular skill that a person does well and can rely on.	他靠一技之长找到工作。	His specialized skill helped him find a job.	学会修车也是一技之长。	Knowing how to repair cars is a useful skill.
一拥而入	yī yōng ér rù	to rush in together	verb phrase	Many people enter at once in a crowded rush.	门刚打开，游客就一拥而入。	The tourists rushed in as soon as the doors opened.	孩子们一拥而入，围住老师。	The children rushed in together and surrounded the teacher.
一文不值	yī wén bù zhí	completely worthless	adjective phrase	Has no practical or monetary value, often said critically about a thing or idea.	假的收藏品可能一文不值。	A fake collectible may be completely worthless.	他把别人的建议说得一文不值。	He dismissed other people's suggestions as worthless.
一日千里	yī rì qiān lǐ	to advance extremely rapidly	verb phrase	Make very fast progress, especially in development, learning, or technology.	这几年通信技术一日千里。	Communications technology has advanced rapidly in recent years.	找到方法后，她的进步一日千里。	Once she found the right method, she made rapid progress.
一时半刻	yī shí bàn kè	a short while	noun phrase	A brief period of time, often in statements that something cannot be done immediately.	这件事一时半刻说不清楚。	This cannot be explained in just a short while.	机器一时半刻还修不好。	The machine cannot be repaired immediately.
一曝十寒	yī pù shí hán	sporadic effort	verb phrase	Work hard briefly and then neglect the task for much longer, preventing steady progress.	学语言不能一曝十寒。	Language learning requires more than sporadic effort.	他锻炼总是一曝十寒。	He exercises in bursts and then stops for long periods.
一望而知	yī wàng ér zhī	obvious at a glance	adjective phrase	Can be understood or recognized immediately just by looking.	这张票是真是假，一望而知。	A glance is enough to tell whether this ticket is genuine.	图上的差别一望而知。	The difference in the diagram is obvious at a glance.
一朝一夕	yī zhāo yī xī	a very short time	noun phrase	A brief time span; commonly stresses that major changes require sustained effort.	信任不是一朝一夕建立的。	Trust cannot be built overnight.	改变习惯并非一朝一夕的事。	Changing a habit takes more than a short time.
一本万利	yī běn wàn lì	large profits from a small investment	adjective phrase	Describes an investment or business producing very high returns for little initial cost.	别轻信一本万利的投资广告。	Do not trust advertisements promising huge returns for little investment.	他梦想做一本万利的生意。	He dreams of running a business with huge returns on a small investment.
一枝独秀	yī zhī dú xiù	to stand out above the rest	verb phrase	One person, product, or group performs notably better than comparable others.	这家公司在行业里一枝独秀。	This company stands out above the rest of the industry.	她的作品在展览中一枝独秀。	Her work stood out in the exhibition.
一概而论	yī gài ér lùn	to judge everything in the same way	verb phrase	Apply one general judgment to different cases without considering their differences.	不同地区的情况不能一概而论。	Conditions in different regions cannot all be judged alike.	评价学生不能只看分数一概而论。	Students should not all be judged by scores alone.
一步登天	yī bù dēng tiān	to achieve success in one leap	verb phrase	Reach a very high position immediately; often criticizes unrealistic expectations of instant success.	创业别指望一步登天。	Do not expect instant success when starting a business.	他想一步登天，却不肯打基础。	He wants to succeed immediately but refuses to build a foundation.
一毛不拔	yī máo bù bá	extremely stingy	adjective phrase	Refuses to part with even a tiny amount of money or property.	他平时花钱一毛不拔。	He is extremely stingy with money.	大家捐款时，他还是一毛不拔。	He still refused to give a cent when everyone was donating.
一清二白	yī qīng èr bái	completely innocent and honest	adjective phrase	Has no dishonest dealings or hidden wrongdoing; can also describe an entirely clear situation.	他的账目一清二白。	His accounts are completely clean.	调查证明她一清二白。	The investigation proved her completely innocent.
一炮打响	yī pào dǎ xiǎng	to make an immediate successful debut	verb phrase	A first attempt or public launch immediately succeeds and attracts attention.	这家店靠招牌菜一炮打响。	The restaurant made an immediate name for itself with its signature dish.	新节目播出后就一炮打响。	The new show became an immediate success when it aired.
一目十行	yī mù shí háng	to read very quickly	verb phrase	Read many lines at a glance; emphasizes speed rather than guaranteeing careful understanding.	她看小说常常一目十行。	She often races through novels.	重要合同不能一目十行地扫过。	An important contract must not be skimmed too quickly.
一眼看穿	yī yǎn kàn chuān	to see through something immediately	verb phrase	Recognize a hidden intention or deception at once.	她一眼看穿了这个骗局。	She saw through the scam immediately.	他的借口被老师一眼看穿。	The teacher saw through his excuse at once.
一箭双雕	yī jiàn shuāng diāo	to achieve two goals with one action	verb phrase	One action successfully serves two separate purposes.	骑车上班既省钱又健身，真是一箭双雕。	Cycling to work saves money and provides exercise, achieving two goals at once.	这个安排一箭双雕，解决了两个问题。	This arrangement solves two problems at once.
一纸空文	yī zhǐ kōng wén	a document with no practical effect	noun phrase	A written rule or promise that is not implemented and therefore has no real effect.	没人执行的规定只是一纸空文。	A rule nobody enforces is just an ineffective document.	缺少监督，承诺成了一纸空文。	Without oversight, the promise became meaningless on paper.
一脉相承	yī mài xiāng chéng	to share a continuous tradition	verb phrase	Develop from the same source or tradition while maintaining a recognizable connection.	两代人的创作风格一脉相承。	The two generations' artistic styles share a continuous tradition.	这些节日习俗与古老传统一脉相承。	These festival customs continue an ancient tradition.
一般见识	yī bān jiàn shi	to take a petty dispute seriously	verb phrase	Treat another person's irritating behavior as worth arguing about; usually used negatively.	别跟孩子一般见识。	Do not take a child's behavior so personally.	她没有跟无礼的客人一般见识。	She did not argue with the rude customer.
一叶知秋	yī yè zhī qiū	to recognize a larger trend from a small sign	verb phrase	A minor change reveals the approach or nature of a broader development.	订单减少，让他一叶知秋。	Falling orders alerted him to a broader change ahead.	从这份调查中可以一叶知秋。	This survey offers a small sign of a wider trend.
一叶障目	yī yè zhàng mù	to miss the whole picture through a narrow focus	verb phrase	A limited concern or piece of information prevents someone from seeing the broader situation.	只看一次失败，容易一叶障目。	Focusing on one failure can obscure the whole picture.	眼前的利益让他一叶障目。	Immediate gains prevented him from seeing the wider situation.
一言九鼎	yī yán jiǔ dǐng	words that carry great weight	adjective phrase	A person's statements or promises are highly influential and taken seriously.	他在团队里一言九鼎。	His words carry great weight in the team.	这位长者说话一言九鼎。	The elder's words command great respect.
一语道破	yī yǔ dào pò	to reveal the truth in one remark	verb phrase	State the essential truth or expose a hidden problem with a concise remark.	她一语道破了争论的关键。	One remark from her revealed the key issue in the argument.	老师一语道破他的顾虑。	The teacher identified his concern in a single remark.
一诺千金	yī nuò qiān jīn	to take a promise very seriously	adjective phrase	A promise is treated as highly valuable and reliably fulfilled.	她一诺千金，从不轻易失约。	She keeps her word and rarely breaks a promise.	做生意要一诺千金。	People in business should honor their promises.
一蹴而就	yī cù ér jiù	to accomplish something in one easy step	verb phrase	Finish a difficult undertaking immediately; usually used to explain that sustained work is necessary.	学习写作不能一蹴而就。	Learning to write cannot be accomplished in one easy step.	城市改造并非一蹴而就。	Urban renewal cannot be achieved all at once.
一身是胆	yī shēn shì dǎn	extremely courageous	adjective phrase	Shows exceptional courage even when facing serious danger.	救援队员一身是胆，冲进火场。	The courageous rescuer rushed into the burning building.	她一身是胆，敢于公开质疑。	She was courageous enough to question it openly.
一通百通	yī tōng bǎi tōng	understanding one principle unlocks many others	verb phrase	Mastering an underlying principle makes related ideas easier to understand.	掌握了基本规律，就能一通百通。	Mastering the basic principles helps you understand many related ideas.	他学懂这个模型后，一通百通。	Once he understood this model, the related ideas became clear.
一雪前耻	yī xuě qián chǐ	to redeem an earlier defeat or humiliation	verb phrase	Restore pride by succeeding after a previous defeat or embarrassment.	球队决心在决赛中一雪前耻。	The team is determined to redeem its earlier defeat in the final.	这次胜利让她一雪前耻。	This victory allowed her to overcome her earlier humiliation.
一面之缘	yī miàn zhī yuán	a single brief encounter	noun phrase	The slight connection formed by meeting someone only once.	我和他只有一面之缘。	I have only met him once.	虽然只是一面之缘，我还记得她。	Although we met only once, I still remember her.
一饮而尽	yī yǐn ér jìn	to finish a drink in one go	verb phrase	Drink the entire contents of a cup or glass without stopping.	他把杯里的水一饮而尽。	He finished the water in his glass in one go.	她举起果汁，一饮而尽。	She lifted her juice and drank it all at once.
一饱眼福	yī bǎo yǎn fú	to enjoy a visual treat	verb phrase	Have the pleasure of seeing something beautiful, rare, or impressive.	这次展览让我们一饱眼福。	This exhibition gave us a wonderful visual treat.	登上山顶，我们一饱眼福。	The view from the summit was a feast for our eyes.
一马平川	yī mǎ píng chuān	a vast flat expanse	noun phrase	A wide stretch of flat land, without obstacles such as hills.	山那边是一马平川的田野。	Beyond the mountain stretch wide, flat fields.	这里地势一马平川，适合骑车。	The land here is flat and open, making it good for cycling.
一骑绝尘	yī qí jué chén	to leave all competitors far behind	verb phrase	Outperform others by such a large margin that nobody keeps up.	她在最后一圈一骑绝尘。	She left the others far behind on the final lap.	这款产品的销量一骑绝尘。	Sales of this product far outstrip its competitors.
一鳞半爪	yī lín bàn zhǎo	fragmentary information	noun phrase	Only a few scattered details of a larger subject or event.	我们只知道事件的一鳞半爪。	We know only scattered details of the event.	这些照片记录了旧城的一鳞半爪。	These photographs preserve fragments of the old city.
七弯八拐	qī wān bā guǎi	winding and full of turns	adjective phrase	Describes a route that bends repeatedly and is difficult to follow directly.	小巷七弯八拐，很容易迷路。	The winding alleys make it easy to get lost.	我们沿着七弯八拐的小路上山。	We climbed the mountain along a twisting path.
七手八脚	qī shǒu bā jiǎo	many people bustling to help	adverb phrase	Several people act at once, often enthusiastically but without orderly coordination.	大家七手八脚地搬开石头。	Everyone pitched in to move the stone.	他们七手八脚地搭起帐篷。	They all busied themselves putting up the tent.
七扭八歪	qī niǔ bā wāi	crooked and uneven	adjective phrase	Objects or lines lean and bend irregularly instead of being straight or orderly.	他的字写得七扭八歪。	His handwriting is crooked and uneven.	风把栅栏吹得七扭八歪。	The wind left the fence leaning every which way.
七窍生烟	qī qiào shēng yān	furious	adjective phrase	So angry that smoke is imagined coming from one's head; strongly exaggerated.	看到假账，他气得七窍生烟。	He was furious when he saw the false accounts.	这个无理要求把她气得七窍生烟。	The unreasonable demand made her furious.
七零八落	qī líng bā luò	scattered and incomplete	adjective phrase	Items or parts are dispersed, disorganized, or missing from what was once a whole.	旧书被搬得七零八落。	The old books were scattered during the move.	队伍被冲得七零八落。	The group was broken up and scattered.
三五成群	sān wǔ chéng qún	in small groups	adverb phrase	People gather in groups of a few rather than all together.	学生三五成群地走出校门。	Students left the school in small groups.	游客三五成群地坐在草地上。	Visitors sat on the lawn in small groups.
三人成虎	sān rén chéng hǔ	repeated rumors can be mistaken for truth	clause	A false claim may become believable simply because several people repeat it.	别让三人成虎的传言误导你。	Do not be misled by rumors that gain credibility through repetition.	核实消息能避免三人成虎。	Checking information prevents repeated rumors from being accepted as truth.
三令五申	sān lìng wǔ shēn	to issue repeated serious instructions	verb phrase	Repeatedly state orders or requirements so that nobody can claim ignorance.	学校三令五申禁止作弊。	The school repeatedly stressed that cheating is forbidden.	经理三令五申要求保护客户信息。	The manager repeatedly ordered staff to protect customer information.
三思而行	sān sī ér xíng	to think carefully before acting	verb phrase	Consider consequences thoroughly before making a decision or taking action.	辞职之前一定要三思而行。	Think carefully before resigning.	投资时应该三思而行。	You should think carefully before investing.
三番五次	sān fān wǔ cì	repeatedly	adverb	Something happens many times, especially when the repetition is noticeable or irritating.	他三番五次提醒我带钥匙。	He reminded me repeatedly to bring my keys.	她三番五次来找老师请教。	She came to ask the teacher for advice many times.
三足鼎立	sān zú dǐng lì	three rival powers in balance	verb phrase	Three major forces coexist and compete without one completely dominating the others.	市场形成了三足鼎立的局面。	The market is now balanced among three major competitors.	三家平台在本地三足鼎立。	Three platforms share the local market as rival powers.
三头六臂	sān tóu liù bì	extraordinary ability to handle many tasks	adjective phrase	Imagines extra heads and arms to emphasize remarkable capacity or impossible demands.	我没有三头六臂，做不了这么多事。	I do not have extra arms; I cannot do so many things.	再能干的人也不是三头六臂。	Even a capable person cannot handle unlimited tasks.
三顾茅庐	sān gù máo lú	to make repeated sincere requests for help	verb phrase	Visit or invite someone repeatedly to show sincere desire for their assistance or talent.	公司三顾茅庐，请他加入团队。	The company repeatedly invited him to join the team.	导演三顾茅庐，终于请到这位演员。	The director's repeated sincere invitations finally persuaded the actor.
上下其手	shàng xià qí shǒu	to secretly manipulate things for personal gain	verb phrase	Use dishonest influence or hidden maneuvers to distort a process for advantage.	有人在招标过程中上下其手。	Someone dishonestly manipulated the bidding process.	严密的审查让人难以上下其手。	Strict review makes dishonest manipulation difficult.
上当受骗	shàng dàng shòu piàn	to be deceived	verb phrase	Believe false claims or tricks and suffer a loss as a result.	别贪便宜，免得上当受骗。	Do not chase suspicious bargains and risk being deceived.	他上当受骗后马上报警。	He reported the fraud to the police as soon as he realized it.
上行下效	shàng xíng xià xiào	those below imitate those above	clause	The behavior of leaders or superiors shapes the behavior of those they lead.	主管守时，员工也上行下效。	When supervisors are punctual, employees follow their example.	管理者不能忽视上行下效的影响。	Managers cannot ignore how their behavior influences their staff.
不依不饶	bù yī bù ráo	to refuse to let a matter drop	verb phrase	Keep demanding satisfaction or arguing instead of accepting an apology or resolution.	他已经道歉了，她仍不依不饶。	He had apologized, but she still refused to let it go.	顾客对这次延误不依不饶。	The customer kept demanding an explanation for the delay.
不分伯仲	bù fēn bó zhòng	evenly matched	adjective phrase	Two people or things are so close in quality or ability that neither clearly surpasses the other.	两队实力不分伯仲。	The two teams are evenly matched.	这两幅作品的水平不分伯仲。	The two works are equally accomplished.
不分彼此	bù fēn bǐ cǐ	without distinguishing what belongs to whom	adverb phrase	People share resources or help each other as closely as if they were one group.	我们是朋友，用东西不分彼此。	We are friends and freely share our things.	两家人一直不分彼此地互相照顾。	The two families have always cared for each other like one family.
不分皂白	bù fēn zào bái	without distinguishing right from wrong	adverb phrase	Act or judge without first finding out who is right and who is wrong.	不能不分皂白地批评所有人。	You cannot criticize everyone without finding out who is at fault.	他不分皂白就责怪孩子。	He blamed the child without checking the facts.
不卑不亢	bù bēi bù kàng	neither submissive nor arrogant	adjective phrase	Maintain dignity and composure without flattering others or acting superior.	她不卑不亢地回答了问题。	She answered with dignity and composure.	面对批评，他的态度不卑不亢。	He faced the criticism without becoming submissive or arrogant.
不可一世	bù kě yī shì	extremely arrogant	adjective phrase	Acts as if nobody else in the world is worth considering or respecting.	获奖后，他变得不可一世。	He became extremely arrogant after winning the award.	她不喜欢对方不可一世的态度。	She disliked the other person's arrogant attitude.
不可言喻	bù kě yán yù	beyond words	adjective phrase	A feeling or experience is so strong or unusual that words cannot adequately express it.	重逢的喜悦不可言喻。	The joy of their reunion was beyond words.	那一刻的震撼不可言喻。	The impact of that moment could not be put into words.
不吐不快	bù tǔ bù kuài	to feel compelled to speak one's mind	verb phrase	Have thoughts or feelings that must be expressed to obtain relief.	有件事我不吐不快。	There is something I need to get off my chest.	积累的意见让她不吐不快。	She felt she had to voice the concerns she had built up.
不学无术	bù xué wú shù	ignorant and unskilled	adjective phrase	Lacks learning and useful ability, usually because of unwillingness to study.	不能把不学无术当成个性。	Ignorance and lack of skill should not be treated as individuality.	他担心自己荒废学习，变得不学无术。	He worries that neglecting his studies will leave him ignorant and unskilled.
不容小觑	bù róng xiǎo qù	must not be underestimated	verb phrase	A person's ability or a situation's significance deserves serious attention.	年轻选手的实力不容小觑。	The young competitor's ability must not be underestimated.	这个问题的影响不容小觑。	The impact of this problem must not be underestimated.
不念旧恶	bù niàn jiù è	to forgive past wrongs	verb phrase	Stop holding earlier offenses against someone and treat them fairly again.	她不念旧恶，仍愿意合作。	She forgave the past wrongs and remained willing to cooperate.	他不念旧恶，帮助了昔日的对手。	He put old grievances aside and helped his former rival.
不怒而威	bù nù ér wēi	commanding respect without showing anger	adjective phrase	A person's calm presence or manner is authoritative enough to inspire respect.	老师声音平静，却不怒而威。	The teacher spoke calmly but commanded respect.	她不怒而威，大家立刻安静下来。	Her calm authority immediately silenced everyone.
不怀好意	bù huái hǎo yì	to have bad intentions	verb phrase	Approach someone or act with a hidden wish to harm, deceive, or exploit.	这个陌生人似乎不怀好意。	This stranger seems to have bad intentions.	她识破了对方不怀好意的试探。	She recognized the other person's malicious probing.
不成体统	bù chéng tǐ tǒng	improper and undignified	adjective phrase	Behavior or appearance violates expected standards of propriety or dignity.	在正式会议上吵闹，实在不成体统。	Making a scene at a formal meeting is highly improper.	他穿着睡衣接待客人，显得不成体统。	Receiving guests in pajamas looked undignified.
不拘小节	bù jū xiǎo jié	unconcerned with minor formalities	adjective phrase	Does not pay much attention to small social conventions or minor details of behavior.	他为人热情，也不拘小节。	He is warm and unconcerned with minor formalities.	不拘小节不等于可以失礼。	Being informal does not mean being rude is acceptable.
不敢恭维	bù gǎn gōng wei	hardly deserving praise	verb phrase	A polite or ironic way to express a poor opinion of quality or performance.	这家店的服务实在不敢恭维。	The service at this shop is hardly praiseworthy.	他的书法水平让人不敢恭维。	His calligraphy leaves much to be desired.
不敢苟同	bù gǎn gǒu tóng	to respectfully disagree	verb phrase	Politely decline to agree with an opinion without pretending to accept it.	对于这个结论，我不敢苟同。	I respectfully disagree with this conclusion.	她对这种做法不敢苟同。	She could not agree with this approach.
不求甚解	bù qiú shèn jiě	to settle for a superficial understanding	verb phrase	Accept a general impression without examining details or achieving thorough comprehension.	读重要资料不能不求甚解。	You should not settle for a superficial reading of important material.	他看说明书时不求甚解，结果装错了。	He skimmed the instructions and assembled it incorrectly.
不理不睬	bù lǐ bù cǎi	to ignore someone completely	verb phrase	Refuse to respond to another person's speech or attempts to engage.	他赌气对我不理不睬。	He sulked and completely ignored me.	她忙着看书，对敲门声不理不睬。	She was absorbed in her book and ignored the knocking.
不甘人后	bù gān rén hòu	unwilling to fall behind others	adjective phrase	Wants to keep up with or surpass others rather than accept an inferior position.	她不甘人后，努力练习。	She worked hard because she did not want to fall behind.	这家公司在创新上不甘人后。	This company is determined to keep up with others in innovation.
不甘示弱	bù gān shì ruò	unwilling to appear weaker	adjective phrase	Respond competitively because one refuses to seem less capable or courageous than others.	对手加速，她也不甘示弱。	When her opponent accelerated, she refused to be outdone.	两队不甘示弱，比赛十分激烈。	Neither team would give way, making the match intense.
不疾不徐	bù jí bù xú	at a calm and steady pace	adverb phrase	Proceed neither hurriedly nor slowly, maintaining an even and controlled pace.	他不疾不徐地讲完了经过。	He recounted what happened at a calm, steady pace.	她不疾不徐地走向讲台。	She walked steadily and calmly toward the podium.
不痛不痒	bù tòng bù yǎng	weak and inconsequential	adjective phrase	Remarks or measures are too mild to address the real issue or produce a meaningful effect.	这份批评不痛不痒，没有触及问题。	The criticism was weak and did not address the problem.	不痛不痒的处罚难以阻止违规。	An inconsequential penalty is unlikely to deter violations.
不眠不休	bù mián bù xiū	without sleep or rest	adverb phrase	Continue working or acting through a period with no sleep or break.	救援人员不眠不休地寻找失踪者。	Rescuers searched for the missing people without rest.	他不眠不休地赶完了报告。	He worked without sleep or rest to finish the report.
不知好歹	bù zhī hǎo dǎi	unable to appreciate what is good for oneself	adjective phrase	Reject kindness or helpful advice and fail to recognize another person's good intentions.	他把劝告当成攻击，真是不知好歹。	He mistook advice for an attack and failed to appreciate the help.	别不知好歹，把帮助你的人赶走。	Do not reject the people trying to help you.
不知轻重	bù zhī qīng zhòng	unable to judge what matters or is appropriate	adjective phrase	Act without understanding the seriousness of a matter or the proper limits of behavior.	在病房大声开玩笑，太不知轻重。	Joking loudly in a hospital ward shows poor judgment.	他说话不知轻重，伤了朋友的心。	His careless words hurt his friend's feelings.
不知进退	bù zhī jìn tuì	unable to judge when to advance or withdraw	adjective phrase	Keep pushing or fail to act because one does not understand the limits of a situation.	对方已拒绝，他还纠缠，实在不知进退。	He kept pestering after being refused and failed to respect the situation.	她提醒他谈判时别不知进退。	She warned him to know when to press and when to step back in negotiations.
不紧不慢	bù jǐn bù màn	unhurried	adjective phrase	Act at an easy, steady pace without appearing rushed.	她不紧不慢地收拾行李。	She packed her luggage at an unhurried pace.	他不紧不慢地回答每个问题。	He answered each question without rushing.
不自量力	bù zì liàng lì	to overestimate one's ability	verb phrase	Attempt something beyond one's capabilities without realistically judging the difficulty.	毫无准备就挑战高手，未免不自量力。	Challenging an expert without preparation is overestimating your ability.	他承认自己接下这项任务有些不自量力。	He admitted that taking on this task had exceeded his ability.
不见不散	bù jiàn bù sàn	to promise to wait until someone arrives	verb phrase	Used when agreeing to meet, meaning neither person should leave before meeting the other.	周六九点在门口，不见不散。	Meet at the entrance at nine on Saturday; I will be waiting.	我们约好明天不见不散。	We agreed to meet tomorrow and wait for each other.
不见天日	bù jiàn tiān rì	deprived of daylight or freedom	adjective phrase	Unable to see daylight; figuratively, trapped in darkness, oppression, or prolonged confinement.	他被困在不见天日的地下室。	He was trapped in a basement without daylight.	她不愿再过不见天日的生活。	She no longer wanted a life of confinement and darkness.
不见经传	bù jiàn jīng zhuàn	relatively unknown	adjective phrase	A person, place, or work has little public recognition or established reputation.	这位不见经传的演员突然走红。	This previously unknown actor suddenly became popular.	他来自一个不见经传的小镇。	He comes from a little-known town.
不言自明	bù yán zì míng	self-evident	adjective	So clear that an explanation is unnecessary.	保护孩子的重要性不言自明。	The importance of protecting children is self-evident.	这个决定的理由不言自明。	The reason for this decision is obvious.
不计前嫌	bù jì qián xián	to put old grievances aside	verb phrase	Cooperate or reconcile without continuing to hold past disagreements against someone.	他们不计前嫌，再次合作。	They put their old grievances aside and worked together again.	她不计前嫌，主动来帮忙。	She set aside the past dispute and came to help.
不识大体	bù shí dà tǐ	unable to consider the wider interests	adjective phrase	Focus on personal concerns while ignoring the overall situation and appropriate responsibilities.	为小事破坏合作，显得不识大体。	Damaging cooperation over a small matter shows a failure to consider the bigger picture.	他被批评只顾自己，不识大体。	He was criticized for ignoring the wider interests and thinking only of himself.
不识时务	bù shí shí wù	unable to judge the current situation	adjective phrase	Fails to adapt one's behavior to present circumstances or recognize what is appropriate.	他在大家赶工时开玩笑，真不识时务。	He showed poor judgment by joking while everyone was rushing to finish.	她批评这个建议不识时务。	She criticized the proposal for ignoring the current circumstances.
不负众望	bù fù zhòng wàng	to live up to everyone's expectations	verb phrase	Achieve the results or conduct that other people have hoped for.	她不负众望，赢得了冠军。	She lived up to everyone's expectations and won the championship.	新队长不负众望，带队完成任务。	The new captain met everyone's expectations and led the team to finish the task.
不足挂齿	bù zú guà chǐ	not worth mentioning	adjective phrase	A modest way to say that one's help, achievement, or contribution is too small to deserve praise.	这点帮助不足挂齿。	This small bit of help is hardly worth mentioning.	他笑着说自己的功劳不足挂齿。	He smiled and said his contribution was nothing special.
不离不弃	bù lí bù qì	to stay loyally by someone's side	verb phrase	Continue supporting someone through hardship without leaving or abandoning them.	家人在他生病时不离不弃。	His family stayed loyally by his side during his illness.	她感谢朋友这些年不离不弃。	She thanked her friends for standing by her all these years.
世态炎凉	shì tài yán liáng	the fickleness of people's treatment of others	noun phrase	People may be friendly to the successful and indifferent to those who lose status or wealth.	失业之后，他体会到了世态炎凉。	After losing his job, he experienced how fickle people can be.	这部小说描写了世态炎凉。	This novel portrays people's changing treatment of others according to their fortunes.
世风日下	shì fēng rì xià	declining social morals	verb phrase	Expresses the judgment that public behavior and moral standards are growing worse.	老人感叹世风日下。	The old man lamented the decline of social morals.	她不认为个别事件就证明世风日下。	She did not think isolated incidents proved that society's morals were declining.
丢盔弃甲	diū kuī qì jiǎ	to flee in utter defeat	verb phrase	Retreat in disorder after a crushing defeat, literally or figuratively.	对手被打得丢盔弃甲。	The opponents were routed completely.	激烈竞争让几家公司丢盔弃甲。	Several companies were crushed by the fierce competition.
中西合璧	zhōng xī hé bì	a combination of Chinese and Western elements	noun phrase	Chinese and Western styles or methods are brought together in a harmonious combination.	这座酒店的设计中西合璧。	The hotel's design combines Chinese and Western styles.	婚宴采用了中西合璧的菜单。	The wedding banquet menu combined Chinese and Western dishes.
串通一气	chuàn tōng yī qì	to collude with each other	verb phrase	Secretly coordinate with others to deceive someone or pursue an improper purpose.	两人串通一气，伪造了记录。	The two colluded to falsify the records.	警方发现几名卖家串通一气。	The police found that several sellers were acting in collusion.
久仰大名	jiǔ yǎng dà míng	to have long admired someone's reputation	verb phrase	A courteous greeting to someone whose reputation one has heard about before meeting.	见到教授，他说久仰大名。	On meeting the professor, he said he had long admired his reputation.	她握手时客气地说久仰大名。	She politely said she had heard much about him as they shook hands.
久经考验	jiǔ jīng kǎo yàn	proven over a long period	adjective phrase	Has shown reliability or strength through many demanding experiences.	这是一支久经考验的救援队。	This rescue team has proved itself over many years.	他们的友谊久经考验。	Their friendship has stood the test of time.
乍暖还寒	zhà nuǎn huán hán	warm weather giving way to cold again	adjective phrase	Describes changeable weather, especially in early spring when warmth is followed by cold.	初春乍暖还寒，别急着换薄衣。	Early spring weather is changeable, so do not switch to thin clothes too soon.	这几天乍暖还寒，温差很大。	The weather has alternated between warmth and cold, with large temperature changes.
乏善可陈	fá shàn kě chén	with little worth praising	adjective phrase	Offers few notable merits or interesting achievements.	这场演出乏善可陈。	There was little to praise in this performance.	他的报告内容乏善可陈。	His report contained little that was noteworthy.
九死一生	jiǔ sǐ yī shēng	to narrowly survive extreme danger	verb phrase	Escape alive from a situation in which death seemed overwhelmingly likely.	他从雪崩中九死一生地逃了出来。	He barely escaped alive from the avalanche.	这次航行九死一生，他们终于回家。	They finally returned home after a voyage they barely survived.
了然于胸	liǎo rán yú xiōng	to understand something clearly	verb phrase	Have a clear and thorough grasp of a situation or its essential details.	她对比赛规则了然于胸。	She knows the competition rules thoroughly.	他对每项费用都了然于胸。	He has a clear grasp of every expense.
事倍功半	shì bèi gōng bàn	much effort for little result	verb phrase	Spend more effort than necessary while achieving poor results.	方法不对，容易事倍功半。	The wrong method can mean much effort for little result.	分工混乱让大家事倍功半。	Confused responsibilities made everyone's work inefficient.
事到临头	shì dào lín tóu	when the moment of action arrives	adverb phrase	When the issue must actually be faced or dealt with, rather than merely discussed.	事到临头，他反而冷静了。	When the moment came, he became calm instead.	别等事到临头才准备。	Do not wait until the moment arrives to prepare.
事在人为	shì zài rén wéi	results depend on people's efforts	clause	People can improve their chances by taking action instead of assuming the outcome is fixed.	别先放弃，事在人为。	Do not give up in advance; your efforts can make a difference.	她相信事在人为，继续寻找机会。	She believed effort could change things and kept looking for opportunities.
事过境迁	shì guò jìng qiān	circumstances have changed with time	clause	An earlier event is over, and the surrounding situation is no longer the same.	如今事过境迁，再争论没有意义。	Circumstances have changed, so arguing about it now serves no purpose.	事过境迁，他已不再生气。	Time and circumstances had changed, and he was no longer angry.
互为因果	hù wéi yīn guǒ	to be both cause and effect of each other	verb phrase	Two factors influence and reinforce each other rather than forming a simple one-way relationship.	压力与失眠常常互为因果。	Stress and sleeplessness often reinforce each other.	这两个变化并非互为因果。	These two changes are not both causes and effects of each other.
互相推诿	hù xiāng tuī wěi	to shift responsibility onto each other	verb phrase	Each person or group tries to make another take responsibility instead of handling the matter.	两个部门互相推诿，问题一直没解决。	The two departments kept shifting responsibility, leaving the problem unresolved.	出了差错不能互相推诿。	When something goes wrong, people must not shift the blame onto each other.
互通有无	hù tōng yǒu wú	to exchange what each side needs	verb phrase	Share or trade resources so that one side's surplus supplies the other's shortage.	两个村子互通有无，交换农产品。	The two villages traded farm products to meet each other's needs.	邻居们互通有无，共享工具。	Neighbors shared tools and supplied what one another lacked.
五光十色	wǔ guāng shí sè	bright and richly varied in color	adjective phrase	Many vivid colors create a dazzling visual display.	灯会上的彩灯五光十色。	The festival lanterns shone in many dazzling colors.	橱窗里摆着五光十色的玻璃饰品。	The window displayed brightly colored glass ornaments.
五味杂陈	wǔ wèi zá chén	mixed and complicated feelings	adjective phrase	Several different emotions arise together, making the feeling difficult to describe simply.	听到这个消息，她心里五味杂陈。	The news left her with mixed emotions.	回到旧校，他五味杂陈。	Returning to his old school stirred complicated feelings in him.
五彩缤纷	wǔ cǎi bīn fēn	colorful and vibrant	adjective phrase	A lively abundance of colors, often describing flowers, decorations, or clothing.	花园里开满了五彩缤纷的花。	The garden was full of vibrant, colorful flowers.	孩子们画出了五彩缤纷的天空。	The children painted a brilliantly colored sky.
交口称誉	jiāo kǒu chēng yù	to praise unanimously	verb phrase	Many people join in speaking highly of someone or something.	这部新戏让观众交口称誉。	Audiences unanimously praised the new play.	邻居对她的热心交口称誉。	The neighbors all praised her helpfulness.
交浅言深	jiāo qiǎn yán shēn	to speak too intimately to a new acquaintance	verb phrase	Discuss deeply personal matters with someone before a close relationship has developed.	初次见面，不宜交浅言深。	It is best not to share deeply personal matters at a first meeting.	他担心交浅言深让对方尴尬。	He worried that speaking too personally too soon would embarrass the other person.
亦敌亦友	yì dí yì yǒu	both rival and friend	adjective phrase	A relationship combines competition or opposition with friendship or cooperation.	他们在赛场上亦敌亦友。	They are both rivals and friends on the court.	两位商人保持着亦敌亦友的关系。	The two businesspeople maintain a relationship of rivalry and friendship.
亦步亦趋	yì bù yì qū	to follow someone blindly	verb phrase	Copy another person's actions or ideas closely instead of thinking independently.	设计不能总对国外品牌亦步亦趋。	Designers should not always blindly follow foreign brands.	他不愿对导师亦步亦趋。	He did not want to copy his mentor without thinking for himself.
亭亭玉立	tíng tíng yù lì	gracefully tall and slender	adjective phrase	Describes an elegant upright figure, commonly a young woman or a slender plant.	池中的荷花亭亭玉立。	The lotus flowers stood tall and graceful in the pond.	她亭亭玉立地站在舞台中央。	She stood tall and graceful at the center of the stage.
人云亦云	rén yún yì yún	to repeat others' opinions unthinkingly	verb phrase	Agree with or repeat what others say without forming an independent judgment.	讨论时不要人云亦云。	Do not simply repeat other people's views during discussion.	她坚持查资料，不愿人云亦云。	She insisted on checking the facts instead of echoing others.
人仰马翻	rén yǎng mǎ fān	complete confusion after a disruption	adjective phrase	A violent or sudden disturbance leaves people or activities in a chaotic state.	临时改方案让办公室人仰马翻。	The last-minute change threw the office into chaos.	搬家那天，屋里忙得人仰马翻。	The house was in complete chaos on moving day.
人去楼空	rén qù lóu kōng	a place left empty after people depart	clause	A formerly occupied or lively place is deserted after its people leave.	毕业后，宿舍人去楼空。	After graduation, the dormitory stood empty.	他回来时，旧办公室已人去楼空。	When he returned, the old office had been deserted.
人困马乏	rén kùn mǎ fá	exhausted after prolonged exertion	adjective phrase	A group is worn out after hard work or a long journey; the reference to horses is figurative in modern use.	连续赶路，大家已经人困马乏。	After traveling continuously, everyone was exhausted.	忙了一整夜，团队人困马乏。	The team was worn out after working all night.
人多势众	rén duō shì zhòng	strength in numbers	adjective phrase	A large group has an advantage in strength, influence, or intimidation.	对方人多势众，他只好退开。	Outnumbered by the other group, he had to step back.	他们仗着人多势众欺负别人。	They used their greater numbers to bully others.
人微言轻	rén wēi yán qīng	having little influence because of low status	adjective phrase	A person's words receive little attention because their social position or authority is limited.	他觉得自己人微言轻，没人听建议。	He felt his low status meant nobody listened to his suggestions.	即使人微言轻，她也坚持说出意见。	Even with little influence, she insisted on expressing her view.
人浮于事	rén fú yú shì	more staff than necessary	adjective phrase	An organization has too many workers for the amount of useful work available.	这个部门人浮于事，需要调整。	This department is overstaffed and needs restructuring.	人员增加后，人浮于事的问题出现了。	After staff numbers grew, overstaffing became a problem.
人烟稀少	rén yān xī shǎo	sparsely populated	adjective phrase	Few people live in or regularly occupy an area.	这一带山高路远，人烟稀少。	This remote mountainous area is sparsely populated.	他们在一处人烟稀少的海岸露营。	They camped on a sparsely inhabited stretch of coast.
人尽皆知	rén jìn jiē zhī	known to everyone	adjective phrase	A fact or reputation is widely known rather than private or obscure.	他的善举早已人尽皆知。	His good deeds have long been widely known.	这已是人尽皆知的秘密。	This is already an open secret.
人声鼎沸	rén shēng dǐng fèi	noisy with a crowd's voices	adjective phrase	A crowd produces a loud, busy mixture of talking and calling.	节日的广场人声鼎沸。	The square buzzed with loud voices during the festival.	球赛开始前，看台上人声鼎沸。	The stands were full of noisy voices before the match began.
人言可畏	rén yán kě wèi	public gossip can be intimidating	clause	Other people's talk and judgment may cause serious pressure or harm.	她担心人言可畏，不敢解释。	She feared public gossip and did not dare explain.	人言可畏，但不能因此放弃真相。	Public gossip is intimidating, but that is no reason to abandon the truth.
人财两空	rén cái liǎng kōng	to lose both the person and the money	verb phrase	Lose a valued relationship or person together with money, often after a deceptive arrangement.	这场骗局让他人财两空。	The scam cost him both the relationship and his money.	她担心轻信对方会人财两空。	She feared trusting the other person would cost her both love and money.
人走茶凉	rén zǒu chá liáng	influence and attention fade after someone leaves	clause	People become indifferent to someone once that person has left a position or lost importance.	退休后，他感到人走茶凉。	After retiring, he felt people no longer cared about him.	真正的友谊不该人走茶凉。	Real friendship should not fade when someone's position changes.
人迹罕至	rén jì hǎn zhì	rarely visited by people	adjective phrase	A place is remote or seldom reached by human visitors.	他们走进了人迹罕至的山谷。	They entered a valley rarely visited by people.	这片森林人迹罕至。	Few people ever enter this forest.
仗义执言	zhàng yì zhí yán	to speak up for justice	verb phrase	Publicly defend someone or state what is fair because one believes it is right.	她为受委屈的同事仗义执言。	She spoke up for a colleague who had been treated unfairly.	面对不公，他勇敢地仗义执言。	He bravely spoke out against the injustice.
仗义疏财	zhàng yì shū cái	to give generously to help others	verb phrase	Willingly part with money out of loyalty or concern for people in need.	他仗义疏财，帮助朋友渡过难关。	He generously helped his friend through financial difficulties.	这位老板仗义疏财，资助了乡里的学校。	The business owner generously supported the village school.
付之一笑	fù zhī yī xiào	to dismiss with a smile	verb phrase	Treat an insult, criticism, or difficulty lightly instead of taking it to heart.	对这些传闻，她付之一笑。	She dismissed the rumors with a smile.	他把无礼的话付之一笑。	He brushed off the rude remark with a smile.
付诸实施	fù zhū shí shī	to put into practice	verb phrase	Move from planning or discussion to actually carrying out a proposal.	这项计划下周付诸实施。	This plan will be put into practice next week.	她终于把想法付诸实施。	She finally put her idea into practice.
令人瞩目	lìng rén zhǔ mù	attracting considerable attention	adjective phrase	An achievement, change, or person is striking enough to draw widespread notice.	她取得了令人瞩目的成绩。	She achieved results that attracted considerable attention.	这座新桥的设计令人瞩目。	The new bridge's design is striking.
令行禁止	lìng xíng jìn zhǐ	orders carried out and prohibitions obeyed	verb phrase	An organization responds promptly and consistently to commands and restrictions.	训练有素的队伍令行禁止。	The well-trained unit obeyed orders and prohibitions promptly.	应急团队必须做到令行禁止。	An emergency team must follow instructions consistently and promptly.
以儆效尤	yǐ jǐng xiào yóu	to punish as a warning to others	verb phrase	Impose a penalty so that others will be discouraged from committing the same offense.	学校处分作弊者，以儆效尤。	The school disciplined the cheater as a warning to others.	公司公开了处理结果，以儆效尤。	The company announced the disciplinary outcome to deter similar conduct.
以卵击石	yǐ luǎn jī shí	to confront overwhelming strength hopelessly	verb phrase	Challenge a far stronger opponent with little realistic chance of success.	毫无准备就与强队较量，无异于以卵击石。	Facing a strong team unprepared is a hopeless mismatch.	他知道硬拼只是以卵击石。	He knew that a direct confrontation would be hopeless.
以史为鉴	yǐ shǐ wéi jiàn	to learn lessons from history	verb phrase	Use past events to understand risks and guide present choices.	我们应以史为鉴，避免重蹈覆辙。	We should learn from history and avoid repeating old mistakes.	这本书强调以史为鉴。	This book emphasizes learning lessons from history.
以少胜多	yǐ shǎo shèng duō	to defeat a larger force with fewer people	verb phrase	A smaller group wins against a numerically larger opponent.	他们凭借配合以少胜多。	Their teamwork allowed them to defeat a larger group.	这场战役是以少胜多的典型。	This battle is a classic case of a smaller force winning.
以弱胜强	yǐ ruò shèng qiáng	to defeat a stronger opponent	verb phrase	An apparently weaker side succeeds against a stronger one through skill, strategy, or determination.	小球队这次以弱胜强。	The smaller team beat the stronger opponent this time.	合理的战术帮助他们以弱胜强。	Good tactics helped them overcome a stronger side.
以强凌弱	yǐ qiáng líng ruò	to bully the weak with superior strength	verb phrase	Use greater power to mistreat or intimidate less powerful people.	老师制止了以强凌弱的行为。	The teacher stopped the bullying of weaker students.	规则应该防止以强凌弱。	Rules should prevent the powerful from bullying the weak.
以德报怨	yǐ dé bào yuàn	to repay hostility with kindness	verb phrase	Respond to a person's harmful or hostile actions with generosity rather than revenge.	她选择以德报怨，仍然帮助他。	She responded to his hostility with kindness and still helped him.	以德报怨并不意味着放弃原则。	Responding kindly to hostility does not mean abandoning one's principles.
以柔克刚	yǐ róu kè gāng	to overcome force with flexibility	verb phrase	Use gentleness, adaptability, or indirect methods to counter a forceful opponent.	谈判中，她以柔克刚。	She used a flexible approach to overcome forceful resistance in the negotiation.	这套动作讲究以柔克刚。	These movements emphasize overcoming force through flexibility.
以权谋私	yǐ quán móu sī	to abuse power for personal gain	verb phrase	Use the authority of one's position to obtain private benefits.	调查发现有人以权谋私。	The investigation found that someone had abused power for personal gain.	监督制度应防止以权谋私。	Oversight should prevent the use of public authority for private benefit.
以正视听	yǐ zhèng shì tīng	to correct public misunderstanding	verb phrase	Clarify the facts so that misleading information no longer confuses people's judgment.	学校发布说明，以正视听。	The school issued a statement to correct misunderstandings.	她公开原始记录，以正视听。	She made the original records public to set the facts straight.
以讹传讹	yǐ é chuán é	to pass on increasingly distorted information	verb phrase	Repeat inaccurate information without checking it, allowing errors to spread further.	转发前先核实，别以讹传讹。	Check information before sharing it to avoid spreading errors.	消息以讹传讹，越说越离谱。	The story became more absurd as inaccurate versions spread.
以貌取人	yǐ mào qǔ rén	to judge people by appearance	verb phrase	Evaluate someone's character or ability mainly from how they look.	招聘不能以貌取人。	Recruitment should not judge people by appearance.	她提醒孩子不要以貌取人。	She reminded the child not to judge people by their looks.
以逸待劳	yǐ yì dài láo	to conserve strength while an opponent tires	verb phrase	Rest or prepare while the opposing side expends energy, then act from an advantage.	守方以逸待劳，等对手进攻。	The defending side conserved its strength while waiting for an attack.	他们留在营地，以逸待劳。	They stayed in camp and let the opposing side tire itself out.
仰人鼻息	yǎng rén bí xī	to depend helplessly on someone else's favor	verb phrase	Have one's choices or livelihood controlled by another person's wishes or approval.	他不愿再仰人鼻息。	He no longer wanted to depend on someone else's favor.	缺少收入让她不得不仰人鼻息。	Without income, she had to depend on another person's goodwill.
任人唯亲	rèn rén wéi qīn	to favor relatives and close associates in appointments	verb phrase	Choose people for positions because of personal connections rather than their suitability.	任人唯亲会打击员工的积极性。	Appointing people through favoritism undermines staff motivation.	她反对管理层任人唯亲。	She opposed favoritism in management appointments.
任人唯贤	rèn rén wéi xián	to appoint people according to merit	verb phrase	Choose people for responsibilities on the basis of ability and character rather than connections.	公司坚持任人唯贤。	The company appoints people according to merit.	任人唯贤能让人才发挥作用。	Merit-based appointments allow capable people to contribute.
休戚相关	xiū qī xiāng guān	closely linked in interests and fortunes	adjective phrase	People or groups share consequences, so one side's good or bad fortune affects the other.	环境与每个人的生活休戚相关。	The environment is closely linked to everyone's well-being.	两地的经济发展休戚相关。	The economic fortunes of the two regions are closely connected.
似笑非笑	sì xiào fēi xiào	with an ambiguous half-smile	adjective phrase	An expression resembles a smile but leaves the person's attitude unclear.	他似笑非笑地看着我。	He looked at me with an ambiguous half-smile.	她脸上露出似笑非笑的表情。	An uncertain half-smile appeared on her face.
何乐不为	hé lè bù wéi	why not gladly do it	clause	Rhetorically encourages an action because it is beneficial or enjoyable.	既能省钱又能学习，何乐不为？	If it saves money and teaches us something, why not do it?	一起散步还能聊天，何乐不为？	We can talk while walking together, so why not?
你争我夺	nǐ zhēng wǒ duó	to compete fiercely with each other	verb phrase	Several people struggle against one another to obtain the same limited thing.	几家公司为订单你争我夺。	Several companies competed fiercely for the order.	孩子们为了最后一块蛋糕你争我夺。	The children fought over the last piece of cake.
来日方长	lái rì fāng cháng	there is plenty of time ahead	clause	The future still offers time and opportunities, so there is no need to rush or despair.	来日方长，我们以后再慢慢聊。	There is plenty of time ahead; we can talk more later.	虽然这次失败了，但来日方长。	Although we failed this time, there will be more opportunities.
依依不舍	yī yī bù shě	reluctant to part	adjective phrase	Feels strong affection and finds it difficult to leave a person or place.	离开家时，她依依不舍。	She was reluctant to leave home.	孩子们依依不舍地告别老师。	The children said goodbye to their teacher with great reluctance.
依然如故	yī rán rú gù	unchanged as before	adjective phrase	A condition, relationship, or habit remains the same despite the passage of time or events.	多年过去，友情依然如故。	Their friendship remained unchanged after many years.	修理以后，噪声依然如故。	The noise remained the same after the repair.
促膝谈心	cù xī tán xīn	to have an intimate heart-to-heart talk	verb phrase	Sit close together and speak sincerely about personal thoughts or feelings.	母女俩在夜里促膝谈心。	Mother and daughter had a close heart-to-heart talk that night.	分别前，我们促膝谈心。	Before parting, we shared a sincere personal conversation.
保家卫国	bǎo jiā wèi guó	to defend one's homeland	verb phrase	Protect one's country and its people from threats.	他立志保家卫国。	He resolved to defend his homeland.	纪念馆讲述了保家卫国的故事。	The memorial tells stories of defending the homeland.
保驾护航	bǎo jià hù háng	to provide protection and support	verb phrase	Help a person or undertaking proceed safely and successfully by removing risks or obstacles.	法律为公平交易保驾护航。	The law supports and protects fair transactions.	专业团队为活动保驾护航。	A professional team ensured the event ran safely and smoothly.
修心养性	xiū xīn yǎng xìng	to cultivate a calm and disciplined character	verb phrase	Develop inner composure and improve one's character through reflection or practice.	他通过书法修心养性。	He cultivates calm and discipline through calligraphy.	她把园艺当作修心养性的方式。	She uses gardening to cultivate inner calm.
俯拾皆是	fǔ shí jiē shì	abundant and easy to find	adjective phrase	Examples or objects are so numerous that they can be found almost everywhere.	这种错误在文章中俯拾皆是。	Errors of this kind are abundant throughout the article.	旧街上的历史痕迹俯拾皆是。	Traces of history are easy to find along the old street.
俯首帖耳	fǔ shǒu tiē ěr	completely obedient and submissive	adjective phrase	Comply with another person's wishes without resistance or independent judgment.	他要求下属俯首帖耳。	He demanded complete obedience from his subordinates.	她不愿对任何人俯首帖耳。	She refused to be completely submissive to anyone.
仓皇出逃	cāng huáng chū táo	to flee in panic	verb phrase	Leave hurriedly in fear and confusion, without orderly preparation.	火警响起，人们仓皇出逃。	People fled in panic when the fire alarm sounded.	骗子被识破后仓皇出逃。	The swindler fled in panic after being exposed.
倒打一耙	dào dǎ yī pá	to turn an accusation against the victim	verb phrase	Someone guilty of wrongdoing reverses the blame and accuses the person harmed or complaining.	他撞了人，还倒打一耙。	After hitting someone, he tried to blame the victim.	骗子倒打一耙，指责她不守信用。	The swindler reversed the blame and accused her of breaking her word.
倒行逆施	dào xíng nì shī	to act against what is right or reasonable	verb phrase	Pursue actions that violate justice, sound principles, or the general direction of progress.	压制合理建议是倒行逆施。	Suppressing reasonable suggestions goes against sound principles.	这种倒行逆施的做法遭到反对。	This unjust and unreasonable approach met opposition.
倚老卖老	yǐ lǎo mài lǎo	to claim superiority merely through age	verb phrase	Use seniority as a reason to demand obedience or dismiss younger people's views.	他从不倚老卖老，愿意听年轻人意见。	He never pulls rank through age and listens to younger people.	年长不该成为倚老卖老的理由。	Being older is no excuse for demanding unquestioning respect.
借刀杀人	jiè dāo shā rén	to use someone else to harm an opponent	verb phrase	Make another person carry out harmful action while avoiding direct responsibility oneself.	他想借刀杀人，让同事替他报复。	He wanted to use a colleague to take revenge for him.	她识破了借刀杀人的算计。	She saw through the plan to harm someone through another person.
借古讽今	jiè gǔ fěng jīn	to criticize the present through stories of the past	verb phrase	Use historical material to comment indirectly and critically on current circumstances.	这出戏借古讽今，意味深长。	The play uses the past to criticize the present with subtle meaning.	作者通过古代故事借古讽今。	The author comments critically on the present through an ancient story.
借花献佛	jiè huā xiàn fó	to give a gift obtained from someone else	verb phrase	Offer another person's gift or resource as one's own gesture of goodwill.	我借花献佛，把朋友送的茶请你喝。	Let me share the tea my friend gave me as a small gesture.	她借花献佛，用别人送的花祝贺老师。	She congratulated her teacher with flowers she had received from someone else.
借酒浇愁	jiè jiǔ jiāo chóu	to drink in an attempt to ease sorrow	verb phrase	Use alcohol to try to escape sadness or worry, without necessarily solving it.	失恋后，他想借酒浇愁。	After the breakup, he wanted to drown his sorrow in drink.	借酒浇愁并不能解决问题。	Drinking to escape sorrow does not solve the problem.
假公济私	jiǎ gōng jì sī	to pursue private gain under a public pretext	verb phrase	Use official duties or a claimed collective interest to benefit oneself.	他假公济私，用公车办私事。	He used the official car for personal business under a public pretext.	制度必须防止假公济私。	The rules must prevent public resources from serving private interests.
做贼心虚	zuò zéi xīn xū	guilty and afraid of being exposed	adjective phrase	Anxiety about discovery makes someone who has done wrong behave nervously.	他做贼心虚，不敢看老师。	He felt guilty and dared not look at the teacher.	一听到调查，她就做贼心虚。	Hearing about the investigation made her nervous about being exposed.
偶一为之	ǒu yī wéi zhī	to do something only occasionally	verb phrase	Perform an action as a rare exception rather than a regular habit.	吃夜宵只是偶一为之。	Eating late-night snacks is only an occasional indulgence.	他骑车远行只是偶一为之。	He only takes long bicycle trips occasionally.
偷天换日	tōu tiān huàn rì	to carry out a major deception by substitution	verb phrase	Secretly replace something important and hide the change to mislead others.	骗子偷天换日，把真货换成假货。	The swindler secretly substituted fake goods for genuine ones.	她发现文件被人偷天换日。	She discovered that someone had secretly replaced the documents.
债台高筑	zhài tái gāo zhù	deeply in debt	adjective phrase	Owes a large accumulated amount of money.	公司扩张太快，已经债台高筑。	The company expanded too quickly and is now deeply in debt.	他因冲动消费而债台高筑。	Impulsive spending left him heavily in debt.
伤心欲绝	shāng xīn yù jué	overwhelmed with grief	adjective phrase	Feels such intense sadness that it seems almost unbearable.	失去爱犬让她伤心欲绝。	Losing her dog left her overwhelmed with grief.	听到噩耗，家人伤心欲绝。	The family was devastated by the terrible news.
伤筋动骨	shāng jīn dòng gǔ	to cause serious damage to the foundations	verb phrase	Cause a serious injury; figuratively, damage an organization or situation at a fundamental level.	这次损失让公司伤筋动骨。	This loss seriously damaged the company's foundations.	调整流程不必伤筋动骨。	Adjusting the process need not disrupt the whole organization.
倾囊相授	qīng náng xiāng shòu	to teach everything one knows	verb phrase	Share all one's knowledge or skills generously without withholding anything.	师傅对徒弟倾囊相授。	The master taught the apprentice everything he knew.	她把多年经验倾囊相授。	She generously shared all the experience she had gained over the years.
倾巢而出	qīng cháo ér chū	to come out in full force	verb phrase	Every member of a group leaves its base or joins an activity together.	游客团倾巢而出，前往海边。	The entire tour group headed out to the seaside.	球队的支持者倾巢而出。	The team's supporters turned out in full force.
僧多粥少	sēng duō zhōu shǎo	too many claimants for too few resources	clause	Available resources cannot meet the needs of the many people competing for them.	岗位有限，求职者多，难免僧多粥少。	There are many applicants but few jobs, so demand exceeds supply.	预算这么少，项目这么多，真是僧多粥少。	With so many projects and such a small budget, resources are insufficient.
价廉物美	jià lián wù měi	inexpensive and good quality	adjective phrase	Offers satisfying quality at a low price.	这里的午餐价廉物美。	Lunch here is inexpensive and good.	她喜欢买价廉物美的日用品。	She likes buying affordable, good-quality everyday goods.
优胜劣汰	yōu shèng liè tài	the better succeed and the weaker are eliminated	clause	Competition allows better-adapted or stronger participants to remain while less successful ones drop out.	激烈竞争带来了优胜劣汰。	Fierce competition favored the better performers and eliminated weaker ones.	市场的优胜劣汰不代表人的价值。	Being selected or eliminated by the market does not define a person's worth.
先来后到	xiān lái hòu dào	priority according to arrival order	noun phrase	People should be served or considered in the order in which they arrived.	排队要讲先来后到。	People in a queue should respect arrival order.	座位按先来后到分配。	Seats are allocated on a first-come, first-served basis.
先斩后奏	xiān zhǎn hòu zòu	to act first and report afterward	verb phrase	Take action without prior approval and inform the responsible authority only afterward.	这项改动不能先斩后奏。	This change cannot be made before seeking approval.	他先斩后奏，已经订了机票。	He booked the flights first and only then told us.
先睹为快	xiān dǔ wéi kuài	to enjoy seeing something before others	verb phrase	Take pleasure in being among the first to see a new work or event.	预映让影迷先睹为快。	The preview let film fans enjoy an early look.	她拿到样书，终于先睹为快。	She received an advance copy and finally got to read it early.
先礼后兵	xiān lǐ hòu bīng	to try courtesy before stronger measures	verb phrase	Begin with respectful negotiation and use confrontation only if that fails.	处理纠纷时，他们选择先礼后兵。	They chose negotiation before confrontation in resolving the dispute.	他先礼后兵，先寄出了正式通知。	He began courteously by sending a formal notice before taking stronger action.
光说不练	guāng shuō bù liàn	to talk without taking action	verb phrase	Discuss intentions or abilities without putting them into practice.	学游泳不能光说不练。	You cannot learn swimming just by talking about it.	别再光说不练，今天就开始。	Stop merely talking and start today.
光阴似箭	guāng yīn sì jiàn	time passes very quickly	clause	Expresses how quickly time seems to pass, especially when looking back.	光阴似箭，孩子已经上大学了。	Time flies; the child is already at university.	毕业十年了，真是光阴似箭。	Ten years have passed since graduation; time really flies.
克勤克俭	kè qín kè jiǎn	hardworking and frugal	adjective phrase	Works diligently and uses money or resources carefully.	父母一生克勤克俭。	My parents have been hardworking and frugal all their lives.	她靠克勤克俭攒下了学费。	Through hard work and thrift, she saved enough for tuition.
克己奉公	kè jǐ fèng gōng	self-disciplined and devoted to public duty	adjective phrase	Put public responsibilities before personal desires and advantages.	他以克己奉公的态度工作。	He worked with self-discipline and dedication to public duty.	克己奉公是她坚持的原则。	Self-discipline and devotion to public duty are principles she maintains.
入境问俗	rù jìng wèn sú	to learn local customs when entering a new place	verb phrase	Respect unfamiliar communities by first finding out their customs and expected conduct.	出国旅行要入境问俗。	When traveling abroad, learn and respect local customs.	她入境问俗，先请教当地朋友。	She asked a local friend about the customs before joining in.
入情入理	rù qíng rù lǐ	reasonable and well grounded	adjective phrase	An explanation or request fits both the facts and human feelings.	她的分析入情入理。	Her analysis was reasonable and well grounded.	这个请求入情入理，可以考虑。	This request is reasonable and deserves consideration.
内忧外患	nèi yōu wài huàn	internal problems and external threats	noun phrase	An organization or country faces difficulties from within and dangers from outside at the same time.	公司陷入内忧外患。	The company faced internal troubles and external threats.	故事发生在内忧外患的年代。	The story is set in a time of internal unrest and external danger.
全身而退	quán shēn ér tuì	to withdraw without harm	verb phrase	Leave a dangerous or difficult situation without suffering significant damage.	她及时停止投资，得以全身而退。	She stopped investing in time and escaped without loss.	球队在客场全身而退。	The team came away from the away match unscathed.
两袖清风	liǎng xiù qīng fēng	honest and free from ill-gotten wealth	adjective phrase	An official or person with responsibility remains uncorrupted and gains no illicit personal riches.	这位老干部一生两袖清风。	This veteran official remained honest and uncorrupted throughout his life.	她两袖清风地离开了岗位。	She left her position without any ill-gotten wealth.
两面三刀	liǎng miàn sān dāo	deceitful and double-dealing	adjective phrase	Act loyally to someone's face while secretly working against them or changing sides.	大家不再信任两面三刀的人。	Nobody trusted the double-dealing person anymore.	他讨厌同事两面三刀的做法。	He disliked his colleague's deceitful behavior.
公之于众	gōng zhī yú zhòng	to make publicly known	verb phrase	Reveal information openly so that the general public can know it.	调查结果将公之于众。	The investigation's findings will be made public.	她把证据公之于众。	She made the evidence public.
公而忘私	gōng ér wàng sī	to put public duty entirely before self-interest	verb phrase	Devote oneself to collective responsibilities with little thought for personal advantage.	他公而忘私，主动承担急难任务。	He put collective duty first and volunteered for difficult urgent tasks.	同事敬佩她公而忘私的精神。	Her colleagues admired her selfless devotion to shared duties.
六亲不认	liù qīn bù rèn	to reject even one's closest relatives	verb phrase	Refuse loyalty or help even to family; can criticize extreme selfishness or emphasize cold severity.	他为了利益竟然六亲不认。	For personal gain, he even turned against his own relatives.	她不愿变成六亲不认的人。	She did not want to become someone who rejected her own family.
兵不血刃	bīng bù xuè rèn	to win without bloodshed	verb phrase	Obtain a victory without fighting that causes injury or death.	双方达成协议，守军兵不血刃地进城。	An agreement allowed the troops to enter the city without bloodshed.	他希望兵不血刃地解决冲突。	He hoped to resolve the conflict without bloodshed.
兵临城下	bīng lín chéng xià	a serious threat at the doorstep	clause	An enemy approaches a city; figuratively, a danger has become immediate and unavoidable.	订单不断流失，公司已感到兵临城下。	As orders kept slipping away, the company felt an immediate threat.	故事开头，敌军已经兵临城下。	At the start of the story, enemy troops were already at the city gates.
兵荒马乱	bīng huāng mǎ luàn	chaotic and unsettled	adjective phrase	A disorderly state caused by war; also used for hectic confusion in ordinary life.	搬家的那几天，家里兵荒马乱。	The house was chaotic during the move.	老人讲起兵荒马乱时的经历。	The old man recalled his experiences during the turmoil of war.
兵贵神速	bīng guì shén sù	speed is essential in taking action	clause	Rapid action can secure an advantage before an opponent or a worsening situation can respond.	救援兵贵神速，不能拖延。	Speed is crucial in rescue work; delays are unacceptable.	比赛中兵贵神速，他们迅速反击。	Speed mattered in the match, and they counterattacked quickly.
其貌不扬	qí mào bù yáng	unremarkable in appearance	adjective phrase	Does not look handsome, attractive, or impressive, without implying a lack of ability.	这位专家其貌不扬，却很有才华。	The expert looked unremarkable but was very talented.	这把工具其貌不扬，十分好用。	This tool looks ordinary but works extremely well.
兼收并蓄	jiān shōu bìng xù	to absorb diverse useful elements	verb phrase	Accept and incorporate ideas or styles from different sources rather than follow only one tradition.	她的音乐兼收并蓄，风格丰富。	Her music draws on diverse sources and styles.	这座城市的文化兼收并蓄。	The city's culture incorporates many different traditions.
冤家路窄	yuān jiā lù zhǎi	opponents keep encountering each other	clause	People who dislike one another meet unexpectedly or repeatedly in inconvenient circumstances.	真是冤家路窄，我们又分到一组。	Of all people, my rival and I were placed in the same group again.	冤家路窄，他又在门口碰到那个人。	He ran into his adversary at the entrance yet again.
冥顽不灵	míng wán bù líng	stubbornly resistant to reason	adjective phrase	Refuse to understand advice or change one's mistaken behavior despite repeated explanation.	多次劝告后，他仍冥顽不灵。	He remained stubbornly unreceptive despite repeated advice.	她认为对方冥顽不灵，无法沟通。	She found the other person impervious to reason and impossible to communicate with.
冰释前嫌	bīng shì qián xián	to resolve past resentment	verb phrase	Earlier hostility melts away, allowing people to reconcile.	经过长谈，两人冰释前嫌。	After a long conversation, the two resolved their old resentment.	这次合作让他们冰释前嫌。	Working together this time helped them reconcile.
冷若冰霜	lěng ruò bīng shuāng	cold and unapproachable	adjective phrase	Shows little warmth or friendliness in one's manner toward others.	她初见陌生人时冷若冰霜。	She seemed cold and unapproachable when meeting strangers.	他用冷若冰霜的语气回答。	He answered in an icy tone.
冷言冷语	lěng yán lěng yǔ	unfriendly or sarcastic remarks	noun phrase	Words that convey coldness, contempt, or cutting criticism rather than support.	她不理会旁人的冷言冷语。	She ignored other people's cold, sarcastic remarks.	一句冷言冷语就让气氛变了。	One cutting remark changed the atmosphere.
凌乱不堪	líng luàn bù kān	extremely messy	adjective phrase	So disordered or scattered that the mess is striking.	搬家后，客厅凌乱不堪。	The living room was extremely messy after the move.	桌上的文件凌乱不堪。	The documents on the desk were in complete disorder.
凹凸不平	āo tū bù píng	uneven and bumpy	adjective phrase	A surface has raised and sunken areas rather than being smooth and level.	这段路凹凸不平，开慢一点。	This stretch of road is bumpy, so drive slowly.	旧墙的表面凹凸不平。	The surface of the old wall is uneven.
出口成章	chū kǒu chéng zhāng	to speak eloquently without preparation	verb phrase	Produce fluent, polished speech spontaneously, as if it were carefully written.	他谈起历史时出口成章。	He speaks eloquently and spontaneously about history.	她出口成章，让听众佩服。	Her spontaneous eloquence impressed the audience.
出水芙蓉	chū shuǐ fú róng	fresh and natural beauty	noun phrase	Describes graceful beauty without elaborate decoration, using the image of a lotus emerging from water.	她的表演清新自然，如出水芙蓉。	Her performance was fresh and naturally graceful.	这幅画中的少女有出水芙蓉之美。	The girl in this painting has a fresh, natural beauty.
出尔反尔	chū ěr fǎn ěr	to go back on one's word	verb phrase	Contradict an earlier promise or decision and fail to keep one's commitment.	他答应了又反悔，实在出尔反尔。	He agreed and then changed his mind, breaking his word.	合作最怕对方出尔反尔。	An unreliable partner who goes back on promises is a major worry in cooperation.
出自肺腑	chū zì fèi fǔ	to come from the heart	verb phrase	Words express deeply sincere feelings rather than polite formality.	这番感谢出自肺腑。	These words of thanks came from the heart.	她的劝告出自肺腑。	Her advice was deeply sincere.
分崩离析	fēn bēng lí xī	to disintegrate	verb phrase	A group or structure breaks apart because its parts can no longer stay united.	长期内斗使联盟分崩离析。	Long-standing internal conflict caused the alliance to disintegrate.	缺少信任，团队很快分崩离析。	Without trust, the team soon fell apart.
分而治之	fēn ér zhì zhī	to divide and manage separately	verb phrase	Split a large problem or group into smaller parts that can be handled or controlled individually.	复杂任务可以分而治之。	A complex task can be divided into manageable parts.	他把难题分而治之，逐项解决。	He broke the problem into parts and solved them one by one.
分身乏术	fēn shēn fá shù	unable to be in several places at once	adjective phrase	Has too many simultaneous demands to attend to all of them.	两个会议同时开，她分身乏术。	The two meetings were simultaneous, and she could not attend both.	他照顾孩子又要加班，实在分身乏术。	Between childcare and overtime, he could not manage everything at once.
分门别类	fēn mén bié lèi	to sort into categories	verb phrase	Arrange different items according to their type or function.	她把资料分门别类地存好。	She filed the materials by category.	这些工具需要分门别类。	These tools need to be sorted into categories.
切中要害	qiè zhòng yào hài	to address the crucial point	verb phrase	Identify or strike the most important part of a problem.	她的提问切中要害。	Her question addressed the crucial point.	这份报告的建议切中要害。	The report's recommendations target the essential problem.
初露头角	chū lù tóu jiǎo	to begin showing one's talent	verb phrase	Attract notice for ability or promise at an early stage of development.	这位年轻作家已经初露头角。	The young writer has already begun to show promise.	她在校际比赛中初露头角。	She first showed her talent in the interschool competition.
别树一帜	bié shù yī zhì	to establish a distinctive approach	verb phrase	Create a recognizable style or position that differs from those already established.	她的设计在行业中别树一帜。	Her designs have established a distinctive style in the industry.	这本杂志以独特视角别树一帜。	The magazine stands out through its distinctive perspective.
别无二致	bié wú èr zhì	essentially identical	adjective phrase	Two things have no meaningful difference in the relevant respect.	这两种办法的效果别无二致。	The two methods produce essentially identical results.	他的回答与上次别无二致。	His answer was effectively the same as last time.
别开生面	bié kāi shēng miàn	fresh and original	adjective phrase	An event or presentation introduces a novel form that feels different from the usual.	这是一场别开生面的毕业典礼。	This was a fresh and original graduation ceremony.	他们办了一个别开生面的读书会。	They organized an unusually creative reading event.
利令智昏	lì lìng zhì hūn	greed clouds one's judgment	clause	The prospect of gain makes someone ignore reason and choose unwisely.	他利令智昏，轻信了投资骗局。	Greed clouded his judgment, and he believed the investment scam.	高额奖金让她一度利令智昏。	The large bonus briefly clouded her judgment.
利欲熏心	lì yù xūn xīn	consumed by greed	adjective phrase	A strong desire for profit overwhelms conscience and other concerns.	利欲熏心的商人出售假药。	The greedy trader sold counterfeit medicine.	她不愿为了赚钱变得利欲熏心。	She did not want making money to consume her conscience.
刻苦耐劳	kè kǔ nài láo	willing to work hard and endure hardship	adjective phrase	Show persistence and stamina in difficult work.	他刻苦耐劳，学徒期间进步很快。	His willingness to work hard helped him improve quickly as an apprentice.	这份工作需要刻苦耐劳的人。	This job requires someone who can work hard and endure difficulty.
削足适履	xuē zú shì lǚ	to force facts to fit an unsuitable model	verb phrase	Distort real needs or circumstances to fit a rigid rule, like cutting feet to fit shoes.	照搬旧标准无异于削足适履。	Blindly applying old standards forces reality into an unsuitable model.	课程不能削足适履，忽视学生差异。	A course should not force every student into the same unsuitable mold.
前倨后恭	qián jù hòu gōng	arrogant at first and respectful later	adjective phrase	Change from dismissive arrogance to respect after learning someone has status or influence.	知道她的身份后，他前倨后恭。	He became respectful after learning who she was, having been arrogant before.	她看不惯这种前倨后恭的态度。	She disliked respect that appeared only after status was revealed.
前所未闻	qián suǒ wèi wén	never heard of before	adjective phrase	Something is unprecedented in one's experience or knowledge.	这种处理方法前所未闻。	This way of handling it was unheard of.	她讲了一个前所未闻的故事。	She told a story nobody there had heard before.
前赴后继	qián fù hòu jì	to advance in successive waves	verb phrase	Others keep moving forward after those ahead, often despite sacrifice or setbacks.	志愿者前赴后继地赶来支援。	Successive groups of volunteers came to help.	一代代研究者前赴后继地探索。	Generation after generation of researchers continued the exploration.
刚柔并济	gāng róu bìng jì	to combine firmness with flexibility	verb phrase	Use both strong and gentle methods, choosing a balance appropriate to the situation.	她管理团队时刚柔并济。	She manages the team with both firmness and flexibility.	谈判需要刚柔并济。	Negotiation requires a balance of firmness and flexibility.
劈头盖脸	pī tóu gài liǎn	abruptly and forcefully	adverb phrase	An attack, criticism, or sudden impact comes directly and intensely, giving little time to react.	他一进门就被劈头盖脸地训斥。	He was harshly scolded as soon as he walked in.	雨水劈头盖脸地打过来。	The rain struck us directly and forcefully.
力排众议	lì pái zhòng yì	to insist despite widespread opposition	verb phrase	Overcome many contrary opinions and firmly carry out a decision.	她力排众议，坚持保留老建筑。	She insisted on preserving the old building despite widespread opposition.	经理力排众议，采用了新方案。	The manager adopted the new plan despite many objections.
力争上游	lì zhēng shàng yóu	to strive to be among the best	verb phrase	Work actively to improve and reach a leading position.	年轻队员力争上游，训练很认真。	The young players train seriously to become top performers.	她在学习上始终力争上游。	She always strives to excel in her studies.
功不可没	gōng bù kě mò	to deserve substantial credit	verb phrase	A person's contribution was essential enough that it should not be overlooked.	这次成功，后勤团队功不可没。	The support team deserves substantial credit for this success.	老师在她的成长中功不可没。	Her teacher made an important contribution to her development.
功成不居	gōng chéng bù jū	to avoid claiming credit for success	verb phrase	After achieving something, remain modest and do not demand praise or reward for it.	他功成不居，把荣誉让给团队。	He did not claim the credit and gave the team the honor.	她功成不居的态度赢得尊重。	Her modesty after success earned respect.
功败垂成	gōng bài chuí chéng	to fail just before success	verb phrase	Lose the chance of success when completion is already very close.	最后一步出错，项目功败垂成。	An error in the final step caused the project to fail just before completion.	她不想因为疏忽而功败垂成。	She did not want carelessness to ruin success at the last moment.
助纣为虐	zhù zhòu wéi nüè	to help someone commit wrongdoing	verb phrase	Support an abusive or harmful person and thereby enable further misconduct.	替骗子掩护就是助纣为虐。	Covering for a swindler helps them continue their wrongdoing.	他拒绝助纣为虐，交出了证据。	He refused to enable the wrongdoing and handed over the evidence.
劫后余生	jié hòu yú shēng	to survive a major disaster	verb phrase	Remain alive after a catastrophe or exceptionally dangerous event.	洪水退后，他庆幸自己劫后余生。	After the flood receded, he was grateful to have survived.	劫后余生的乘客互相拥抱。	The passengers who survived the disaster embraced one another.
动辄得咎	dòng zhé dé jiù	to be blamed at every turn	verb phrase	Almost any action leads to criticism or punishment, making it hard to act freely.	规则不清，让员工动辄得咎。	Unclear rules left employees blamed at every turn.	他担心动辄得咎，索性不提意见。	He feared constant criticism and stopped offering suggestions.
胜券在握	shèng quàn zài wò	confident of a likely victory	adjective phrase	Have enough advantages to believe success is already highly probable.	领先三分后，球队似乎胜券在握。	After gaining a three-point lead, the team seemed certain of victory.	别以为胜券在握就放松准备。	Do not stop preparing just because victory seems assured.
劳师动众	láo shī dòng zhòng	to mobilize many people unnecessarily	verb phrase	Involve a large number of people in a matter that may not justify the trouble.	找一本书不必劳师动众。	There is no need to involve so many people in finding one book.	他不想为小事劳师动众。	He did not want to trouble a crowd over a minor matter.
劳民伤财	láo mín shāng cái	to burden people and waste money	verb phrase	An undertaking consumes public effort and funds without sufficient benefit.	重复施工既劳民伤财又影响交通。	Repeated construction wastes effort and money and disrupts traffic.	他们反对劳民伤财的面子工程。	They opposed the costly vanity project that burdened the public.
劳逸结合	láo yì jié hé	to balance work with rest	verb phrase	Arrange effort and relaxation so that neither sustained overwork nor idleness dominates.	备考期间也要劳逸结合。	You should balance studying with rest while preparing for exams.	劳逸结合有助于提高效率。	Balancing work and rest helps improve efficiency.
势不两立	shì bù liǎng lì	unable to coexist peacefully	adjective phrase	Two sides are so strongly opposed that reconciliation or coexistence seems impossible.	这两个帮派长期势不两立。	These two gangs have long been bitter enemies.	他们的矛盾还没到势不两立的地步。	Their disagreement has not reached the point of irreconcilable hostility.
势单力薄	shì dān lì bó	isolated and lacking strength	adjective phrase	Have too little support or power to act effectively against a stronger situation.	他势单力薄，很难独自维权。	With little support, he found it hard to defend his rights alone.	小团队虽然势单力薄，仍继续努力。	Although the small team lacked resources, it kept trying.
势在必得	shì zài bì dé	determined to obtain something	adjective phrase	Consider winning or obtaining something essential and pursue it with strong confidence.	她对这次比赛势在必得。	She is determined to win this competition.	公司对这个项目势在必得。	The company is determined to secure this project.
势如破竹	shì rú pò zhú	to advance with irresistible momentum	verb phrase	Progress rapidly because opposition gives way as easily as bamboo splits.	球队一路势如破竹，闯进决赛。	The team swept through the competition to reach the final.	新产品的销量势如破竹。	Sales of the new product rose with unstoppable momentum.
勤俭节约	qín jiǎn jié yuē	diligent and economical	adjective phrase	Value hard work and avoid wasting money or resources.	家里一直提倡勤俭节约。	The family has always encouraged hard work and thrift.	勤俭节约并不意味着降低生活质量。	Being economical does not require lowering one's quality of life.
勤能补拙	qín néng bǔ zhuō	diligence can make up for limited talent	clause	Consistent effort can compensate for weaknesses in natural ability.	她相信勤能补拙，每天练习。	She practices every day because she believes effort can make up for limited talent.	勤能补拙，但方法也很重要。	Diligence can compensate for weakness, but the method matters too.
励精图治	lì jīng tú zhì	to work diligently to improve governance	verb phrase	A leader makes determined efforts to reform administration and improve the situation.	新任负责人励精图治，整顿管理。	The new director worked determinedly to improve administration.	这本传记描写了他励精图治的岁月。	The biography describes his years of determined efforts to improve governance.
勾肩搭背	gōu jiān dā bèi	to put arms around each other's shoulders	verb phrase	Walk or stand with an arm across another person's shoulders, usually showing familiarity.	两位朋友勾肩搭背地走出去。	The two friends walked out with their arms around each other's shoulders.	照片里，队员们勾肩搭背。	In the photograph, the teammates have their arms around one another.
包藏祸心	bāo cáng huò xīn	to harbor harmful intentions	verb phrase	Hide a wish to harm others behind an apparently acceptable attitude or action.	这份看似友好的邀请包藏祸心。	The seemingly friendly invitation concealed harmful intentions.	她看出对方包藏祸心。	She saw that the other person harbored harmful intentions.
包办代替	bāo bàn dài tì	to take over what others should do themselves	verb phrase	Do everything on another person's behalf, denying them responsibility or initiative.	家长不该把孩子的事包办代替。	Parents should not take over everything their children should do themselves.	帮助新人不等于包办代替。	Helping newcomers does not mean doing all their work for them.
化整为零	huà zhěng wéi líng	to break a whole into smaller parts	verb phrase	Divide a large unit or task into separate smaller units for easier handling.	我们把大任务化整为零。	We broke the large task into smaller parts.	队伍化整为零，分头寻找。	The group split into smaller teams to search separately.
化敌为友	huà dí wéi yǒu	to turn an enemy into a friend	verb phrase	Resolve hostility and establish cooperation or friendship with a former opponent.	共同的目标让他们化敌为友。	A shared goal turned them from enemies into friends.	她希望通过对话化敌为友。	She hoped dialogue could turn enemies into friends.
化为泡影	huà wéi pào yǐng	to come to nothing	verb phrase	A plan, hope, or gain disappears without producing the expected result.	资金中断后，计划化为泡影。	The plan came to nothing after the funding stopped.	最后的失误让夺冠希望化为泡影。	The final mistake destroyed their hope of winning the title.
千姿百态	qiān zī bǎi tài	in many different forms and postures	adjective phrase	An abundance of varied shapes, appearances, or ways of presenting oneself.	山中的石头千姿百态。	The mountain rocks take many different forms.	展览中的人物造型千姿百态。	The figures in the exhibition appear in many varied poses.
千家万户	qiān jiā wàn hù	countless households	noun phrase	A very large number of families, often emphasizing broad social reach.	新的电网连接了千家万户。	The new power network serves countless households.	节日的喜悦传到千家万户。	The joy of the festival reached homes everywhere.
千差万别	qiān chā wàn bié	widely different	adjective phrase	Many examples vary greatly rather than being uniform.	每个人的学习经历千差万别。	People's learning experiences differ enormously.	各地的口味千差万别。	Food preferences vary widely from place to place.
千恩万谢	qiān ēn wàn xiè	to express profuse gratitude	verb phrase	Thank someone repeatedly and very sincerely for important help.	老人对帮忙的人千恩万谢。	The elderly man thanked his helpers profusely.	她收到失物后千恩万谢。	She expressed heartfelt thanks when her lost belongings were returned.
千锤百炼	qiān chuí bǎi liàn	refined through repeated trials	adjective phrase	Improve something through extensive practice, testing, or careful revision.	这套方法经过千锤百炼。	This method has been refined through repeated trials.	他的台词经过千锤百炼才定稿。	His lines were finalized only after extensive polishing.
半信半疑	bàn xìn bàn yí	half convinced and half doubtful	adjective phrase	Feel uncertain about whether a statement is true, neither accepting nor rejecting it fully.	听完解释，她仍半信半疑。	She remained doubtful after hearing the explanation.	他半信半疑地打开了盒子。	He opened the box with mixed belief and doubt.
半推半就	bàn tuī bàn jiù	to accept while showing some reluctance	verb phrase	Agree to something while still resisting or appearing hesitant.	她半推半就地接受了邀请。	She accepted the invitation with some reluctance.	他半推半就，终于坐上了主位。	After hesitating, he finally accepted the seat of honor.
半真半假	bàn zhēn bàn jiǎ	partly true and partly false	adjective phrase	A statement mixes real information with invention or exaggeration.	他的故事半真半假。	His story was partly true and partly invented.	她用半真半假的玩笑表达不满。	She expressed her dissatisfaction in a joke that was partly serious.
半路出家	bàn lù chū jiā	to enter a profession without early formal training	verb phrase	Begin learning or practicing a field later, after starting in another occupation or path.	他是半路出家的摄影师。	He became a photographer after starting in another field.	虽然半路出家，她的作品很成熟。	Although she entered the field later, her work is accomplished.
卑躬屈膝	bēi gōng qū xī	servile and humiliatingly submissive	adjective phrase	Abandon one's dignity to flatter or obey someone with power.	她不愿为了工作卑躬屈膝。	She refused to sacrifice her dignity to obtain the job.	他卑躬屈膝的态度令人难受。	His servile behavior made people uncomfortable.
卑鄙无耻	bēi bǐ wú chǐ	despicable and shameless	adjective phrase	Morally contemptible and showing no embarrassment about wrongful behavior.	欺骗病人的钱财实在卑鄙无耻。	Taking patients' money through deception is despicable and shameless.	她揭露了对方卑鄙无耻的手段。	She exposed the other person's shameless and despicable tactics.
卓尔不群	zhuó ěr bù qún	exceptional and distinguished	adjective phrase	Possesses qualities or accomplishments that stand clearly above the ordinary.	她的艺术才华卓尔不群。	Her artistic talent is exceptional.	这位学者以卓尔不群的见解闻名。	The scholar is known for distinguished insights.
南辕北辙	nán yuán běi zhé	to act in a way opposite to one's goal	verb phrase	The method or direction chosen takes someone farther from the intended objective.	想减压却不断加班，真是南辕北辙。	Trying to reduce stress by working more takes you in the wrong direction.	这个方案与原本目标南辕北辙。	This plan goes in the opposite direction from the original goal.
博大精深	bó dà jīng shēn	broad and profound	adjective phrase	A field of knowledge or cultural tradition is extensive in scope and deep in meaning.	中国书法博大精深。	Chinese calligraphy is broad and profound.	这门学问博大精深，需要长期学习。	This extensive and profound subject requires long study.
博学多才	bó xué duō cái	widely learned and talented	adjective phrase	Has knowledge across many subjects as well as a variety of abilities.	这位老师博学多才。	This teacher is widely learned and talented.	她向博学多才的前辈请教。	She sought advice from a learned and talented senior colleague.
卸磨杀驴	xiè mò shā lǘ	to discard a helper after using them	verb phrase	Reject or mistreat someone once their useful work is done and they are no longer needed.	项目完成就赶走功臣，未免卸磨杀驴。	Dismissing the key contributor once the project is finished is ungrateful exploitation.	他不愿做卸磨杀驴的事。	He refused to discard someone after benefiting from their help.
厚积薄发	hòu jī bó fā	to produce strong results after long preparation	verb phrase	Build up knowledge or resources quietly and show their value when the time is right.	多年的积累让她厚积薄发。	Years of preparation enabled her eventual strong performance.	学习需要厚积薄发，别急于求成。	Learning takes accumulated preparation; do not rush for results.
原形毕露	yuán xíng bì lù	to reveal one's true undesirable nature	verb phrase	A disguise or pretense falls away, exposing the real character or condition.	骗局被揭穿后，他原形毕露。	When the scam was exposed, his true nature became clear.	这场争论让她的偏见原形毕露。	The argument fully exposed her prejudice.
参差不齐	cēn cī bù qí	uneven in level or quality	adjective phrase	Members of a group differ noticeably in height, standard, or quality.	学生的基础参差不齐。	The students' foundational knowledge varies widely.	这些商品的质量参差不齐。	The quality of these products is uneven.
参差错落	cēn cī cuò luò	irregularly arranged at different heights	adjective phrase	Objects are unevenly spaced or layered, often creating a varied visual pattern.	山坡上的房屋参差错落。	The houses on the slope stand at irregular heights.	园中的树木参差错落。	The garden's trees are arranged in uneven layers.
及时行乐	jí shí xíng lè	to enjoy life while one can	verb phrase	Seek present pleasure rather than postpone enjoyment indefinitely; context may suggest approval or criticism.	旅行让她想到应该及时行乐。	Travel reminded her to enjoy life while she could.	他只顾及时行乐，忘了长期计划。	He focused only on present pleasure and forgot his long-term plans.
反唇相讥	fǎn chún xiāng jī	to answer criticism with a taunt	verb phrase	Respond to another person's criticism by attacking or mocking them in return.	他没有解释，而是反唇相讥。	Instead of explaining, he answered with a taunt.	面对嘲笑，她反唇相讥。	She responded to the mockery by mocking them back.
反客为主	fǎn kè wéi zhǔ	to take control as a guest or newcomer	verb phrase	Someone initially in a secondary or visiting role comes to direct the situation.	刚来不久，他就反客为主主持讨论。	Although newly arrived, he took control of the discussion.	她在合作中反客为主，掌握了主动。	She gained the initiative and control in the partnership.
反目成仇	fǎn mù chéng chóu	to turn against each other and become enemies	verb phrase	A formerly friendly relationship breaks down into hostility.	他们因财产纠纷反目成仇。	A property dispute turned them into enemies.	小小误会竟让朋友反目成仇。	A small misunderstanding unexpectedly turned friends against each other.
取长补短	qǔ cháng bǔ duǎn	to learn from strengths and remedy weaknesses	verb phrase	Use another person's or method's advantages to improve what one lacks.	两个团队互相取长补短。	The two teams learned from each other's strengths.	交流经验有助于取长补短。	Sharing experience helps people learn from strengths and address weaknesses.
口干舌燥	kǒu gān shé zào	dry-mouthed	adjective phrase	The mouth and tongue feel dry, often after prolonged talking or lack of water.	讲了两小时，他口干舌燥。	After speaking for two hours, his mouth was dry.	她走到半路就口干舌燥。	Halfway through the walk, she felt very thirsty and dry-mouthed.
口是心非	kǒu shì xīn fēi	to say the opposite of what one feels	adjective phrase	One's spoken words do not match one's real thoughts or feelings.	他嘴上说不在乎，其实口是心非。	He says he does not care, but that is not how he really feels.	她不喜欢口是心非的回答。	She dislikes answers that hide people's real feelings.
口若悬河	kǒu ruò xuán hé	to speak fluently and at great length	verb phrase	Talk continuously and with apparent ease, like a rushing stream.	他谈起旅行经历时口若悬河。	He talks fluently at length about his travels.	销售员口若悬河地介绍产品。	The salesperson gave a long, fluent presentation of the product.
口蜜腹剑	kǒu mì fù jiàn	pleasant words hiding harmful intentions	adjective phrase	Speak sweetly while secretly intending to injure or betray someone.	她发现这个人竟然口蜜腹剑。	She discovered that this person's sweet words hid harmful intentions.	别被口蜜腹剑的人骗了。	Do not be deceived by someone whose pleasant words hide malice.
口诛笔伐	kǒu zhū bǐ fá	to condemn publicly in speech and writing	verb phrase	Attack wrongdoing or a person through forceful spoken and written criticism.	这起丑闻遭到媒体口诛笔伐。	The media strongly condemned the scandal in speech and writing.	公众对造假行为口诛笔伐。	The public vigorously condemned the falsification.
口说无凭	kǒu shuō wú píng	words alone are not proof	clause	A claim needs evidence or a record rather than just a spoken assertion.	口说无凭，请拿出收据。	Words alone are not proof; please show the receipt.	他提醒大家口说无凭，要保留记录。	He reminded everyone to keep records because claims need evidence.
口齿伶俐	kǒu chǐ líng lì	clear and quick in speech	adjective phrase	Speak distinctly and respond readily, often showing verbal skill.	这个孩子口齿伶俐，很会讲故事。	This child speaks clearly and tells stories well.	她口齿伶俐，适合主持活动。	Her clear, quick speech makes her well suited to hosting events.
古灵精怪	gǔ líng jīng guài	playfully eccentric and clever	adjective phrase	Shows lively imagination and unusual, mischievous ideas in a charming way.	她是个古灵精怪的小女孩。	She is a lively, mischievously imaginative little girl.	他的设计总有古灵精怪的点子。	His designs always contain quirky, clever ideas.
另请高明	lìng qǐng gāo míng	to ask someone more capable instead	verb phrase	A way to decline a task by suggesting that another, more suitable person should handle it.	这台机器我修不了，请另请高明。	I cannot repair this machine; please find someone more capable.	她不懂法律，建议我另请高明。	She knew little about law and suggested finding someone qualified.
另起炉灶	lìng qǐ lú zào	to start a separate undertaking	verb phrase	Leave an existing arrangement and establish a new project or organization independently.	他离开公司，决定另起炉灶。	He left the company and decided to start his own venture.	团队意见不同，有人想另起炉灶。	Disagreements led some team members to consider starting a separate project.
另辟蹊径	lìng pì xī jìng	to find an alternative approach	verb phrase	Choose a new route or method instead of continuing with a conventional one.	常规方法无效，我们只能另辟蹊径。	The usual method failed, so we had to find another approach.	她在设计上另辟蹊径。	She took an original approach to the design.
只争朝夕	zhǐ zhēng zhāo xī	to make the most of every moment	verb phrase	Work urgently and actively because time and opportunities are precious.	建设团队只争朝夕，加快施工。	The construction team worked urgently to speed up the project.	备考时要只争朝夕，也要安排休息。	Make the most of your study time while also allowing for rest.
叫苦不迭	jiào kǔ bù dié	to keep complaining of hardship	verb phrase	Repeatedly express distress because a burden or difficulty feels too great.	连续加班让员工叫苦不迭。	The repeated overtime had employees constantly complaining.	路上堵了很久，司机叫苦不迭。	After a long traffic jam, the driver kept complaining.
可乘之机	kě chéng zhī jī	an opportunity to exploit a weakness	noun phrase	A gap or vulnerable moment that someone can use to gain an advantage.	疏忽给了骗子可乘之机。	Carelessness gave the swindler an opening.	完善流程能减少可乘之机。	Better procedures reduce opportunities for exploitation.
可歌可泣	kě gē kě qì	deeply moving and admirable	adjective phrase	An act or story inspires admiration and strong emotion, often through courage or sacrifice.	影片讲述了可歌可泣的救援故事。	The film tells a deeply moving and admirable rescue story.	他们留下了可歌可泣的事迹。	They left a record of moving and heroic deeds.
吃苦耐劳	chī kǔ nài láo	able to endure hard work and hardship	adjective phrase	Work persistently through difficult conditions without readily complaining or giving up.	她吃苦耐劳，很快适应了工作。	Her ability to endure hard work helped her adapt quickly.	队员们吃苦耐劳，完成了长途徒步。	The team endured the hardship and completed the long hike.
吃里扒外	chī lǐ pá wài	to betray the people who support oneself	verb phrase	Accept benefits from one's own group while secretly helping an outside opponent.	他收公司的工资，却帮竞争者，真是吃里扒外。	He takes the company's salary while helping its competitor, betraying his employer.	这种吃里扒外的行为破坏了信任。	Betraying the group that supports you destroys trust.
各执一词	gè zhí yī cí	to maintain conflicting accounts	verb phrase	Different people insist on their own versions of what happened or what is right.	双方各执一词，难以判断。	The two sides insisted on conflicting accounts, making judgment difficult.	关于事故原因，证人各执一词。	The witnesses gave conflicting explanations of the accident.
各奔前程	gè bèn qián chéng	to go separate ways in life	verb phrase	People part and pursue their own futures or careers.	毕业后，同学们各奔前程。	After graduation, the classmates went their separate ways.	项目结束，大家各奔前程。	When the project ended, everyone moved on to their own future.
各有千秋	gè yǒu qiān qiū	each has its own merits	clause	Different options or people have distinct strengths, so no single one is best in every respect.	这两种设计各有千秋。	These two designs each have their own merits.	两位选手的表现各有千秋。	Both competitors showed different strengths.
各尽所能	gè jìn suǒ néng	to contribute according to one's ability	verb phrase	Everyone offers the work or help they can provide best.	大家各尽所能，修好了屋子。	Everyone contributed their skills to repair the house.	志愿者各尽所能地帮助居民。	The volunteers helped residents in the ways they could.
各行其是	gè xíng qí shì	to act independently without coordination	verb phrase	Members of a group each follow their own approach instead of agreeing on a common one.	部门各行其是，效率自然低。	Departments acting without coordination naturally reduce efficiency.	大家不能各行其是，必须统一计划。	Everyone must agree on one plan instead of going their own way.
同室操戈	tóng shì cāo gē	conflict within one's own group	verb phrase	People who should belong to the same side attack or fight one another.	内部竞争不该变成同室操戈。	Internal competition should not become fighting within the group.	兄弟因遗产同室操戈。	The brothers turned against each other over the inheritance.
同床异梦	tóng chuáng yì mèng	sharing a situation but pursuing different aims	adjective phrase	People appear united or cooperate outwardly while their real goals differ.	合作双方同床异梦，很难长久。	The partners had different aims beneath their cooperation, making it hard to last.	这对夫妻早已同床异梦。	The couple had long lived together with different hopes and purposes.
同心同德	tóng xīn tóng dé	united in purpose and determination	adjective phrase	Share the same aims and commitment in working together.	大家同心同德，完成了救援。	Everyone worked with shared purpose to complete the rescue.	团队同心同德才能走得更远。	A team can go farther when its members share the same commitment.
同日而语	tóng rì ér yǔ	to consider things equally comparable	verb phrase	Treat two things as being on the same level; usually used negatively to stress a major difference.	现在的设备与旧机器不可同日而语。	Today's equipment is far beyond comparison with the old machines.	她如今的水平不能与初学时同日而语。	Her present ability is not comparable to her beginner level.
名不副实	míng bù fù shí	to fail to live up to one's reputation	adjective phrase	The actual quality or content is poorer than the name or reputation suggests.	这家名店的服务名不副实。	This famous shop's service does not live up to its reputation.	他担心这个称号名不副实。	He worried that the title overstated the real achievement.
名存实亡	míng cún shí wáng	existing only in name	adjective phrase	A structure or relationship formally remains but has lost its real function or substance.	协会多年没有活动，已名存实亡。	The association has held no activities for years and exists only in name.	他们的合作关系早已名存实亡。	Their partnership has long lacked any real substance.
名扬四海	míng yáng sì hǎi	famous far and wide	adjective phrase	A person's or thing's reputation spreads over a very wide area.	这位厨师凭一道菜名扬四海。	This chef became famous far and wide for one dish.	当地的瓷器早已名扬四海。	The local porcelain has long been widely renowned.
名落孙山	míng luò sūn shān	to fail an examination or selection	verb phrase	Miss the qualifying list in an examination or competitive selection.	他这次考试名落孙山。	He failed to qualify in this examination.	虽然名落孙山，她仍准备再试。	Although she was not selected, she planned to try again.
吐故纳新	tǔ gù nà xīn	to discard the old and bring in the new	verb phrase	Remove outdated elements and adopt useful new ones to renew a system or practice.	团队需要吐故纳新，更新思路。	The team needs to discard outdated ideas and adopt new thinking.	这次改革帮助机构吐故纳新。	The reform helped the institution renew itself.
含情脉脉	hán qíng mò mò	with tender affection	adjective phrase	An expression or look silently conveys deep, gentle affection.	她含情脉脉地望着爱人。	She gazed at her partner with tender affection.	这首歌唱得含情脉脉。	The song was sung with tender affection.
含沙射影	hán shā shè yǐng	to criticize someone through indirect hints	verb phrase	Attack or accuse a person without naming them, using remarks whose target can still be inferred.	他说话含沙射影，让同事不舒服。	His indirect accusations made his colleagues uncomfortable.	批评应讲事实，不要含沙射影。	Criticism should address facts rather than make veiled attacks.
含糊其词	hán hú qí cí	to speak evasively or unclearly	verb phrase	Avoid giving a clear answer by using vague or ambiguous wording.	问到费用时，他含糊其词。	He became evasive when asked about the cost.	她没有含糊其词，而是直接说明情况。	She explained the situation directly instead of using vague wording.
呆若木鸡	dāi ruò mù jī	stunned into motionlessness	adjective phrase	A person is so shocked or bewildered that they remain still and unresponsive.	听到意外消息，他呆若木鸡。	The unexpected news left him stunned and motionless.	她呆若木鸡地站在门口。	She stood frozen at the doorway.
告一段落	gào yī duàn luò	to reach the end of a stage	verb phrase	A phase of work or an event ends, even if a larger process may continue later.	调查暂时告一段落。	The investigation has reached a temporary stopping point.	这次培训已经告一段落。	This phase of training has ended.
味同嚼蜡	wèi tóng jiáo là	dull and uninteresting	adjective phrase	Something feels as tasteless and unrewarding as chewing wax, especially writing or speech.	这篇文章空话太多，读来味同嚼蜡。	The article contains so much empty talk that reading it is tedious.	没有真实细节，故事就味同嚼蜡。	Without real details, the story becomes dull and uninteresting.
呼之欲出	hū zhī yù chū	vivid enough to seem ready to emerge	adjective phrase	A description is lifelike, or an anticipated thing is so close that its appearance seems imminent.	小说里的人物呼之欲出。	The novel's characters seem vividly alive.	读到这些细节，主角的形象呼之欲出。	These details bring the main character vividly to life.
呼天抢地	hū tiān qiāng dì	to cry out in extreme grief	verb phrase	Wail loudly and express overwhelming sorrow or distress.	听到噩耗，她呼天抢地。	She wailed in anguish on hearing the terrible news.	他呼天抢地地哭了一夜。	He cried out in grief throughout the night.
命在旦夕	mìng zài dàn xī	in immediate danger of dying	adjective phrase	A person's life is at urgent risk and may end very soon.	伤者命在旦夕，急需救治。	The injured person's life was in immediate danger and required urgent treatment.	医生全力抢救命在旦夕的病人。	The doctors did everything they could to save the critically ill patient.
和气生财	hé qì shēng cái	courtesy helps business prosper	clause	Friendly and accommodating dealings make cooperation and commercial success more likely.	店主常说和气生财。	The shopkeeper often says that courtesy helps business prosper.	她相信和气生财，耐心接待顾客。	She believes friendliness is good for business and serves customers patiently.
咫尺天涯	zhǐ chǐ tiān yá	close in distance yet impossible to reach	adjective phrase	People or things are physically near but feel inaccessible because of a barrier or separation.	隔着一道门，他们却像咫尺天涯。	A single door separated them, yet they seemed impossibly far apart.	没有沟通，住在一起也会咫尺天涯。	Without communication, people can live together and still feel worlds apart.
咬文嚼字	yǎo wén jiáo zì	to be overly fussy about wording	verb phrase	Focus excessively on precise words instead of the meaning or practical issue.	讨论重点时，别只顾咬文嚼字。	Do not get stuck on wording when discussing the main issue.	他咬文嚼字，把简单问题弄复杂了。	His fussiness about wording made a simple issue complicated.
品学兼优	pǐn xué jiān yōu	outstanding in both character and studies	adjective phrase	A student shows good conduct as well as strong academic performance.	她是一位品学兼优的学生。	She is a student with excellent character and academic results.	学校表扬了品学兼优的毕业生。	The school praised graduates who excelled in conduct and studies.
哄堂大笑	hōng táng dà xiào	to burst into laughter as a group	verb phrase	Everyone in a room or gathering laughs loudly at once.	他的笑话引得大家哄堂大笑。	His joke made everyone burst into laughter.	听完这个回答，全班哄堂大笑。	The whole class burst out laughing at the answer.
唇亡齿寒	chún wáng chǐ hán	one partner's loss endangers the other	clause	Two sides depend closely on each other, so harm to one leaves the other vulnerable.	两家企业唇亡齿寒，需要合作。	The two businesses depend on each other and need to cooperate.	小店与社区唇亡齿寒。	The small shops and the community depend closely on each other.
唇枪舌剑	chún qiāng shé jiàn	sharp verbal conflict	noun phrase	People exchange forceful arguments as if their words were weapons.	辩论场上唇枪舌剑，十分激烈。	The debate was intense, with sharp verbal exchanges.	双方经过一番唇枪舌剑才达成协议。	They reached agreement only after a heated exchange.
唱对台戏	chàng duì tái xì	to oppose or undermine another's effort	verb phrase	Take a deliberately contrary position or organize competing action against someone.	团队内部不该互相唱对台戏。	Team members should not work against one another.	他总在会上跟我唱对台戏。	He always takes the opposite side against me at meetings.
问寒问暖	wèn hán wèn nuǎn	to show caring concern	verb phrase	Ask about someone's comfort and needs in a warm, considerate way.	护士对老人问寒问暖。	The nurse showed warm concern for the elderly patient.	她一到家，妈妈就问寒问暖。	Her mother asked warmly about her needs as soon as she came home.
哑口无言	yǎ kǒu wú yán	unable to answer or defend oneself	adjective phrase	Evidence or an argument leaves someone with nothing they can say in reply.	面对证据，他哑口无言。	The evidence left him unable to reply.	她的问题让对方哑口无言。	Her question left the other person speechless.
啼笑皆非	tí xiào jiē fēi	unable to decide whether to laugh or cry	adjective phrase	A situation is both absurdly funny and frustrating or distressing.	这个离谱的解释让人啼笑皆非。	The absurd explanation left us unsure whether to laugh or cry.	他买错了三次票，真令人啼笑皆非。	His buying the wrong ticket three times was both ridiculous and frustrating.
善罢甘休	shàn bà gān xiū	to let a matter go willingly	verb phrase	Accept the end of a dispute or stop pursuing a grievance; commonly used with a negative.	东西没找回来，他不会善罢甘休。	He will not let the matter go until his belongings are recovered.	她不肯善罢甘休，坚持要求解释。	She refused to drop it and kept demanding an explanation.
喜形于色	xǐ xíng yú sè	to show happiness openly on one's face	verb phrase	Joy becomes plainly visible in a person's expression.	收到录取通知，她喜形于色。	Her happiness showed on her face when she received the admission letter.	他努力保持平静，还是喜形于色。	He tried to remain calm, but his joy showed.
喜极而泣	xǐ jí ér qì	to cry with overwhelming happiness	verb phrase	Become so happy that tears appear.	团聚那天，母亲喜极而泣。	On the day they reunited, the mother cried with joy.	看到比赛结果，她喜极而泣。	She cried with happiness when she saw the competition result.
喜气洋洋	xǐ qì yáng yáng	full of festive happiness	adjective phrase	A person or gathering appears cheerful and filled with joy.	婚礼现场喜气洋洋。	The wedding was filled with joy.	全家喜气洋洋地准备过年。	The whole family cheerfully prepared for the New Year.
喜笑颜开	xǐ xiào yán kāi	beaming with happiness	adjective phrase	A face opens into a bright smile because of delight.	听到好消息，他喜笑颜开。	He beamed when he heard the good news.	孩子们拿到礼物，个个喜笑颜开。	Every child beamed on receiving a gift.
喜闻乐见	xǐ wén lè jiàn	widely enjoyed	adjective phrase	A form of entertainment or expression is familiar, welcome, and enjoyable to its audience.	这种节目是观众喜闻乐见的。	This kind of show is widely enjoyed by audiences.	老师采用孩子们喜闻乐见的故事。	The teacher used stories the children enjoyed.
喧宾夺主	xuān bīn duó zhǔ	to let the secondary overshadow the main	verb phrase	A supporting element becomes so prominent that it takes attention away from the central subject.	背景音乐太响，反而喧宾夺主。	The background music was so loud that it overshadowed the main performance.	装饰不该喧宾夺主，影响展品。	Decorations should not draw attention away from the exhibits.
乔装打扮	qiáo zhuāng dǎ bàn	to dress in disguise	verb phrase	Change one's appearance or clothes to conceal identity or imitate someone else.	演员乔装打扮后走上街头。	The actor went out into the street in disguise.	他乔装打扮，想避开记者。	He disguised himself to avoid reporters.
单打独斗	dān dǎ dú dòu	to work or fight entirely alone	verb phrase	Rely only on one's own efforts instead of cooperating with a team.	创业不能总是单打独斗。	Starting a business should not always be a solo effort.	她放弃单打独斗，加入了团队。	She stopped working alone and joined a team.
单调乏味	dān diào fá wèi	monotonous and dull	adjective phrase	Lacks variation or interest, making the experience tedious.	重复的工作让他觉得单调乏味。	He found the repetitive work monotonous and dull.	她用游戏改变单调乏味的练习。	She used games to make the dull exercises more varied.
啧啧称奇	zé zé chēng qí	to marvel aloud	verb phrase	Express repeated audible admiration or surprise at something unusual.	游客对精巧的木雕啧啧称奇。	The visitors marveled aloud at the delicate woodcarving.	他的表演让观众啧啧称奇。	His performance drew exclamations of amazement from the audience.
嚎啕大哭	háo táo dà kū	to sob loudly and uncontrollably	verb phrase	Cry with loud, prolonged sobs rather than quietly shedding tears.	孩子找不到妈妈，嚎啕大哭。	Unable to find his mother, the child sobbed loudly.	她终于忍不住嚎啕大哭。	She finally could not hold back and began sobbing uncontrollably.
严以律己	yán yǐ lǜ jǐ	to hold oneself to strict standards	verb phrase	Apply demanding standards to one's own behavior and responsibilities.	她严以律己，从不迟到。	She holds herself to strict standards and is never late.	老师希望学生严以律己。	The teacher hopes students will discipline themselves strictly.
严丝合缝	yán sī hé fèng	fitting together perfectly	adjective phrase	Parts meet closely without gaps; also describes reasoning or coordination that fits precisely.	盖子与盒子严丝合缝。	The lid fits the box perfectly.	这套流程衔接得严丝合缝。	Every step of the process connects seamlessly.
囊空如洗	náng kōng rú xǐ	without any money left	adjective phrase	One's purse is empty and there is no money available.	交完学费，他已囊空如洗。	After paying tuition, he had no money left.	旅行结束时，她囊空如洗。	By the end of the trip, she was penniless.
四世同堂	sì shì tóng táng	four generations living together	clause	Members of four successive generations of one family share a household or gather as a family.	他们家四世同堂，十分热闹。	Four generations live together in their lively household.	照片记录了四世同堂的团聚。	The photograph records a reunion of four generations.
四分五裂	sì fēn wǔ liè	broken into disconnected parts	adjective phrase	A previously unified group or object separates into several incompatible or scattered pieces.	内部分歧让联盟四分五裂。	Internal disagreements split the alliance apart.	这个家庭因争吵变得四分五裂。	Arguments broke this family apart.
四平八稳	sì píng bā wěn	steady and cautious	adjective phrase	Handle things securely and without extremes; sometimes suggests a lack of originality or boldness.	他的发言四平八稳，没有亮点。	His speech was cautious and safe but lacked highlights.	她做事四平八稳，很少出差错。	She handles things steadily and rarely makes mistakes.
四海为家	sì hǎi wéi jiā	to make one's home wherever one goes	verb phrase	Live in many places or travel widely without attachment to a single settled home.	这位摄影师常年四海为家。	This photographer spends years traveling and makes a home wherever he goes.	年轻时，她喜欢四海为家的生活。	When she was young, she enjoyed living wherever her travels took her.
四面楚歌	sì miàn chǔ gē	isolated amid opposition from all sides	adjective phrase	Have no effective allies while facing hostility or difficulty in every direction.	失去支持后，他陷入四面楚歌。	After losing support, he faced opposition from every side.	公司四面楚歌，急需新的方案。	The company was isolated and under pressure, urgently needing a new plan.
回天乏术	huí tiān fá shù	unable to reverse a disastrous situation	adjective phrase	Even considerable effort cannot restore a badly deteriorated condition.	病情太重，医生也回天乏术。	The illness was too severe for the doctors to save the patient.	资金彻底断裂，公司已回天乏术。	The company could no longer be saved after all funding collapsed.
回心转意	huí xīn zhuǎn yì	to change one's mind and attitude	verb phrase	Abandon an earlier refusal or unfavorable decision and become willing again.	她劝了很久，他终于回心转意。	After her long persuasion, he finally changed his mind.	他们希望这次沟通能让她回心转意。	They hoped this conversation would persuade her to reconsider.
因势利导	yīn shì lì dǎo	to guide a situation by working with its tendencies	verb phrase	Use existing interests or developments to steer matters toward a useful outcome.	老师因势利导，把兴趣变成学习动力。	The teacher used the students' interests to motivate learning.	管理者应因势利导，支持新的需求。	Managers should respond constructively to emerging needs.
因地制宜	yīn dì zhì yí	to adapt measures to local conditions	verb phrase	Choose methods according to the particular environment rather than apply one uniform solution.	种植计划必须因地制宜。	Planting plans must fit local conditions.	各校因地制宜地安排活动。	Each school organizes activities suited to its circumstances.
因小失大	yīn xiǎo shī dà	to lose something important for a small gain	verb phrase	An excessive focus on a minor benefit or issue causes a much larger loss.	为省运费买劣质货，可能因小失大。	Buying poor goods to save shipping costs may cause a bigger loss.	别为一点争执因小失大，失去合作机会。	Do not lose a valuable partnership over a minor argument.
因循守旧	yīn xún shǒu jiù	to cling to established old ways	verb phrase	Continue outdated methods habitually and resist necessary change.	因循守旧会错过新的机会。	Clinging to old ways can cause missed opportunities.	她反对因循守旧，鼓励尝试。	She opposed rigid old habits and encouraged experimentation.
因材施教	yīn cái shī jiào	to teach according to each learner's needs	verb phrase	Adapt instruction to the learner's ability, background, and characteristics.	小班教学更容易因材施教。	Small classes make it easier to tailor teaching to individual students.	老师因材施教，给学生不同的任务。	The teacher assigned different tasks according to each student's needs.
因祸得福	yīn huò dé fú	to gain a benefit from a misfortune	verb phrase	An initially harmful event unexpectedly leads to a favorable result.	错过航班后认识了朋友，她因祸得福。	Missing the flight unexpectedly led her to make a friend.	这次故障反而促成升级，算是因祸得福。	The breakdown prompted an upgrade, turning misfortune into a benefit.
因陋就简	yīn lòu jiù jiǎn	to make do with limited conditions	verb phrase	Use simple methods and available resources when ideal facilities are lacking.	条件有限，我们因陋就简办了展览。	With limited resources, we organized a simple exhibition using what was available.	乡村学校因陋就简，照样开展实验。	The rural school carried out experiments using simple available materials.
囫囵吞枣	hú lún tūn zǎo	to absorb information without understanding it	verb phrase	Take in material hastily and as a whole without analyzing or digesting its meaning.	读书不能囫囵吞枣。	Reading requires understanding rather than simply swallowing information.	他囫囵吞枣地学完，结果不会应用。	He rushed through the material without understanding it and could not apply it.
困兽犹斗	kùn shòu yóu dòu	to keep resisting even when cornered	verb phrase	A trapped opponent may still fight fiercely rather than surrender.	对手困兽犹斗，比赛仍不能放松。	The cornered opponent kept fighting, so the team could not relax.	他提醒大家，困兽犹斗，不可轻敌。	He warned that a cornered opponent could still resist fiercely.
国泰民安	guó tài mín ān	a peaceful country with secure lives	clause	The country is stable and its people live safely and peacefully.	大家盼望国泰民安。	Everyone hopes for a stable country and peaceful lives.	这幅画描绘了国泰民安的景象。	The painting depicts a country at peace with its people secure.
国计民生	guó jì mín shēng	the national economy and people's livelihood	noun phrase	Public economic affairs and ordinary people's essential living conditions.	粮食安全关系国计民生。	Food security concerns the national economy and people's livelihoods.	报告重点讨论国计民生。	The report focuses on the economy and public living conditions.
地动山摇	dì dòng shān yáo	the ground and mountains shaking violently	adjective phrase	Strong shaking or enormous force creates an impression that the whole landscape is moving.	爆炸声传来，仿佛地动山摇。	The explosion sounded as if the whole landscape were shaking.	地震时，地动山摇，大家跑向空地。	During the earthquake, the ground shook violently and everyone ran to open ground.
地大物博	dì dà wù bó	vast in land and rich in resources	adjective phrase	A territory covers a great area and possesses abundant natural resources.	这个国家地大物博。	This country has vast territory and abundant resources.	地大物博也需要节约资源。	Even a large, resource-rich country needs to conserve resources.
坐井观天	zuò jǐng guān tiān	to judge the world from a narrow perspective	verb phrase	Limited experience leads someone to believe their small view represents the whole world.	多出去看看，别坐井观天。	Go and see more of the world instead of judging it from a narrow perspective.	仅凭一个案例下结论，容易坐井观天。	Drawing conclusions from one case can lead to a narrow view.
坐吃山空	zuò chī shān kōng	to exhaust savings without earning more	verb phrase	Keep consuming accumulated resources without replacing them until they run out.	没有新收入，再多积蓄也会坐吃山空。	Without new income, even large savings will eventually run out.	他不想坐吃山空，开始找工作。	He began looking for work rather than living until his savings ran out.
坐失良机	zuò shī liáng jī	to let a good opportunity slip away	verb phrase	Miss a valuable chance through inaction or delay.	再犹豫就会坐失良机。	Further hesitation will let this opportunity slip away.	她及时报名，没有坐失良机。	She registered in time and did not miss the opportunity.
坐收渔利	zuò shōu yú lì	to benefit from other people's conflict	verb phrase	Gain an advantage without participating while two other sides expend effort against each other.	两家争价格，第三家坐收渔利。	The third company benefited while the other two fought over prices.	他不想让旁人坐收渔利。	He did not want outsiders to profit from their conflict.
坐而论道	zuò ér lùn dào	to discuss theory without taking practical action	verb phrase	Talk about principles or plans abstractly instead of testing them through real work.	解决问题不能只坐而论道。	Solving problems requires more than abstract discussion.	他们坐而论道半天，仍没有行动。	They spent hours discussing theory without doing anything.
坑蒙拐骗	kēng mēng guǎi piàn	to swindle and deceive by various means	verb phrase	Use multiple dishonest methods to exploit people or take their money.	他靠坑蒙拐骗谋生，终于被抓。	He made a living through deception and was eventually arrested.	这家公司被指控坑蒙拐骗。	This company was accused of swindling its customers.
垂涎三尺	chuí xián sān chǐ	to strongly covet something	verb phrase	Desire something so intensely that one is imagined drooling over it.	香喷喷的烤鸭让人垂涎三尺。	The fragrant roast duck made our mouths water.	他对那个职位垂涎三尺。	He strongly coveted that position.
垂头丧气	chuí tóu sàng qì	dejected	adjective phrase	Show disappointment and loss of confidence through a downcast appearance.	输了比赛，队员们垂头丧气。	The players looked dejected after losing the match.	她垂头丧气地走出考场。	She left the examination room looking discouraged.
执法如山	zhí fǎ rú shān	firm and impartial in enforcing the law	adjective phrase	Apply legal rules strictly and consistently without yielding to personal pressure.	这位法官以执法如山闻名。	This judge is known for firm, impartial enforcement of the law.	群众希望执法人员执法如山。	The public expects law enforcement officers to act firmly and impartially.
坚如磐石	jiān rú pán shí	as firm as rock	adjective phrase	A bond, conviction, or structure is extremely strong and difficult to shake.	他们的信任坚如磐石。	Their trust is rock solid.	她的决心坚如磐石。	Her determination is unshakable.
坚韧不拔	jiān rèn bù bá	persistent and resilient	adjective phrase	Remain determined through hardship without giving up or losing resolve.	她靠坚韧不拔的毅力完成康复。	Her resilience and persistence helped her complete rehabilitation.	队员们坚韧不拔，继续训练。	The team remained determined and kept training.
塞翁失马	sài wēng shī mǎ	a misfortune may turn into a blessing	clause	An apparent loss can lead to an unexpected benefit, so its final value may not yet be clear.	这次落选也许是塞翁失马。	Not being selected this time may turn out to be a blessing.	他后来找到更好的工作，真是塞翁失马。	He later found a better job, turning his earlier misfortune into a benefit.
外强中干	wài qiáng zhōng gān	strong in appearance but weak within	adjective phrase	Looks powerful or capable outwardly while lacking real strength or substance.	这家公司看似庞大，其实外强中干。	The company looks large but is weak beneath the surface.	他的威胁只是外强中干。	His threats hide a lack of real strength.
多事之秋	duō shì zhī qiū	a period of frequent troubles	noun phrase	An unsettled time when many serious problems occur together; not restricted to autumn.	项目进入多事之秋，故障接连出现。	The project entered a troubled period with one failure after another.	公司正处于多事之秋。	The company is going through a period of frequent difficulties.
多如牛毛	duō rú niú máo	extremely numerous	adjective phrase	So many that counting them is difficult, often said critically about problems or complications.	这张表里的错误多如牛毛。	The table contains an enormous number of errors.	网上类似的广告多如牛毛。	Advertisements like this are everywhere online.
多愁善感	duō chóu shàn gǎn	prone to sadness and strong emotion	adjective phrase	A sensitive temperament makes someone easily moved, worried, or saddened.	她年轻时多愁善感。	She was highly sensitive and easily saddened when young.	这段音乐让多愁善感的他红了眼眶。	The music brought tears to his sensitive eyes.
夜深人静	yè shēn rén jìng	late at night when all is quiet	adverb phrase	The night is advanced and most people are resting, leaving little activity or noise.	夜深人静时，她还在读书。	She was still reading late at night when everything was quiet.	他喜欢夜深人静时写作。	He likes writing in the quiet of the late night.
夜郎自大	yè láng zì dà	arrogant through ignorance of the wider world	adjective phrase	Overestimate one's importance because of limited knowledge of others.	不了解同行，就容易夜郎自大。	Ignorance of one's peers can lead to exaggerated self-importance.	他见识增长后，不再夜郎自大。	After broadening his experience, he stopped overestimating himself.
大动肝火	dà dòng gān huǒ	to become very angry	verb phrase	React with strong anger, often over an upsetting event or remark.	为这点小事大动肝火，不值得。	Such a small matter is not worth getting furious about.	听到指责，他大动肝火。	He became furious on hearing the accusation.
大势所趋	dà shì suǒ qū	the direction of an overall trend	clause	A development follows a broad movement that is difficult for individual opposition to stop.	节约能源已是大势所趋。	Conserving energy has become an overall trend.	数字化是行业发展的大势所趋。	Digitalization is the prevailing direction of the industry's development.
大包大揽	dà bāo dà lǎn	to take everything onto oneself	verb phrase	Assume responsibility for every task, sometimes preventing others from contributing or learning.	主管不能事事大包大揽。	A supervisor should not take every task onto themselves.	她大包大揽，结果忙得无法休息。	She took responsibility for everything and became too busy to rest.
大喜过望	dà xǐ guò wàng	delighted beyond expectations	adjective phrase	An unexpectedly favorable result brings especially strong joy.	收到全额奖学金，她大喜过望。	She was overjoyed to receive a full scholarship.	失物找回，让他大喜过望。	Recovering his lost belongings delighted him beyond expectation.
大器晚成	dà qì wǎn chéng	to achieve distinction later in life	verb phrase	An able person reaches major achievement relatively late rather than succeeding early.	他四十岁才成名，算是大器晚成。	He became famous only at forty, a late achiever.	大器晚成的人也值得耐心培养。	People who develop later also deserve patient support.
大大咧咧	dà dà liē liē	casual and inattentive to details	adjective phrase	An easygoing manner can be cheerful but may overlook small matters or propriety.	她性格大大咧咧，很容易交朋友。	Her cheerful, easygoing personality makes it easy to make friends.	他做事大大咧咧，常忘记检查。	He handles things casually and often forgets to check details.
大快朵颐	dà kuài duǒ yí	to enjoy eating heartily	verb phrase	Take great pleasure in eating delicious food heartily.	大家围着餐桌大快朵颐。	Everyone gathered at the table and ate heartily.	旅行中，她终于品尝当地美食，大快朵颐。	On the trip, she finally enjoyed a hearty meal of local specialties.
大惑不解	dà huò bù jiě	deeply puzzled	adjective phrase	A situation is so confusing that one cannot understand its reason or meaning.	这个决定让员工大惑不解。	The decision deeply puzzled the employees.	他对突然取消的安排大惑不解。	He could not understand why the arrangement was suddenly canceled.
大排长龙	dà pái cháng lóng	to form a very long queue	verb phrase	Many people wait in a line that stretches a long distance.	售票窗口前大排长龙。	A long queue formed at the ticket window.	新店开业，顾客大排长龙。	Customers lined up in a long queue when the new shop opened.
大智若愚	dà zhì ruò yú	great wisdom hidden behind apparent simplicity	adjective phrase	A deeply wise person may look plain or unassuming rather than display cleverness.	这位老人沉默寡言，却大智若愚。	The quiet old man appeared simple but possessed deep wisdom.	她从不卖弄，颇有大智若愚的气度。	She never shows off and has the composure of someone whose wisdom is understated.
大有裨益	dà yǒu bì yì	greatly beneficial	adjective phrase	Provides considerable help or advantage to someone's development or a situation.	规律运动对健康大有裨益。	Regular exercise is greatly beneficial to health.	这次交流对我的研究大有裨益。	This discussion was extremely helpful to my research.
大材小用	dà cái xiǎo yòng	to underuse a person's talents	verb phrase	Assign someone a task or position far below their abilities; also applies to underused resources.	让工程师只搬箱子，未免大材小用。	Having an engineer only move boxes wastes their abilities.	这台电脑只用来计时，真是大材小用。	Using this computer only as a timer greatly underuses it.
大获全胜	dà huò quán shèng	to win a complete victory	verb phrase	Achieve decisive success with little remaining doubt about the outcome.	球队在决赛中大获全胜。	The team won a decisive victory in the final.	这次比赛，我们大获全胜。	We won a complete victory in this competition.
大义凛然	dà yì lǐn rán	dignified and resolute in defending justice	adjective phrase	Show firm moral courage and a solemn commitment to what is right.	她大义凛然地拒绝了威胁。	She resolutely rejected the threat with moral courage.	他大义凛然的发言鼓舞了大家。	His dignified defense of justice inspired everyone.
大义灭亲	dà yì miè qīn	to uphold justice despite family ties	verb phrase	Allow a relative's wrongdoing to be judged or exposed rather than protect them out of loyalty.	她大义灭亲，提供了亲属犯罪的证据。	She put justice before family ties and supplied evidence against her relative.	他面临是否大义灭亲的艰难选择。	He faced the difficult choice of whether to put justice before family loyalty.
大错特错	dà cuò tè cuò	completely wrong	adjective phrase	Strongly emphasizes that an idea, judgment, or action is mistaken.	以为练一次就够了，那就大错特错。	Thinking one practice session is enough is completely wrong.	他后来承认自己的判断大错特错。	He later admitted that his judgment was entirely mistaken.
大惊失色	dà jīng shī sè	so alarmed that one's face changes	adjective phrase	Sudden fear or shock is strong enough to make one's facial expression or color change visibly.	发现孩子不见了，她大惊失色。	She was visibly alarmed when she discovered the child was missing.	听到爆炸声，他大惊失色。	The explosion startled him so badly that his face changed.
天公作美	tiān gōng zuò měi	fortunate weather	clause	The weather happens to be favorable for a planned activity.	婚礼那天天公作美，阳光明媚。	The weather favored the wedding with bright sunshine.	只要天公作美，演出就能顺利举行。	If the weather cooperates, the performance can go ahead smoothly.
天南地北	tiān nán dì běi	far and wide	adverb phrase	Places are widely separated; also describes conversation ranging freely over many subjects.	天南地北的朋友都来参加婚礼。	Friends came from far and wide to attend the wedding.	我们天南地北地聊了一晚上。	We talked about all sorts of things throughout the evening.
天寒地冻	tiān hán dì dòng	bitterly cold weather	adjective phrase	The weather is intensely cold, with the ground frozen.	天寒地冻，出门多穿一点。	It is bitterly cold, so wear more when going out.	工人在天寒地冻的早晨开始工作。	The workers started in the bitter cold of the morning.
天旋地转	tiān xuán dì zhuàn	to feel everything spinning	verb phrase	Experience severe dizziness, as though the surrounding world is rotating.	她突然觉得天旋地转，赶紧坐下。	She suddenly felt everything spinning and quickly sat down.	下船后，他仍感到天旋地转。	After leaving the boat, he still felt intensely dizzy.
天灾人祸	tiān zāi rén huò	natural disasters and human-caused calamities	noun phrase	Serious misfortunes arise either from natural events or harmful human actions.	他们经历了不少天灾人祸。	They endured many natural and human-caused disasters.	救援机构帮助受天灾人祸影响的人。	Relief organizations help people affected by natural and human-caused calamities.
天真烂漫	tiān zhēn làn màn	innocently cheerful and uninhibited	adjective phrase	Expresses natural sincerity and lively innocence without calculation or pretension.	孩子们天真烂漫地笑着。	The children laughed with carefree innocence.	她怀念童年天真烂漫的时光。	She misses the innocent, carefree days of childhood.
天长日久	tiān cháng rì jiǔ	over a long period of time	adverb phrase	As many days pass, a gradual change develops or an effect accumulates.	天长日久，他养成了早起的习惯。	Over time, he developed the habit of getting up early.	小裂缝天长日久也会变成大问题。	Over a long time, small cracks can become serious problems.
失魂落魄	shī hún luò pò	dazed and deeply distressed	adjective phrase	A shock or strong emotion leaves someone confused, distracted, and unable to act normally.	考试失利后，他失魂落魄。	After failing the exam, he was dazed and distressed.	她失魂落魄地坐在车站。	She sat at the station looking deeply upset and distracted.
奇珍异宝	qí zhēn yì bǎo	rare and precious treasures	noun phrase	Unusual objects are valued for their rarity, beauty, or exceptional worth.	展柜里陈列着奇珍异宝。	Rare and precious treasures were displayed in the cabinet.	他收藏了不少奇珍异宝。	He has collected many rare treasures.
奔走相告	bēn zǒu xiāng gào	to spread news eagerly among people	verb phrase	People quickly tell one another important or exciting news.	桥通车了，村民奔走相告。	The villagers eagerly spread the news that the bridge had opened.	获奖消息传来，同学们奔走相告。	The students hurried to share the news of the award.
夺门而出	duó mén ér chū	to rush out through the doorway	verb phrase	Leave suddenly and rapidly, often because of fear, anger, or urgency.	听到呼救声，他夺门而出。	He rushed out on hearing a call for help.	她生气地夺门而出。	She angrily rushed out of the room.
好吃懒做	hào chī lǎn zuò	fond of eating but unwilling to work	adjective phrase	Seek comfort and consumption while avoiding effort or responsibility.	他被批评好吃懒做。	He was criticized for enjoying comfort while avoiding work.	别把休息的人都说成好吃懒做。	Do not call everyone who takes a rest lazy and indulgent.
好整以暇	hào zhěng yǐ xiá	calm and unhurried under pressure	adjective phrase	Remain composed and orderly even when facing work, danger, or a difficult opponent.	面对追问，她好整以暇地回答。	She answered calmly despite the persistent questioning.	他好整以暇，先整理好资料再发言。	He calmly organized his materials before speaking.
好为人师	hào wéi rén shī	too eager to lecture others	adjective phrase	Enjoy telling others what to do or know, often without considering whether advice is wanted.	他总是好为人师，别人很难插话。	He is always lecturing others, making it hard for anyone else to speak.	分享经验时要避免好为人师。	When sharing experience, avoid acting as if everyone needs your instruction.
好逸恶劳	hào yì wù láo	to prefer ease and avoid hard work	verb phrase	Seek leisure and comfort while disliking effort and demanding duties.	好逸恶劳难以学好技术。	Avoiding hard work makes it difficult to master a skill.	她批评自己最近好逸恶劳。	She criticized herself for recently choosing ease over effort.
好高骛远	hào gāo wù yuǎn	to pursue unrealistic ambitions	verb phrase	Aim at distant or grand achievements while neglecting present ability and practical foundations.	初学者不宜好高骛远。	Beginners should not chase unrealistic ambitions.	他好高骛远，总忽视眼前的任务。	His lofty ambitions keep him from attending to current tasks.
如数家珍	rú shǔ jiā zhēn	to recount details with intimate familiarity	verb phrase	Describe something fluently and in detail, as confidently as listing one's own treasures.	她谈起本地历史，如数家珍。	She recounted the local history with intimate familiarity.	他对球队往事如数家珍。	He knows the team's history in remarkable detail.
如法炮制	rú fǎ páo zhì	to repeat an established method	verb phrase	Do something by copying a procedure that has already been used.	第一份成功后，她又如法炮制了两份。	After the first succeeded, she made two more in the same way.	骗子如法炮制，又骗了另一位顾客。	The swindler used the same trick on another customer.
如泣如诉	rú qì rú sù	plaintive and sorrowful	adjective phrase	A voice or musical sound resembles weeping or an expression of sorrow.	小提琴声如泣如诉。	The violin sounded plaintive and sorrowful.	她如泣如诉地唱完了这首歌。	She sang the song with a deeply mournful tone.
如临大敌	rú lín dà dí	as if facing a formidable enemy	adverb phrase	Approach something with intense caution or alarm, sometimes more than the situation warrants.	每次考试，他都如临大敌。	He faces every exam as if confronting a formidable enemy.	团队如临大敌地准备系统上线。	The team prepared for the system launch with intense caution.
如虎添翼	rú hǔ tiān yì	to become stronger with added support	verb phrase	A capable person or powerful group gains a new advantage that makes them even more effective.	有了新设备，研究团队如虎添翼。	The new equipment made the capable research team even stronger.	她加入之后，球队如虎添翼。	The team became more powerful after she joined.
如雷贯耳	rú léi guàn ěr	widely known and impressive in reputation	adjective phrase	A name or reputation is so familiar that hearing it feels striking and unmistakable.	这位作家的名字早已如雷贯耳。	This writer's name has long been very well known.	他的事迹在当地如雷贯耳。	His achievements are famously known in the area.
如鲠在喉	rú gěng zài hóu	troubled by something one cannot comfortably say	adjective phrase	An unresolved concern feels obstructive and uncomfortable, like a fish bone lodged in the throat.	有句话没说，她一直如鲠在喉。	Leaving those words unsaid continued to trouble her.	这份委屈让他如鲠在喉。	This injustice weighed on him, yet he could not express it comfortably.
妄自菲薄	wàng zì fěi bó	to underestimate one's own worth	verb phrase	Judge one's abilities or value unfairly low without sufficient reason.	失败一次不必妄自菲薄。	One failure is no reason to undervalue yourself.	老师鼓励她不要妄自菲薄。	The teacher encouraged her not to underestimate herself.
妖言惑众	yāo yán huò zhòng	to mislead the public with absurd claims	verb phrase	Spread sensational or false statements to confuse and manipulate many people.	他利用谣言妖言惑众。	He used rumors to mislead the public.	这些妖言惑众的说法没有证据。	These misleading, sensational claims have no evidence.
妙手回春	miào shǒu huí chūn	to restore health with exceptional medical skill	verb phrase	Praises a doctor whose treatment brings a seriously ill person back to health.	家属感谢医生妙手回春。	The family thanked the doctor for restoring the patient's health.	这位医生以妙手回春的医术闻名。	This doctor is renowned for exceptional healing skill.
妙语连珠	miào yǔ lián zhū	one witty remark after another	verb phrase	Speak with a continuous flow of clever, amusing, or insightful expressions.	主持人妙语连珠，气氛很轻松。	The host's stream of witty remarks created a relaxed atmosphere.	她在访谈中妙语连珠。	She delivered one clever remark after another in the interview.
妙趣横生	miào qù héng shēng	full of delightful humor and interest	adjective phrase	An experience or work contains abundant clever amusement and engaging details.	这本儿童小说妙趣横生。	This children's novel is full of delightful humor.	他们的对话妙趣横生。	Their conversation was wonderfully entertaining.
始料未及	shǐ liào wèi jí	unanticipated	adjective phrase	An event or consequence was not expected when the matter began.	订单突然增加，大家始料未及。	The sudden increase in orders caught everyone by surprise.	这个结果让她始料未及。	She had not anticipated this result.
姑息养奸	gū xī yǎng jiān	to encourage wrongdoing by tolerating it	verb phrase	Repeatedly overlook harmful behavior and thereby allow it to grow worse.	对造假不追究，就是姑息养奸。	Failing to investigate falsification encourages further wrongdoing.	她认为这次纵容会姑息养奸。	She believed this indulgence would enable more misconduct.
娓娓动听	wěi wěi dòng tīng	pleasant and engaging to listen to	adjective phrase	Speech is fluent, gentle, and interesting enough to hold the listener's attention.	她把故事讲得娓娓动听。	She told the story in an engaging, pleasant way.	这段旁白娓娓动听。	This narration is a pleasure to listen to.
妇孺皆知	fù rú jiē zhī	known throughout a community	adjective phrase	An older expression meaning very widely known throughout a community, including ordinary households.	这个民间故事妇孺皆知。	This folk story is known throughout the community.	他的名字在当地妇孺皆知。	His name is familiar to everyone in the area.
嫁祸于人	jià huò yú rén	to shift blame onto someone else	verb phrase	Make another person appear responsible for a disaster or wrongdoing that they did not cause.	他删除记录，想嫁祸于人。	He deleted the records to shift blame onto someone else.	她找到了证据，阻止对方嫁祸于人。	She found evidence that stopped the attempt to blame someone innocent.
嫉恶如仇	jí è rú chóu	to strongly detest wrongdoing	verb phrase	Feel intense opposition to evil or injustice and refuse to tolerate it.	她嫉恶如仇，勇敢揭露欺诈。	She strongly detested wrongdoing and bravely exposed the fraud.	这位记者嫉恶如仇，坚持调查。	The journalist's hatred of injustice kept him investigating.
嫉贤妒能	jí xián dù néng	to envy others' talent and virtue	verb phrase	Resent people for being more capable or admirable and sometimes hinder them because of it.	管理者不应嫉贤妒能。	Managers should not resent talented and capable people.	他嫉贤妒能，故意排挤同事。	He deliberately excluded his colleague out of jealousy of their ability.
嫌贫爱富	xián pín ài fù	to favor the rich and despise the poor	verb phrase	Treat people according to wealth, showing contempt for poverty and admiration for riches.	她反感嫌贫爱富的态度。	She dislikes attitudes that favor the rich and despise the poor.	服务不能嫌贫爱富。	Service should not discriminate according to wealth.
字正腔圆	zì zhèng qiāng yuán	clear pronunciation and a full, well-formed voice	adjective phrase	Speech or singing has accurate articulation and smooth, resonant delivery.	播音员读得字正腔圆。	The announcer read with clear articulation and a rounded voice.	她唱戏字正腔圆。	Her operatic singing has precise pronunciation and a full voice.
孤芳自赏	gū fāng zì shǎng	to admire oneself in isolation	verb phrase	Believe oneself superior and enjoy one's own qualities while failing to connect with others.	他孤芳自赏，不愿接受反馈。	He admired himself in isolation and refused feedback.	艺术家也不能总是孤芳自赏。	Artists should not always remain absorbed in admiration of their own work.
学富五车	xué fù wǔ chē	very widely learned	adjective phrase	Praises someone for possessing extensive knowledge gained from study.	这位教授学富五车。	This professor is exceptionally learned.	他向学富五车的老师请教。	He asked his deeply learned teacher for advice.
学无止境	xué wú zhǐ jìng	learning has no final limit	clause	There is always more to learn, even after achieving substantial knowledge or skill.	学无止境，她退休后仍在上课。	Learning never ends; she still takes classes after retirement.	这次失败让我明白学无止境。	This failure reminded me that there is always more to learn.
孺子可教	rú zǐ kě jiào	a young person shows promise for learning	clause	An encouraging judgment that a learner is receptive, capable, and worth teaching.	老师见他肯改错，称赞孺子可教。	Seeing his willingness to correct mistakes, the teacher praised his promise as a learner.	听完她的思路，导师笑说孺子可教。	After hearing her reasoning, the mentor smiled and praised her potential.
守望相助	shǒu wàng xiāng zhù	to look out for and help one another	verb phrase	Neighbors or community members provide mutual protection and assistance.	村民守望相助，共同防洪。	The villagers looked out for one another while preventing flooding.	邻里守望相助，生活更安心。	Life feels safer when neighbors help and protect each other.
安步当车	ān bù dàng chē	to walk leisurely instead of taking transport	verb phrase	Choose an unhurried walk as a pleasant alternative to riding in a vehicle.	天气好，我们安步当车去公园。	The weather was fine, so we enjoyed walking to the park.	他下班后喜欢安步当车。	He likes taking a leisurely walk home after work.
安身立命	ān shēn lì mìng	to establish a secure place and purpose in life	verb phrase	Find the livelihood, position, or principles that allow one to live securely and meaningfully.	一门技能让他得以安身立命。	A skill gave him a secure livelihood and a place in life.	她一直寻找安身立命的方向。	She has been seeking a secure and meaningful direction in life.
家徒四壁	jiā tú sì bì	extremely poor with almost no possessions	adjective phrase	A household has little beyond its bare walls, emphasizing severe material poverty.	他小时候家徒四壁。	His family had almost nothing when he was a child.	火灾后，这家人几乎家徒四壁。	After the fire, the family was left with almost no possessions.
家道中落	jiā dào zhōng luò	a family's fortunes have declined	clause	A family that was once prosperous or influential has become poorer or less successful.	家道中落后，他开始打工。	After his family's fortunes declined, he began working.	小说讲述了家道中落后的生活。	The novel describes life after a family's decline.
寄人篱下	jì rén lí xià	to live dependently in someone else's home	verb phrase	Rely on another household for shelter or support, often with limited freedom or security.	他不想长期寄人篱下。	He did not want to depend on someone else's household for long.	寄人篱下的生活让她更加独立。	Life in someone else's household made her more independent.
察言观色	chá yán guān sè	to gauge someone through words and expressions	verb phrase	Observe speech and facial changes to understand another person's feelings or intentions.	接待客人时，她善于察言观色。	She is good at reading guests' words and expressions.	他察言观色，发现对方不太满意。	He noticed from the other person's manner that they were dissatisfied.
寡不敌众	guǎ bù dí zhòng	too few to overcome the many	clause	A smaller group cannot defeat or withstand a much larger one.	双方人数差太多，他们寡不敌众。	The difference in numbers was too large for them to overcome.	队员不足，最终寡不敌众。	With too few players, they were eventually overwhelmed.
寝食难安	qǐn shí nán ān	too worried to sleep or eat peacefully	adjective phrase	Anxiety is so strong that normal sleeping and eating are disrupted.	孩子失联后，她寝食难安。	After losing contact with her child, she could neither sleep nor eat peacefully.	这个未解决的问题让他寝食难安。	The unresolved problem left him too anxious to sleep or eat normally.
宁缺毋滥	nìng quē wú làn	better fewer acceptable things than many poor ones	clause	Prefer leaving a gap to filling it with unsuitable people or low-quality items.	招聘要宁缺毋滥。	Recruitment should favor suitable candidates over filling every vacancy.	她选文章时坚持宁缺毋滥。	She prefers fewer good articles to many poor ones.
宽宏大量	kuān hóng dà liàng	broad-minded and forgiving	adjective phrase	Tolerate others' faults without dwelling on resentment or minor grievances.	她宽宏大量，没有计较这次失误。	She generously forgave the mistake.	他希望自己能更宽宏大量。	He hopes to become more broad-minded and forgiving.
宝刀未老	bǎo dāo wèi lǎo	still highly capable despite age	adjective phrase	An experienced person retains impressive skill or strength even when older.	老队员宝刀未老，再次得分。	The veteran player showed he still had his skill and scored again.	这位退休教师宝刀未老，讲课依旧精彩。	The retired teacher remains highly capable and still gives excellent lessons.
寸土寸金	cùn tǔ cùn jīn	land is extremely valuable	clause	Every small piece of land commands a high price, especially in a crowded location.	市中心寸土寸金。	Land in the city center is extremely expensive.	寸土寸金的地区更要合理规划。	Areas with very valuable land especially need careful planning.
将功补过	jiāng gōng bǔ guò	to make up for a mistake through good work	verb phrase	Do something useful or meritorious to compensate for an earlier fault.	他主动加班，希望将功补过。	He volunteered for overtime to make up for his mistake.	她用这次出色表现将功补过。	Her excellent performance this time made up for the earlier error.
将心比心	jiāng xīn bǐ xīn	to put oneself in another's position	verb phrase	Understand another person's feelings by considering how one would feel in the same situation.	将心比心，就能理解他的担忧。	Putting yourself in his position helps you understand his concern.	服务顾客要将心比心。	Serving customers requires understanding their perspective.
将计就计	jiāng jì jiù jì	to turn someone's scheme to one's own advantage	verb phrase	Pretend to follow another person's plan while using it to achieve one's own purpose.	她识破骗局后决定将计就计。	After recognizing the scam, she decided to turn it against the swindler.	故事里，主角将计就计抓住了敌人。	In the story, the main character used the enemy's plan to capture them.
将错就错	jiāng cuò jiù cuò	to continue from a mistake instead of correcting it	verb phrase	Accept an error and proceed with the situation it created, sometimes adapting it usefully.	日期写错了，他们只好将错就错。	After writing the wrong date, they went ahead with it.	导演将错就错，把意外动作留在片中。	The director kept the accidental movement rather than correcting it.
对答如流	duì dá rú liú	to answer readily and fluently	verb phrase	Respond to a series of questions smoothly without hesitation.	她熟悉资料，面试时对答如流。	She knew the material and answered fluently in the interview.	孩子对这些常识问题对答如流。	The child answered these general-knowledge questions without hesitation.
小肚鸡肠	xiǎo dù jī cháng	petty and narrow-minded	adjective phrase	Hold grudges over trivial matters and lack generosity toward others.	别为一点小事小肚鸡肠。	Do not become petty over a small matter.	他承认自己过去有些小肚鸡肠。	He admitted he used to be rather narrow-minded.
小菜一碟	xiǎo cài yī dié	an easy task	noun phrase	A casual expression for something that presents little difficulty to the speaker.	这道题对她来说是小菜一碟。	This question is easy for her.	修好这个锁，对师傅是小菜一碟。	Repairing this lock is an easy job for the craftsman.
小试牛刀	xiǎo shì niú dāo	to give one's ability a modest first test	verb phrase	Try a limited task to show or test capabilities that could handle something larger.	她先在小比赛里小试牛刀。	She first tested her abilities in a small competition.	这次练习只是小试牛刀。	This exercise is only a modest initial test of our abilities.
少见多怪	shǎo jiàn duō guài	to be surprised because of limited experience	verb phrase	Treat an ordinary or familiar thing as strange because one has not encountered it before.	这种工具很常见，不必少见多怪。	This tool is common, so there is no need to be surprised.	他笑自己少见多怪，没见过这种风俗。	He laughed at his own surprise, having never seen the custom before.
居功自傲	jū gōng zì ào	to become arrogant about one's achievements	verb phrase	Use one's contributions as a reason to act superior or demand special treatment.	他成绩不错，却从不居功自傲。	He has achieved good results but never acts superior because of them.	她提醒队员不要居功自傲。	She reminded the players not to become arrogant about their achievements.
居安思危	jū ān sī wēi	to stay alert to danger in peaceful times	verb phrase	Consider possible risks even when the current situation is safe or successful.	经营稳定时，也要居安思危。	Even when business is stable, possible risks need attention.	定期演练是居安思危的表现。	Regular drills show awareness of danger during safe times.
屡败屡战	lǚ bài lǚ zhàn	to keep trying after repeated defeats	verb phrase	Return to the challenge again and again rather than give up after failure.	他屡败屡战，终于通过选拔。	He kept trying after repeated failures and finally passed the selection.	球队屡败屡战，赢得了尊重。	The team earned respect by continuing to compete after repeated defeats.
山清水秀	shān qīng shuǐ xiù	beautiful mountains and clear waters	adjective phrase	Natural scenery is attractive, with pleasing hills or mountains and clean-looking streams or lakes.	这个村子山清水秀。	This village has beautiful hills and clear waters.	她选择在山清水秀的地方度假。	She chose a scenic place with beautiful mountains and waters for her holiday.
崇山峻岭	chóng shān jùn lǐng	high, steep mountain ranges	noun phrase	Large mountains and steep ridges form imposing, difficult terrain.	公路穿过崇山峻岭。	The road passes through high, steep mountains.	他们在崇山峻岭间徒步。	They hiked among towering mountain ridges.
左右逢源	zuǒ yòu féng yuán	to handle things smoothly from every side	verb phrase	Find helpful resources or favorable connections wherever one turns; can suggest skill or opportunism.	她经验丰富，处理事务左右逢源。	Her experience lets her handle affairs smoothly from every angle.	他靠人脉在生意场上左右逢源。	His connections helped him find support throughout the business world.
左顾右盼	zuǒ gù yòu pàn	to look from side to side	verb phrase	Turn one's gaze repeatedly in different directions, often while waiting or searching.	他在门口左顾右盼，等着朋友。	He looked from side to side at the entrance while waiting for his friend.	孩子第一次进剧院，兴奋地左顾右盼。	On his first visit to the theater, the child excitedly looked all around.
席地而坐	xí dì ér zuò	to sit directly on the ground	verb phrase	Sit on the floor or ground rather than on a chair.	大家在草地上席地而坐。	Everyone sat directly on the grass.	帐篷里，队员们席地而坐。	The team members sat on the ground inside the tent.
平白无故	píng bái wú gù	for no apparent reason	adverb phrase	An event happens without a clear cause or justification.	他不愿平白无故地受到指责。	He did not want to be blamed without reason.	机器不会平白无故地停止。	A machine does not stop for no reason.
平铺直叙	píng pū zhí xù	to narrate plainly without dramatic variation	verb phrase	Present events in a straightforward sequence without elaborate development or emphasis.	这篇文章平铺直叙，缺少细节。	The article tells the events plainly but lacks detail.	她选择平铺直叙地记录旅程。	She chose to record the journey in a straightforward narrative.
年久失修	nián jiǔ shī xiū	neglected and unrepaired for many years	adjective phrase	A building or object has deteriorated because maintenance has long been neglected.	这座桥年久失修，需要加固。	This bridge has lacked maintenance for years and needs strengthening.	年久失修的屋顶开始漏水。	The long-neglected roof began leaking.
年富力强	nián fù lì qiáng	in the prime of life and full of energy	adjective phrase	A person is mature but still young enough to have substantial strength and vitality.	她年富力强，承担了重要工作。	In the prime of life, she took on important work.	团队需要年富力强的骨干。	The team needs energetic key members in their prime.
庸人自扰	yōng rén zì rǎo	to worry unnecessarily	verb phrase	Create distress for oneself over an imagined, minor, or avoidable concern.	事情并不严重，别庸人自扰。	The situation is not serious, so do not worry unnecessarily.	他总想象最坏结果，难免庸人自扰。	By always imagining the worst, he causes himself needless worry.
弄假成真	nòng jiǎ chéng zhēn	to turn a pretense into reality	verb phrase	Something originally staged, false, or pretend unexpectedly becomes real.	原本只是玩笑，最后竟弄假成真。	What began as a joke unexpectedly became real.	他们假装合作，后来弄假成真。	They pretended to cooperate and eventually formed a real partnership.
