研讨	yán tǎo	discuss in depth	verb	Discuss a subject carefully to exchange ideas and examine questions.	大家研讨了教学方法。	Everyone discussed teaching methods in depth.	我们下周研讨这份报告。	We will discuss this report in depth next week.
选修	xuǎn xiū	take an elective course	verb	Choose to study a course that is not required.	我选修了摄影课。	I took photography as an elective.	她想选修一门外语。	She wants to take a foreign language elective.
必修	bì xiū	required for study	adjective	Required as part of a particular study program rather than optional.	数学是我们的必修课。	Mathematics is a required course for us.	这门必修课有考试。	This required course has an exam.
辅修	fǔ xiū	minor in a subject	verb	Study a second academic subject alongside a main subject.	她辅修心理学。	She minors in psychology.	我打算辅修经济学。	I plan to minor in economics.
进修	jìn xiū	pursue further studies	verb	Continue studying to improve knowledge or professional skills.	老师去大学进修。	The teacher went to university for further study.	他在国外进修一年。	He pursued further studies abroad for a year.
自修	zì xiū	study independently	verb	Study a subject on one's own rather than through formal teaching.	她自修了法语。	She studied French independently.	我晚上自修数学。	I study mathematics on my own in the evenings.
学科	xué kē	academic discipline	noun	An established branch of knowledge or study.	历史是一门学科。	History is an academic discipline.	不同学科有不同的方法。	Different disciplines use different methods.
学术	xué shù	scholarship and research	noun	Systematic study and research within a field of knowledge.	学校举办学术会议。	The school holds an academic conference.	这篇文章讨论学术问题。	This article discusses questions in scholarship.
学业	xué yè	academic studies	noun	The learning and coursework a student undertakes.	他顺利完成了学业。	He successfully completed his studies.	她很重视自己的学业。	She takes her academic studies seriously.
学历	xué lì	educational qualification	noun	The level of formal education a person has completed.	这个岗位要求大学学历。	This position requires a university qualification.	简历上写明了她的学历。	Her resume states her educational qualifications.
学位	xué wèi	academic degree	noun	A qualification formally awarded after completing university study.	她获得了硕士学位。	She earned a master's degree.	他正在攻读博士学位。	He is working toward a doctoral degree.
学制	xué zhì	length of a study program	noun	The prescribed duration and structure of formal schooling or a course.	这个专业的学制是四年。	This degree program lasts four years.	学校公布了新的学制。	The school announced its new program structure.
学分	xué fēn	academic credit	noun	A unit used to measure completion of coursework toward a qualification.	这门课有三个学分。	This course is worth three credits.	我的学分已经修够了。	I have earned enough academic credits.
学时	xué shí	instructional hour	noun	A scheduled unit of teaching time used to measure course length.	这门课共三十个学时。	This course consists of thirty instructional hours.	实习也计入学时。	The internship also counts toward instructional hours.
学籍	xué jí	student enrollment status	noun	An official record of a student's enrollment in an educational institution.	学校保留了他的学籍。	The school kept his enrollment active.	转学后要办理学籍手续。	Enrollment paperwork is required after transferring schools.
校规	xiào guī	school rules	noun	Rules that students and staff must follow at a school.	学生应该遵守校规。	Students should follow school rules.	校规禁止在教室吸烟。	School rules prohibit smoking in classrooms.
校训	xiào xùn	school motto	noun	A short statement expressing a school's guiding values.	校训写在大门旁边。	The school motto is written beside the gate.	老师解释了校训的含义。	The teacher explained the meaning of the school motto.
校风	xiào fēng	school ethos	noun	The shared atmosphere and habits of behavior within a school.	这所学校的校风很好。	This school has a positive ethos.	校风影响学生的习惯。	A school's ethos influences students' habits.
专业	zhuān yè	field of specialization	noun	A particular subject studied in depth or an area of specialized work.	她的专业是物理。	Her field of study is physics.	我想换一个专业。	I want to change my major.
教务	jiào wù	academic administration	noun	Administrative work concerning courses, teaching schedules, and student study.	教务处通知我们换教室。	The academic office told us to change classrooms.	她负责学校的教务工作。	She handles the school's academic administration.
教材	jiào cái	teaching textbook	noun	Material prepared for systematic teaching and learning.	老师发了新教材。	The teacher distributed new textbooks.	这本教材适合初学者。	This textbook is suitable for beginners.
教辅	jiào fǔ	supplementary teaching material	noun	Books or other materials that support a main textbook or course.	这本教辅有很多练习。	This supplementary workbook has many exercises.	老师推荐了一套教辅。	The teacher recommended a set of supplementary materials.
教案	jiào àn	lesson plan	noun	A prepared outline of what and how a teacher will teach.	她提前写好了教案。	She prepared her lesson plan in advance.	教案包括课堂活动。	The lesson plan includes classroom activities.
课件	kè jiàn	course presentation materials	noun	Prepared digital materials used to support a lesson.	老师把课件发给了我们。	The teacher sent us the course slides.	这个课件里有动画。	These lesson materials include animation.
课题	kè tí	research topic	noun	A specific question or subject selected for study or research.	我们研究水资源这个课题。	We are researching the topic of water resources.	她申请了一个新课题。	She applied to undertake a new research project.
课时	kè shí	lesson period	noun	One unit of scheduled classroom teaching time.	这门课每周有四个课时。	This course has four lesson periods each week.	老师增加了一个课时。	The teacher added one lesson period.
课业	kè yè	school coursework	noun	The lessons, exercises, and assignments that make up a student's studies.	他的课业负担很重。	He has a heavy coursework load.	假期里她也完成课业。	She completes coursework during the holidays too.
讲义	jiǎng yì	lecture notes	noun	Written materials prepared to accompany teaching or a lecture.	老师发了今天的讲义。	The teacher handed out today's lecture notes.	我把讲义整理好了。	I organized the lecture notes.
讲座	jiǎng zuò	public lecture	noun	A talk presented to an audience on a particular subject.	今晚有一场历史讲座。	There is a history lecture tonight.	她在讲座上提出了问题。	She asked a question at the lecture.
讲授	jiǎng shòu	teach by explanation	verb	Present and explain knowledge to students or an audience.	教授讲授古代历史。	The professor teaches ancient history.	这门课由两位老师讲授。	Two teachers teach this course.
讲评	jiǎng píng	explain and evaluate	verb	Discuss work or performance while commenting on its strengths and weaknesses.	老师讲评了昨天的作业。	The teacher reviewed and discussed yesterday's homework.	我们一起讲评这次比赛。	We reviewed this competition together.
批改	pī gǎi	mark and correct	verb	Read a student's written work and mark errors or provide corrections.	老师正在批改试卷。	The teacher is marking exam papers.	她每天批改学生的作业。	She marks students' homework every day.
点评	diǎn píng	comment on and assess	verb	Give brief evaluative comments on a performance or piece of work.	老师点评了我的文章。	The teacher commented on my essay.	评委逐一点评作品。	The judges assessed each work in turn.
评语	píng yǔ	written evaluation	noun	A comment expressing an assessment of work or performance.	老师写了几句评语。	The teacher wrote a few evaluative comments.	他的评语很具体。	His evaluation comments are specific.
评审	píng shěn	expert review	noun	An evaluation by qualified reviewers to decide quality or eligibility.	这篇论文通过了评审。	This paper passed expert review.	评审工作下周开始。	The review process begins next week.
评估	píng gū	evaluate	verb	Examine information to judge value, condition, or likely effects.	我们需要评估项目风险。	We need to assess the project's risks.	专家评估了建筑的安全性。	Experts evaluated the building's safety.
考核	kǎo hé	assess performance	verb	Check whether someone meets expected standards of knowledge or work.	公司每年考核员工。	The company assesses employees every year.	这次培训要考核操作能力。	This training assesses practical operating skills.
考评	kǎo píng	performance evaluation	noun	Assessment and rating of a person's work or achievement.	年度考评下周进行。	The annual performance evaluation takes place next week.	考评结果已经公布。	The evaluation results have been announced.
考查	kǎo chá	examine learning	verb	Check someone's knowledge or ability, often through observation or exercises.	这道题考查阅读能力。	This question tests reading ability.	老师考查我们的口语。	The teacher assesses our speaking skills.
考证	kǎo zhèng	verify through research	verb	Investigate evidence to establish the accuracy of a historical or textual claim.	学者考证了这首诗的作者。	Scholars researched the authorship of this poem.	他正在考证地名的来源。	He is researching the origin of the place name.
考研	kǎo yán	take postgraduate entrance exams	verb	Prepare for or sit examinations to enter a postgraduate program in China.	她毕业后准备考研。	She plans to take postgraduate entrance exams after graduation.	他为了考研每天复习。	He studies every day for the postgraduate entrance exams.
考勤	kǎo qín	attendance checking	noun	The recording of whether people attend work or classes as required.	公司使用电子考勤。	The company uses electronic attendance tracking.	老师负责每天的考勤。	The teacher checks attendance every day.
考点	kǎo diǎn	exam topic	noun	A knowledge point that an examination is designed to test.	这个语法是重要考点。	This grammar point is an important exam topic.	老师总结了几个考点。	The teacher summarized several topics tested on the exam.
试题	shì tí	exam question	noun	A question or task set in an examination.	这些试题不太难。	These exam questions are not very difficult.	试题要求写一篇短文。	The exam question asks for a short essay.
题意	tí yì	meaning of a question	noun	What a question asks or intends the reader to do.	请先读懂题意。	Please understand what the question asks first.	他误解了这道题的题意。	He misunderstood what this question was asking.
题解	tí jiě	worked solution	noun	An explanation of how to solve a question or exercise.	书后附有题解。	Worked solutions are included at the back of the book.	我看题解才明白方法。	I understood the method only after reading the worked solution.
解题	jiě tí	solve a problem	verb	Work out the answer to an exercise or question.	老师教我们怎样解题。	The teacher showed us how to solve the problem.	他解题时先画图。	He draws a diagram first when solving problems.
命题	mìng tí	set an exam question	verb	Choose and formulate questions for an examination.	两位老师共同命题。	Two teachers set the exam questions together.	命题时要考虑学生水平。	Students' ability must be considered when setting questions.
选题	xuǎn tí	choose a research topic	verb	Select the subject for a study, essay, or creative work.	写论文前要先选题。	You must choose a topic before writing a thesis.	她正在为毕业设计选题。	She is choosing a topic for her graduation project.
论题	lùn tí	topic of discussion	noun	The central issue addressed in a discussion or argument.	今天的论题是城市发展。	Today's discussion topic is urban development.	请不要偏离这个论题。	Please do not stray from this discussion topic.
论点	lùn diǎn	central argument	noun	A claim or position that a writer or speaker tries to support.	文章的论点很清楚。	The essay's central argument is clear.	他用数据支持自己的论点。	He supports his argument with data.
论据	lùn jù	supporting evidence	noun	Facts or reasons used to support an argument.	这个论据不够有力。	This evidence is not strong enough.	她补充了新的论据。	She added new supporting evidence.
论证	lùn zhèng	justify an argument	verb	Use reasons and evidence to establish that a claim is valid.	作者用实验论证观点。	The author uses experiments to support the claim.	我们需要论证方案的可行性。	We need to demonstrate the plan's feasibility.
论述	lùn shù	discuss systematically	verb	Explain a subject or position in an organized and reasoned way.	书中论述了教育改革。	The book discusses educational reform systematically.	请详细论述你的观点。	Please explain your view in detail.
论文	lùn wén	academic paper	noun	A formal written work presenting research or a reasoned academic argument.	她发表了一篇论文。	She published an academic paper.	我的论文还需要修改。	My thesis still needs revision.
提纲	tí gāng	outline	noun	A brief plan listing the main points of a written work or talk.	他先写了文章提纲。	He wrote an outline of the essay first.	请按提纲介绍项目。	Please introduce the project following the outline.
大纲	dà gāng	syllabus	noun	An outline stating the main contents and requirements of a course or program.	课程大纲已经公布。	The course syllabus has been published.	考试范围以大纲为准。	The syllabus defines the scope of the exam.
概述	gài shù	give an overview	verb	Briefly describe the main points of a subject.	请概述这项研究的结果。	Please summarize the results of this study.	他概述了会议内容。	He gave an overview of the meeting.
概论	gài lùn	introductory survey	noun	A broad introductory account of a field of knowledge.	我在读语言学概论。	I am reading an introduction to linguistics.	这门概论课很有趣。	This introductory survey course is interesting.
概念	gài niàn	concept	noun	A general idea used to understand or classify something.	这个概念很抽象。	This concept is very abstract.	老师解释了时间的概念。	The teacher explained the concept of time.
定义	dìng yì	definition	noun	A precise explanation of what a word or concept means.	请给出这个词的定义。	Please give a definition of this word.	书中的定义很准确。	The definition in the book is precise.
定理	dìng lǐ	theorem	noun	A mathematical statement established by a logical proof.	我们证明了这个定理。	We proved this theorem.	这道题要用那个定理。	This problem requires that theorem.
定律	dìng lǜ	scientific law	noun	A statement describing a regular relationship observed in nature.	老师讲解了牛顿定律。	The teacher explained Newton's laws.	这个实验符合物理定律。	This experiment follows the laws of physics.
原理	yuán lǐ	underlying principle	noun	The basic rule or mechanism explaining how something works.	他解释了电机的原理。	He explained how the motor works.	我们要理解实验原理。	We need to understand the principle behind the experiment.
规律	guī lǜ	regular pattern	noun	A recurring order or relationship in how events happen.	我发现了数字的规律。	I found the pattern in the numbers.	天气变化有一定规律。	Weather changes follow certain patterns.
公式	gōng shì	formula	noun	A symbolic expression stating a mathematical or scientific relationship.	请把数字代入公式。	Please put the numbers into the formula.	这个公式可以计算面积。	This formula can calculate area.
公理	gōng lǐ	axiom	noun	A statement accepted as a starting point for reasoning within a system.	这个证明从公理出发。	This proof starts from axioms.	老师介绍了几何公理。	The teacher introduced the axioms of geometry.
假说	jiǎ shuō	hypothesis	noun	A proposed explanation that can be examined against evidence.	实验支持了这个假说。	The experiment supported this hypothesis.	这个假说还需要验证。	This hypothesis still needs to be tested.
推论	tuī lùn	inference	noun	A conclusion drawn from stated facts or earlier reasoning.	这个推论缺少依据。	This inference lacks supporting evidence.	她根据数据提出了推论。	She drew an inference from the data.
推理	tuī lǐ	reason logically	verb	Reach conclusions by connecting facts or propositions through reasoning.	解题需要认真推理。	Solving the problem requires careful reasoning.	他根据线索进行推理。	He reasoned from the clues.
推导	tuī dǎo	derive logically	verb	Obtain a result or formula through a series of logical steps.	老师推导了这个公式。	The teacher derived this formula.	这个结论可以从定义推导出来。	This conclusion can be derived from the definition.
归纳	guī nà	draw a general conclusion	verb	Combine specific observations to identify a broader rule or summary.	请归纳文章的主要内容。	Please summarize the main points of the article.	我们从例子中归纳规律。	We infer general patterns from the examples.
类比	lèi bǐ	reason by analogy	verb	Compare similar situations to help explain or understand one of them.	老师用水流类比电流。	The teacher compared electric current to flowing water.	这个问题可以类比处理。	This problem can be approached by analogy.
联想	lián xiǎng	make a mental association	verb	Connect one idea or image with another in the mind.	这首歌让我联想到童年。	This song makes me think of my childhood.	看到雪她就联想起故乡。	Seeing snow reminds her of her hometown.
反思	fǎn sī	reflect critically	verb	Review one's actions or thinking to understand and improve them.	我们需要反思这次失败。	We need to reflect on this failure.	课后她反思自己的教法。	After class she reflects on her teaching methods.
质疑	zhì yí	question the validity of	verb	Express doubt about the truth, accuracy, or reasonableness of something.	有人质疑这个结论。	Some people question this conclusion.	她质疑数据的可靠性。	She questions the reliability of the data.
辨析	biàn xī	distinguish through analysis	verb	Examine closely related things to identify their differences.	老师辨析了这两个词。	The teacher analyzed the differences between these two words.	我们需要辨析不同观点。	We need to distinguish the different views carefully.
剖析	pōu xī	analyze in depth	verb	Examine the parts or causes of something in detail.	文章剖析了问题的原因。	The article analyzes the causes of the problem in depth.	他剖析了自己的失误。	He analyzed his own mistake carefully.
解析	jiě xī	analyze and explain	verb	Break down a subject or problem and explain how it works.	老师解析了这道题。	The teacher explained the solution to this problem.	节目解析了比赛战术。	The program analyzed the tactics used in the match.
举例	jǔ lì	give an example	verb	Use a specific case to illustrate a point.	请举例说明这个观点。	Please illustrate this point with an example.	老师举例介绍这种用法。	The teacher gave examples of this usage.
例证	lì zhèng	illustrative evidence	noun	A specific example used to support or illustrate a claim.	这是一个很好的例证。	This is good evidence by example.	作者提供了三个例证。	The author provided three supporting examples.
实证	shí zhèng	empirical evidence	noun	Evidence based on observation or experience rather than reasoning alone.	这项研究重视实证。	This study emphasizes empirical evidence.	理论需要实证支持。	The theory needs empirical support.
求证	qiú zhèng	seek verification	verb	Look for evidence or confirmation that a claim is true.	他向专家求证消息。	He asked an expert to verify the news.	这个说法还需要求证。	This claim still needs verification.
核查	hé chá	check for accuracy	verb	Examine records or details to confirm that they are correct.	工作人员核查了名单。	The staff checked the list for accuracy.	请核查这笔费用。	Please check this charge.
查证	chá zhèng	investigate and verify	verb	Investigate a claim or fact to confirm its truth.	记者正在查证消息来源。	The journalist is verifying the source of the news.	警方查证了他的身份。	The police verified his identity.
文献	wén xiàn	scholarly source	noun	Recorded materials used as sources for study or research.	她查阅了很多文献。	She consulted many scholarly sources.	这些文献保存在图书馆。	These sources are kept in the library.
参照	cān zhào	refer to as a guide	verb	Use something as a reference when making a decision or comparison.	请参照说明填写表格。	Please use the instructions when filling in the form.	我们参照旧方案修改。	We revised it using the old plan as a reference.
引用	yǐn yòng	quote or cite	verb	Use another source's words or information while identifying that source.	文章引用了两份报告。	The article cites two reports.	引用他的话时要准确。	Be accurate when quoting his words.
注解	zhù jiě	explanatory note	noun	A note explaining the meaning or background of a passage.	这首诗有详细注解。	This poem has detailed explanatory notes.	注解帮助我理解古文。	The notes help me understand classical Chinese.
附录	fù lù	appendix	noun	Additional material placed after the main body of a book or report.	数据表放在附录里。	The data tables are in the appendix.	附录列出了参考资料。	The appendix lists reference materials.
索引	suǒ yǐn	index	noun	An organized list that helps readers locate information.	我从索引里找到了页码。	I found the page number in the index.	这本书没有索引。	This book has no index.
目录	mù lù	table of contents	noun	A list of sections or items showing their order and often their locations.	先看目录再找章节。	Check the table of contents before finding the chapter.	目录列出了所有课程。	The catalog lists all the courses.
检索	jiǎn suǒ	search for information	verb	Locate information in a collection using organized search methods.	我在数据库里检索论文。	I searched for papers in the database.	可以按作者姓名检索。	You can search by the author's name.
调研	diào yán	conduct research	verb	Gather and examine information about a situation, often through fieldwork.	团队去农村调研。	The team conducted research in rural areas.	我们调研了用户需求。	We researched users' needs.
访谈	fǎng tán	research interview	noun	A planned conversation used to gather someone's experiences or opinions.	这次访谈持续了一个小时。	This interview lasted an hour.	研究人员整理访谈记录。	The researchers organized the interview records.
问卷	wèn juàn	questionnaire	noun	A set of written questions used to collect information from respondents.	请填写这份问卷。	Please complete this questionnaire.	问卷不需要写姓名。	The questionnaire does not require your name.
抽样	chōu yàng	take a sample	verb	Select part of a population or collection for examination.	我们从产品中随机抽样。	We randomly sampled the products.	调查采用抽样方法。	The survey uses a sampling method.
样本	yàng běn	sample	noun	A selected example or group examined to learn about a larger collection.	这个样本太小。	This sample is too small.	研究人员收集了水样本。	The researchers collected water samples.
变量	biàn liàng	variable	noun	A quantity or factor whose value can change.	这个实验有两个变量。	This experiment has two variables.	请保持其他变量不变。	Please keep the other variables unchanged.
定量	dìng liàng	quantitative	adjective	Using numerical measurements to describe or examine something.	我们做了定量分析。	We performed a quantitative analysis.	这项研究需要定量数据。	This study needs quantitative data.
定性	dìng xìng	qualitative	adjective	Describing qualities or characteristics rather than numerical amounts.	访谈适合定性研究。	Interviews are useful for qualitative research.	这份报告采用定性分析。	This report uses qualitative analysis.
量化	liàng huà	quantify	verb	Express something in numerical terms so it can be measured or compared.	这些变化很难量化。	These changes are difficult to quantify.	我们量化了节能效果。	We quantified the energy savings.
指标	zhǐ biāo	indicator	noun	A measure used to assess condition, progress, or performance.	这些指标反映空气质量。	These indicators reflect air quality.	今年的销售指标已经完成。	This year's sales target has been met.
参数	cān shù	parameter	noun	A value that controls or describes how a system or model works.	请调整相机参数。	Please adjust the camera settings.	模型的参数已经确定。	The model's parameters have been set.
模型	mó xíng	model	noun	A simplified representation used to describe or examine something.	我们建立了气候模型。	We built a climate model.	这个模型解释不了新数据。	This model cannot explain the new data.
模拟	mó nǐ	simulate	verb	Reproduce important features of a situation for study or practice.	软件可以模拟天气变化。	The software can simulate changes in the weather.	学生模拟了一次谈判。	The students acted out a negotiation.
拟合	nǐ hé	fit a model to data	verb	Adjust a mathematical model to match observed data as closely as possible.	我们用直线拟合数据。	We fitted a straight line to the data.	这条曲线拟合得很好。	This curve fits the data well.
偏差	piān chā	deviation	noun	A difference from a reference value, expected result, or unbiased position.	测量结果有一定偏差。	The measurement has some deviation.	抽样方法可能带来偏差。	The sampling method may introduce bias.
误差	wù chā	measurement error	noun	The difference between a measured or estimated value and a reference value.	这个仪器的误差很小。	This instrument's measurement error is small.	重复测量可以减少误差。	Repeated measurements can reduce error.
精度	jīng dù	precision	noun	The degree of detail or consistency achievable in measurement or calculation.	这台仪器精度很高。	This instrument has high precision.	计算需要更高的精度。	The calculation requires greater precision.
可信	kě xìn	credible	adjective	Believable because available evidence or a reliable source supports it.	这个消息不太可信。	This news is not very credible.	她提供了可信的证据。	She provided credible evidence.
统筹	tǒng chóu	coordinate overall planning	verb	Plan different tasks or resources together as a whole.	她统筹整个项目。	She coordinates the whole project.	部门需要统筹资金使用。	The department needs to coordinate how funds are used.
协调	xié tiáo	coordinate	verb	Arrange people or activities so that they work together smoothly.	他协调各部门的工作。	He coordinates the work of the different departments.	我们需要协调会议时间。	We need to agree on a meeting time together.
协作	xié zuò	work collaboratively	verb	Work with others toward a shared task or goal.	两个团队协作开发软件。	Two teams collaborate to develop the software.	这项研究需要跨部门协作。	This study requires collaboration across departments.
合资	hé zī	joint investment	noun	Investment made together by two or more parties.	这是一家合资企业。	This is a joint venture company.	双方签署了合资协议。	The two parties signed a joint investment agreement.
合营	hé yíng	operate jointly	verb	Run a business together with another party.	两家公司合营这家工厂。	The two companies jointly operate this factory.	他们决定合营一家书店。	They decided to run a bookstore together.
兼职	jiān zhí	part-time employment	noun	Work done for part of the usual working time or alongside another occupation.	她周末做兼职。	She works part time on weekends.	这份兼职每周工作两天。	This part-time job requires two days of work a week.
专职	zhuān zhí	dedicated to one job	adjective	Working specifically in one role rather than combining it with other duties.	学校聘请了专职教练。	The school hired a dedicated coach.	他是一名专职研究员。	He is a full-time researcher.
全职	quán zhí	full-time	adjective	Working the full normal number of hours for a job.	她在找全职工作。	She is looking for a full-time job.	公司需要一名全职设计师。	The company needs a full-time designer.
在职	zài zhí	currently employed	adjective	Holding a job or remaining in one's current employment.	他参加了在职培训。	He attended training while employed.	在职员工可以申请这个课程。	Current employees can apply for this course.
入职	rù zhí	start employment	verb	Join an organization and begin working for it.	她下周入职。	She starts her new job next week.	入职前要提交材料。	Documents must be submitted before starting work.
离职	lí zhí	leave a job	verb	Stop working for an employer or leave a particular position.	他已经离职了。	He has left his job.	离职前她完成了交接。	She completed the handover before leaving.
调岗	diào gǎng	change job assignment	verb	Move an employee to a different role or position within an organization.	公司安排他调岗。	The company reassigned him to another position.	调岗后她负责销售。	After changing roles she became responsible for sales.
职位	zhí wèi	job position	noun	A particular post within an organization.	她申请了经理职位。	She applied for the manager position.	这个职位需要三年经验。	This position requires three years of experience.
职务	zhí wù	official role	noun	A person's assigned position and duties within an organization.	他的职务是部门主管。	His role is department supervisor.	她辞去了董事职务。	She resigned from her role as a director.
职能	zhí néng	organizational function	noun	The type of work or responsibility assigned to a department or role.	这个部门的职能是培训。	This department's function is training.	新机构的职能已经明确。	The new organization's functions have been defined.
职责	zhí zé	job responsibilities	noun	The duties a person or organization is expected to carry out.	维护设备是他的职责。	Maintaining equipment is his responsibility.	请明确每个人的职责。	Please define everyone's responsibilities.
任职	rèn zhí	hold a position	verb	Serve in a particular job or official role.	她在大学任职。	She holds a position at a university.	他曾在这家公司任职。	He previously worked at this company.
任期	rèn qī	term of office	noun	The period during which someone formally holds a position.	他的任期是三年。	His term of office is three years.	任期结束后她返回学校。	She returned to the school after her term ended.
任命	rèn mìng	appoint to a position	verb	Formally select someone to hold a job or office.	公司任命她为总经理。	The company appointed her general manager.	他被任命为项目负责人。	He was appointed project leader.
聘用	pìn yòng	hire	verb	Employ someone through an agreement to perform work.	公司聘用了两名工程师。	The company hired two engineers.	学校决定聘用这位老师。	The school decided to hire this teacher.
应聘	yìng pìn	apply for a job	verb	Seek a job in response to an employer's recruitment.	他去那家公司应聘。	He went to that company to apply for a job.	她应聘的是设计岗位。	She is applying for a design position.
求职	qiú zhí	seek employment	verb	Look for an employer or job opportunity.	毕业生正在求职。	The graduates are looking for jobs.	求职时要准备简历。	You need a resume when looking for a job.
简历	jiǎn lì	resume	noun	A short written account of qualifications and work experience for a job application.	请把简历发给我们。	Please send us your resume.	她更新了自己的简历。	She updated her resume.
履历	lǚ lì	record of experience	noun	An account of someone's education, work, and other significant life experience.	他的履历很丰富。	He has an extensive record of experience.	申请表要求填写履历。	The application form asks for a record of experience.
面试	miàn shì	job or admission interview	noun	A meeting in which questions are asked to assess an applicant.	她明天参加面试。	She has an interview tomorrow.	面试持续了半个小时。	The interview lasted half an hour.
笔试	bǐ shì	written examination	noun	An assessment answered in writing rather than orally.	笔试通过后还有面试。	An interview follows after passing the written exam.	这次笔试考查基础知识。	This written exam tests basic knowledge.
复试	fù shì	second-stage examination	noun	A further examination after an initial selection or assessment.	她进入了复试。	She advanced to the second-stage examination.	复试包括口语测试。	The second-stage examination includes a speaking test.
培训	péi xùn	provide training	verb	Teach skills or knowledge needed for a particular activity or job.	公司培训新员工。	The company trains new employees.	我们接受了安全培训。	We received safety training.
轮岗	lún gǎng	rotate between positions	verb	Move between different job assignments in a planned sequence.	新员工需要轮岗。	New employees need to rotate between roles.	她通过轮岗了解各部门。	She learned about each department by rotating between positions.
实习	shí xí	internship	noun	Practical work experience undertaken while learning a profession.	她在医院实习。	She is doing an internship at a hospital.	这次实习持续三个月。	This internship lasts three months.
见习	jiàn xí	observe and learn on the job	verb	Learn practical work by observing or assisting before taking full responsibility.	学生去法院见习。	The students went to the court to observe and learn.	他在老师指导下见习。	He is learning on the job under a teacher's guidance.
试用	shì yòng	use on a trial basis	verb	Use something or employ someone temporarily to assess suitability.	公司允许客户免费试用。	The company allows customers a free trial.	新员工需要试用三个月。	New employees have a three-month probation period.
转正	zhuǎn zhèng	become a regular employee	verb	Gain regular employment status after a probationary period.	她下个月转正。	She becomes a regular employee next month.	他通过考核后转正了。	He became a regular employee after passing the assessment.
绩效	jì xiào	work performance	noun	Results achieved in work as measured against expected goals.	公司按绩效发奖金。	The company awards bonuses based on performance.	她的绩效一直很好。	Her work performance has consistently been strong.
业绩	yè jì	business results	noun	Achievements in work or business, often expressed through measurable results.	今年销售业绩很好。	Sales results are strong this year.	团队完成了业绩目标。	The team met its performance targets.
效益	xiào yì	benefit produced	noun	Useful or valuable results produced by an activity or investment.	新设备提高了经济效益。	The new equipment improved economic returns.	这个项目有社会效益。	This project brings social benefits.
产能	chǎn néng	production capacity	noun	The amount a producer can make within a given period.	工厂正在扩大产能。	The factory is expanding its production capacity.	目前的产能满足不了需求。	Current production capacity cannot meet demand.
产值	chǎn zhí	value of output	noun	The monetary value of goods or services produced over a period.	工厂今年的产值增加了。	The value of the factory's output increased this year.	报告列出了农业产值。	The report lists the value of agricultural output.
产量	chǎn liàng	quantity produced	noun	The amount of a product made or harvested.	今年粮食产量提高了。	Grain production increased this year.	工厂每天记录产量。	The factory records its output every day.
产出	chǎn chū	output	noun	The goods, services, or results produced by an activity.	我们比较投入和产出。	We compare inputs and outputs.	这项研究的产出是三篇论文。	This study produced three academic papers.
营收	yíng shōu	business revenue	noun	Income a business earns through its normal operations before expenses are deducted.	公司去年营收增长了。	The company's revenue grew last year.	这家店的营收很稳定。	This shop's revenue is stable.
利润	lì rùn	profit	noun	Money remaining from income after relevant costs are deducted.	今年公司的利润增加了。	The company's profit increased this year.	成本上涨会减少利润。	Higher costs will reduce profits.
毛利	máo lì	gross profit	noun	Sales revenue minus the direct cost of the goods or services sold.	这件产品的毛利不高。	This product's gross profit is not high.	财务部计算了毛利。	The finance department calculated gross profit.
净利	jìng lì	net profit	noun	Profit remaining after the applicable costs, expenses, and taxes are deducted.	公司的净利有所增长。	The company's net profit grew somewhat.	报告公布了去年净利。	The report announced last year's net profit.
负债	fù zhài	financial liabilities	noun	Money or obligations that a person or organization owes to others.	公司正在减少负债。	The company is reducing its liabilities.	她仔细核对资产和负债。	She carefully checks assets and liabilities.
资产	zī chǎn	assets	noun	Resources owned or controlled that have economic value.	房屋是重要资产。	A house is an important asset.	公司出售了部分资产。	The company sold some of its assets.
资本	zī běn	capital	noun	Money or resources available for investment and productive activity.	创业需要一定资本。	Starting a business requires some capital.	这家公司吸引了海外资本。	This company attracted capital from abroad.
股份	gǔ fèn	shares in a company	noun	Units representing ownership in a company.	她持有公司的股份。	She holds shares in the company.	员工可以购买股份。	Employees can buy shares.
股权	gǔ quán	equity ownership	noun	Ownership rights and interests in a company.	他转让了部分股权。	He transferred part of his equity ownership.	双方讨论股权分配。	The two parties discussed the allocation of equity.
股息	gǔ xī	share dividend	noun	A payment to shareholders based on the shares they hold.	公司决定发放股息。	The company decided to pay a dividend.	她每年收到一些股息。	She receives some dividends each year.
分红	fēn hóng	distribute profits	verb	Allocate a share of profits to investors or other entitled participants.	公司年底分红。	The company distributes profits at the end of the year.	合作社今年没有分红。	The cooperative did not distribute profits this year.
融资	róng zī	raise financing	verb	Obtain funds for an organization or project through available financial arrangements.	公司正在融资。	The company is raising financing.	这个项目需要融资支持。	This project needs financial backing.
投资	tóu zī	invest	verb	Commit money or resources with the aim of gaining future value or returns.	她投资了一家小公司。	She invested in a small company.	企业决定投资新设备。	The business decided to invest in new equipment.
注资	zhù zī	inject capital	verb	Provide additional capital to a business or project.	股东向公司注资。	The shareholders injected capital into the company.	银行决定为项目注资。	The bank decided to provide capital for the project.
出资	chū zī	contribute funds	verb	Provide money as one's contribution to an activity or investment.	三个人共同出资开店。	Three people contributed funds to open the shop.	他出资修建了这座桥。	He provided funds to build this bridge.
募资	mù zī	raise investment funds	verb	Gather financial contributions, especially for an investment or business.	基金正在募资。	The fund is raising investment capital.	团队完成了第一轮募资。	The team completed its first funding round.
筹资	chóu zī	raise funds	verb	Arrange and obtain the money needed for an activity.	学校筹资修建图书馆。	The school raised funds to build a library.	他们正在为展览筹资。	They are raising funds for the exhibition.
贷款	dài kuǎn	loan	noun	Money borrowed under an agreement to repay it, usually with interest.	她申请了住房贷款。	She applied for a housing loan.	这笔贷款已经还清。	This loan has been fully repaid.
本金	běn jīn	principal sum	noun	The original amount invested or borrowed, excluding interest.	他已经还了本金。	He has repaid the principal.	利息按本金计算。	Interest is calculated on the principal.
利率	lì lǜ	interest rate	noun	The percentage used to calculate interest on borrowed or deposited money.	银行公布了新利率。	The bank announced a new interest rate.	贷款利率有所下降。	Loan interest rates have fallen somewhat.
利息	lì xī	interest payment	noun	Money paid for the use of borrowed money or earned on deposited funds.	这笔存款有利息。	This deposit earns interest.	他按月支付利息。	He pays interest monthly.
复利	fù lì	compound interest	noun	Interest calculated on both the original principal and accumulated interest.	这份合同按复利计息。	This contract calculates interest on a compound basis.	老师解释了复利的算法。	The teacher explained how compound interest is calculated.
汇率	huì lǜ	exchange rate	noun	The rate at which one currency can be exchanged for another.	今天的汇率变了。	The exchange rate changed today.	汇率影响进口成本。	Exchange rates affect import costs.
结算	jié suàn	settle accounts	verb	Calculate and settle amounts owed in a transaction or period.	公司月底结算费用。	The company settles expenses at the end of the month.	这笔交易用人民币结算。	This transaction is settled in renminbi.
清算	qīng suàn	liquidate a business; settle accounts	verb	Settle outstanding accounts, assets, and debts, especially when ending a business.	公司关闭前要清算。	The company must settle its accounts before closing.	清算工作还没有完成。	The liquidation process is not yet complete.
对账	duì zhàng	reconcile accounts	verb	Compare financial records to check that the figures agree.	财务人员正在对账。	The finance staff are reconciling the accounts.	我们每月与银行对账。	We reconcile our accounts with the bank every month.
记账	jì zhàng	keep accounts	verb	Record income, expenses, and other financial transactions.	她每天认真记账。	She carefully keeps accounts every day.	这家店用软件记账。	This shop uses software to keep accounts.
报销	bào xiāo	claim reimbursement	verb	Submit an expense for repayment by the responsible organization.	出差费用可以报销。	Business travel expenses can be reimbursed.	他拿发票去报销。	He took the receipts to claim reimbursement.
预算	yù suàn	budget	noun	A planned estimate of income and spending for a project or period.	项目已经超过预算。	The project has already exceeded its budget.	我们制定了明年的预算。	We prepared next year's budget.
决算	jué suàn	final financial account	noun	A financial statement showing actual income and expenditure after a period or project ends.	财务部编制年度决算。	The finance department prepares the final annual accounts.	项目决算已经完成。	The project's final accounts have been completed.
核算	hé suàn	calculate and account for	verb	Determine financial amounts by checking and calculating relevant records.	我们需要核算成本。	We need to calculate the costs.	财务部正在核算利润。	The finance department is calculating the profit.
估算	gū suàn	estimate numerically	verb	Calculate an approximate amount using available information.	工程师估算了工期。	The engineer estimated the construction time.	我们先估算总费用。	We will estimate the total cost first.
审计	shěn jì	audit	verb	Independently examine financial records or operations to assess their accuracy and compliance.	事务所审计了公司账目。	The firm audited the company's accounts.	这笔资金需要审计。	These funds need to be audited.
财务	cái wù	financial affairs	noun	The management and recording of an organization's money.	她负责公司的财务。	She handles the company's finances.	财务部门核对了账单。	The finance department checked the bills.
账目	zhàng mù	financial accounts	noun	Records showing money received, spent, owed, or owned.	这家店的账目很清楚。	This shop's accounts are clear.	请检查上个月的账目。	Please check last month's accounts.
应收账款	yīng shōu zhàng kuǎn	accounts receivable	noun	Money owed to a business by customers for goods or services already supplied.	公司正在收回应收账款。	The company is collecting its accounts receivable.	财务人员核对了应收账款。	The finance staff checked the accounts receivable.
票据	piào jù	financial instrument or voucher	noun	A written document used as evidence of payment or a financial obligation.	请保存这些票据。	Please keep these financial documents.	银行核对了票据金额。	The bank checked the amounts on the instruments.
税务	shuì wù	tax affairs	noun	Work and matters concerning the assessment and payment of taxes.	他从事税务工作。	He works in tax administration.	公司咨询了税务问题。	The company sought advice about tax matters.
税率	shuì lǜ	tax rate	noun	The percentage used to calculate the tax payable on an amount.	这种商品的税率是多少？	What is the tax rate on this type of product?	税率调整影响价格。	Changes in tax rates affect prices.
纳税	nà shuì	pay taxes	verb	Pay the taxes legally required from a person or organization.	企业应当依法纳税。	Businesses should pay taxes according to law.	他保存了纳税记录。	He kept records of his tax payments.
征税	zhēng shuì	levy taxes	verb	Require and collect tax on specified people, activities, or goods.	政府对这类商品征税。	The government taxes this category of goods.	征税标准需要公开。	The rules for levying taxes need to be public.
减税	jiǎn shuì	reduce taxes	verb	Lower the tax amount or burden required by the applicable rules.	企业希望通过减税降低成本。	Businesses hope tax reductions will lower their costs.	减税政策已经公布。	The tax reduction policy has been announced.
免税	miǎn shuì	tax-exempt	adjective	Not subject to a specified tax under the applicable rules.	这类商品可以免税。	This category of goods can be exempt from tax.	他购买了免税商品。	He bought duty-free goods.
退税	tuì shuì	tax refund	noun	Repayment of tax previously paid when the applicable rules allow it.	她申请了退税。	She applied for a tax refund.	退税手续还没有办完。	The tax refund paperwork is not finished yet.
关税	guān shuì	customs duty	noun	A tax charged on goods crossing a national customs border.	关税会影响进口价格。	Customs duties can affect import prices.	公司查询了商品关税。	The company checked the customs duty on the goods.
增值税	zēng zhí shuì	value-added tax	noun	A tax on value added in the production and sale of goods or services.	这张发票注明了增值税。	This invoice states the value-added tax.	会计核对了增值税金额。	The accountant checked the amount of value-added tax.
所得税	suǒ dé shuì	income tax	noun	A tax charged on income earned by individuals or organizations.	她查看了所得税记录。	She checked her income tax records.	企业需要申报所得税。	Businesses need to declare income tax.
消费税	xiāo fèi shuì	consumption tax	noun	A tax charged on specified categories of goods or consumption.	某些商品需要缴纳消费税。	Certain goods are subject to consumption tax.	报告讨论了消费税调整。	The report discusses changes to consumption tax.
印花税	yìn huā shuì	stamp duty	noun	A tax charged on specified documents or transactions.	这份合同涉及印花税。	This contract involves stamp duty.	会计解释了印花税的申报。	The accountant explained how to declare stamp duty.
预案	yù àn	contingency plan	noun	A plan prepared in advance for a possible event or emergency.	学校制定了防火预案。	The school prepared a fire emergency plan.	我们按预案处理故障。	We handled the failure according to the contingency plan.
备案	bèi àn	register for official record	verb	Submit information to an authority so it can be kept on record.	这份合同需要备案。	This contract needs to be registered for the official record.	公司已经完成备案。	The company has completed the registration.
立项	lì xiàng	approve a project for initiation	verb	Formally establish a proposed undertaking as an approved project.	这项研究已经立项。	This study has been approved as a project.	新工程还没有立项。	The new engineering project has not yet been approved.
申报	shēn bào	submit a formal declaration	verb	Report information or apply for consideration through a prescribed procedure.	公司正在申报这个项目。	The company is submitting an application for this project.	他按时申报了收入。	He declared his income on time.
审批	shěn pī	review and approve	verb	Examine a request and formally decide whether to authorize it.	部门正在审批申请。	The department is reviewing the application for approval.	工程必须经过审批。	The construction project must be approved.
审核	shěn hé	review for compliance	verb	Check documents or work against requirements to determine acceptability.	老师审核了申请材料。	The teacher reviewed the application materials.	合同需要审核后签字。	The contract needs to be reviewed before signing.
复核	fù hé	check again	verb	Recheck information or a result to confirm its accuracy.	请复核这组数据。	Please check this set of data again.	工作人员复核了总金额。	The staff rechecked the total amount.
复审	fù shěn	review a decision again	verb	Carry out another formal examination after an earlier review.	这份申请正在复审。	This application is undergoing another review.	评委将复审入选作品。	The judges will review the shortlisted works again.
复议	fù yì	reconsider a decision	verb	Formally examine an earlier decision again following a request or prescribed procedure.	他申请对决定进行复议。	He applied for reconsideration of the decision.	复议结果已经送达。	The reconsideration decision has been delivered.
策略	cè lüè	strategy	noun	An overall approach chosen to achieve a goal.	我们需要调整销售策略。	We need to adjust our sales strategy.	她采用了不同的学习策略。	She used a different learning strategy.
对策	duì cè	countermeasure	noun	A course of action intended to address a particular problem.	团队提出了新的对策。	The team proposed new countermeasures.	我们讨论了节水对策。	We discussed measures to save water.
举措	jǔ cuò	practical measure	noun	A specific action or step taken to accomplish a purpose.	学校推出了新的举措。	The school introduced new measures.	这些举措改善了服务。	These measures improved the service.
流程	liú chéng	process sequence	noun	The organized sequence of steps used to complete an activity.	请按照流程提交申请。	Please follow the procedure when submitting your application.	这个流程可以简化。	This process can be simplified.
工序	gōng xù	production step	noun	One operation within a sequence of manufacturing or construction tasks.	这道工序需要十分钟。	This production step takes ten minutes.	每道工序都要检查。	Every production step needs inspection.
工艺	gōng yì	production technique	noun	The methods and techniques used to make or process something.	这种工艺可以减少浪费。	This production technique can reduce waste.	老师介绍了陶瓷工艺。	The teacher introduced ceramic production techniques.
准则	zhǔn zé	guiding rule	noun	A principle or standard used to guide judgment and conduct.	诚实是我们的工作准则。	Honesty is a guiding principle in our work.	研究必须遵守伦理准则。	Research must follow ethical guidelines.
细则	xì zé	detailed regulations	noun	Specific rules explaining how a broader regulation or policy is applied.	报名细则已经公布。	The detailed registration rules have been published.	请认真阅读实施细则。	Please read the detailed implementation rules carefully.
条例	tiáo lì	regulation	noun	A formal set of rules governing a specific matter.	这项条例下月生效。	This regulation takes effect next month.	工作人员解释了管理条例。	The staff explained the management regulations.
条款	tiáo kuǎn	contractual clause	noun	An individual provision in a contract or other formal document.	请仔细阅读合同条款。	Please read the contract clauses carefully.	双方修改了付款条款。	The two parties revised the payment clause.
规章	guī zhāng	rules and regulations	noun	Formal rules established for an organization's activities or management.	员工应遵守公司的规章。	Employees should follow the company's rules.	这些规章需要更新。	These regulations need updating.
机制	jī zhì	operating mechanism	noun	The arrangements or processes through which something operates.	公司建立了反馈机制。	The company established a feedback mechanism.	我们研究这种反应的机制。	We study the mechanism of this reaction.
体系	tǐ xì	organized system	noun	A structured whole made up of related parts or principles.	学校完善了课程体系。	The school improved its curriculum system.	这个理论体系很复杂。	This theoretical system is complex.
架构	jià gòu	architecture	noun	The overall organization and relationship of parts in a system.	工程师设计了系统架构。	The engineer designed the system architecture.	新的架构更容易维护。	The new architecture is easier to maintain.
布局	bù jú	layout	noun	The arrangement of parts within a space or overall plan.	这个页面的布局很清楚。	This page has a clear layout.	设计师调整了展厅布局。	The designer adjusted the exhibition hall layout.
配置	pèi zhì	configure	verb	Arrange or assign equipment, settings, or resources for a purpose.	管理员配置了服务器。	The administrator configured the server.	公司合理配置人力资源。	The company allocates its staff resources appropriately.
设定	shè dìng	set a value or condition	verb	Establish a value, goal, or condition in advance.	请设定一个学习目标。	Please set a learning goal.	他设定了每天的提醒。	He set a daily reminder.
创意	chuàng yì	creative idea	noun	An original idea used in planning, design, or expression.	这个广告很有创意。	This advertisement is very creative.	团队提出了三个创意。	The team proposed three creative ideas.
创新	chuàng xīn	innovate	verb	Introduce new ideas, methods, or products.	企业需要不断创新。	Businesses need to keep innovating.	这项创新减少了耗能。	This innovation reduced energy use.
创业	chuàng yè	start a business	verb	Establish and develop a new business or undertaking.	她毕业后决定创业。	She decided to start a business after graduation.	创业需要认真规划。	Starting a business requires careful planning.
建模	jiàn mó	build a model	verb	Create a structured representation of a system for analysis or design.	工程师正在为桥梁建模。	The engineer is modeling the bridge.	建模可以帮助预测结果。	Modeling can help predict results.
归档	guī dàng	file in an archive	verb	Organize records and place them in an archive for future reference.	会议结束后资料要归档。	The documents need to be archived after the meeting.	她把旧合同归档了。	She filed the old contracts in the archive.
存档	cún dàng	keep on file	verb	Preserve a document or record so it can be retrieved later.	请把邮件存档。	Please keep the email on file.	这些照片已经存档。	These photographs have been archived.
纪要	jì yào	summary record	noun	A written account of the main points and decisions of a meeting or event.	她整理了会议纪要。	She prepared the meeting minutes.	纪要记录了讨论结果。	The minutes record the discussion results.
日志	rì zhì	activity log	noun	A record of events or activities kept in chronological order.	工程师查看系统日志。	The engineer checks the system log.	他每天写工作日志。	He writes a work log every day.
文案	wén àn	promotional copy	noun	Written text prepared for advertising, publicity, or a planned presentation.	她负责写广告文案。	She writes advertising copy.	这份文案需要更简洁。	This copy needs to be more concise.
文稿	wén gǎo	written draft	noun	A prepared or unfinished written text intended for editing or presentation.	编辑修改了文稿。	The editor revised the draft.	他把演讲文稿打印出来。	He printed out his speech manuscript.
文档	wén dàng	document	noun	A written or digital record containing information.	请保存这份文档。	Please save this document.	文档说明了操作步骤。	The document explains the operating steps.
格式	gé shì	format	noun	The arrangement or technical form in which information is presented or stored.	请使用统一格式。	Please use a consistent format.	这个文件格式不能打开。	This file format cannot be opened.
排版	pái bǎn	typeset	verb	Arrange text and images on a page for publication.	她正在给杂志排版。	She is laying out the magazine.	排版后要检查页码。	The page numbers need checking after typesetting.
编排	biān pái	arrange in order	verb	Organize material or activities into a planned sequence.	老师编排了新的节目。	The teacher arranged a new performance program.	书中的例子按难度编排。	The examples in the book are arranged by difficulty.
编制	biān zhì	prepare systematically	verb	Produce a plan, table, or document by organizing relevant information.	财务部编制年度预算。	The finance department prepares the annual budget.	她正在编制课程表。	She is preparing the class timetable.
编写	biān xiě	write and compile	verb	Create a written work by drafting and organizing material.	他们编写了一本教材。	They wrote a textbook.	工程师编写了操作手册。	The engineer wrote the operating manual.
编译	biān yì	compile computer code	verb	Translate program code into another form that a computer system can use.	程序需要重新编译。	The program needs to be compiled again.	编译时发现了一个错误。	An error was found during compilation.
编码	biān mǎ	encode	verb	Represent information using a defined code or write computer instructions.	系统对字符进行编码。	The system encodes the characters.	不同编码可能显示不同结果。	Different encodings may display different results.
代码	dài mǎ	program code	noun	Instructions written in a programming language.	这段代码有一个错误。	This piece of code has an error.	她正在修改代码。	She is modifying the code.
程序	chéng xù	computer program	noun	A set of instructions that a computer executes to perform tasks.	这个程序可以处理照片。	This program can process photographs.	程序运行得很慢。	The program runs very slowly.
算法	suàn fǎ	algorithm	noun	A defined sequence of steps for solving a problem or performing a calculation.	这个算法可以排序数据。	This algorithm can sort data.	我们比较了两种算法。	We compared two algorithms.
运算	yùn suàn	computation	noun	The process of calculating using mathematical rules.	计算机完成了这次运算。	The computer completed this computation.	这道题需要多步运算。	This problem requires several calculation steps.
数据	shù jù	data	noun	Recorded facts or values that can be examined or processed.	研究人员收集了数据。	The researchers collected data.	这些数据需要核查。	These data need to be checked.
数据库	shù jù kù	database	noun	An organized collection of information designed for storage and retrieval.	图书馆建立了数据库。	The library created a database.	我们从数据库查询资料。	We retrieve information from the database.
数据集	shù jù jí	data set	noun	A defined collection of data used together for a particular purpose.	这个数据集包含图片。	This data set contains images.	研究人员共享了数据集。	The researchers shared the data set.
大数据	dà shù jù	large-scale data	noun	Very large or complex collections of data analyzed with specialized methods.	公司用大数据分析需求。	The company analyzes demand using large-scale data.	大数据研究需要保护隐私。	Large-scale data research needs to protect privacy.
云计算	yún jì suàn	cloud computing	noun	The use of network-accessible computing resources provided as a service.	公司采用了云计算。	The company adopted cloud computing.	云计算可以提供远程资源。	Cloud computing can provide remote resources.
云端	yún duān	cloud environment	noun	Remote computing or storage resources accessed over a network.	文件保存在云端。	The files are stored in the cloud.	她从云端下载照片。	She downloaded photographs from the cloud.
服务器	fú wù qì	server	noun	A computer or program that provides resources or services to other computers.	服务器正在维护。	The server is undergoing maintenance.	这台服务器保存了文件。	This server stores the files.
客户端	kè hù duān	client application	noun	Software that requests and uses services from a server.	请更新手机客户端。	Please update the mobile client.	客户端无法连接服务器。	The client cannot connect to the server.
浏览器	liú lǎn qì	web browser	noun	Software used to access and display web pages.	她打开浏览器查资料。	She opened the browser to look up information.	这个浏览器支持多个页面。	This browser supports multiple pages.
搜索引擎	sōu suǒ yǐn qíng	search engine	noun	A service that helps users locate information by entering search terms.	我用搜索引擎找到了文章。	I found the article using a search engine.	搜索引擎列出了相关网页。	The search engine listed relevant web pages.
操作系统	cāo zuò xì tǒng	operating system	noun	Software that manages computer resources and supports other programs.	电脑需要安装操作系统。	The computer needs an operating system installed.	这个操作系统支持多种语言。	This operating system supports several languages.
人工智能	rén gōng zhì néng	artificial intelligence	noun	Computing methods that perform tasks involving abilities such as learning and reasoning.	她研究人工智能。	She studies artificial intelligence.	人工智能用于识别图像。	Artificial intelligence is used to recognize images.
机器学习	jī qì xué xí	machine learning	noun	Methods that enable computer models to learn patterns from data.	这个项目使用机器学习。	This project uses machine learning.	机器学习需要合适的数据。	Machine learning requires suitable data.
深度学习	shēn dù xué xí	deep learning	noun	Machine learning using models with multiple layers of processing.	研究团队采用深度学习。	The research team uses deep learning.	深度学习可以用于语音识别。	Deep learning can be used for speech recognition.
神经网络	shén jīng wǎng luò	neural network	noun	A computational model made of interconnected processing units.	这个神经网络用于分类。	This neural network is used for classification.	他们训练了一个神经网络。	They trained a neural network.
物联网	wù lián wǎng	Internet of Things	noun	A network of physical devices that exchange data through network connections.	工厂采用了物联网技术。	The factory adopted Internet of Things technology.	物联网设备需要维护。	Internet of Things devices need maintenance.
区块链	qū kuài liàn	blockchain	noun	A record system in which linked blocks of data are maintained under shared rules.	课程介绍了区块链。	The course introduced blockchain.	这个系统使用区块链记录交易。	This system uses blockchain to record transactions.
数字化	shù zì huà	digitization	noun	The conversion of information or processes into forms handled digitally.	图书馆正在推进数字化。	The library is advancing digitization.	档案数字化便于检索。	Digitizing archives makes them easier to search.
自动化	zì dòng huà	automation	noun	The use of equipment or software to perform tasks with reduced manual intervention.	工厂提高了自动化水平。	The factory increased its level of automation.	自动化减少了重复劳动。	Automation reduced repetitive work.
信息化	xìn xī huà	use of information technology	noun	The adoption of information technology in activities and organizations.	学校正在推进信息化。	The school is expanding its use of information technology.	信息化改善了管理流程。	Information technology adoption improved the management process.
可视化	kě shì huà	visualization	noun	The presentation of information in a visual form to make it easier to understand.	数据可视化帮助发现规律。	Data visualization helps reveal patterns.	报告采用了可视化图表。	The report uses charts to visualize information.
接口	jiē kǒu	interface	noun	A defined point through which systems or components connect and exchange information.	这个接口用于传输数据。	This interface is used to transmit data.	工程师修改了接口设计。	The engineer changed the interface design.
端口	duān kǒu	port	noun	A connection point or numbered communication endpoint used by a device or program.	这个端口没有连接设备。	No device is connected to this port.	管理员关闭了闲置端口。	The administrator closed the unused ports.
终端	zhōng duān	terminal device	noun	A device through which a user accesses a computing or communication system.	这个终端可以查询信息。	This terminal can be used to look up information.	公司更新了办公终端。	The company updated its office terminals.
链路	liàn lù	communication link	noun	A connection or path through which signals or data travel.	网络链路出现了故障。	The network link developed a fault.	工程师检查了传输链路。	The engineer checked the transmission link.
链接	liàn jiē	hyperlink	noun	A reference that takes a user to another digital location.	请点击下面的链接。	Please click the link below.	这个链接已经失效。	This link no longer works.
域名	yù míng	domain name	noun	A readable name used to identify an address within the Internet's naming system.	公司注册了新的域名。	The company registered a new domain name.	这个域名容易记住。	This domain name is easy to remember.
协议	xié yì	protocol	noun	An agreed set of rules governing communication or coordinated activity.	设备使用同一种通信协议。	The devices use the same communication protocol.	这个协议规定了数据格式。	This protocol specifies the data format.
加密	jiā mì	encrypt	verb	Transform information into a protected form using a cryptographic method.	系统会加密这些文件。	The system encrypts these files.	加密可以帮助保护数据。	Encryption can help protect data.
解密	jiě mì	decrypt	verb	Convert encrypted information back into a readable form using the required method or key.	这个工具可以解密文件。	This tool can decrypt the file.	她输入密钥进行解密。	She entered the key to decrypt it.
密钥	mì yuè	cryptographic key	noun	A value used by a cryptographic method to protect or recover information.	请妥善保存密钥。	Please keep the cryptographic key secure.	没有密钥就无法解密。	Decryption is impossible without the key.
权限	quán xiàn	access permission	noun	Authorization to perform particular actions or access particular resources.	我没有修改文件的权限。	I do not have permission to modify the file.	管理员调整了用户权限。	The administrator changed the user's permissions.
授权	shòu quán	grant authorization	verb	Give someone permission or authority to perform a specified action.	负责人授权她签字。	The person in charge authorized her to sign.	这个账户没有获得授权。	This account has not been authorized.
认证	rèn zhèng	verify identity or qualification	verb	Confirm that a person, product, or claim meets an identified requirement.	系统需要认证用户身份。	The system needs to verify the user's identity.	这家机构通过了认证。	This organization passed certification.
隐私	yǐn sī	privacy	noun	Personal information or matters that someone is entitled to keep private.	请尊重他人的隐私。	Please respect other people's privacy.	这个应用保护用户隐私。	This application protects users' privacy.
保密	bǎo mì	keep confidential	verb	Prevent information from being disclosed to unauthorized people.	这些资料需要保密。	These materials must be kept confidential.	他承诺对谈话保密。	He promised to keep the conversation confidential.
脱敏	tuō mǐn	remove sensitive identifiers	verb	Alter or remove sensitive details so information can be used with less disclosure risk.	报告中的姓名已经脱敏。	The names in the report have been anonymized.	共享数据前需要脱敏。	Sensitive details need to be removed before sharing the data.
备份	bèi fèn	make a backup	verb	Create an additional copy of data for use if the original is lost or damaged.	请先备份重要文件。	Please back up important files first.	系统每天自动备份。	The system makes a backup automatically every day.
兼容	jiān róng	compatible	adjective	Able to work together without conflicting requirements.	这个软件与新系统兼容。	This software is compatible with the new system.	这两种格式并不兼容。	These two formats are not compatible.
适配	shì pèi	adapt for compatibility	verb	Adjust something so it works with a particular device, system, or requirement.	团队正在适配新设备。	The team is adapting the product for the new device.	这个页面需要适配小屏幕。	This page needs to be adapted for small screens.
迭代	dié dài	iterate	verb	Repeat a process while using earlier results to improve or develop the next version.	产品经过了多次迭代。	The product has gone through several iterations.	团队每月迭代一次设计。	The team revises the design each month.
重构	chóng gòu	restructure existing code	verb	Reorganize software code to improve its structure while preserving intended behavior.	工程师正在重构旧代码。	The engineer is restructuring the old code.	重构后程序更容易维护。	The program is easier to maintain after restructuring.
部署	bù shǔ	deploy	verb	Put equipment, people, or software into position for use.	团队部署了新的服务。	The team deployed a new service.	他们在现场部署了设备。	They deployed equipment at the site.
运维	yùn wéi	operations and maintenance	noun	Work that keeps systems running and maintains their condition.	她负责系统运维。	She handles system operations and maintenance.	运维团队正在处理故障。	The operations team is handling the failure.
调试	tiáo shì	debug and adjust	verb	Test and adjust a system to identify problems and make it work correctly.	工程师正在调试设备。	The engineer is testing and adjusting the equipment.	新程序还需要调试。	The new program still needs debugging.
检测	jiǎn cè	detect through examination	verb	Use an examination or instrument to establish a condition or find a problem.	仪器可以检测空气质量。	The instrument can measure air quality.	工厂检测每批产品。	The factory tests every batch of products.
校验	jiào yàn	check against a standard	verb	Check data or equipment against a specified standard or expected value.	程序校验了文件内容。	The program checked the file contents.	仪器使用前需要校验。	The instrument needs checking before use.
验证	yàn zhèng	verify	verb	Check evidence or perform a procedure to confirm that something is valid.	实验验证了这个结果。	The experiment verified this result.	系统需要验证身份。	The system needs to verify identity.
漏洞	lòu dòng	vulnerability	noun	A weakness or gap that can cause failure or allow an unwanted action.	工程师修复了安全漏洞。	The engineer fixed a security vulnerability.	这个计划还有一些漏洞。	This plan still has some gaps.
补丁	bǔ ding	software patch	noun	A small update that corrects a problem or changes part of a program.	请安装最新补丁。	Please install the latest patch.	这个补丁修复了错误。	This patch fixes the error.
优先级	yōu xiān jí	priority level	noun	A rank showing how urgently or importantly a task should be handled.	请按优先级安排工作。	Please arrange the work by priority.	这个问题的优先级很高。	This issue has a high priority.
里程碑	lǐ chéng bēi	milestone	noun	A significant event or stage marking progress in a process.	项目达到了重要里程碑。	The project reached an important milestone.	这次发现是研究的里程碑。	This discovery is a milestone in the research.
生态	shēng tài	ecology	noun	The relationships between living things and their surroundings.	旅游发展需要保护生态。	Tourism development needs to protect the local ecology.	这片森林的生态很丰富。	This forest has a rich ecology.
栖息地	qī xī dì	habitat	noun	The natural place where a particular organism lives.	湿地是许多鸟的栖息地。	Wetlands are the habitat of many birds.	我们需要保护动物栖息地。	We need to protect animal habitats.
湿地	shī dì	wetland	noun	Land where water is present at or near the surface for substantial periods.	这片湿地有很多鸟。	This wetland has many birds.	城市附近新建了湿地公园。	A new wetland park was established near the city.
草原	cǎo yuán	grassland	noun	A large area of land covered mainly with grasses.	夏天的草原很美。	The grassland is beautiful in summer.	牧民在草原上放牧。	The herders graze their animals on the grassland.
雨林	yǔ lín	rainforest	noun	A forest in a region with abundant rainfall.	热带雨林有丰富的物种。	Tropical rainforests have many species.	研究人员进入雨林考察。	The researchers entered the rainforest for a field study.
荒漠	huāng mò	arid wilderness	noun	A dry landscape with sparse vegetation, including deserts and semideserts.	这里靠近荒漠。	This place is near an arid wilderness.	有些植物适应荒漠环境。	Some plants are adapted to arid environments.
戈壁	gē bì	Gobi desert landscape	noun	A dry desert landscape typically covered with gravel or stones.	车队穿过了戈壁。	The convoy crossed the gravel desert.	戈壁上的植物很少。	There are few plants in the gravel desert.
冻土	dòng tǔ	frozen ground	noun	Soil or rock in which some or all of the water is frozen.	气温升高会影响冻土。	Rising temperatures can affect frozen ground.	工程师研究了冻土的变化。	The engineers studied changes in the frozen ground.
岩层	yán céng	rock stratum	noun	A layer of rock formed or arranged within the earth.	这层岩层含有化石。	This rock layer contains fossils.	地质学家观察岩层。	The geologist observes the rock strata.
岩浆	yán jiāng	magma	noun	Hot molten rock beneath the earth's surface.	岩浆从裂缝中涌出。	Magma surged out of the crack.	岩浆冷却后形成岩石。	Magma forms rock when it cools.
火山	huǒ shān	volcano	noun	A place where molten rock and other materials can emerge from the earth.	这座火山已经很久没有喷发。	This volcano has not erupted for a long time.	科学家监测火山活动。	Scientists monitor volcanic activity.
地壳	dì qiào	earth's crust	noun	The outer solid layer of the earth.	地壳由岩石组成。	The earth's crust is made of rock.	地壳运动会改变地形。	Movements of the earth's crust can change the terrain.
地幔	dì màn	earth's mantle	noun	The layer of the earth between the crust and the core.	地幔位于地壳下面。	The mantle lies beneath the earth's crust.	学生用图认识地幔。	The students used a diagram to learn about the mantle.
地核	dì hé	earth's core	noun	The central region of the earth beneath the mantle.	地核分为内核和外核。	The earth's core has an inner and an outer part.	这本书介绍了地核结构。	This book describes the structure of the earth's core.
地貌	dì mào	landform	noun	The physical forms and features of the earth's surface.	这个地区的地貌很独特。	This region has distinctive landforms.	河流不断改变地貌。	Rivers continually change the landscape.
地势	dì shì	terrain elevation and slope	noun	The height and shape of land, especially its relative rise and fall.	这里地势比较低。	The ground here is relatively low.	山村的地势很陡。	The terrain around the mountain village is steep.
地质	dì zhì	geological conditions	noun	The composition, structure, and history of the earth or a particular area.	修桥前要调查地质。	Geological conditions must be studied before building the bridge.	她研究当地的地质。	She studies the local geology.
海拔	hǎi bá	elevation above sea level	noun	The height of a place measured relative to sea level.	这座山的海拔很高。	This mountain has a high elevation.	地图标出了村庄的海拔。	The map shows the village's elevation above sea level.
高原	gāo yuán	plateau	noun	A broad area of relatively level land at a high elevation.	这里是一片高原。	This area is a plateau.	她在高原上工作。	She works on the plateau.
盆地	pén dì	basin landform	noun	An area of land lower than the surrounding terrain.	这座城市位于盆地里。	This city is located in a basin.	四周的山围成一个盆地。	The surrounding mountains enclose a basin.
峡谷	xiá gǔ	canyon	noun	A deep narrow valley with steep sides.	河水穿过峡谷。	The river flows through the canyon.	游客在峡谷入口拍照。	The visitors took photographs at the canyon entrance.
洋流	yáng liú	ocean current	noun	A persistent movement of seawater across parts of an ocean.	洋流影响沿海气候。	Ocean currents affect coastal climates.	科学家测量了洋流速度。	Scientists measured the speed of the ocean current.
水位	shuǐ wèi	water level	noun	The height of the surface of water relative to a reference point.	下雨后河流水位上升。	The river's water level rose after the rain.	工作人员每天记录水位。	The staff record the water level every day.
河床	hé chuáng	riverbed	noun	The ground over which a river flows.	干旱使河床露了出来。	The drought exposed the riverbed.	河床上有许多石头。	There are many stones on the riverbed.
河口	hé kǒu	river mouth	noun	The place where a river flows into a sea, lake, or another river.	河口附近有湿地。	There are wetlands near the river mouth.	船停在河口。	The boat stopped at the river mouth.
流域	liú yù	drainage basin	noun	The area of land whose water drains into a river system.	这个流域有多个城市。	This drainage basin contains several cities.	流域内需要共同保护水源。	Water sources need joint protection across the basin.
支流	zhī liú	tributary	noun	A smaller river or stream that flows into a larger river.	这条支流汇入大河。	This tributary flows into the larger river.	村庄建在支流旁边。	The village stands beside a tributary.
干流	gàn liú	main river channel	noun	The principal river in a drainage system, into which tributaries flow.	干流的水位正在上涨。	The water level in the main river is rising.	多条支流汇入干流。	Several tributaries flow into the main river.
洪峰	hóng fēng	flood peak	noun	The highest water level or flow reached during a flood.	洪峰将在今晚到达。	The flood peak will arrive tonight.	洪峰过后水位下降了。	The water level fell after the flood peak.
洪涝	hóng lào	flooding and waterlogging	noun	Floods and excess standing water that damage land or settlements.	连续暴雨造成洪涝。	Continuous heavy rain caused flooding and waterlogging.	当地加强了洪涝防治。	The area strengthened flood and waterlogging prevention.
泥石流	ní shí liú	debris flow	noun	A rapidly moving mixture of water, mud, and stones on a slope or channel.	暴雨后发生了泥石流。	A debris flow occurred after the heavy rain.	山村安装了泥石流监测设备。	The mountain village installed debris-flow monitoring equipment.
滑坡	huá pō	landslide	noun	The movement of soil or rock down a slope.	山坡发生了滑坡。	A landslide occurred on the hillside.	大雨可能增加滑坡风险。	Heavy rain may increase the risk of landslides.
气候	qì hòu	climate	noun	The usual weather patterns of a place over long periods.	这里的气候比较干燥。	The climate here is relatively dry.	气候变化影响农业。	Climate change affects agriculture.
气象	qì xiàng	weather phenomena	noun	Atmospheric conditions and phenomena studied or observed as weather.	气象部门发布了预报。	The weather department issued a forecast.	她学习气象知识。	She studies weather science.
气温	qì wēn	air temperature	noun	The measured temperature of the surrounding air.	今天气温下降了。	The air temperature dropped today.	夜间气温比白天低。	The air temperature is lower at night than during the day.
湿度	shī dù	humidity	noun	A measure of how much water vapor is present in the air.	今天空气湿度很高。	The air is very humid today.	这个仪器可以测量湿度。	This instrument can measure humidity.
气压	qì yā	air pressure	noun	The pressure exerted by the atmosphere.	山上的气压比较低。	Air pressure is relatively low on the mountain.	气压变化会影响天气。	Changes in air pressure can affect the weather.
季风	jì fēng	monsoon	noun	A large-scale seasonal wind pattern that changes direction during the year.	季风给这里带来降雨。	The monsoon brings rain to this region.	这个地区受季风影响。	This region is affected by the monsoon.
热浪	rè làng	heat wave	noun	A period of unusually hot weather.	城市正经历热浪。	The city is experiencing a heat wave.	热浪期间用电量增加。	Electricity use increases during the heat wave.
暴雨	bào yǔ	torrential rain	noun	Very heavy rainfall over a relatively short period.	暴雨使比赛延期。	Torrential rain postponed the match.	今晚可能有暴雨。	There may be torrential rain tonight.
暴雪	bào xuě	heavy snowstorm	noun	Very heavy snowfall, often accompanied by difficult weather conditions.	暴雪导致道路关闭。	The heavy snowstorm caused road closures.	天气预报提醒大家注意暴雪。	The forecast warned everyone about heavy snow.
霜冻	shuāng dòng	frost damage or freezing conditions	noun	Freezing conditions near the ground that can harm plants.	霜冻损坏了部分作物。	Frost damaged some of the crops.	农民关注夜间霜冻预警。	Farmers watch for overnight frost warnings.
雾霾	wù mái	haze pollution	noun	Hazy air containing suspended particles, often associated with air pollution.	今天的雾霾比较严重。	The haze is quite severe today.	大风吹散了雾霾。	Strong winds dispersed the haze.
蒸发	zhēng fā	evaporate	verb	Change from liquid into vapor at the liquid's surface.	太阳出来后水开始蒸发。	The water began to evaporate after the sun came out.	高温使水蒸发得更快。	High temperatures make water evaporate faster.
凝结	níng jié	condense	verb	Come together into a denser form, especially when vapor becomes liquid.	水汽在玻璃上凝结。	Water vapor condenses on the glass.	这些小水滴是凝结形成的。	These small drops formed through condensation.
液化	yè huà	liquefy a gas	verb	Change a gas into a liquid, usually through cooling or pressure.	这种气体可以液化。	This gas can be liquefied.	工厂用设备液化天然气。	The factory uses equipment to liquefy natural gas.
汽化	qì huà	vaporize	verb	Change a liquid into gas through evaporation or boiling.	水受热后可以汽化。	Water can vaporize when heated.	这个实验演示了汽化。	This experiment demonstrated vaporization.
降水	jiàng shuǐ	precipitation	noun	Water falling from the atmosphere as rain, snow, or other forms.	这个地区降水很少。	This region receives little precipitation.	今年降水比去年多。	There is more precipitation this year than last year.
日照	rì zhào	sunshine exposure	noun	The sunlight received at a place over a period.	这里日照时间很长。	This place has long hours of sunshine.	充足日照有利于这种作物。	Abundant sunshine benefits this crop.
紫外线	zǐ wài xiàn	ultraviolet radiation	noun	Electromagnetic radiation with wavelengths shorter than visible violet light.	太阳光中有紫外线。	Sunlight contains ultraviolet radiation.	仪器可以检测紫外线强度。	The instrument can measure ultraviolet intensity.
温室效应	wēn shì xiào yìng	greenhouse effect	noun	Warming caused when atmospheric gases absorb and re-emit heat radiation.	老师解释了温室效应。	The teacher explained the greenhouse effect.	这篇文章讨论温室效应的变化。	This article discusses changes in the greenhouse effect.
全球变暖	quán qiú biàn nuǎn	global warming	noun	A long-term increase in the earth's average surface temperature.	全球变暖影响冰川。	Global warming affects glaciers.	报告分析了全球变暖的原因。	The report analyzed the causes of global warming.
碳排放	tàn pái fàng	carbon emissions	noun	Release of carbon-containing greenhouse gases, commonly measured as carbon dioxide equivalents.	工厂正在减少碳排放。	The factory is reducing carbon emissions.	研究人员计算了交通碳排放。	The researchers calculated transport-related carbon emissions.
碳中和	tàn zhōng hé	carbon neutrality	noun	A condition in which relevant carbon emissions are balanced by equivalent removals or offsets.	学校讨论了碳中和目标。	The school discussed its carbon neutrality target.	报告介绍了碳中和的概念。	The report introduced the concept of carbon neutrality.
碳足迹	tàn zú jì	carbon footprint	noun	The greenhouse gas emissions associated with a person, product, or activity.	这份报告计算了产品碳足迹。	This report calculated the product's carbon footprint.	出行方式影响碳足迹。	Travel choices affect one's carbon footprint.
新能源	xīn néng yuán	new energy sources	noun	Energy sources developed as alternatives to conventional fossil fuels in a given policy or technical context.	企业投资新能源项目。	The business invests in new energy projects.	新能源技术不断发展。	New energy technologies continue to develop.
太阳能	tài yáng néng	solar energy	noun	Energy obtained from sunlight.	屋顶安装了太阳能设备。	Solar energy equipment was installed on the roof.	这盏灯用太阳能供电。	This lamp is powered by solar energy.
风能	fēng néng	wind energy	noun	Energy obtained from the movement of air.	这个地区利用风能发电。	This region uses wind energy to generate electricity.	风能是这门课的主题。	Wind energy is the subject of this lesson.
地热	dì rè	geothermal heat	noun	Heat originating within the earth.	当地利用地热取暖。	The area uses geothermal heat for heating.	科学家测量了地热。	Scientists measured the geothermal heat.
核能	hé néng	nuclear energy	noun	Energy released through changes in atomic nuclei.	课堂讨论了核能的应用。	The class discussed applications of nuclear energy.	这本书介绍核能原理。	This book introduces the principles of nuclear energy.
天然气	tiān rán qì	natural gas	noun	A naturally occurring mixture of gases used as fuel, consisting mainly of methane.	这座城市使用天然气供暖。	This city uses natural gas for heating.	公司检查了天然气管道。	The company inspected the natural gas pipes.
矿产	kuàng chǎn	mineral resources	noun	Naturally occurring materials in the earth that can be extracted for use.	这个地区矿产丰富。	This region has abundant mineral resources.	矿产开发需要规划。	Developing mineral resources requires planning.
合金	hé jīn	alloy	noun	A material combining a metal with one or more other elements.	这种合金很轻。	This alloy is very light.	工程师选择了新的合金。	The engineer selected a new alloy.
半导体	bàn dǎo tǐ	semiconductor	noun	A material whose electrical conductivity can be controlled and lies between conductors and insulators.	芯片使用半导体材料。	Chips use semiconductor materials.	她研究半导体器件。	She studies semiconductor devices.
导体	dǎo tǐ	electrical conductor	noun	A material through which electric charge can flow readily.	铜是一种导体。	Copper is an electrical conductor.	老师比较了两种导体。	The teacher compared two conductors.
绝缘体	jué yuán tǐ	electrical insulator	noun	A material that strongly resists the flow of electric charge.	橡胶常用作绝缘体。	Rubber is often used as an electrical insulator.	这层绝缘体包住了电线。	This insulating layer surrounds the wire.
电阻	diàn zǔ	electrical resistance	noun	Opposition to the flow of electric current.	仪器测量了电阻。	The instrument measured the electrical resistance.	这根导线的电阻很小。	This wire has low electrical resistance.
电压	diàn yā	voltage	noun	The electrical potential difference between two points.	请检查电源电压。	Please check the supply voltage.	这个设备需要低电压。	This device requires low voltage.
电流	diàn liú	electric current	noun	The rate at which electric charge flows.	电流通过了导线。	Electric current flowed through the wire.	仪表显示电流很小。	The meter shows that the current is small.
电路	diàn lù	electric circuit	noun	An arrangement of electrical components connected to provide a path for current.	老师画了一个简单电路。	The teacher drew a simple circuit.	这个电路有故障。	This circuit has a fault.
电荷	diàn hè	electric charge	noun	A property of matter responsible for electric interactions.	电子带有负电荷。	Electrons carry negative electric charge.	仪器检测到了电荷变化。	The instrument detected a change in electric charge.
磁场	cí chǎng	magnetic field	noun	A field through which magnetic forces act.	磁铁周围有磁场。	There is a magnetic field around a magnet.	研究人员测量磁场强度。	The researchers measure magnetic field strength.
波长	bō cháng	wavelength	noun	The distance between equivalent points in successive cycles of a wave.	不同颜色的光有不同波长。	Different colors of light have different wavelengths.	我们测量了这束光的波长。	We measured the wavelength of this light.
频率	pín lǜ	frequency	noun	The number of repetitions or oscillations within a unit of time.	这次实验改变了信号频率。	This experiment changed the signal frequency.	声音的频率影响音高。	The frequency of a sound affects its pitch.
光谱	guāng pǔ	spectrum of light	noun	The distribution of light according to wavelength or frequency.	仪器显示了光谱。	The instrument displayed the spectrum.	科学家分析恒星的光谱。	Scientists analyze the spectra of stars.
原子	yuán zǐ	atom	noun	A basic unit of a chemical element, consisting of a nucleus and electrons.	原子由更小的粒子组成。	Atoms are made of smaller particles.	这张图展示了原子结构。	This diagram shows the structure of an atom.
分子	fēn zǐ	molecule	noun	A group of bonded atoms forming a distinct chemical unit.	水分子含有氢和氧。	A water molecule contains hydrogen and oxygen.	研究人员观察分子运动。	The researchers observe molecular motion.
电子	diàn zǐ	electron	noun	A subatomic particle with negative electric charge.	电子带负电荷。	An electron carries negative charge.	模型显示了电子的位置。	The model shows the positions of the electrons.
质子	zhì zǐ	proton	noun	A positively charged particle found in atomic nuclei.	质子带正电荷。	A proton carries positive charge.	这个原子核有两个质子。	This atomic nucleus has two protons.
中子	zhōng zǐ	neutron	noun	An electrically neutral particle found in atomic nuclei.	中子不带净电荷。	A neutron has no net electric charge.	这本书介绍了中子的性质。	This book describes the properties of neutrons.
离子	lí zǐ	ion	noun	An atom or group of atoms with a net electric charge.	溶液中含有离子。	The solution contains ions.	这个离子带正电荷。	This ion carries a positive charge.
元素	yuán sù	chemical element	noun	A type of matter defined by the number of protons in its atoms.	氧是一种化学元素。	Oxygen is a chemical element.	表格列出了这些元素。	The table lists these elements.
化合物	huà hé wù	chemical compound	noun	A substance containing different elements chemically combined in defined proportions.	水是一种化合物。	Water is a chemical compound.	实验生成了新的化合物。	The experiment produced a new compound.
混合物	hùn hé wù	mixture	noun	Material containing different substances together without requiring chemical bonding between them.	空气是一种混合物。	Air is a mixture.	我们分离了这个混合物。	We separated this mixture.
溶液	róng yè	solution in chemistry	noun	A uniform mixture in which a substance is dissolved in another substance.	这杯溶液是透明的。	This solution is transparent.	实验需要配制盐溶液。	The experiment requires a salt solution to be prepared.
溶剂	róng jì	solvent	noun	A substance that dissolves another substance to form a solution.	水是一种常见溶剂。	Water is a common solvent.	这种溶剂不能与水混合。	This solvent cannot mix with water.
浓度	nóng dù	concentration	noun	The amount of one substance present within a given amount of a mixture.	这份溶液的浓度很低。	This solution has a low concentration.	仪器测量了气体浓度。	The instrument measured the gas concentration.
密度	mì dù	density	noun	The amount of mass or number of items within a unit of volume or area.	这种材料的密度很小。	This material has a low density.	城市的人口密度很高。	The city has a high population density.
弹性	tán xìng	elasticity	noun	The ability of something to return toward its original shape after deformation.	这种材料很有弹性。	This material is very elastic.	实验测量了橡胶的弹性。	The experiment measured the elasticity of the rubber.
植被	zhí bèi	vegetation cover	noun	The plants collectively growing in a particular area.	这里的植被十分丰富。	This area has abundant vegetation.	山坡上的植被恢复了。	The vegetation on the hillside has recovered.
物种	wù zhǒng	species	noun	A recognized category of living organisms sharing fundamental biological characteristics.	这个公园有很多物种。	This park has many species.	研究人员发现了一个新物种。	The researchers discovered a new species.
种群	zhǒng qún	biological population	noun	Members of the same species living within a particular area and period.	这个种群的数量增加了。	The size of this population increased.	科学家研究鱼类种群。	Scientists study fish populations.
生物多样性	shēng wù duō yàng xìng	biodiversity	noun	The variety of living organisms, including differences among species and ecosystems.	保护生物多样性很重要。	Protecting biodiversity is important.	这片森林的生物多样性很高。	This forest has high biodiversity.
生态系统	shēng tài xì tǒng	ecosystem	noun	A community of organisms and their physical environment interacting as a system.	湖泊是一个生态系统。	A lake is an ecosystem.	污染影响了生态系统。	Pollution affected the ecosystem.
食物链	shí wù liàn	food chain	noun	A sequence showing how organisms obtain energy by eating other organisms.	老师画了一条食物链。	The teacher drew a food chain.	这种鱼是食物链的一环。	This fish is one link in the food chain.
共生	gòng shēng	symbiosis	noun	A close biological relationship between organisms of different species living together.	这两种生物存在共生关系。	These two organisms have a symbiotic relationship.	学生观察了共生现象。	The students observed an example of symbiosis.
寄生	jì shēng	parasitism	noun	A relationship in which one organism lives on or within a host at the host's expense.	这种虫有寄生习性。	This worm has a parasitic way of life.	课程介绍了寄生关系。	The course introduced parasitic relationships.
进化	jìn huà	biological evolution	noun	Change in inherited characteristics of populations across generations.	这本书讨论生物进化。	This book discusses biological evolution.	进化可以改变物种特征。	Evolution can change species characteristics.
遗传	yí chuán	heredity	noun	The transmission of biological characteristics from parents to offspring.	她研究植物遗传。	She studies plant heredity.	遗传因素会影响这些特征。	Hereditary factors can affect these characteristics.
基因	jī yīn	gene	noun	A unit of hereditary information encoded in genetic material.	科学家研究这个基因。	Scientists study this gene.	这个基因影响花的颜色。	This gene affects the color of the flowers.
文化	wén huà	culture	noun	The shared practices, values, knowledge, and forms of expression of a society or group.	我们学习不同地区的文化。	We learn about the cultures of different regions.	这座博物馆展示当地文化。	This museum presents the local culture.
文明	wén míng	civilization	noun	A developed society and its organized forms of social and cultural life.	这本书介绍古代文明。	This book introduces ancient civilizations.	考古发现展示了早期文明。	The archaeological discoveries revealed an early civilization.
文艺	wén yì	literature and the arts	noun	Creative activities such as literature, music, theater, and visual art.	她喜欢文艺活动。	She enjoys literary and artistic activities.	学校举办了文艺演出。	The school held an arts performance.
文学	wén xué	literature	noun	Written works valued for their artistic expression and treatment of human experience.	她研究现代文学。	She studies modern literature.	这部作品是文学经典。	This work is a literary classic.
文体	wén tǐ	text genre	noun	A form or style of writing, such as narrative or argument.	这两篇文章的文体不同。	These two articles belong to different genres.	老师介绍了议论文这种文体。	The teacher introduced argumentative writing as a genre.
文风	wén fēng	writing style	noun	The characteristic tone and manner of someone's writing.	他的文风很简洁。	His writing style is concise.	这位作家的文风很独特。	This writer has a distinctive style.
文笔	wén bǐ	skill in written expression	noun	The ability and manner with which a person writes.	她的文笔很好。	She writes very well.	这篇文章文笔流畅。	This article is fluently written.
文采	wén cǎi	literary elegance	noun	Expressive beauty or richness in writing.	这段文字很有文采。	This passage has literary elegance.	他的演讲既有内容又有文采。	His speech has both substance and expressive elegance.
修辞	xiū cí	rhetorical expression	noun	The choice and arrangement of language to achieve an expressive effect.	比喻是一种修辞手法。	Metaphor is a rhetorical device.	这堂课讨论修辞。	This class discusses rhetorical expression.
语法	yǔ fǎ	grammar	noun	The rules and patterns governing how words form meaningful expressions.	这句话的语法有问题。	This sentence has a grammatical problem.	学习语法帮助我理解句子。	Learning grammar helps me understand sentences.
句法	jù fǎ	syntax	noun	The rules and patterns by which words combine into sentences.	老师分析了句法结构。	The teacher analyzed the syntactic structure.	这两种语言的句法不同。	The syntax of these two languages is different.
词法	cí fǎ	word formation and word rules	noun	The patterns governing the forms, formation, or grammatical behavior of words.	这门课介绍汉语词法。	This course introduces Chinese word formation and word rules.	研究者比较了两种语言的词法。	The researchers compared word structures in two languages.
语义	yǔ yì	meaning in language	noun	The meaning conveyed by a word, expression, or sentence.	这个词的语义发生了变化。	The meaning of this word changed.	语义分析帮助理解文本。	Semantic analysis helps us understand the text.
语境	yǔ jìng	linguistic context	noun	The surrounding language or situation that helps determine an expression's meaning.	这个词要结合语境理解。	This word needs to be understood in context.	不同语境会改变语气。	Different contexts can change the tone.
语感	yǔ gǎn	intuitive feel for a language	noun	An intuitive sense of what sounds natural or appropriate in a language.	多听多读可以培养语感。	Listening and reading widely can develop a feel for the language.	她的汉语语感很好。	She has a good intuitive feel for Chinese.
语音	yǔ yīn	speech sounds	noun	The sounds used in spoken language.	这门课介绍汉语语音。	This course introduces Chinese speech sounds.	老师纠正了我的语音。	The teacher corrected my pronunciation.
音韵	yīn yùn	sound and rhyme patterns	noun	The patterns of speech sounds and rhymes, especially in traditional language study or poetry.	这首诗的音韵很美。	The sound and rhyme of this poem are beautiful.	他研究古汉语音韵。	He studies the sound system of ancient Chinese.
韵律	yùn lǜ	rhythmic pattern	noun	An organized pattern of rhythm and sound in speech, poetry, or music.	这首诗有鲜明的韵律。	This poem has a clear rhythmic pattern.	朗读时要注意韵律。	Pay attention to rhythm when reading aloud.
节奏	jié zòu	rhythm	noun	The patterned timing of sounds, movements, or activities.	这首歌的节奏很快。	This song has a fast rhythm.	她调整了工作的节奏。	She adjusted the pace of her work.
节拍	jié pāi	musical beat	noun	A regular pulse or grouping of pulses that organizes musical time.	大家跟着节拍鼓掌。	Everyone clapped to the beat.	这首曲子的节拍很清楚。	This piece has a clear beat.
旋律	xuán lǜ	melody	noun	A sequence of musical notes heard as a connected tune.	这首歌的旋律很优美。	This song has a beautiful melody.	我还记得那段旋律。	I still remember that melody.
和声	hé shēng	harmony in music	noun	The combination and progression of musical notes sounding together.	这首曲子的和声很丰富。	This piece has rich harmony.	学生正在学习和声。	The students are studying musical harmony.
音色	yīn sè	tone color	noun	The quality of a sound that distinguishes it from other sounds of the same pitch.	小提琴的音色很特别。	The violin has a distinctive tone color.	她喜欢这台钢琴的音色。	She likes the tone of this piano.
音域	yīn yù	pitch range	noun	The range between the lowest and highest pitches a voice or instrument can produce.	这首歌超出了我的音域。	This song is beyond my vocal range.	这位歌手的音域很宽。	This singer has a wide vocal range.
音阶	yīn jiē	musical scale	noun	An ordered set of pitches used as a basis for music.	她每天练习音阶。	She practices scales every day.	老师示范了这个音阶。	The teacher demonstrated this scale.
乐理	yuè lǐ	music theory	noun	The study of principles such as rhythm, pitch, and harmony in music.	学钢琴也要学习乐理。	Learning the piano also involves studying music theory.	这本书介绍基础乐理。	This book introduces basic music theory.
配乐	pèi yuè	add background music	verb	Provide music to accompany a film, performance, or other presentation.	他为这部电影配乐。	He composed background music for this film.	视频配乐很合适。	The video's background music is appropriate.
配音	pèi yīn	provide a recorded voice	verb	Record speech for a character or presentation, including dubbing.	她为动画角色配音。	She voices an animated character.	这部电影有中文配音。	This film has Chinese dubbing.
编曲	biān qǔ	arrange music	verb	Adapt a musical work's instrumentation and other performance details.	他为这首歌编曲。	He arranged this song.	新的编曲加入了弦乐。	The new arrangement adds strings.
作曲	zuò qǔ	compose music	verb	Create a musical work by arranging original musical ideas.	她从小学习作曲。	She has studied composition since childhood.	他为学校作曲。	He composed music for the school.
填词	tián cí	write song lyrics	verb	Write words to be sung to music.	她为这首曲子填词。	She wrote lyrics for this piece.	填词时要注意节奏。	Pay attention to rhythm when writing lyrics.
合奏	hé zòu	ensemble performance	noun	A musical performance in which several players perform together.	学生参加了合奏。	The students took part in an ensemble performance.	合奏需要彼此配合。	Ensemble playing requires coordination.
独奏	dú zòu	solo instrumental performance	noun	A musical performance featuring one instrumental player.	她演奏了一段独奏。	She played a solo passage.	今晚有钢琴独奏。	There is a solo piano performance tonight.
交响乐	jiāo xiǎng yuè	symphonic music	noun	Music written for an orchestra using coordinated groups of instruments.	他喜欢听交响乐。	He enjoys listening to symphonic music.	音乐厅今晚演奏交响乐。	The concert hall presents symphonic music tonight.
民乐	mín yuè	traditional folk music	noun	Music associated with a people's traditional instruments and musical practices.	她在学校学习民乐。	She studies traditional folk music at school.	这场演出以民乐为主。	This performance mainly features traditional music.
爵士乐	jué shì yuè	jazz	noun	A musical tradition often featuring improvisation and distinctive rhythmic patterns.	这家店晚上演奏爵士乐。	This venue plays jazz in the evenings.	他收藏了很多爵士乐唱片。	He has collected many jazz records.
民谣	mín yáo	folk song	noun	A song associated with folk tradition or a style influenced by such songs.	她唱了一首民谣。	She sang a folk song.	这首民谣讲述家乡生活。	This folk song tells about life in the hometown.
戏曲	xì qǔ	traditional Chinese opera	noun	Chinese theatrical forms combining singing, speech, movement, and performance traditions.	爷爷喜欢看戏曲。	Grandfather enjoys watching traditional Chinese opera.	这门课介绍地方戏曲。	This course introduces regional Chinese opera.
京剧	jīng jù	Peking opera	noun	A traditional Chinese theatrical form known for its singing, movement, and stylized roles.	她学过京剧。	She has studied Peking opera.	剧院今晚演出京剧。	The theater presents Peking opera tonight.
昆曲	kūn qǔ	Kunqu opera	noun	A traditional Chinese opera form with distinctive musical and performance conventions.	她第一次看昆曲。	She watched Kunqu opera for the first time.	这场昆曲演出很精彩。	This Kunqu opera performance was excellent.
话剧	huà jù	spoken drama	noun	Stage drama performed primarily through spoken dialogue.	学生排练了一部话剧。	The students rehearsed a spoken drama.	这部话剧讨论家庭关系。	This play explores family relationships.
歌剧	gē jù	opera	noun	A staged dramatic work in which music and singing play central roles.	她在歌剧中扮演主角。	She plays the lead in the opera.	我们买了歌剧的门票。	We bought tickets for the opera.
舞剧	wǔ jù	dance drama	noun	A theatrical work that tells a story mainly through dance.	这部舞剧表现了乡村生活。	This dance drama portrays rural life.	演员正在排练舞剧。	The performers are rehearsing a dance drama.
音乐剧	yīn yuè jù	musical theater	noun	A stage work combining songs, spoken dialogue, and often dance.	他们去看了一部音乐剧。	They went to see a musical.	这部音乐剧有很多舞蹈。	This musical has many dance numbers.
曲艺	qǔ yì	traditional narrative performance arts	noun	Chinese performing arts centered on storytelling, spoken entertainment, or sung narrative.	相声属于曲艺。	Crosstalk is a form of traditional narrative performance art.	这场活动介绍地方曲艺。	This event introduces local narrative performance arts.
相声	xiàng sheng	crosstalk comedy	noun	A Chinese comic performance form using humorous spoken exchanges or narration.	这段相声很有趣。	This crosstalk routine is entertaining.	两位演员合作表演相声。	The two performers present crosstalk together.
摄影	shè yǐng	photography	noun	The practice or art of making photographs.	她对摄影很感兴趣。	She is very interested in photography.	学校开设了摄影课程。	The school offers a photography course.
构图	gòu tú	visual composition	noun	The arrangement of visual elements within a picture.	这张照片的构图很好。	This photograph has a good composition.	画画前先考虑构图。	Consider the composition before painting.
曝光	bào guāng	photographic exposure	noun	The amount or process of light reaching a camera's recording medium.	这张照片曝光不足。	This photograph is underexposed.	摄影师调整了曝光时间。	The photographer adjusted the exposure time.
光圈	guāng quān	camera aperture	noun	The opening in a lens that controls how much light passes through.	她把光圈调大了。	She widened the camera aperture.	光圈大小影响景深。	Aperture size affects depth of field.
快门	kuài mén	camera shutter	noun	A camera mechanism controlling how long light reaches the recording medium.	他按下了快门。	He pressed the shutter button.	摄影师调慢了快门速度。	The photographer reduced the shutter speed.
焦距	jiāo jù	focal length	noun	A lens measurement that affects magnification and angle of view.	这个镜头的焦距可以调整。	The focal length of this lens can be adjusted.	她选择了较短的焦距。	She chose a shorter focal length.
景深	jǐng shēn	depth of field	noun	The range of distances within a photograph that appears acceptably sharp.	这张照片的景深很浅。	This photograph has a shallow depth of field.	摄影师想增加景深。	The photographer wants to increase the depth of field.
像素	xiàng sù	pixel	noun	A smallest addressable picture element in a digital image or display.	这张图的像素很少。	This image has few pixels.	放大后可以看到像素。	The pixels become visible when the image is enlarged.
分辨率	fēn biàn lǜ	resolution	noun	The level of detail represented or distinguishable in an image or display.	这台显示器的分辨率很高。	This monitor has high resolution.	请提高图片分辨率。	Please increase the image resolution.
剪辑	jiǎn jí	edit recorded material	verb	Select and arrange recorded images or sounds into a finished sequence.	她正在剪辑视频。	She is editing the video.	这部电影的剪辑很流畅。	The editing of this film is smooth.
特写	tè xiě	close-up	noun	A shot or depiction that shows a subject in close detail.	镜头给了她一个特写。	The camera showed a close-up of her.	这个特写突出了人物表情。	This close-up highlights the character's expression.
视角	shì jiǎo	viewing perspective	noun	The position or standpoint from which something is seen or considered.	这张照片的视角很特别。	This photograph has an unusual viewing angle.	换个视角可以理解问题。	A different perspective can help us understand the problem.
素描	sù miáo	drawing in lines and tones	noun	A drawing that chiefly uses lines and shading rather than a range of colors.	她画了一张人物素描。	She made a drawing of a person.	这门课练习素描。	We practice drawing with lines and shading in this course.
水墨	shuǐ mò	ink painting	noun	A painting medium or style using ink and water, especially in Chinese art.	她喜欢水墨作品。	She likes ink paintings.	这幅水墨表现了山川。	This ink painting depicts mountains and rivers.
抽象	chōu xiàng	abstract	adjective	Expressed as ideas or general qualities rather than particular tangible things.	这个概念很抽象。	This concept is very abstract.	老师把抽象问题画成图。	The teacher drew a diagram of the abstract problem.
具体	jù tǐ	specific and concrete	adjective	Clearly identified in detail rather than stated only in general terms.	请提出具体建议。	Please make specific suggestions.	这个例子让问题更具体。	This example makes the issue more concrete.
共性	gòng xìng	shared characteristic	noun	A quality found in several different things or people.	这些作品有一些共性。	These works share some characteristics.	研究者分析了城市的共性。	The researchers analyzed the characteristics the cities share.
个性	gè xìng	individual character	noun	The qualities that make a person or thing distinctive.	她的设计很有个性。	Her design has a distinctive character.	每个学生都有自己的个性。	Every student has an individual personality.
属性	shǔ xìng	attribute	noun	A characteristic belonging to a thing or a defined property in a system.	颜色是这个对象的属性。	Color is an attribute of this object.	表格列出了产品属性。	The table lists the product's attributes.
特性	tè xìng	distinctive property	noun	A characteristic that distinguishes a material, object, or group.	这种材料有特殊特性。	This material has distinctive properties.	实验研究了金属的特性。	The experiment examined the properties of the metal.
本质	běn zhì	essential nature	noun	The fundamental qualities that make something what it is.	我们需要理解问题的本质。	We need to understand the essence of the problem.	这两种方法在本质上相同。	These two methods are essentially the same.
实质	shí zhì	substance of a matter	noun	The actual content or nature of something beneath its outward form.	讨论应该关注问题实质。	The discussion should focus on the substance of the issue.	方案没有实质变化。	The plan has no substantive changes.
表象	biǎo xiàng	outward appearance	noun	What is visibly apparent, which may not reveal the underlying reality.	不要只看问题的表象。	Do not look only at the surface of the problem.	研究需要超越表象。	Research needs to go beyond outward appearances.
迹象	jì xiàng	indication	noun	An observable sign suggesting that something exists or may happen.	天气出现转暖的迹象。	The weather is showing signs of warming.	这些迹象值得进一步调查。	These indications deserve further investigation.
倾向	qīng xiàng	tendency	noun	A general leaning toward a choice, attitude, or course of development.	她有选择安静环境的倾向。	She tends to choose quiet environments.	调查显示了新的消费倾向。	The survey revealed a new consumption tendency.
态势	tài shì	overall developing situation	noun	The current pattern and direction of a situation's development.	市场呈现增长态势。	The market shows a pattern of growth.	报告分析了竞争态势。	The report analyzed the competitive situation.
动态	dòng tài	changing developments	noun	Recent changes or developments in a situation or field.	他关注行业动态。	He follows developments in the industry.	网站发布了项目动态。	The website posted updates on the project.
静态	jìng tài	static	adjective	Considered in a fixed condition without changes over time.	这张图展示静态结构。	This diagram shows the static structure.	研究不能只有静态分析。	The research cannot rely only on static analysis.
常态	cháng tài	normal condition	noun	The usual or regular state of a situation.	道路已经恢复常态。	The road has returned to its normal condition.	这种变化成为了常态。	This kind of change has become normal.
现状	xiàn zhuàng	current condition	noun	The state in which something exists at present.	报告介绍了行业现状。	The report describes the industry's current condition.	我们先了解学校现状。	We will first learn about the school's current situation.
规模	guī mó	scale	noun	The size or extent of an activity, organization, or project.	这家工厂规模很大。	This factory is large in scale.	公司扩大了生产规模。	The company expanded the scale of production.
深度	shēn dù	depth	noun	The distance below a surface or the degree of thoroughness in examination.	他们测量了湖水深度。	They measured the depth of the lake.	这篇文章缺少分析深度。	This article lacks depth of analysis.
广度	guǎng dù	breadth	noun	The range or extent covered by knowledge, activity, or examination.	阅读增加了知识广度。	Reading broadened the range of knowledge.	调查的广度还不够。	The survey's coverage is not yet broad enough.
程度	chéng dù	degree or extent	noun	How much a quality or condition is present.	两台机器的磨损程度不同。	The two machines have different degrees of wear.	请说明受影响的程度。	Please explain the extent of the impact.
界限	jiè xiàn	dividing limit	noun	A line or limit separating things, categories, or permissible actions.	两种概念的界限很清楚。	The distinction between the two concepts is clear.	我们需要明确责任界限。	We need to define the boundaries of responsibility.
边界	biān jiè	boundary	noun	The outer limit or dividing line of an area or system.	地图标出了城市边界。	The map marks the city boundary.	请确定研究的边界。	Please define the boundaries of the study.
极限	jí xiàn	limit of capacity	noun	The greatest extent something can reach or withstand.	这种材料有强度极限。	This material has a limit to its strength.	他正在挑战速度极限。	He is challenging the limits of speed.
上限	shàng xiàn	upper limit	noun	The highest allowed or possible value.	人数上限是二十人。	The maximum number of people is twenty.	这笔费用有上限。	This expense has an upper limit.
下限	xià xiàn	lower limit	noun	The lowest allowed or possible value.	温度不能低于下限。	The temperature must not fall below the lower limit.	这个标准规定了年龄下限。	This standard specifies a minimum age.
底线	dǐ xiàn	minimum acceptable boundary	noun	A limit that must not be crossed or a basic standard that must be maintained.	诚信是做生意的底线。	Honesty is a basic requirement in business.	我们必须守住安全底线。	We must maintain basic safety standards.
基准	jī zhǔn	reference standard	noun	A fixed reference used for comparison or measurement.	我们以去年数据为基准。	We use last year's data as the reference.	测量需要统一基准。	Measurement requires a common reference standard.
权重	quán zhòng	weighting factor	noun	A value expressing how strongly an item contributes to a combined result.	这个指标的权重较高。	This indicator has a relatively high weighting.	模型调整了各项权重。	The model adjusted the weighting of each factor.
比例	bǐ lì	proportion	noun	The relative size or amount of one part compared with another or with a whole.	请按比例缩小图片。	Please reduce the image proportionally.	调查比较了不同年龄的比例。	The survey compared the proportions of different age groups.
概率	gài lǜ	probability	noun	A measure of how likely an event is to occur.	这个事件发生的概率很低。	This event has a low probability.	我们计算了成功概率。	We calculated the probability of success.
客观	kè guān	objective	adjective	Based on evidence or conditions rather than personal preference.	报告应当保持客观。	The report should remain objective.	她提出了客观的分析。	She offered an objective analysis.
主观	zhǔ guān	subjective	adjective	Influenced by personal perception, feelings, or judgment.	这只是我的主观看法。	This is only my subjective view.	评价不能完全依靠主观感觉。	Evaluation cannot depend entirely on subjective impressions.
理性	lǐ xìng	rational	adjective	Guided by reasoning and consideration of evidence.	我们需要理性讨论。	We need a rational discussion.	她做出了理性的选择。	She made a rational choice.
感性	gǎn xìng	based on feeling and perception	adjective	Guided by immediate experience, emotions, or sensory perception.	这篇文章表达很感性。	This article's expression is highly emotional.	他的决定有些感性。	His decision was influenced somewhat by feeling.
中立	zhōng lì	neutral	adjective	Not taking either side in a disagreement or conflict.	主持人保持中立。	The moderator remains neutral.	我们需要一个中立的评价。	We need a neutral assessment.
严谨	yán jǐn	rigorous	adjective	Carefully organized and precise, with little room for careless assumptions.	这项研究方法严谨。	This study uses rigorous methods.	她的论证非常严谨。	Her argument is very rigorous.
宏观	hóng guān	large-scale overall	adjective	Considering a system as a whole rather than its smallest details.	报告分析了宏观经济。	The report analyzed the economy as a whole.	我们从宏观角度看问题。	We consider the issue from an overall perspective.
微观	wēi guān	small-scale detailed	adjective	Considering individual components or very small structures rather than an overall whole.	研究从微观层面展开。	The study proceeds at a detailed level.	这张图展示了材料的微观结构。	This image shows the material's microscopic structure.
冗余	rǒng yú	redundancy	noun	Extra or repeated information or resources beyond what is minimally needed.	这段文字有很多冗余。	This passage contains much unnecessary repetition.	系统保留了冗余设备。	The system keeps redundant equipment in reserve.
同步	tóng bù	synchronize	verb	Make activities, times, or versions correspond or occur together.	系统会同步这些文件。	The system synchronizes these files.	两台设备需要同步时间。	The two devices need their times synchronized.
