word	reading	english	pos	explanation	h1	e1	h2	e2
信号	xìn hào	signal	noun	A sign or transmission that conveys information.	山里的手机信号很弱。	The phone signal is weak in the mountains.	绿灯是可以通行的信号。	A green light is a signal to proceed.
注册	zhù cè	register; sign up	verb	Enter details to create an account or membership.	注册前请阅读使用说明。	Read the instructions before signing up.	我用邮箱注册了学习账号。	I used my email to register a study account.
发送	fā sòng	send	verb	Transmit a message, file or other information.	照片太大，暂时无法发送。	The photo is too large to send right now.	老师把作业发送到了班级群。	The teacher sent the homework to the class group.
休假	xiū jià	take leave; be on holiday	verb	Spend approved time away from work.	她休假期间去了海边。	She visited the seaside while on leave.	经理下周休假，由同事接替工作。	The manager is on leave next week; a colleague will cover.
抓拍	zhuā pāi	capture a spontaneous photo	verb	Take a photo quickly without arranging the subject.	这张照片是她跑步时抓拍的。	This photo was captured while she was running.	记者抓拍到了孩子的笑脸。	The reporter captured a child's smiling face.
复制	fù zhì	copy; duplicate	verb	Make another version of text, a file or an object.	请复制这段文字到文档里。	Copy this passage into the document.	重要文件可以复制到另一块硬盘。	Important files can be copied to another hard drive.
中断	zhōng duàn	interrupt; break off	verb	Stop an activity or connection before it finishes.	网络故障中断了视频会议。	A network fault interrupted the video meeting.	讨论被敲门声中断了。	A knock at the door interrupted the discussion.
总结	zǒng jié	summarize; review	verb	Bring together the main points or lessons learned.	请用三句话总结这篇文章。	Summarize this article in three sentences.	比赛结束后，队员一起总结经验。	After the match, the players reviewed what they had learned.
硬盘	yìng pán	hard drive	noun	A device used for long-term computer storage.	这块硬盘存着很多旧照片。	This hard drive stores many old photos.	电脑的硬盘坏了，文件读不出来。	The computer's hard drive failed, so the files cannot be read.
分数	fēn shù	score; mark	noun	A numerical result in an exam or competition.	老师没有公布每个人的分数。	The teacher did not announce everyone's score.	这次比赛的分数比上次高。	The score in this competition is higher than last time.
充电	chōng diàn	charge a battery	verb	Supply electrical energy to a rechargeable battery.	手机没电了，我正在充电。	My phone is flat, so I am charging it.	这盏台灯充电后可以用一整晚。	This lamp can last all evening after being charged.
请假	qǐng jià	request leave	verb	Ask permission to be absent from school or work.	她发烧了，向老师请假。	She has a fever and asked her teacher for leave.	明天有家事，我需要请假一天。	I have a family matter tomorrow and need a day off.
回信	huí xìn	write back; reply by letter	verb	Send a written reply to an earlier message.	收到你的信后，我马上回信。	I wrote back as soon as I received your letter.	爷爷还没有回信，我有点担心。	Grandfather has not written back, so I am a little worried.
网页	wǎng yè	web page	noun	A single page of content on the internet.	这个网页上有课程安排。	The course schedule is on this web page.	网页一直打不开，可能是网络问题。	The page will not open; it may be a network problem.
外语	wài yǔ	foreign language	noun	A language other than one's native language.	她正在学习第二门外语。	She is learning a second foreign language.	这份说明书有几种外语版本。	These instructions are available in several foreign languages.
显示器	xiǎn shì qì	monitor; display	noun	A screen that displays computer output.	这台显示器比旧的清楚。	This monitor is clearer than the old one.	请把显示器调低一点，眼睛更舒服。	Lower the monitor a little to make viewing more comfortable.
章节	zhāng jié	chapter; section	noun	A numbered or named part of a longer text.	本书最后一个章节讲学习方法。	The last chapter discusses study methods.	我们按章节整理了阅读笔记。	We organized our reading notes by chapter.
按键	àn jiàn	key; button	noun	A control pressed to operate a device.	遥控器上的按键有点松。	A button on the remote control is loose.	请不要同时按下两个按键。	Do not press two keys at the same time.
年底	nián dǐ	end of the year	noun	The final part of a calendar year.	我们年底会整理一次旧照片。	We sort our old photos at the end of the year.	这座图书馆预计年底开放。	This library is expected to open at the end of the year.
文本	wén běn	text	noun	Written content considered as words rather than images.	这个工具可以从图片中提取文本。	This tool can extract text from images.	请把文本改成更容易读的句子。	Rewrite the text using sentences that are easier to read.
课间	kè jiān	break between classes	noun	The short interval between two lessons.	课间我们到走廊透透气。	We get some fresh air in the corridor between classes.	请利用课间准备好下节课的书。	Use the break to get the books for the next lesson ready.
同桌	tóng zhuō	desk mate	noun	A classmate who shares or sits beside one's desk.	同桌借给我一块橡皮。	My desk mate lent me an eraser.	我和同桌一起检查答案。	My desk mate and I checked our answers together.
考场	kǎo chǎng	exam room; exam venue	noun	The place where an examination is held.	进入考场前请关掉手机。	Turn off your phone before entering the exam room.	准考证上写着考场的位置。	The exam admission card shows the exam venue.
不及格	bù jí gé	fail to meet the passing mark	verb	Receive a result below the required standard.	他这次考试不及格，需要补考。	He failed this exam and needs to retake it.	作业漏做太多，成绩可能不及格。	Too much homework is missing, so the grade may be a fail.
短信	duǎn xìn	text message	noun	A short message sent through a mobile phone service.	我收到一条提醒上课的短信。	I received a text reminding me about class.	验证码短信还没有到。	The verification text has not arrived yet.
交往	jiāo wǎng	associate; interact	verb	Maintain social contact with other people.	她喜欢和不同年龄的人交往。	She enjoys interacting with people of different ages.	与邻居交往时要尊重彼此的习惯。	Respect each other's habits when interacting with neighbors.
情感	qíng gǎn	feelings; emotion	noun	Inner feelings that connect people to experiences or others.	这篇文章表达了对家乡的情感。	This article expresses feelings for the writer's hometown.	音乐能帮助人们表达情感。	Music can help people express their emotions.
功能	gōng néng	function; capability	noun	Something a device or service is designed to do.	这个软件增加了录音功能。	This software added a recording function.	我最常用的是提醒功能。	The reminder function is the one I use most.
摄像头	shè xiàng tóu	camera; webcam	noun	A small camera built into or connected to a device.	视频开始前，请检查摄像头。	Check the webcam before the video starts.	门口的摄像头只拍公共区域。	The camera by the door records only the public area.
剪接	jiǎn jiē	edit and splice recordings	verb	Select and join sections of a recording.	我把采访录音剪接成了一个短片。	I edited the interview recording into a short film.	剪接时不要改变说话人的原意。	Do not change the speaker's meaning when editing.
录音	lù yīn	record sound; audio recording	verb; noun	Capture sound for later listening.	这段录音里有老师的发音示范。	This recording contains the teacher's pronunciation examples.	录音前要征得在场人的同意。	Get permission from those present before recording.
来电	lái diàn	incoming phone call	noun	A telephone call received by a phone.	我开会时没有注意到来电。	I did not notice the incoming call during the meeting.	手机上显示了三次未接来电。	The phone shows three missed calls.
暂停	zàn tíng	pause	verb	Stop temporarily with the possibility of continuing.	请暂停视频，我想记下这句话。	Pause the video; I want to write down this sentence.	雨太大，比赛只能暂停。	The rain was so heavy that the match had to pause.
通讯	tōng xùn	communications	noun	The exchange of messages through communication systems.	山区的通讯条件改善了很多。	Communications in the mountains have improved greatly.	这台设备用于应急通讯。	This device is used for emergency communications.
接收	jiē shōu	receive	verb	Take in a message, signal or transmitted file.	电脑正在接收老师发来的文件。	The computer is receiving the file sent by the teacher.	这台收音机能接收本地节目。	This radio can receive local programs.
麦克风	mài kè fēng	microphone	noun	A device that picks up sound for amplification or recording.	说话时请靠近麦克风。	Move closer to the microphone when speaking.	麦克风关着，大家听不见你的声音。	The microphone is off, so nobody can hear you.
测验	cè yàn	test; quiz	noun	A short assessment of knowledge or ability.	明天有一个听力测验。	There is a listening quiz tomorrow.	这次测验不计入总成绩。	This quiz does not count toward the final grade.
进度	jìn dù	progress; pace	noun	How much of a planned activity has been completed.	我们按周检查学习进度。	We check our study progress each week.	下雨影响了修路的进度。	Rain affected the progress of the road repairs.
无线	wú xiàn	wireless	adjective	Operating without a physical connecting wire.	这副无线耳机需要先充电。	These wireless earphones need charging first.	会议室提供无线网络。	The meeting room provides a wireless network.
邮箱	yóu xiāng	email inbox; mailbox	noun	A place or account used to receive mail.	请把课程资料发到我的邮箱。	Send the course materials to my email inbox.	我每天早上检查一次邮箱。	I check my inbox every morning.
关机	guān jī	switch off a device	verb	Stop a device by turning its power off.	离开前请给电脑关机。	Shut down the computer before leaving.	手机关机后就收不到电话了。	The phone cannot receive calls once it is switched off.
登录	dēng lù	log in	verb	Enter an account to access a service.	输入密码后就可以登录。	You can log in after entering the password.	我换了手机，需要重新登录。	I changed phones and need to log in again.
要点	yào diǎn	main points	noun	The most important parts of a topic.	老师把要点写在黑板上。	The teacher wrote the main points on the board.	请先告诉我报告的要点。	Tell me the main points of the report first.
及格	jí gé	pass; meet the minimum standard	verb	Reach the required passing standard.	这次考试要六十分才能及格。	You need sixty points to pass this exam.	只求及格还不够，要弄懂错题。	Passing alone is not enough; understand the mistakes.
音像	yīn xiàng	audio and video recordings	noun	Recorded sound and moving images considered together.	图书馆有专门的音像资料室。	The library has a room for audio and video materials.	这些音像资料记录了村里的旧习俗。	These recordings document the village's old customs.
音量	yīn liàng	volume; loudness	noun	How loud a sound is played or produced.	夜里看视频时把音量调小。	Turn the volume down when watching videos at night.	音量太低，我听不清老师的话。	The volume is too low for me to hear the teacher clearly.
文件夹	wén jiàn jiā	folder	noun	A container used to organize papers or computer files.	我把照片放进同一个文件夹。	I put the photos into one folder.	请在文件夹上写清楚课程名称。	Write the course name clearly on the folder.
音频	yīn pín	audio	noun	Sound recorded or transmitted electronically.	这节课同时提供文字和音频。	This lesson provides both text and audio.	下载的音频可以离线播放。	The downloaded audio can be played offline.
回车	huí chē	Enter; carriage return	noun	The key or action used to confirm input or start a new line.	输完名字后按回车。	Press Enter after typing your name.	这里按回车会换行，不会发送消息。	Here, Enter starts a new line rather than sending the message.
开学	kāi xué	start a school term	verb	Begin attending classes in a new school term.	开学前我把课本包好了。	I covered my textbooks before the term started.	开学第一天，老师介绍了新同学。	On the first day of term, the teacher introduced the new classmate.
开机	kāi jī	switch on; start a device	verb	Turn on a machine or electronic device.	电脑开机以后，请先检查网络。	Check the network after the computer starts.	这台旧手机开机比较慢。	This old phone takes a while to switch on.
还原	huán yuán	restore to an earlier state	verb	Return something to its original or previous condition.	我把误改的设置还原了。	I restored the settings I had changed by mistake.	根据照片，可以还原房间原来的样子。	The photos can help reconstruct the room's original appearance.
句号	jù hào	full stop; period	noun	The punctuation mark that ends a statement.	这个句子最后要加句号。	Put a full stop at the end of this sentence.	你把逗号写成了句号。	You wrote a full stop instead of a comma.
扫描仪	sǎo miáo yí	scanner	noun	A device that converts paper documents into digital images.	扫描仪放在打印机旁边。	The scanner is beside the printer.	旧照片可以用扫描仪保存下来。	Old photos can be preserved using a scanner.
存储	cún chǔ	store data	verb	Keep information so it can be retrieved later.	这张卡可以存储很多照片。	This card can store many photos.	录音会存储在手机里。	The recording will be stored on the phone.
满分	mǎn fēn	full marks; maximum score	noun	The highest possible score in an assessment.	她听写得了满分。	She got full marks in dictation.	这道题的满分是十分。	This question is worth a maximum of ten points.
在线	zài xiàn	online	adjective	Connected to or available through the internet.	我晚上八点会在线。	I will be online at eight tonight.	这门课可以在线学习。	This course can be studied online.
复印机	fù yìn jī	photocopier	noun	A machine that makes paper copies of documents.	复印机里没有纸了。	The photocopier has run out of paper.	这台复印机可以把两面都印出来。	This photocopier can copy both sides.
输出	shū chū	output	verb	Produce or send information from a system.	请把结果输出到一个文件里。	Output the results to a file.	这个接口只能输出声音。	This port can only output sound.
联系人	lián xì rén	contact person; contact	noun	A person listed for communication or coordination.	我把老师添加为联系人。	I added the teacher as a contact.	表格上需要填写紧急联系人。	The form requires an emergency contact.
签到	qiān dào	sign in; check in	verb	Record one's arrival or attendance.	参加活动前请先签到。	Sign in before joining the activity.	签到表放在门口的桌上。	The sign-in sheet is on the table by the door.
作文	zuò wén	composition; essay	noun	A piece of writing prepared by a student.	这篇作文写的是一次旅行。	This composition is about a trip.	老师建议我的作文增加具体细节。	The teacher suggested adding concrete details to my essay.
打印机	dǎ yìn jī	printer	noun	A machine that produces paper copies from digital files.	打印机的墨水快用完了。	The printer is nearly out of ink.	请在打印机旁取你的资料。	Collect your documents beside the printer.
充电器	chōng diàn qì	charger	noun	A device used to recharge a battery.	我忘了带手机充电器。	I forgot to bring my phone charger.	这两个充电器不能混用。	These two chargers cannot be used interchangeably.
断开	duàn kāi	disconnect	verb	Separate a connection between two things.	不用时可以断开电源。	Disconnect the power when it is not in use.	手机和耳机的连接突然断开了。	The connection between the phone and earphones suddenly dropped.
注销	zhù xiāo	close an account; deregister	verb	Formally remove a registration or account.	不用的账号可以申请注销。	You can request closure of an unused account.	注销之前请保存需要的资料。	Save the materials you need before closing the account.
收发	shōu fā	send and receive	verb	Handle both incoming and outgoing messages or materials.	这个软件可以收发邮件。	This software can send and receive email.	办公室安排专人收发文件。	The office assigned someone to handle incoming and outgoing documents.
网址	wǎng zhǐ	web address	noun	The address used to open a website or page.	请确认网址没有拼错。	Check that the web address is spelled correctly.	老师把学习网址写在黑板上。	The teacher wrote the study website address on the board.
静音	jìng yīn	mute; silent mode	noun; verb	A setting that stops a device from producing sound.	上课前请把手机设为静音。	Set your phone to silent mode before class.	我忘了取消静音，所以没听见来电。	I forgot to turn off silent mode and missed the call.
光盘	guāng pán	optical disc	noun	A flat disc that stores digital information.	这张光盘里保存着旧照片。	This disc contains old photos.	老师用光盘播放听力材料。	The teacher played listening materials from a disc.
流量	liú liàng	mobile data allowance; data traffic	noun	The amount of data transmitted over a connection.	我的手机流量快用完了。	My mobile data allowance is nearly used up.	使用无线网络可以节省流量。	Using a wireless network can save mobile data.
内存	nèi cún	computer memory	noun	Storage used by a computer while programs are running.	同时打开太多程序会占用内存。	Opening too many programs uses up memory.	这台电脑增加内存后运行更顺畅。	This computer runs more smoothly after a memory upgrade.
联网	lián wǎng	connect to a network	verb	Connect a device to the internet or another network.	这台电脑还没有联网。	This computer is not connected to a network yet.	设备联网后会自动更新时间。	The device updates its time automatically after connecting.
壁纸	bì zhǐ	wallpaper	noun	An image used as a device screen background.	她把猫的照片设成手机壁纸。	She set a photo of her cat as her phone wallpaper.	这张壁纸太亮，看字不方便。	This wallpaper is too bright for comfortable reading.
考卷	kǎo juàn	exam paper	noun	The paper containing examination questions.	请在考卷上写清楚姓名。	Write your name clearly on the exam paper.	老师发回考卷，让我们改正错误。	The teacher returned the exam papers so we could correct mistakes.
例会	lì huì	regular meeting	noun	A meeting held repeatedly on a fixed schedule.	我们每周一开一次例会。	We hold a regular meeting every Monday.	今天的例会改到下午了。	Today's regular meeting has moved to the afternoon.
答辩	dá biàn	defend a thesis	verb	Respond to questions about a thesis or academic project.	她正在准备毕业答辩。	She is preparing for her graduation defense.	答辩时要说明研究方法。	Explain the research methods during the defense.
用户名	yòng hù míng	username	noun	The name used to identify an account.	用户名不能和密码相同。	The username must not be the same as the password.	我忘了用户名，只记得注册邮箱。	I forgot my username but remember the registration email.
鼠标	shǔ biāo	computer mouse	noun	A handheld device used to control a computer pointer.	鼠标放在键盘右边。	The mouse is to the right of the keyboard.	这只鼠标的滚轮坏了。	The scroll wheel on this mouse is broken.
空格	kòng gé	space; blank space	noun	A blank position separating words or input items.	两个词之间需要一个空格。	A space is needed between the two words.	密码里不要多打一个空格。	Do not type an extra space in the password.
界面	jiè miàn	user interface	noun	The visible controls through which a user operates software.	这个界面上的文字太小了。	The text on this interface is too small.	更新后，登录界面有了新布局。	The login interface has a new layout after the update.
逗号	dòu hào	comma	noun	A punctuation mark separating parts of a sentence.	这里应该用逗号，不是句号。	Use a comma here, not a full stop.	请给这句话加上合适的逗号。	Add appropriate commas to this sentence.
语文	yǔ wén	Chinese language and literature	noun	The school subject covering Chinese reading and writing.	今天的语文课练习写日记。	Today's Chinese class practices diary writing.	她把语文书留在学校了。	She left her Chinese textbook at school.
工作证	gōng zuò zhèng	employee identification card	noun	A card showing a person's identity as an employee.	进入办公楼需要出示工作证。	Show your employee card to enter the office building.	他的工作证挂在胸前。	His employee identification card hangs on his chest.
难点	nán diǎn	difficult point	noun	The part of a task or topic that is hardest to understand.	老师解释了这道题的难点。	The teacher explained the difficult part of this problem.	发音是他学习中文的一个难点。	Pronunciation is one of his difficulties in learning Chinese.
缓存	huǎn cún	cache; buffer	noun	Temporary stored data used to speed up access.	清理缓存后，网页恢复正常。	The web page worked normally after the cache was cleared.	这个软件的缓存占了很多空间。	This software's cache takes up a lot of space.
答卷	dá juàn	answer sheet	noun	A completed paper containing answers to examination questions.	交答卷前请再检查一遍。	Check your answer sheet once more before handing it in.	监考老师按顺序收答卷。	The invigilator collected the answer sheets in order.
标点	biāo diǎn	punctuation	noun	Marks that organize and clarify written sentences.	这段话的标点需要修改。	The punctuation in this passage needs revision.	写作文时不要漏掉标点。	Do not leave out punctuation when writing a composition.
重启	chóng qǐ	restart; reboot	verb	Start a device or process again.	电脑卡住了，我准备重启。	The computer has frozen, so I am going to restart it.	重启之前先保存文档。	Save the document before restarting.
预习	yù xí	prepare a lesson in advance	verb	Study material before it is taught in class.	今晚先预习明天的课文。	Preview tomorrow's text tonight.	预习时可以把不懂的词圈出来。	Circle unfamiliar words while preparing the lesson.
听写	tīng xiě	dictation	noun	An exercise in writing down what is heard.	老师用听写检查生词。	The teacher used dictation to check new words.	听写结束后，我们交换本子检查。	After dictation, we exchanged notebooks to check the answers.
监考	jiān kǎo	invigilate; proctor an exam	verb	Supervise students during an examination.	两位老师轮流监考。	Two teachers took turns supervising the exam.	监考时不能帮助学生答题。	An invigilator must not help students answer questions.
课表	kè biǎo	class timetable	noun	A schedule showing when classes take place.	我的课表贴在书桌旁。	My class timetable is beside the desk.	新课表把体育课安排在下午。	The new timetable places physical education in the afternoon.
光标	guāng biāo	cursor	noun	A marker showing the current position on a screen.	请把光标移到句子末尾。	Move the cursor to the end of the sentence.	光标一直闪，但文字输不进去。	The cursor keeps blinking, but I cannot enter text.
单击	dān jī	single-click	verb	Press a mouse button once to select or activate something.	单击文件名可以选中它。	Click the file name once to select it.	请单击右上角的按钮。	Click the button in the upper right corner once.
考题	kǎo tí	exam question	noun	A question appearing in an examination.	这道考题要求解释原因。	This exam question asks you to explain the reason.	老师让我们讨论一组旧考题。	The teacher asked us to discuss a set of old exam questions.
词义	cí yì	word meaning	noun	The meaning expressed by a word.	读上下文可以帮助理解词义。	Reading the context helps you understand a word's meaning.	这个词义和字面意思不完全一样。	This word meaning is not exactly the same as the literal meaning.
书面语	shū miàn yǔ	written language	noun	Language used in writing, often more formal than speech.	这句话在书面语里更常见。	This expression is more common in written language.	写申请时要使用合适的书面语。	Use appropriate written language in an application.
默写	mò xiě	write from memory	verb	Write learned material without looking at the original.	请把昨天学的句子默写一遍。	Write yesterday's sentences from memory once.	默写时不要翻课本。	Do not open the textbook while writing from memory.
影音	yǐng yīn	audio and video media	noun	Sound and visual media, especially for entertainment.	这个房间用来观看影音节目。	This room is used to watch audiovisual programs.	新耳机让我的影音体验更清楚。	The new earphones make my audiovisual experience clearer.
双击	shuāng jī	double-click	verb	Press a mouse button twice quickly.	双击这个图标可以打开文档。	Double-click this icon to open the document.	你按得太慢，电脑没有识别出双击。	You clicked too slowly for the computer to recognize a double-click.
台式机	tái shì jī	desktop computer	noun	A computer designed to stay on a desk.	家里的台式机用了五年。	The desktop computer at home has been used for five years.	这台台式机没有内置摄像头。	This desktop computer has no built-in webcam.
字词	zì cí	characters and words	noun	Written characters and vocabulary items.	老师让我们先圈出不认识的字词。	The teacher asked us to circle unfamiliar characters and words first.	这篇课文里的字词不难。	The characters and words in this text are not difficult.
屏保	píng bǎo	screensaver	noun	A display shown when a device is idle.	电脑闲置时会出现屏保。	A screensaver appears when the computer is idle.	我把屏保改成了时钟。	I changed the screensaver to a clock.
录屏	lù píng	record a screen	verb	Capture a video of activity on a device screen.	我录屏演示了操作步骤。	I recorded the screen to demonstrate the steps.	录屏前请关掉消息提醒。	Turn off message notifications before recording the screen.
截图	jié tú	take a screenshot	verb	Capture an image of the current screen.	请截图保存这份时间表。	Take a screenshot to save this timetable.	我把错误提示截图发给了同事。	I sent a screenshot of the error message to my colleague.
扣分	kòu fēn	deduct points	verb	Remove points from a score for an error.	拼写错误会扣分。	Spelling errors will cost points.	老师说明了这道题的扣分原因。	The teacher explained why points were deducted for this question.
接听	jiē tīng	answer a phone call	verb	Accept an incoming telephone call.	她在开会，不方便接听电话。	She is in a meeting and cannot answer the phone.	来电响了很久也没人接听。	The phone rang for a long time without an answer.
文本框	wén běn kuàng	text box	noun	An area in which text is displayed or entered.	请在文本框里填写姓名。	Enter your name in the text box.	这个文本框只能输入一行文字。	This text box accepts only one line of text.
注音	zhù yīn	add phonetic notation	verb	Mark the pronunciation of written characters.	请给这些生字注音。	Add pronunciation marks to these new characters.	这本故事书为难字注音了。	This storybook adds pronunciation marks to difficult characters.
点赞	diǎn zàn	like; give a like	verb	Express approval using a digital reaction.	她给朋友的照片点赞。	She liked her friend's photo.	大家纷纷为这次志愿活动点赞。	People expressed approval for this volunteer activity.
电子邮件	diàn zǐ yóu jiàn	email	noun	A message sent through an electronic mail service.	请用电子邮件发送申请材料。	Send the application materials by email.	这封电子邮件没有附件。	This email has no attachment.
离线	lí xiàn	offline	adjective	Not connected to a network.	这本词典支持离线查询。	This dictionary supports offline searches.	手机离线时也能查看已下载的课文。	Downloaded texts can be viewed even when the phone is offline.
组词	zǔ cí	form words from characters	verb	Combine characters to make meaningful words.	请用这个字组词。	Make a word using this character.	组词时要注意不同的读音。	Pay attention to different pronunciations when forming words.
网络安全	wǎng luò ān quán	cybersecurity; online safety	noun	Protection against risks to online systems and information.	学校安排了一次网络安全讲座。	The school arranged a talk on online safety.	保护密码是网络安全的一部分。	Protecting passwords is part of cybersecurity.
联系方式	lián xì fāng shì	contact details	noun	Information used to get in touch with a person.	请在表格上留下联系方式。	Leave your contact details on the form.	联系方式变了，要及时告诉老师。	Tell the teacher promptly if your contact details change.
输入法	shū rù fǎ	input method	noun	A system used to type characters or other text.	我把输入法切换成中文了。	I switched the input method to Chinese.	这个输入法会记住常用词。	This input method remembers frequently used words.
验证码	yàn zhèng mǎ	verification code	noun	A code used to confirm an action or identity.	请不要把验证码告诉别人。	Do not tell anyone your verification code.	验证码过期后需要重新获取。	Get a new verification code after the old one expires.
硬件	yìng jiàn	hardware	noun	The physical parts of a computer or device.	软件更新不能修复所有硬件问题。	Software updates cannot fix every hardware problem.	他负责检查电脑硬件。	He is responsible for checking the computer hardware.
芯片	xīn piàn	chip; microchip	noun	A small electronic component containing integrated circuits.	这张卡里有一块芯片。	There is a chip inside this card.	新芯片让这台设备更省电。	The new chip makes this device more energy-efficient.
电源	diàn yuán	power supply; power source	noun	The source or connection supplying electrical power.	拔掉电源以后再清洁设备。	Disconnect the power before cleaning the device.	停电时这台设备使用备用电源。	This device uses backup power during an outage.
主机	zhǔ jī	main computer unit	noun	The main unit of a computer system.	显示器连接在主机上。	The monitor is connected to the main computer unit.	主机放在桌下，方便整理电线。	The main unit is under the desk to keep cables organized.
处理器	chǔ lǐ qì	processor	noun	A component that performs a computer's calculations.	这台电脑换了更快的处理器。	This computer has a faster processor now.	处理器忙着计算，风扇转得很快。	The processor is busy calculating, so the fan is spinning fast.
磁盘	cí pán	disk	noun	A storage medium used to save computer data.	磁盘空间不足，无法保存文件。	There is not enough disk space to save the file.	请先备份，再整理磁盘里的资料。	Back up the data before organizing the files on the disk.
图像	tú xiàng	image	noun	A visual representation that can be displayed or recorded.	屏幕上的图像有点模糊。	The image on the screen is slightly blurred.	这个工具可以放大图像。	This tool can enlarge images.
数码	shù mǎ	digital	adjective	Using electronic digital technology.	她对数码摄影很感兴趣。	She is interested in digital photography.	这家店出售数码产品。	This shop sells digital products.
智能	zhì néng	smart; intelligent	adjective	Able to perform useful tasks with automated technology.	这块智能手表能提醒我起身活动。	This smartwatch reminds me to get up and move.	智能设备也需要正确设置。	Smart devices still need to be set up correctly.
字幕	zì mù	subtitles	noun	Text displayed to show spoken words in a video.	我看外语电影时会打开字幕。	I turn on subtitles when watching foreign films.	字幕出现得比声音晚。	The subtitles appear after the sound.
容量	róng liàng	capacity	noun	The amount something can hold.	这张卡的容量不够存这些视频。	This card cannot hold all these videos.	水杯的容量是三百毫升。	The cup has a capacity of three hundred milliliters.
播放器	bō fàng qì	media player	noun	Software or a device that plays recorded media.	这个播放器支持多种音频格式。	This player supports several audio formats.	播放器关闭后，声音也停止了。	The sound stopped when the player was closed.
图标	tú biāo	icon	noun	A small image representing a function or item.	点击书本图标可以打开词典。	Click the book icon to open the dictionary.	这个图标旁边没有文字说明。	There is no text explanation beside this icon.
字体	zì tǐ	font; typeface	noun	A particular style of written or printed characters.	这个字体适合小屏幕阅读。	This font suits reading on a small screen.	请把标题和正文的字体区分开。	Use different fonts for the heading and body text.
字符	zì fú	character; symbol	noun	A single written sign in a text or data string.	密码里不能包含空白字符。	The password must not contain blank characters.	这里最多输入二十个字符。	You can enter no more than twenty characters here.
选项	xuǎn xiàng	option	noun	One choice among several available possibilities.	请选择最符合句意的选项。	Choose the option that best matches the sentence.	设置里没有我需要的选项。	The settings do not include the option I need.
附件	fù jiàn	attachment	noun	A file or document provided with another message.	邮件的附件里有课程安排。	The course schedule is in the email attachment.	发送前请确认附件已经加上。	Check that the attachment has been added before sending.
模块	mó kuài	module	noun	A distinct part of a larger system.	这个学习软件分成三个模块。	This learning software is divided into three modules.	新的模块负责整理学习记录。	The new module organizes study records.
副本	fù běn	copy; duplicate version	noun	An additional copy of an original document.	请保留一份合同副本。	Keep a copy of the contract.	修改前先建立文档副本。	Make a copy of the document before editing it.
镜像	jìng xiàng	mirror image; system image	noun	A mirrored representation or complete copy of a system.	相机预览中的镜像和照片方向不同。	The mirrored camera preview faces a different direction from the photo.	安装前先检查系统镜像是否完整。	Check that the system image is complete before installation.
拷贝	kǎo bèi	copy digital material	verb	Copy recorded material or computer files.	我把照片拷贝到新的电脑上。	I copied the photos to the new computer.	这些资料不能随意拷贝给别人。	These materials must not be copied to others without permission.
读取	dú qǔ	read stored data	verb	Retrieve and interpret information from a source.	软件正在读取文件。	The software is reading the file.	这张卡损坏后，设备无法读取。	The device cannot read this card after it was damaged.
读出	dú chū	read out; retrieve	verb	Produce spoken or visible content by reading.	请把这个词的拼音读出来。	Read the pinyin of this word aloud.	电脑不能读出这份旧文件的内容。	The computer cannot retrieve the contents of this old file.
载入	zǎi rù	load	verb	Bring stored information into a running program.	游戏正在载入新的场景。	The game is loading a new scene.	文件太大，载入需要一点时间。	The file is large and takes a little time to load.
接入	jiē rù	connect to a system	verb	Join a device or service to a larger network.	新电脑已经接入学校网络。	The new computer has connected to the school network.	这个接口可以接入外部麦克风。	An external microphone can be connected through this port.
切换	qiē huàn	switch between	verb	Change from one mode, view or item to another.	听课时不要频繁切换窗口。	Do not keep switching windows during class.	她把键盘切换成了另一种输入法。	She switched the keyboard to another input method.
刷新	shuā xīn	refresh	verb	Update a display with the latest available information.	请刷新网页后再查看消息。	Refresh the page before checking the messages again.	名单刷新后出现了我的名字。	My name appeared after the list was refreshed.
屏蔽	píng bì	block; filter out	verb	Prevent unwanted content or signals from reaching someone.	我屏蔽了这类广告消息。	I blocked this type of advertising message.	这间房的厚墙会屏蔽无线信号。	The thick walls of this room can block wireless signals.
解码	jiě mǎ	decode	verb	Convert coded information into a usable form.	播放器正在解码这段视频。	The player is decoding this video.	接收数据后还需要解码。	The data must be decoded after it is received.
破解	pò jiě	solve; crack	verb	Find a way to solve a difficult problem or code.	他终于破解了这道谜题。	He finally solved this puzzle.	团队尝试破解设备故障的原因。	The team tried to solve the mystery of the device fault.
编入	biān rù	include in an organized set	verb	Add something to a structured collection or group.	这篇短文被编入新教材。	This short article was included in the new textbook.	学校把新生编入不同的班级。	The school placed the new students in different classes.
条目	tiáo mù	entry; item	noun	An individual item in a list or reference work.	这本词典增加了新的条目。	This dictionary has added new entries.	请检查名单中的重复条目。	Check the list for duplicate entries.
默认	mò rèn	default	adjective	Used automatically unless another choice is made.	默认设置会关闭声音。	The default setting turns the sound off.	我把这个软件设为默认播放器。	I made this software the default player.
口令	kǒu lìng	password; verbal command	noun	A secret phrase or short command used for access or coordination.	请定期更换登录口令。	Change your login password regularly.	队员听到口令后一起开始。	The team members started together after hearing the command.
呼叫	hū jiào	call; summon	verb	Try to contact or summon a person.	护士通过广播呼叫医生。	The nurse called the doctor over the announcement system.	按下这个按钮可以呼叫工作人员。	Pressing this button calls a staff member.
拨打	bō dǎ	dial; make a phone call	verb	Call a telephone number.	请拨打通知上的电话号码。	Call the telephone number on the notice.	我刚才拨打了学校的电话。	I called the school a moment ago.
拨号	bō hào	dial a number	verb	Enter a telephone number to start a call.	拨号之前先检查号码。	Check the number before dialing.	旧电话要转动圆盘拨号。	An old telephone is dialed by turning its rotary dial.
拨通	bō tōng	get through by phone	verb	Successfully establish a telephone connection.	我终于拨通了办公室的电话。	I finally got through to the office by phone.	电话拨通了，却没有人接。	The call connected, but nobody answered.
回电	huí diàn	return a phone call	verb	Call back after receiving a call or message.	她说下班后会回电。	She said she would call back after work.	收到留言后，请尽快回电。	Call back as soon as possible after receiving the message.
致电	zhì diàn	telephone; call	verb	Contact someone by telephone, usually in a formal context.	如有疑问，请致电办公室。	Call the office if you have any questions.	她致电学校询问课程安排。	She called the school to ask about the course schedule.
通电话	tōng diàn huà	talk on the phone	verb phrase	Have a conversation over a telephone.	我正在和奶奶通电话。	I am talking to my grandmother on the phone.	他们每周通电话一次。	They talk on the phone once a week.
电话会议	diàn huà huì yì	telephone conference	noun	A meeting whose participants communicate by telephone.	我们通过电话会议讨论了安排。	We discussed the arrangements in a telephone conference.	电话会议开始前要确认参会人员。	Confirm the participants before the telephone conference starts.
长途电话	cháng tú diàn huà	long-distance phone call	noun	A telephone call between places far apart.	他给远方的家人打长途电话。	He made a long-distance call to his family far away.	以前打长途电话需要计算时间。	In the past, long-distance calls had to be timed carefully.
有线电视	yǒu xiàn diàn shì	cable television	noun	Television programs delivered through a cable connection.	家里的有线电视收不到这个频道。	Our cable television does not receive this channel.	这栋楼统一安装了有线电视。	Cable television was installed throughout this building.
天线	tiān xiàn	antenna; aerial	noun	A device that transmits or receives radio signals.	请把收音机的天线拉出来。	Extend the radio's antenna.	这根天线需要调整方向。	The direction of this antenna needs adjusting.
音响	yīn xiǎng	sound system	noun	Equipment used to play and amplify sound.	舞台旁放着两组音响。	There are two sound systems beside the stage.	音响声音太大，邻居听得见。	The sound system is so loud that the neighbors can hear it.
音箱	yīn xiāng	speaker cabinet; speaker	noun	A unit that produces amplified sound.	音箱摆在书架两边。	The speakers stand on either side of the bookshelf.	这只音箱没有声音了。	This speaker is no longer producing sound.
扬声器	yáng shēng qì	loudspeaker	noun	A component that converts electrical signals into sound.	手机的扬声器被水弄坏了。	Water damaged the phone's speaker.	请不要把扬声器靠近耳朵。	Do not hold the loudspeaker close to your ears.
座机	zuò jī	landline telephone	noun	A telephone fixed at a home or workplace.	办公室的座机一直在响。	The office landline keeps ringing.	你可以拨打家里的座机。	You can call the landline at home.
电话线	diàn huà xiàn	telephone cable	noun	A wire carrying a telephone connection.	电话线从桌子下面穿过去。	The telephone cable runs beneath the desk.	检查电话线是否插好了。	Check that the telephone cable is plugged in properly.
通讯录	tōng xùn lù	contact directory	noun	A list of people's names and contact information.	换手机前先备份通讯录。	Back up the contact directory before changing phones.	我在通讯录里找到了老师的号码。	I found the teacher's number in my contact directory.
电话本	diàn huà běn	telephone address book	noun	A book or list used to store telephone numbers.	奶奶还保留着一本旧电话本。	Grandmother still keeps an old telephone address book.	我把新号码写进电话本。	I wrote the new number in the telephone book.
信件	xìn jiàn	letter; correspondence	noun	A written message sent to another person.	请不要打开别人的信件。	Do not open other people's letters.	这些信件记录了她的留学生活。	These letters record her life studying abroad.
发信	fā xìn	send a letter or message	verb	Send written communication to another person.	发信前请核对收件地址。	Check the recipient's address before sending the letter.	她每月给家里发信。	She sends letters home every month.
信封	xìn fēng	envelope	noun	A paper cover used to hold a letter.	请把邮票贴在信封右上角。	Put the stamp on the upper right corner of the envelope.	这个信封里有两张照片。	There are two photos in this envelope.
语音识别	yǔ yīn shí bié	speech recognition	noun	Technology that turns spoken words into usable information.	语音识别把我的话转成了文字。	Speech recognition turned my spoken words into text.	这里太吵，语音识别容易出错。	It is noisy here, so speech recognition may make mistakes.
视频会议	shì pín huì yì	video conference	noun	A meeting using live video between different locations.	明天的视频会议需要提前测试声音。	Test the sound before tomorrow's video conference.	她在家参加了公司的视频会议。	She joined the company's video conference from home.
上线	shàng xiàn	go live; become available online	verb	Make a service available or connect to it.	新的课程下周上线。	The new course will become available online next week.	这个功能上线后，用户可以直接报名。	Users can sign up directly after this function goes live.
线上	xiàn shàng	online	adjective	Taking place through an internet service.	这次讲座改成了线上活动。	This talk has become an online event.	线上报名和现场报名都可以。	You can register either online or in person.
网友	wǎng yǒu	online friend; internet user	noun	A person known or encountered through the internet.	她和网友一起讨论读书心得。	She discussed her reading reflections with online friends.	不要轻易向网友透露家庭地址。	Do not readily reveal your home address to people online.
影像	yǐng xiàng	image; recorded visuals	noun	A recorded visual representation of people or events.	这些影像保存了城市过去的样子。	These images preserve what the city looked like in the past.	展览同时展示照片和影像。	The exhibition displays both photographs and recorded visuals.
快照	kuài zhào	snapshot	noun	A quick photograph or a saved momentary view.	相册里有很多旅行快照。	The album contains many travel snapshots.	这张快照拍到了大家自然的笑容。	This snapshot captured everyone's natural smiles.
相片	xiàng piàn	photograph	noun	A picture produced by a camera.	这张相片拍摄于十年前。	This photograph was taken ten years ago.	她把相片夹在日记本里。	She put the photograph inside her diary.
合影	hé yǐng	group photo; take a group photo	noun; verb	A photograph showing several people together.	毕业那天，我们在校门口合影。	On graduation day, we took a group photo at the school gate.	这张合影里有全班同学。	This group photo shows the whole class.
短片	duǎn piàn	short film; short video	noun	A brief recorded moving-image work.	他们拍了一部介绍校园的短片。	They made a short film introducing the campus.	这段短片只有三分钟。	This short video is only three minutes long.
摄像机	shè xiàng jī	video camera	noun	A device used to record moving pictures.	摄像机放在稳定的架子上。	The video camera is on a stable stand.	他用摄像机记录了学校的演出。	He recorded the school performance with a video camera.
摄影机	shè yǐng jī	motion-picture camera	noun	A camera used to record films or moving images.	摄影机正在拍摄街头的场景。	The camera is filming a street scene.	导演让摄影机靠近演员。	The director asked for the camera to move closer to the actor.
照相机	zhào xiàng jī	camera	noun	A device that takes photographs.	这台照相机是爸爸送给我的。	My father gave me this camera.	请把照相机放回保护袋里。	Put the camera back in its protective bag.
录制	lù zhì	record; produce a recording	verb	Make a recorded version of sound or video.	他们今天录制了新节目。	They recorded a new program today.	录制结束后，请保存文件。	Save the file after recording ends.
录音机	lù yīn jī	audio recorder	noun	A device used to record or play sound.	老师带来一台小录音机。	The teacher brought a small audio recorder.	旧录音机里还放着一盘磁带。	There is still a tape in the old recorder.
录像机	lù xiàng jī	video recorder	noun	A device that records or plays video recordings.	这台录像机已经很多年没用了。	This video recorder has not been used for many years.	他用录像机保存了家人的演出。	He recorded his family's performance with a video recorder.
录音室	lù yīn shì	recording studio	noun	A room specially prepared for recording sound.	录音室里很安静。	It is very quiet inside the recording studio.	她第一次走进录音室录歌。	She entered a recording studio to record a song for the first time.
录音带	lù yīn dài	audio tape	noun	A tape on which sound is recorded.	这盒录音带保存着奶奶的声音。	This audio tape preserves Grandmother's voice.	听完录音带后，请把它放回盒里。	Put the audio tape back in its case after listening.
摄影棚	shè yǐng péng	film studio; photography studio	noun	An indoor space prepared for photography or filming.	摄影棚里装了几盏大灯。	Several large lights are set up in the studio.	今天的广告在摄影棚拍摄。	Today's advertisement is being filmed in a studio.
背景音乐	bèi jǐng yīn yuè	background music	noun	Music played behind speech or activity.	背景音乐太响，听不清对话。	The background music is too loud to hear the dialogue.	这段视频没有加背景音乐。	No background music was added to this video.
音效	yīn xiào	sound effect	noun	A sound used to create an atmosphere or event.	电影里的雨声音效很真实。	The rain sound effect in the film is realistic.	他给动画加上了脚步音效。	He added footstep sound effects to the animation.
音质	yīn zhì	sound quality	noun	How clear and faithful reproduced sound is.	这副耳机的音质不错。	These earphones have good sound quality.	录音环境会影响音质。	The recording environment affects sound quality.
音调	yīn diào	pitch; tone	noun	The high or low quality of a sound or voice.	他说话的音调突然升高了。	The pitch of his voice suddenly rose.	请模仿录音里的音调。	Imitate the pitch in the recording.
高音	gāo yīn	high note; high pitch	noun	A sound at the upper part of the pitch range.	这首歌的高音很难唱。	The high notes in this song are difficult to sing.	笛子发出了清亮的高音。	The flute produced a clear high note.
低音	dī yīn	low note; bass	noun	A sound at the lower part of the pitch range.	他的低音很有力量。	His low notes are powerful.	音箱里的低音调得太重了。	The speaker's bass is set too strongly.
声道	shēng dào	audio channel	noun	A separate channel carrying recorded sound.	这段录音只有一个声道。	This recording has only one audio channel.	左边声道没有声音，需要检查连接。	The left audio channel is silent; check the connection.
立体声	lì tǐ shēng	stereo sound	noun	Sound reproduced through multiple channels with spatial separation.	这副耳机可以播放立体声。	These earphones can play stereo sound.	立体声让乐器的位置更清楚。	Stereo sound makes the instruments' positions clearer.
声波	shēng bō	sound wave	noun	A vibration that carries sound through a medium.	声波在空气中传播。	Sound waves travel through the air.	这个实验比较了不同声波的变化。	This experiment compared changes in different sound waves.
声调	shēng diào	tone in pronunciation	noun	A pitch pattern that distinguishes spoken syllables.	这个字的声调是一声。	This character is pronounced with the first tone.	说错声调可能改变词义。	Using the wrong tone can change a word's meaning.
声响	shēng xiǎng	sound; noise	noun	An audible sound produced by something.	走廊里传来轻轻的声响。	A soft sound came from the corridor.	门关上时没有发出声响。	The door made no sound when it closed.
音节	yīn jié	syllable	noun	A unit of speech pronounced as one rhythmic part.	这个词有两个音节。	This word has two syllables.	请把每个音节都读清楚。	Pronounce each syllable clearly.
音符	yīn fú	musical note	noun	A written symbol or sound representing a musical pitch.	她在纸上画了几个音符。	She drew several musical notes on the paper.	老师让我们唱出这些音符。	The teacher asked us to sing these notes.
隔音	gé yīn	soundproof; reduce sound transmission	adjective; verb	Prevent sound from passing between spaces.	这个房间的隔音效果很好。	This room has good soundproofing.	厚窗帘不能完全隔音。	Thick curtains cannot block sound completely.
收听	shōu tīng	listen to a broadcast	verb	Listen to a transmitted program.	爷爷每天收听天气预报。	Grandfather listens to the weather forecast every day.	这段节目可以用手机收听。	This program can be listened to on a phone.
收音	shōu yīn	pick up sound or radio signals	verb	Capture sound or receive broadcast signals.	这个麦克风的收音很清楚。	This microphone picks up sound clearly.	录制前先测试收音效果。	Test the sound pickup before recording.
播音员	bō yīn yuán	announcer; broadcaster	noun	A person who presents spoken broadcasts.	播音员正在读晚间新闻。	The announcer is reading the evening news.	她想成为一名播音员。	She wants to become a broadcaster.
播报	bō bào	broadcast; report on air	verb	Present information in a spoken broadcast.	车站正在播报到站信息。	The station is announcing arrival information.	电台每小时播报一次天气。	The radio station broadcasts the weather every hour.
直播	zhí bō	live broadcast	noun; verb	Transmit an event while it is happening.	学校的演出有现场直播。	The school performance is being broadcast live.	这场比赛正在直播。	This match is being broadcast live.
上演	shàng yǎn	perform; stage	verb	Present a play or other performance to an audience.	剧院下周上演一部新戏。	The theater will stage a new play next week.	同学们上演了自己编的故事。	The classmates performed a story they wrote themselves.
放映	fàng yìng	show a film	verb	Project or play a film for an audience.	礼堂今晚放映一部纪录片。	The hall is showing a documentary tonight.	电影放映时请保持安静。	Keep quiet while the film is being shown.
上映	shàng yìng	be released; be shown in cinemas	verb	Become available for public cinema viewing.	这部电影下个月上映。	This film will be released next month.	她盼着新动画电影上映。	She is looking forward to the new animated film's release.
网吧	wǎng bā	internet cafe	noun	A business providing computers and internet access.	这家网吧有安静的阅读区域。	This internet cafe has a quiet reading area.	他在网吧打印了一份资料。	He printed a document at the internet cafe.
平板	píng bǎn	tablet	noun	A portable flat-screen computing device.	她用平板阅读电子书。	She reads electronic books on a tablet.	平板的屏幕比手机大。	The tablet's screen is larger than the phone's.
游戏机	yóu xì jī	game console	noun	A device designed for playing electronic games.	这台游戏机可以接到电视上。	This game console can connect to the television.	玩完后，他把游戏机收进柜子。	He put the game console in the cabinet after playing.
电子游戏	diàn zǐ yóu xì	video game; electronic game	noun	A game played using an electronic device.	她喜欢需要合作的电子游戏。	She likes video games that require cooperation.	电子游戏也要安排合理的时间。	Time spent on video games should also be planned reasonably.
词组	cí zǔ	phrase; word group	noun	A group of words used together as a meaningful unit.	这个词组经常出现在新闻里。	This phrase often appears in the news.	请用这三个词组各造一个句子。	Make a sentence with each of these three phrases.
词条	cí tiáo	dictionary entry	noun	A word or topic listed with information in a reference work.	这个词条给出了两种用法。	This dictionary entry gives two uses.	编辑给词典增加了一个词条。	The editor added an entry to the dictionary.
生词	shēng cí	new word; unfamiliar word	noun	A vocabulary item not yet learned.	这篇短文里有三个生词。	There are three unfamiliar words in this short passage.	遇到生词时先读上下文。	Read the context first when encountering an unfamiliar word.
句型	jù xíng	sentence pattern	noun	A reusable grammatical pattern for forming sentences.	今天我们练习一个新的句型。	Today we are practicing a new sentence pattern.	这个句型可以用来表示比较。	This sentence pattern can be used to express comparison.
句式	jù shì	sentence structure	noun	The structural form in which a sentence is expressed.	两段文字采用了不同的句式。	The two passages use different sentence structures.	改变句式可以让表达更自然。	Changing the sentence structure can make the expression more natural.
问号	wèn hào	question mark	noun	A punctuation mark used at the end of a question.	这个问题后面应该加问号。	A question mark should follow this question.	她漏写了句末的问号。	She left out the question mark at the end of the sentence.
缩写	suō xiě	abbreviation	noun	A shortened form of a word or expression.	这个缩写在不同文章里意思不同。	This abbreviation has different meanings in different articles.	第一次出现缩写时要解释全称。	Explain the full form when an abbreviation first appears.
简写	jiǎn xiě	write in a shortened form	verb	Use a shorter written form to save space or time.	做笔记时可以把常用词简写。	Frequently used words can be shortened when taking notes.	地址不要随意简写，以免送错。	Do not shorten an address carelessly, or delivery may go wrong.
谐音	xié yīn	similar-sounding words	noun	Words with similar sounds used for association or wordplay.	这则广告用了一个有趣的谐音。	This advertisement uses an interesting sound-based pun.	学习时不要只靠谐音记单词。	Do not rely only on sound associations to memorize words.
同音	tóng yīn	have the same pronunciation	adjective	Sharing the same spoken sound.	这两个字同音，但意思不同。	These two characters sound alike but mean different things.	同音的词需要靠上下文区分。	Words with the same pronunciation must be distinguished by context.
双关语	shuāng guān yǔ	pun; double meaning	noun	An expression deliberately carrying two meanings.	这句话是一个双关语。	This sentence is a pun.	理解双关语需要了解上下文。	Understanding a pun requires knowing the context.
形容词	xíng róng cí	adjective	noun	A word describing a quality or condition.	这个形容词可以描述人的性格。	This adjective can describe a person's character.	请从文章里找出三个形容词。	Find three adjectives in the article.
名词	míng cí	noun	noun	A word naming a person, object, place or concept.	表示物品名称的词通常是名词。	Words naming objects are usually nouns.	这道题要求填写一个名词。	This question asks for a noun.
复数	fù shù	plural form	noun	A grammatical form indicating more than one.	这个名词的复数形式不规则。	This noun has an irregular plural form.	句子里指很多人，要使用复数。	The sentence refers to many people, so use the plural.
拼写	pīn xiě	spelling; spell	noun; verb	Write a word using the correct sequence of letters.	我不确定这个词的拼写。	I am unsure of this word's spelling.	请慢一点拼写你的名字。	Spell your name a little more slowly.
工整	gōng zhěng	neat and orderly	adjective	Written or arranged clearly and regularly.	她的字写得很工整。	Her handwriting is very neat.	这份笔记工整，容易复习。	These notes are neat and easy to review.
原文	yuán wén	original text	noun	The text as originally written, before translation or alteration.	翻译前先仔细阅读原文。	Read the original text carefully before translating.	引用时不要改变原文。	Do not change the original text when quoting it.
解读	jiě dú	interpret	verb	Explain or understand the meaning of a text or event.	老师带我们解读这首诗。	The teacher guided us in interpreting this poem.	不同读者可能有不同的解读。	Different readers may have different interpretations.
改写	gǎi xiě	rewrite	verb	Express existing content in a different form.	请把这句话改写得更简短。	Rewrite this sentence more briefly.	她把故事改写成了剧本。	She rewrote the story as a play.
朗诵	lǎng sòng	recite aloud	verb	Read or recite a text aloud with expressive delivery.	她在台上朗诵一首诗。	She recited a poem on stage.	朗诵时要注意停顿和节奏。	Pay attention to pauses and rhythm when reciting.
诵读	sòng dú	read or recite aloud	verb	Read a text aloud repeatedly or expressively.	学生每天诵读一小段课文。	The students read a short passage aloud each day.	他通过诵读熟悉文章的节奏。	He became familiar with the passage's rhythm by reading it aloud.
自学	zì xué	study independently	verb	Learn a subject without regular teacher instruction.	她利用周末自学摄影。	She studies photography independently on weekends.	这本书适合中文初学者自学。	This book suits beginners studying Chinese on their own.
自习	zì xí	self-study session; study by oneself	noun; verb	Study independently during an allotted period.	晚饭后我去图书馆自习。	I go to the library to study after dinner.	自习时请不要大声交谈。	Do not speak loudly during self-study time.
用功	yòng gōng	study diligently; work hard	adjective; verb	Put sustained effort into study or work.	她很用功，每天都复习。	She studies diligently and reviews every day.	考试前他比平时更用功。	He studies harder than usual before exams.
课外	kè wài	outside class	adjective	Taking place beyond regular classroom lessons.	这本书适合课外阅读。	This book is suitable for extracurricular reading.	他参加了一个课外音乐小组。	He joined an extracurricular music group.
听课	tīng kè	attend and listen to a lesson	verb	Listen to teaching during a class.	她生病时在家在线听课。	She attended classes online from home while ill.	认真听课可以减少课后的疑问。	Listening carefully in class can reduce questions afterward.
听讲	tīng jiǎng	listen to an explanation or lesson	verb	Pay attention while someone is explaining or teaching.	老师讲题时，大家专心听讲。	Everyone listened carefully while the teacher explained the problem.	他边听讲边记笔记。	He took notes while listening to the explanation.
读物	dú wù	reading material	noun	A book or text intended for reading.	图书馆增加了儿童读物。	The library added children's reading materials.	这种读物适合睡前阅读。	This reading material is suitable for bedtime.
书本	shū běn	books	noun	Books considered as physical or learning objects.	书本不要堆在地上。	Do not pile books on the floor.	她把书本整齐地放回书包。	She put the books neatly back in her schoolbag.
书名	shū míng	book title	noun	The name of a book.	我记得内容，却忘了书名。	I remember the contents but forgot the book's title.	请把书名写在借阅单上。	Write the book title on the borrowing slip.
书页	shū yè	book page	noun	A single page of a book.	这本书的书页已经发黄。	The pages of this book have yellowed.	不要折书页，可以用书签。	Use a bookmark instead of folding the pages.
册子	cè zi	booklet	noun	A small, bound set of printed pages.	门口可以领取介绍活动的册子。	You can pick up an activity booklet at the entrance.	这个册子记录了常用的电话。	This booklet lists commonly used phone numbers.
小册子	xiǎo cè zi	small booklet	noun	A short printed booklet with a limited topic.	老师发了一本发音小册子。	The teacher handed out a pronunciation booklet.	我把旅游小册子放在背包里。	I put the travel booklet in my backpack.
丛书	cóng shū	book series	noun	A set of books published as a related collection.	这套丛书介绍不同国家的文化。	This book series introduces different countries' cultures.	我只买了丛书中的第一本。	I bought only the first book in the series.
参考	cān kǎo	consult; refer to	verb	Use another source for guidance or information.	你可以参考书后的答案。	You can consult the answers at the back of the book.	设计房间时，她参考了几张照片。	She used several photos as references when designing the room.
参考资料	cān kǎo zī liào	reference material	noun	Sources used to support study or research.	报告最后列出了参考资料。	The report lists its reference materials at the end.	这些参考资料只能在馆内阅读。	These reference materials may only be read inside the library.
记事本	jì shì běn	notebook; notepad	noun	A small book used for brief written records.	我随身带着一个记事本。	I carry a small notebook with me.	把重要日期写进记事本。	Write important dates in the notebook.
日记本	rì jì běn	diary; journal	noun	A book used to record daily experiences.	这本日记本是我的生日礼物。	This diary was my birthday present.	她把演出的门票夹进日记本。	She put the performance ticket inside her diary.
笔录	bǐ lù	written record; transcript	noun	A written record of spoken information.	她把访谈笔录整理成了报告。	She turned the interview transcript into a report.	请核对笔录是否准确。	Check whether the written record is accurate.
纸条	zhǐ tiáo	paper slip	noun	A small strip or piece of paper carrying a note.	我在门上发现一张纸条。	I found a paper slip on the door.	她把号码写在纸条上。	She wrote the number on a slip of paper.
字条	zì tiáo	written note	noun	A short written message on a small piece of paper.	妈妈留了一张字条，说晚点回来。	Mom left a note saying she would return later.	桌上的字条提醒我带雨伞。	The note on the table reminds me to bring an umbrella.
便条	biàn tiáo	brief note	noun	A short written message for practical communication.	我给同事写了一张便条。	I wrote a short note for my colleague.	这张便条说明了取资料的时间。	This note states when to collect the materials.
标语	biāo yǔ	slogan; posted message	noun	A short public statement displayed prominently.	墙上的标语提醒大家节约用水。	The wall slogan reminds people to save water.	学生为运动会写了几条标语。	The students wrote several slogans for the sports day.
教科书	jiào kē shū	textbook	noun	A book arranged for teaching a school subject.	这本教科书有很多插图。	This textbook contains many illustrations.	新版教科书增加了练习题。	The new edition of the textbook has added exercises.
板书	bǎn shū	writing on the board	noun	Content written on a classroom board during teaching.	老师的板书分成了三部分。	The teacher's board writing is divided into three parts.	请把重要的板书记在本子上。	Write down the important board notes in your notebook.
功课	gōng kè	schoolwork; lessons	noun	Study tasks or lessons that must be prepared.	做完功课后，我去散步。	I went for a walk after finishing my schoolwork.	她每天花一点时间温习功课。	She spends some time reviewing her lessons each day.
教导	jiào dǎo	instruct; guide	verb	Give guidance in knowledge or proper conduct.	父母教导孩子要守信用。	Parents teach children to keep their word.	这位老师耐心教导新来的学生。	This teacher patiently guides the new students.
教法	jiào fǎ	teaching method	noun	The method used to teach a subject or skill.	老师根据学生的情况调整教法。	The teacher adjusts the teaching method to the students' needs.	这种教法鼓励学生主动提问。	This teaching method encourages students to ask questions actively.
教课	jiāo kè	teach classes	verb	Give instruction in a class.	她上午教课，下午准备材料。	She teaches in the morning and prepares materials in the afternoon.	爷爷以前在乡村学校教课。	Grandfather used to teach at a village school.
教员	jiào yuán	teacher; instructor	noun	A person employed to teach or instruct.	培训中心聘请了两名教员。	The training center hired two instructors.	这位教员负责指导实际操作。	This instructor is responsible for practical training.
执教	zhí jiào	teach; coach professionally	verb	Work as the teacher or coach of a group.	她在这所学校执教多年。	She has taught at this school for many years.	这位教练开始执教青年队。	This coach began coaching the youth team.
校正	jiào zhèng	correct; calibrate	verb	Adjust an error to make something accurate.	印刷前需要校正错字。	Misprints need correcting before printing.	这台仪器要定期校正。	This instrument needs regular calibration.
辅导员	fǔ dǎo yuán	student adviser; counselor	noun	A staff member who guides students in study or daily life.	辅导员帮助新生熟悉校园。	The adviser helps new students become familiar with the campus.	遇到住宿问题，可以找辅导员。	You can contact the adviser about accommodation problems.
补课	bǔ kè	make up a lesson	verb	Attend an extra lesson to cover missed material.	她请假后需要补课。	She needs to make up lessons after taking leave.	老师安排周五给大家补课。	The teacher arranged a make-up lesson for everyone on Friday.
补习	bǔ xí	take extra tuition	verb	Study a subject with additional guidance or lessons.	他利用假期补习数学。	He took extra mathematics tuition during the holidays.	补习以后，她理解了以前的难点。	After extra tuition, she understood the points she had found difficult.
补习班	bǔ xí bān	extra-tuition class	noun	A class providing additional subject teaching.	她周末去参加英语补习班。	She attends an English tuition class on weekends.	这个补习班每班只有六个人。	This tuition class has only six people in each group.
培训班	péi xùn bān	training course; training class	noun	A course designed to teach a practical skill.	公司安排了一个安全培训班。	The company arranged a safety training course.	她在摄影培训班认识了新朋友。	She met new friends in a photography training class.
学期	xué qī	school term; semester	noun	One part of an academic year.	这个学期我们换了新教室。	We moved to a new classroom this term.	学期结束前要归还借来的书。	Return the borrowed books before the term ends.
期末	qī mò	end of a school term	noun	The final part of an academic term.	期末考试安排在六月。	The final examinations are scheduled for June.	期末时，老师给大家写了评语。	The teacher wrote comments for everyone at the end of the term.
入学	rù xué	enroll in school; enter school	verb	Begin attendance at an educational institution.	妹妹今年秋天入学。	My younger sister starts school this autumn.	入学前需要准备哪些材料？	What documents are needed before entering school?
返校	fǎn xiào	return to school	verb	Go back to school after an absence.	假期结束后，学生陆续返校。	The students returned to school after the holidays.	她康复后已经返校上课。	She has returned to classes after recovering.
学院	xué yuàn	college; faculty	noun	A higher-education institution or a division within one.	他在音乐学院学习。	He studies at a music college.	这个学院开设了新的课程。	This faculty has introduced new courses.
高校	gāo xiào	higher-education institution	noun	A college or university offering advanced education.	几所高校联合举办了讲座。	Several higher-education institutions organized the talk together.	这个展览向附近高校的学生开放。	This exhibition is open to students from nearby colleges and universities.
中学	zhōng xué	secondary school	noun	A school providing education after primary school.	这所中学离我家很近。	This secondary school is near my home.	哥哥在中学参加了篮球队。	My older brother joined a basketball team at secondary school.
初中	chū zhōng	junior secondary school	noun	The earlier stage of secondary education.	她今年开始读初中。	She starts junior secondary school this year.	这本词典适合初中学生。	This dictionary suits junior secondary students.
高中	gāo zhōng	senior secondary school	noun	The later stage of secondary education.	哥哥在高中学习物理。	My older brother studies physics at senior secondary school.	这所高中有很大的图书馆。	This senior secondary school has a large library.
大学生	dà xué shēng	university student	noun	A student attending a university.	几位大学生来学校做志愿服务。	Several university students came to the school to volunteer.	她是一名学习医学的大学生。	She is a university student studying medicine.
小学生	xiǎo xué shēng	primary-school student	noun	A child attending primary school.	小学生过马路时要注意安全。	Primary-school students should be careful when crossing the road.	这本书为小学生设计。	This book is designed for primary-school students.
中学生	zhōng xué shēng	secondary-school student	noun	A student attending secondary school.	这次活动由中学生组织。	This activity was organized by secondary-school students.	中学生可以借阅这一类读物。	Secondary-school students may borrow this type of reading material.
高中生	gāo zhōng shēng	senior secondary student	noun	A student in the later stage of secondary school.	几个高中生正在准备演讲。	Several senior secondary students are preparing a speech.	这份阅读材料适合高中生。	This reading material suits senior secondary students.
新生	xīn shēng	new student	noun	A student newly admitted to an institution.	老师带新生参观教室。	The teacher showed the new students around the classroom.	新生入学后要领取课表。	New students collect a timetable after enrollment.
学员	xué yuán	trainee; course participant	noun	A person enrolled in a training course.	这次培训有二十名学员。	There are twenty participants in this training course.	教员给学员示范了操作方法。	The instructor demonstrated the procedure to the trainees.
考生	kǎo shēng	exam candidate	noun	A person taking an examination.	考生应提前找到自己的座位。	Candidates should find their seats beforehand.	每位考生都领到了一份试卷。	Each candidate received an exam paper.
考官	kǎo guān	examiner	noun	A person who evaluates an examination candidate.	考官请她读一段文章。	The examiner asked her to read a passage.	两位考官分别记录了成绩。	The two examiners recorded the results separately.
成绩单	chéng jì dān	grade report; transcript	noun	A document listing a student's results.	她把成绩单带回家给父母看。	She brought her grade report home to show her parents.	申请学校时需要提交成绩单。	An academic transcript is required when applying to a school.
评分	píng fēn	mark; assign a score	verb	Give a numerical evaluation according to criteria.	老师按照统一标准评分。	The teacher marked the work using one standard.	评分结束后会公布结果。	The results will be announced after scoring ends.
科目	kē mù	school subject; assessment category	noun	A distinct subject studied or examined.	这个学期增加了新的科目。	A new subject was added this term.	请注明你要报考的科目。	State the subject you want to be examined in.
地理	dì lǐ	geography	noun	The study of places, environments and their relationships.	地理课上我们学习看地图。	We learn to read maps in geography class.	她对家乡的地理很熟悉。	She is familiar with the geography of her hometown.
读懂	dú dǒng	understand by reading	verb	Comprehend the meaning of written material.	我终于读懂了这封信。	I finally understood this letter.	这段说明太复杂，不容易读懂。	These instructions are complicated and difficult to understand.
听懂	tīng dǒng	understand what is heard	verb	Comprehend spoken language or explanation.	他说得很慢，我都听懂了。	He spoke slowly, and I understood everything.	如果没听懂，可以请老师再说一次。	If you do not understand, ask the teacher to repeat it.
职员	zhí yuán	office employee; staff member	noun	A person employed by an organization, especially in office work.	这家公司有三十名职员。	This company has thirty employees.	前台职员帮我联系了负责人。	The front-desk staff member helped me contact the person in charge.
职工	zhí gōng	employees; workforce	noun	Workers and employees of an organization collectively.	工厂为职工安排了体检。	The factory arranged health checks for its employees.	职工可以在食堂吃午饭。	Employees can have lunch in the canteen.
实习生	shí xí shēng	intern	noun	A learner gaining practical experience in a workplace.	实习生正在学习整理档案。	The intern is learning to organize records.	部门给每位实习生安排了指导老师。	The department assigned a mentor to each intern.
临时工	lín shí gōng	temporary worker	noun	A worker employed for a limited period.	店里请了两名临时工帮忙。	The shop hired two temporary workers to help.	她暑假做过临时工。	She worked as a temporary worker during the summer holidays.
总经理	zǒng jīng lǐ	general manager	noun	The person managing an organization's overall operations.	总经理在会议上介绍了新计划。	The general manager introduced the new plan at the meeting.	她今天需要向总经理汇报进度。	She needs to report progress to the general manager today.
副经理	fù jīng lǐ	deputy manager	noun	A manager who supports or substitutes for the main manager.	经理不在时由副经理负责。	The deputy manager is in charge when the manager is absent.	副经理协调了各组的工作。	The deputy manager coordinated the groups' work.
助理	zhù lǐ	assistant	noun	A person who helps another person with work duties.	助理把会议资料送到了办公室。	The assistant delivered the meeting materials to the office.	她担任摄影师的助理。	She works as a photographer's assistant.
顾问	gù wèn	adviser; consultant	noun	A person who provides specialist advice.	公司请顾问检查了培训方案。	The company asked a consultant to review the training plan.	这位顾问熟悉学校管理。	This adviser is familiar with school management.
会计师	kuài jì shī	accountant	noun	A professional who prepares and reviews financial records.	会计师正在核对账目。	The accountant is checking the accounts.	她找会计师咨询公司的财务问题。	She consulted an accountant about the company's finances.
设计者	shè jì zhě	designer	noun	The person who creates the plan or form of something.	这张椅子的设计者考虑了儿童身高。	The designer of this chair considered children's height.	展览介绍了每件作品的设计者。	The exhibition introduces the designer of each work.
工友	gōng yǒu	fellow worker	noun	A person who works alongside another worker.	工友帮他搬走了重箱子。	His fellow worker helped move the heavy box.	休息时，工友们一起聊天。	The workers chat together during breaks.
公事	gōng shì	official or work-related business	noun	A matter arising from one's job or public duties.	这次出差是为了处理公事。	This business trip is for work-related matters.	她习惯把公事和私事分开。	She prefers to keep work matters separate from personal matters.
工作室	gōng zuò shì	studio; workshop	noun	A space used for creative or professional work.	她的工作室里放满了画。	Her studio is full of paintings.	工作室每周开放一次。	The studio opens to visitors once a week.
工作站	gōng zuò zhàn	workstation	noun	A computer or equipped station used for professional tasks.	这台工作站用来处理大型图像。	This workstation processes large images.	每个工作站旁都放着操作说明。	Operating instructions are beside each workstation.
工作组	gōng zuò zǔ	working group	noun	A group formed to carry out a particular task.	学校成立了一个活动工作组。	The school formed a working group for the event.	工作组每周检查一次进度。	The working group checks progress each week.
工作量	gōng zuò liàng	workload	noun	The amount of work that needs to be done.	这周的工作量比上周大。	The workload is heavier this week than last week.	新工具减少了重复的工作量。	The new tool reduced repetitive work.
工作流程	gōng zuò liú chéng	workflow	noun	The ordered steps followed when performing a job.	新员工先学习工作流程。	New employees learn the workflow first.	我们简化了文件审批的工作流程。	We simplified the workflow for document approval.
办公桌	bàn gōng zhuō	office desk	noun	A desk used for office work.	我的办公桌靠近窗户。	My office desk is near the window.	下班前请整理办公桌。	Tidy your office desk before leaving work.
办公楼	bàn gōng lóu	office building	noun	A building containing workplaces and offices.	这栋办公楼有六层。	This office building has six floors.	她在办公楼门口等同事。	She is waiting for her colleague outside the office building.
人事部	rén shì bù	personnel department	noun	The department handling employee-related affairs.	请把请假申请交给人事部。	Submit the leave request to the personnel department.	人事部通知我下周面试。	The personnel department informed me of an interview next week.
人力资源	rén lì zī yuán	human resources	noun	The workforce and its management within an organization.	她在人力资源部门工作。	She works in the human resources department.	合理安排人力资源能减少加班。	Planning human resources properly can reduce overtime.
求职者	qiú zhí zhě	job applicant; job seeker	noun	A person looking or applying for employment.	求职者在门口等候面试。	The job applicants waited outside for interviews.	这次活动向求职者介绍了招聘信息。	This event introduced recruitment information to job seekers.
就职	jiù zhí	take up a position	verb	Begin serving in a job or official role.	她明天到新公司就职。	She starts her position at the new company tomorrow.	他就职后先熟悉了团队。	He got to know the team after taking up the position.
就业	jiù yè	gain employment	verb; noun	Find or hold paid work.	培训帮助学员提高就业能力。	The training helps participants improve their employability.	毕业后，她选择在家乡就业。	After graduation, she chose to work in her hometown.
录用	lù yòng	hire; appoint	verb	Accept a person for a job or position.	通过面试后，她被公司录用了。	The company hired her after the interview.	录用通知将在下周发出。	The appointment notice will be sent next week.
专长	zhuān cháng	special skill; expertise	noun	A skill or field in which someone is particularly capable.	他的专长是修理旧家具。	His specialty is repairing old furniture.	老师鼓励每个人发挥自己的专长。	The teacher encourages everyone to use their particular skills.
尽职	jìn zhí	perform one's duties conscientiously	verb	Carry out assigned responsibilities properly.	这位管理员很尽职。	This administrator performs her duties conscientiously.	他尽职地检查了每一个出口。	He checked every exit conscientiously.
敬业	jìng yè	dedicated to one's work	adjective	Taking one's work seriously and responsibly.	她虽然经验少，但十分敬业。	She lacks experience but is very dedicated to her work.	敬业不等于永远不休息。	Dedication to work does not mean never resting.
失职	shī zhí	neglect one's duties	verb	Fail to perform responsibilities properly.	漏掉重要检查被认为是失职。	Missing an important check was considered neglect of duty.	发现失职问题后，团队改进了流程。	The team improved the process after finding a failure of duty.
开工	kāi gōng	start work	verb	Begin a construction or production task.	材料到齐以后就可以开工。	Work can begin once all the materials arrive.	工人们早上七点开工。	The workers start work at seven in the morning.
完工	wán gōng	finish a construction or production task	verb	Complete the work on a project or product.	这座小桥下周就能完工。	This small bridge can be finished next week.	房间完工后还要检查一次。	The room needs another inspection after the work is finished.
工期	gōng qī	project completion period	noun	The planned time allowed for completing work.	下雨使工期延长了几天。	Rain extended the construction period by several days.	这项维修的工期是一周。	The repair is scheduled to take one week.
动工	dòng gōng	begin construction	verb	Start building or carrying out construction work.	新教室下个月动工。	Construction of the new classroom begins next month.	动工前，工作人员检查了地面。	Staff inspected the ground before construction began.
工地	gōng dì	construction site	noun	A place where building work is taking place.	工地旁边设了安全围栏。	A safety fence was set up beside the construction site.	经过工地时要注意路面。	Watch the ground when passing the construction site.
值班	zhí bān	be on duty	verb	Be responsible for work during an assigned period.	今晚由我值班。	I am on duty tonight.	值班人员会记录来访信息。	The staff on duty record visitor information.
当班	dāng bān	be on shift	verb	Work the currently assigned shift.	请找当班的负责人。	Please find the supervisor on the current shift.	她当班时遇到了一次停电。	She experienced a power outage while on shift.
换班	huàn bān	change shifts	verb	Replace one shift of workers with another.	两组工作人员在中午换班。	The two staff groups change shifts at noon.	换班前要交代未完成的工作。	Explain unfinished tasks before changing shifts.
晚班	wǎn bān	evening shift	noun	A work period scheduled late in the day.	她这周上晚班。	She works the evening shift this week.	晚班结束后，食堂已经关门了。	The canteen had closed by the time the evening shift ended.
早班	zǎo bān	morning shift	noun	A work period starting early in the day.	我明天上早班，要早点睡。	I have the morning shift tomorrow and need to sleep early.	早班的同事已经准备好材料。	The morning-shift colleagues have prepared the materials.
班次	bān cì	shift; scheduled service	noun	An assigned shift or scheduled round of operation.	下周的班次安排已经贴出来。	Next week's shift schedule has been posted.	她想和同事交换一个班次。	She wants to exchange a shift with a colleague.
出勤	chū qín	attend work or school	verb	Be present when scheduled to work or study.	老师记录了本周的出勤情况。	The teacher recorded attendance for this week.	暴雨影响了员工出勤。	Heavy rain affected employee attendance.
辞掉	cí diào	quit; dismiss	verb	End a job or remove someone from a position.	她辞掉工作去继续学习。	She quit her job to continue studying.	他没有因为一时生气就辞掉工作。	He did not quit his job just because he was momentarily angry.
跳槽	tiào cáo	change jobs	verb	Move from one employer to another.	他跳槽到一家规模更小的公司。	He moved to a smaller company.	跳槽之前，她仔细比较了工作内容。	She carefully compared job duties before changing employers.
分派	fēn pài	assign; allocate	verb	Give tasks or resources to different people.	经理把任务分派给各组。	The manager assigned the tasks to the different groups.	工作应按照能力合理分派。	Work should be allocated according to people's abilities.
分组	fēn zǔ	divide into groups	verb	Separate people or items into several groups.	老师按兴趣给学生分组。	The teacher grouped students by their interests.	活动开始前，大家先分组。	Everyone divided into groups before the activity began.
分发	fēn fā	hand out; distribute	verb	Give one or more items to each recipient.	同学们帮忙分发资料。	The classmates helped hand out the materials.	请把这些练习本分发给大家。	Hand these exercise books out to everyone.
协同	xié tóng	coordinate jointly	verb	Work together in a coordinated way.	两个部门协同处理了这件事。	The two departments handled the matter together.	设备需要协同运行才能完成任务。	The devices must operate together to finish the task.
协商	xié shāng	negotiate; consult together	verb	Discuss a matter to reach an agreed arrangement.	时间冲突时，可以先协商。	When schedules conflict, discuss an arrangement first.	双方协商后决定延期。	The two sides agreed to postpone after discussions.
商讨	shāng tǎo	discuss in detail	verb	Consider a matter together to make a decision.	老师们正在商讨活动安排。	The teachers are discussing the activity arrangements.	这个问题需要和家人商讨。	This issue needs discussing with the family.
面谈	miàn tán	talk in person	verb	Discuss something face to face.	复杂的问题最好约时间面谈。	It is better to arrange an in-person discussion for complicated issues.	她和老师面谈了学习计划。	She discussed her study plan with the teacher in person.
会谈	huì tán	hold talks	verb; noun	Have an arranged discussion about significant matters.	学校和家长代表举行了会谈。	The school held talks with parent representatives.	这次会谈讨论了学生住宿。	These talks discussed student accommodation.
商谈	shāng tán	discuss terms or arrangements	verb	Talk about a practical matter to reach an arrangement.	他们正在商谈合作方式。	They are discussing how to cooperate.	房租到期前，她和房东商谈续租。	She discussed renewing the rental with the landlord before it expired.
研讨会	yán tǎo huì	seminar; workshop	noun	A meeting devoted to discussing a specialized subject.	她参加了一场教学研讨会。	She attended a seminar on teaching.	研讨会最后安排了小组交流。	Group discussions were arranged at the end of the seminar.
讨论会	tǎo lùn huì	discussion meeting	noun	A meeting arranged for exchanging views on a topic.	班级下周开一次读书讨论会。	The class will hold a reading discussion next week.	讨论会欢迎大家提出不同意见。	The discussion meeting welcomes different opinions.
会见	huì jiàn	meet formally	verb	Receive or meet a person in an arranged setting.	校长会见了来访的教师。	The principal met the visiting teachers.	会见结束后，大家参观了校园。	Everyone toured the campus after the meeting.
会合	huì hé	meet up; converge	verb	Come together at an agreed place.	我们在图书馆门口会合。	We met up at the library entrance.	两组队员下午在山脚会合。	The two groups met at the foot of the mountain in the afternoon.
碰头	pèng tóu	meet briefly	verb	Have a brief informal meeting.	我们午饭前碰头商量一下。	Let's meet briefly before lunch to discuss it.	他们每周碰头一次，交换进度。	They meet briefly once a week to share progress.
相约	xiāng yuē	arrange to meet or do something together	verb	Make a shared plan with another person.	我们相约周末去看展览。	We arranged to visit the exhibition together on the weekend.	几位旧友相约回母校看看。	Several old friends arranged to visit their former school together.
筹划	chóu huà	plan and prepare	verb	Organize ideas and preparations for a future activity.	她正在筹划一次小型展览。	She is planning a small exhibition.	这次旅行筹划了很久。	This trip was planned for a long time.
制订	zhì dìng	formulate a plan or rule	verb	Create an organized plan, standard or policy.	老师和学生一起制订学习计划。	The teacher and students formulated a study plan together.	团队正在制订新的工作标准。	The team is drawing up new work standards.
议题	yì tí	topic for discussion	noun	A matter placed on an agenda for discussion.	今天会议的议题是课程安排。	Today's meeting topic is the course schedule.	这个议题需要更多资料。	This discussion topic needs more information.
专题	zhuān tí	special topic	noun	A focused treatment of one particular subject.	杂志做了一个阅读专题。	The magazine prepared a special feature on reading.	这次讲座是关于城市交通的专题。	This lecture focuses specifically on urban transport.
名额	míng é	available place; quota	noun	One of a limited number of available positions.	这个课程只剩两个名额。	Only two places remain on this course.	报名成功不代表一定有名额。	Successful registration does not guarantee an available place.
备忘录	bèi wàng lù	memorandum; reminder note	noun	A written record of matters to remember or communicate.	她把约定写进备忘录。	She recorded the agreement in a reminder note.	这份备忘录列出了后续任务。	This memorandum lists the follow-up tasks.
简报	jiǎn bào	brief report; bulletin	noun	A short report summarizing important developments.	经理在早会上读了一份简报。	The manager read a brief report at the morning meeting.	学校每月发布活动简报。	The school publishes an activity bulletin every month.
汇报	huì bào	report to a person or group	verb	Give an organized account of progress or results.	她向老师汇报了调查结果。	She reported the survey results to the teacher.	每组用五分钟汇报进度。	Each group has five minutes to report its progress.
上报	shàng bào	report to a higher level	verb	Send information to a higher authority or department.	发现问题后要及时上报。	Report a problem to the higher level promptly when it is found.	工作人员把数据上报给主管。	The staff reported the data to the supervisor.
报表	bào biǎo	report form; statement	noun	A structured table presenting recorded results or figures.	这张报表显示了本月支出。	This statement shows this month's expenditure.	提交报表前请核对数字。	Check the figures before submitting the report form.
协议书	xié yì shū	written agreement	noun	A document recording terms agreed by parties.	双方在协议书上签字。	Both sides signed the written agreement.	这份协议书明确了合作期限。	This agreement states the period of cooperation.
签订	qiān dìng	sign and conclude an agreement	verb	Formally agree to a contract by signing it.	学校与机构签订了合作协议。	The school signed a cooperation agreement with the organization.	签订合同前要仔细阅读条款。	Read the terms carefully before signing the contract.
资助	zī zhù	provide financial support	verb	Help someone or something with money.	这个项目资助学生完成研究。	This project provides students with funding for their research.	她希望资助家乡的图书室。	She hopes to fund her hometown's reading room.
赞助	zàn zhù	sponsor	verb	Provide resources to support an event or project.	本地企业赞助了学校的比赛。	A local company sponsored the school competition.	活动主办方正在寻找赞助。	The event organizer is looking for sponsorship.
福利	fú lì	employee benefits; welfare	noun	Support or benefits provided to employees or a community.	公司介绍了员工福利。	The company explained its employee benefits.	这项福利包括定期健康检查。	This benefit includes regular health checks.
代理	dài lǐ	act on behalf of; agent	verb; noun	Handle a matter on behalf of another person or organization.	她代理同事处理了当天的工作。	She handled the day's work on behalf of her colleague.	这个代理负责联系不同的出版社。	This agent contacts different publishers.
环节	huán jié	step; link in a process	noun	One connected part of a larger process.	最后一个环节是提问。	The final part is for questions.	这个环节出了问题，会影响后面。	A problem at this step will affect what follows.
进程	jìn chéng	course; ongoing process	noun	The development of an activity through time.	天气影响了比赛进程。	The weather affected the course of the match.	老师定期检查学习进程。	The teacher regularly checks the progress of learning.
周期	zhōu qī	cycle; recurring period	noun	The time needed for a recurring process.	这项检查的周期是一个月。	This check repeats on a monthly cycle.	不同植物的生长周期不一样。	Different plants have different growth cycles.
学问	xué wèn	knowledge; learning	noun	Accumulated understanding of a subject or the skill behind an activity.	养花也有不少学问。	There is plenty to learn about growing flowers too.	他愿意向有学问的人请教。	He likes asking knowledgeable people for advice.
理念	lǐ niàn	guiding idea; philosophy	noun	A belief or idea that guides choices and actions.	这所学校重视合作的教育理念。	This school values an educational philosophy of cooperation.	设计理念是让阅读更舒服。	The guiding design idea is to make reading more comfortable.
实用	shí yòng	practical; useful	adjective	Useful in real situations.	这本小册子很实用。	This booklet is very practical.	她送给我一份实用的旅行清单。	She gave me a useful travel checklist.
成效	chéng xiào	results; effectiveness	noun	A useful or successful result of effort.	坚持练习后，学习有了成效。	Regular practice produced results in learning.	新办法的成效还需要观察。	The effectiveness of the new method still needs observing.
省事	shěng shì	save trouble; convenient	adjective; verb	Reduce effort or unnecessary trouble.	提前准备材料比较省事。	Preparing the materials ahead of time saves trouble.	这个工具让整理照片更省事。	This tool makes organizing photos less troublesome.
省力	shěng lì	save effort	adjective; verb	Require or use less physical effort.	用小车搬箱子更省力。	Moving boxes with a trolley takes less effort.	这个把手的设计很省力。	The design of this handle makes it easy to use.
省去	shěng qù	omit; dispense with	verb	Remove a step or item that is unnecessary.	网上提交可以省去邮寄步骤。	Submitting online removes the need to post the documents.	这句话可以省去最后一个词。	The last word can be omitted from this sentence.
节省	jié shěng	save; economize	verb	Use less time, money or other resources.	提前订票可以节省一些钱。	Booking early can save some money.	大家共用资料能节省纸张。	Sharing materials can save paper.
提早	tí zǎo	do something earlier	verb	Move an action to an earlier time.	她提早十分钟到了教室。	She arrived in the classroom ten minutes early.	如果天气变差，我们会提早回家。	We will go home earlier if the weather gets worse.
尽早	jǐn zǎo	as early as possible	adverb	At the earliest practical time.	有问题请尽早告诉我。	Tell me as early as possible if there is a problem.	她希望尽早完成作业。	She hopes to finish the homework as early as possible.
督促	dū cù	urge; supervise and encourage	verb	Remind or press someone to carry out a task.	老师督促我们按时交作业。	The teacher urged us to hand in homework on time.	她设置提醒，督促自己每天练习。	She set reminders to encourage herself to practice daily.
激励	jī lì	motivate; inspire	verb	Give someone reasons or confidence to act.	这次进步激励她继续学习。	This improvement motivated her to keep studying.	老师用具体的肯定激励学生。	The teacher motivates students with specific praise.
鼓舞	gǔ wǔ	encourage; lift spirits	verb	Increase someone's confidence or enthusiasm.	同学们的支持让他很受鼓舞。	His classmates' support greatly encouraged him.	这次成功鼓舞了整个团队。	This success lifted the whole team's spirits.
自立	zì lì	be self-reliant	verb	Manage one's life or responsibilities independently.	她离家以后学会了自立。	She learned to be self-reliant after leaving home.	父母鼓励孩子逐渐自立。	The parents encourage their child to become independent gradually.
互助	hù zhù	help one another	verb; noun	Provide help to each other.	同学们组成了互助小组。	The classmates formed a mutual-help group.	邻里互助让生活方便很多。	Neighbors helping one another makes life much easier.
共事	gòng shì	work together	verb	Work in the same setting or on shared tasks.	我们曾经共事三年。	We worked together for three years.	与她共事让我学到很多。	Working with her taught me a lot.
应酬	yìng chou	socialize for practical obligations	verb; noun	Attend social activities connected with work or obligations.	他今晚有工作上的应酬。	He has a work-related social engagement tonight.	她尽量减少不必要的应酬。	She tries to reduce unnecessary social obligations.
守约	shǒu yuē	keep an agreement	verb	Follow an agreement or attend as promised.	约好时间以后，双方都要守约。	Both sides should keep the agreement after setting a time.	她一向守约，从不无故迟到。	She always keeps her appointments and is never late without reason.
守信用	shǒu xìn yòng	keep one's word	verb phrase	Do what one has promised to do.	答应别人的事情要守信用。	Keep your word about things you promise others.	他很守信用，按时还了书。	He kept his word and returned the book on time.
信守	xìn shǒu	honor; faithfully keep	verb	Continue to follow a promise or commitment.	双方都应信守承诺。	Both sides should honor their promises.	她信守约定，没有透露朋友的秘密。	She kept the agreement and did not reveal her friend's secret.
责任感	zé rèn gǎn	sense of responsibility	noun	An awareness of being accountable for one's duties.	照顾植物培养了他的责任感。	Caring for plants developed his sense of responsibility.	她对这项工作有很强的责任感。	She has a strong sense of responsibility toward this work.
责任心	zé rèn xīn	responsible attitude	noun	A willingness to take duties seriously.	这位老师很有责任心。	This teacher takes her responsibilities seriously.	养宠物需要耐心和责任心。	Keeping a pet requires patience and a responsible attitude.
发言权	fā yán quán	right to speak; influence in discussion	noun	The right or standing to express views on a matter.	每个组员都应该有发言权。	Every group member should have the right to speak.	了解实际情况才能更有发言权。	Knowing the situation gives you a stronger voice in the discussion.
印象	yìn xiàng	impression	noun	An idea or feeling left by an experience.	这座城市给我留下了很好的印象。	This city left a very good impression on me.	我对那次比赛还有一点印象。	I still have some memory of that match.
相爱	xiāng ài	love each other	verb	Have mutual feelings of love.	他们相爱多年，仍然关心彼此。	They have loved each other for years and still care about each other.	相爱的人也需要学会沟通。	People who love each other still need to learn to communicate.
爱上	ài shàng	fall in love with; become fond of	verb	Begin to feel love or strong liking for someone or something.	他在一次旅行中爱上了摄影。	He became fond of photography during a trip.	她慢慢爱上了这座安静的小城。	She gradually fell in love with this quiet small town.
男友	nán yǒu	boyfriend	noun	A male partner in a romantic relationship.	她和男友一起准备晚饭。	She and her boyfriend prepared dinner together.	她把男友介绍给了家人。	She introduced her boyfriend to her family.
女友	nǚ yǒu	girlfriend	noun	A female partner in a romantic relationship.	他的女友喜欢读旅行故事。	His girlfriend enjoys reading travel stories.	他陪女友去参加朋友的婚礼。	He accompanied his girlfriend to a friend's wedding.
情侣	qíng lǚ	couple; romantic partners	noun	Two people who are in a romantic relationship.	这对情侣每周一起去散步。	This couple goes for a walk together every week.	这对情侣一起经营一家小店。	The couple runs a small shop together.
恋情	liàn qíng	romantic relationship	noun	A relationship involving romantic love.	她不愿公开自己的恋情。	She does not want to make her romantic relationship public.	这段恋情让他学会更好地沟通。	This relationship taught him to communicate better.
友情	yǒu qíng	friendship	noun	The affection and trust between friends.	我们珍惜多年的友情。	We value our years of friendship.	即使住得很远，友情也没有变。	Our friendship has not changed even though we live far apart.
交友	jiāo yǒu	make friends	verb	Build friendships with other people.	阅读小组给她提供了交友的机会。	The reading group gave her opportunities to make friends.	交友时要尊重彼此的选择。	Respect each other's choices when making friends.
交朋友	jiāo péng you	make friends	verb phrase	Get to know people and build friendships.	他喜欢在活动中交朋友。	He likes making friends at activities.	刚到新学校时，她不太会交朋友。	She was unsure how to make friends when she first arrived at the new school.
交情	jiāo qing	personal ties; friendship	noun	The closeness built through personal contact.	我和这位邻居有多年交情。	This neighbor and I have known each other well for years.	他们工作上认识，但没有深的交情。	They know each other through work but are not close friends.
人情	rén qíng	human kindness; social favor	noun	Care, obligations or favors arising from human relationships.	她记得别人帮忙的人情。	She remembers the favors others have done for her.	处理事情时也要考虑人情。	Human relationships should also be considered when handling matters.
人脉	rén mài	network of contacts	noun	People one knows who can provide connections or support.	她在志愿活动中积累了人脉。	She built a network of contacts through volunteering.	人脉不能代替真正的能力。	Connections cannot replace real ability.
人际关系	rén jì guān xì	interpersonal relationships	noun	Relationships between people in a social setting.	良好的人际关系需要沟通。	Good interpersonal relationships require communication.	他希望改善办公室的人际关系。	He hopes to improve relationships in the office.
关系网	guān xi wǎng	network of relationships	noun	An interconnected set of social contacts.	共同的兴趣扩大了她的关系网。	Shared interests expanded her network of relationships.	他通过关系网找到了一位合适的老师。	He found a suitable teacher through his network of contacts.
熟人	shú rén	acquaintance	noun	A person one knows but may not be close to.	我在车站遇见一位熟人。	I met an acquaintance at the station.	因为是熟人，她很快放松下来。	She relaxed quickly because the person was someone she knew.
密友	mì yǒu	close friend	noun	A friend with whom one shares a close relationship.	她把烦恼告诉了密友。	She told her close friend about her worries.	两位密友经常一起读书。	The two close friends often read together.
旧友	jiù yǒu	old friend	noun	A friend known from an earlier time.	他在旅行时遇到了旧友。	He met an old friend while traveling.	旧友来访，让她想起了学生时代。	The old friend's visit reminded her of her student days.
知己	zhī jǐ	confidant; close understanding friend	noun	A friend who understands one's thoughts and feelings deeply.	她把这位同学当作知己。	She considers this classmate a close confidant.	能遇到理解自己的知己很难得。	Finding a friend who truly understands you is precious.
室友	shì yǒu	roommate	noun	A person who shares a room or accommodation.	我的室友习惯早睡。	My roommate prefers going to bed early.	她和室友商量了打扫的安排。	She discussed the cleaning schedule with her roommate.
队友	duì yǒu	teammate	noun	A member of the same team.	队友在场边鼓励他。	His teammates encouraged him from the sidelines.	训练结束后，她和队友一起回家。	She went home with her teammates after training.
友善	yǒu shàn	friendly; kind	adjective	Treating others with warmth and goodwill.	新同学对大家很友善。	The new classmate is friendly toward everyone.	他的友善让陌生人也愿意聊天。	His friendliness makes even strangers willing to chat.
好心	hǎo xīn	kindhearted; good intentions	adjective; noun	A wish to help or care for others.	她是好心提醒我带伞。	She kindly reminded me to bring an umbrella.	这位好心的邻居帮我搬了箱子。	This kindhearted neighbor helped me move the box.
好意	hǎo yì	good intentions; kindness	noun	A positive intention behind a helpful action.	我明白你的好意，但想自己试试。	I understand your kind intentions, but want to try it myself.	他把我的好意误解了。	He misunderstood my good intentions.
好话	hǎo huà	kind or favorable words	noun	Words that praise, comfort or present something favorably.	他只想听好话，不愿听建议。	He only wants favorable comments and not advice.	一句好话能让人心情轻松一些。	A kind word can help someone feel a little more relaxed.
好感	hǎo gǎn	favorable impression; liking	noun	A positive feeling toward a person or thing.	她对这位新老师很有好感。	She has a favorable impression of the new teacher.	整洁的环境增加了客人的好感。	The tidy surroundings improved the visitors' impression.
善意	shàn yì	goodwill	noun	An intention that is kind rather than harmful.	我把这句话理解为善意的提醒。	I understood this as a well-intentioned reminder.	争论时也要保留善意。	Keep a sense of goodwill even when disagreeing.
真心	zhēn xīn	sincere; sincerely	adjective; adverb	Expressing real feelings without pretending.	我真心希望你学得开心。	I sincerely hope you enjoy learning.	她用真心换来了朋友的信任。	Her sincerity won her friend's trust.
诚意	chéng yì	sincerity	noun	A genuine willingness to act respectfully or cooperatively.	这封道歉信表达了他的诚意。	This apology letter expressed his sincerity.	双方都拿出了合作的诚意。	Both sides showed genuine willingness to cooperate.
衷心	zhōng xīn	heartfelt; sincere	adjective	Coming genuinely from one's deepest feelings.	我们向老师表示衷心的感谢。	We offer heartfelt thanks to the teacher.	她收到朋友衷心的祝福。	She received sincere wishes from her friend.
谢意	xiè yì	gratitude	noun	The feeling of appreciation for kindness or help.	她用一张卡片表达谢意。	She expressed her gratitude with a card.	我不知道怎样表示自己的谢意。	I do not know how to express my gratitude.
感恩	gǎn ēn	be grateful	verb	Recognize and appreciate help or kindness received.	她感恩家人一直支持自己。	She is grateful for her family's continued support.	感恩不一定需要昂贵的礼物。	Showing gratitude does not require an expensive gift.
致谢	zhì xiè	express thanks	verb	Formally show gratitude.	演出结束后，学生向老师致谢。	The students thanked the teacher after the performance.	他在文章结尾向帮助者致谢。	He thanked those who helped him at the end of the article.
致歉	zhì qiàn	offer an apology	verb	Formally express regret for a mistake or inconvenience.	负责人为延误向大家致歉。	The person in charge apologized to everyone for the delay.	她写信向朋友致歉。	She wrote to apologize to her friend.
歉意	qiàn yì	regret; apologetic feelings	noun	The regret felt over causing inconvenience or harm.	他为迟到表达了歉意。	He expressed regret for being late.	她带着歉意解释了情况。	She explained the situation apologetically.
愧疚	kuì jiù	feel guilty; remorseful	adjective	Feeling regret for having failed or hurt someone.	让朋友久等，他感到愧疚。	He felt guilty for keeping his friend waiting.	她因为忘记约定而有些愧疚。	She felt some remorse for forgetting the appointment.
自尊	zì zūn	self-respect	noun	Respect for one's own worth and dignity.	当众取笑别人会伤害他的自尊。	Making fun of someone publicly can hurt their self-respect.	她学会了表达需要，也保留了自尊。	She learned to express her needs while keeping her self-respect.
自尊心	zì zūn xīn	sense of personal dignity	noun	Sensitivity to one's worth and how others treat it.	批评时要顾及对方的自尊心。	Consider the other person's dignity when criticizing.	他自尊心很强，不愿接受嘲笑。	He has a strong sense of dignity and does not accept ridicule.
自信心	zì xìn xīn	self-confidence	noun	Belief in one's ability to handle a task.	这次成功增强了她的自信心。	This success strengthened her self-confidence.	老师帮助他慢慢建立自信心。	The teacher helped him gradually build self-confidence.
安全感	ān quán gǎn	sense of security	noun	The feeling of being safe and supported.	熟悉的声音给孩子安全感。	A familiar voice gives the child a sense of security.	稳定的约定能增加彼此的安全感。	Reliable agreements can increase both people's sense of security.
成就感	chéng jiù gǎn	sense of achievement	noun	Satisfaction from completing something meaningful.	做完第一幅画，她很有成就感。	She felt a sense of achievement after finishing her first painting.	小目标也能带来成就感。	Small goals can also bring a sense of achievement.
乐观	lè guān	optimistic	adjective	Expecting positive possibilities despite difficulties.	虽然进度慢，她仍然很乐观。	She remains optimistic despite slow progress.	他对新学期保持乐观的态度。	He keeps an optimistic attitude toward the new term.
乐趣	lè qù	enjoyment; pleasure	noun	The pleasure found in an activity or experience.	他在做饭中发现了乐趣。	He found enjoyment in cooking.	和朋友一起学习增加了乐趣。	Studying with friends made it more enjoyable.
爱好者	ài hào zhě	enthusiast	noun	A person who enjoys and takes interest in an activity.	这次活动吸引了很多摄影爱好者。	This event attracted many photography enthusiasts.	她是一位古典音乐爱好者。	She is a classical music enthusiast.
影迷	yǐng mí	film fan	noun	A person particularly interested in films.	这位影迷收藏了很多电影海报。	This film fan has collected many film posters.	影迷们在活动后交流观后感。	The film fans discussed their impressions after the event.
心愿	xīn yuàn	wish; cherished hope	noun	Something a person sincerely wants to happen.	她的心愿是学会画画。	Her wish is to learn to paint.	爷爷终于实现了多年的心愿。	Grandfather finally fulfilled a wish he had held for years.
心声	xīn shēng	inner thoughts; heartfelt feelings	noun	Feelings or thoughts one deeply wants to express.	这首歌说出了她的心声。	This song expressed her inner feelings.	老师鼓励学生说出心声。	The teacher encouraged students to voice their true feelings.
心思	xīn si	thoughts; attention	noun	What a person is thinking about or concentrating on.	她的心思都放在学习上。	Her attention is focused entirely on studying.	我看不出他真正的心思。	I cannot tell what he is really thinking.
心底	xīn dǐ	deep inside one's heart	noun	The deepest part of one's private feelings.	他从心底感谢朋友的帮助。	He thanks his friend from the bottom of his heart.	这段回忆一直留在她心底。	This memory has stayed deep in her heart.
心怀	xīn huái	cherish; harbor a feeling	verb	Hold a feeling or intention within oneself.	她心怀感激地接受了帮助。	She accepted the help with gratitude.	即使遇到困难，他仍心怀希望。	He still cherishes hope despite difficulties.
心胸	xīn xiōng	breadth of mind	noun	How open or tolerant a person's attitude is.	他心胸开阔，愿意听不同意见。	He is open-minded and willing to hear different views.	不要因为小事让心胸变得狭窄。	Do not let small matters make you narrow-minded.
心地	xīn dì	disposition; character	noun	A person's moral nature or intentions.	这位邻居心地善良。	This neighbor has a kind nature.	她的心地从平时的小事就能看出来。	Her character shows in small everyday actions.
心里话	xīn li huà	true inner thoughts	noun	Words expressing one's genuine feelings.	他终于向朋友说了心里话。	He finally told his friend his true feelings.	这封信里写的都是心里话。	Everything in this letter comes from the writer's heart.
心态	xīn tài	mental attitude	noun	The overall attitude with which someone faces a situation.	比赛前要调整好心态。	Adjust your mental attitude before the match.	学习时保持开放的心态很有帮助。	An open attitude is helpful when learning.
意愿	yì yuàn	willingness; wish	noun	A person's preference or desire to act.	安排活动时要考虑孩子的意愿。	Consider the child's wishes when arranging activities.	她表达了继续学习的意愿。	She expressed a wish to continue studying.
意图	yì tú	intention; purpose	noun	The purpose behind an action or message.	我没有理解他这句话的意图。	I did not understand the intention behind his words.	先说明意图，可以减少误会。	Explaining your intention first can reduce misunderstandings.
用意	yòng yì	intended purpose	noun	The reason something is said or done.	老师这样安排有自己的用意。	The teacher has a reason for arranging it this way.	我后来才明白她的用意。	I understood her purpose only later.
本意	běn yì	original intention	noun	What someone originally meant or wanted to do.	我的本意是帮忙，并不是批评。	My original intention was to help, not criticize.	请不要误解这句话的本意。	Do not misunderstand the intended meaning of this sentence.
原意	yuán yì	original meaning or intention	noun	The meaning intended before it was altered or interpreted.	翻译要尽量保留原意。	A translation should preserve the original meaning as much as possible.	转述时不要改变对方的原意。	Do not change someone's original meaning when repeating their words.
猜想	cāi xiǎng	guess; suppose	verb	Form an idea without being certain.	我猜想她可能还在路上。	I suppose she may still be on the way.	他的猜想后来得到了证实。	His guess was later confirmed.
预感	yù gǎn	premonition; intuitive expectation	noun	A feeling about what may happen before evidence is available.	她有一种比赛会顺利的预感。	She has a feeling that the match will go smoothly.	这个预感并没有成为事实。	This premonition did not come true.
预想	yù xiǎng	anticipate; imagine beforehand	verb	Imagine how something may develop before it happens.	结果比我预想的好。	The result was better than I had anticipated.	出发前要预想可能遇到的问题。	Anticipate possible problems before setting out.
知情	zhī qíng	be informed; know the situation	verb	Know relevant facts about a situation.	她对此并不知情。	She knows nothing about this situation.	在所有人知情后，我们再做决定。	We will decide after everyone has been informed.
得意	dé yì	pleased with oneself	adjective	Feeling proud or satisfied with a success.	她赢了比赛，笑得很得意。	She won the match and smiled proudly.	有一点进步也不要太得意。	Do not become too pleased with yourself after a little progress.
心烦	xīn fán	annoyed; troubled	adjective	Feeling bothered or unable to settle one's thoughts.	外面的噪声让我很心烦。	The noise outside is making me annoyed.	心烦时，她喜欢走出去散步。	She likes going for a walk when she feels troubled.
烦心	fán xīn	worry; be troubled	verb	Feel bothered by a troublesome matter.	她为搬家的事情烦心。	She is troubled by the move.	这是件烦心的事，需要慢慢处理。	This is a troubling matter that needs handling patiently.
为难	wéi nán	be in a difficult position; trouble someone	adjective; verb	Face a difficult choice or make a request hard to meet.	两个邀请同时到来，让她很为难。	Receiving two invitations at once put her in a difficult position.	如果时间不合适，我不想为难你。	I do not want to trouble you if the time is unsuitable.
难为情	nán wéi qíng	embarrassed	adjective	Feeling shy or awkward about a social situation.	大家突然表扬她，她有些难为情。	She felt a little embarrassed when everyone suddenly praised her.	弄错朋友的名字让他很难为情。	Getting his friend's name wrong made him embarrassed.
无助	wú zhù	helpless	adjective	Feeling unable to handle a situation without support.	第一次迷路时，他感到很无助。	He felt helpless when he got lost for the first time.	朋友的陪伴减少了她的无助感。	Her friend's company reduced her feeling of helplessness.
灰心	huī xīn	lose heart; feel discouraged	verb	Lose confidence because of difficulties or setbacks.	一次失败并没有让她灰心。	One failure did not make her lose heart.	他有些灰心，但仍愿意再试。	He feels discouraged but is still willing to try again.
丧气	sàng qì	downhearted; discouraged	adjective	Feeling disappointed after a setback.	计划取消后，她有些丧气。	She felt downhearted after the plan was canceled.	别一遇到困难就丧气。	Do not become discouraged at the first difficulty.
忧郁	yōu yù	melancholy; gloomy	adjective	Having a sad and reflective mood.	这首歌的旋律有些忧郁。	The melody of this song is slightly melancholy.	她望着窗外，神情忧郁。	She gazed out of the window with a melancholy expression.
忧虑	yōu lǜ	worry; concern	noun; verb	Feel concern about possible difficulties.	父母对她独自旅行有些忧虑。	Her parents are concerned about her traveling alone.	他把忧虑写在日记里。	He wrote his worries in his diary.
伤感	shāng gǎn	sad; sentimental	adjective	Feeling sadness stirred by memories or parting.	翻看旧照片时，她有些伤感。	She felt sentimental while looking through old photos.	这首离别的歌让人伤感。	This song about parting makes people feel sad.
不幸	bù xìng	unfortunate; misfortune	adjective; noun	A bad circumstance or unhappy event.	他把这次不幸当作重新开始的机会。	He treated this misfortune as a chance to start again.	这个故事讲述了一个不幸的家庭。	This story tells of an unfortunate family.
情绪化	qíng xù huà	emotion-driven; easily emotional	adjective	Reacting mainly through immediate feelings rather than steady judgment.	她发现自己疲惫时容易情绪化。	She notices that she becomes more emotional when tired.	讨论重要事情时，他尽量不情绪化。	He tries not to react emotionally when discussing important matters.
敏感	mǐn gǎn	sensitive	adjective	Easily affected by feelings or delicate matters.	他对别人的批评很敏感。	He is sensitive to criticism from others.	这是一个敏感的话题，需要谨慎表达。	This is a sensitive topic that needs careful wording.
没劲	méi jìn	tired; boring; uninteresting	adjective	Lacking energy or interest.	今天走了很久，她觉得浑身没劲。	After a long walk today, she feels exhausted.	这个重复的游戏有点没劲。	This repetitive game is a little boring.
好受	hǎo shòu	feel comfortable; feel better	verb	Experience physical or emotional comfort.	听到朋友的安慰后，我好受多了。	I felt much better after my friend's comforting words.	被误解的感觉并不好受。	Being misunderstood does not feel good.
好过	hǎo guò	have an easier time	verb	Get through a situation with less difficulty or discomfort.	有人分担工作，日子就好过一些。	Life is easier when someone shares the work.	经历离别以后，她并不好过。	She has had a difficult time since the separation.
心碎	xīn suì	heartbroken	adjective	Extremely sad because of a painful emotional experience.	失去陪伴多年的宠物让她心碎。	Losing her longtime pet left her heartbroken.	这个离别的故事听得他心碎。	This story of parting broke his heart.
心软	xīn ruǎn	softhearted	adjective	Easily moved by pity or affection.	看到孩子难过，她又心软了。	She softened again when she saw the child upset.	他心软，不忍拒绝朋友的请求。	He is softhearted and cannot bear to refuse his friend's request.
心急	xīn jí	anxious; impatient	adjective	Eager for something to happen without delay.	等了很久，他开始心急。	He became impatient after waiting a long time.	题目难时不要心急，慢慢读。	Do not rush when a problem is difficult; read it slowly.
心疼	xīn téng	feel protective concern; feel sorry for	verb	Feel distress over someone's suffering or something valued.	看见孩子受伤，妈妈很心疼。	The mother felt distressed to see her child hurt.	她心疼奶奶每天辛苦做饭。	She feels for her grandmother, who works hard cooking every day.
心爱	xīn ài	dearly loved; cherished	adjective	Loved and valued very much.	她修好了心爱的旧玩具。	She repaired her cherished old toy.	他把心爱的书送给了朋友。	He gave his beloved book to a friend.
喜爱	xǐ ài	like; be fond of	verb	Feel positive affection or enjoyment toward something.	孩子们喜爱这位耐心的老师。	The children are fond of this patient teacher.	她喜爱安静的阅读环境。	She likes a quiet reading environment.
喜好	xǐ hào	preference; liking	noun	The things or activities a person tends to enjoy.	每个人的喜好都不同。	Everyone has different preferences.	送礼前可以了解对方的喜好。	Learn about the other person's preferences before choosing a gift.
欣喜	xīn xǐ	delighted	adjective	Feeling pleased at good news or success.	看到进步，她感到欣喜。	She felt delighted to see her progress.	他的到来让家人十分欣喜。	His arrival delighted his family.
欢喜	huān xǐ	happy; delighted	adjective	Feeling glad or pleased.	收到朋友的信，她满心欢喜。	She was full of joy when she received her friend's letter.	孩子们欢喜地迎接新老师。	The children happily welcomed the new teacher.
欢笑	huān xiào	laugh joyfully	verb	Laugh with happiness.	公园里传来孩子们的欢笑。	The sound of children laughing joyfully came from the park.	一家人围着桌子欢笑。	The family laughed happily around the table.
笑声	xiào shēng	laughter	noun	The sound produced when people laugh.	教室里响起了笑声。	Laughter filled the classroom.	远处的笑声让她也放松下来。	The laughter in the distance helped her relax too.
傻笑	shǎ xiào	grin foolishly; giggle	verb	Smile or laugh in a silly, unrestrained way.	想到那件趣事，他忍不住傻笑。	He could not help grinning at the thought of that amusing incident.	她看着旧照片，一个人傻笑。	She giggled to herself while looking at old photos.
发笑	fā xiào	laugh; start laughing	verb	Begin to laugh at something.	这个小故事让大家发笑。	This short story made everyone laugh.	他尽量不发笑，认真听她说完。	He tried not to laugh and listened seriously until she finished.
逗笑	dòu xiào	make someone laugh	verb	Cause someone to laugh through something amusing.	哥哥用一个故事逗笑了妹妹。	The older brother made his sister laugh with a story.	这张有趣的照片把我逗笑了。	This amusing photo made me laugh.
逗乐	dòu lè	amuse; make someone happy	verb	Entertain someone through humor or play.	他做了个鬼脸，把孩子逗乐了。	He pulled a funny face and amused the child.	这个节目常常把观众逗乐。	This program often entertains the audience.
发怒	fā nù	become angry	verb	Begin to show anger.	他听到谎话后发怒了。	He became angry after hearing the lie.	她没有发怒，而是先问清原因。	She did not get angry and first asked what had happened.
恼怒	nǎo nù	annoyed; irritated	adjective	Feeling anger caused by an irritating problem.	反复的噪声让她很恼怒。	The repeated noise made her irritated.	他压下恼怒，重新解释了一遍。	He held back his annoyance and explained again.
惹恼	rě nǎo	annoy; anger someone	verb	Cause another person to become irritated.	他的玩笑惹恼了同桌。	His joke annoyed his desk mate.	不停打断别人容易惹恼对方。	Constantly interrupting someone can annoy them.
贴心	tiē xīn	thoughtful; considerate	adjective	Attentive to another person's needs.	她准备热茶的举动很贴心。	It was thoughtful of her to prepare hot tea.	这份贴心的提醒让我少走了弯路。	This considerate reminder saved me unnecessary trouble.
用心	yòng xīn	put thought and care into	verb	Give careful attention to an activity or person.	她用心准备了这堂课。	She put care into preparing this lesson.	礼物不必昂贵，重要的是用心。	A gift need not be expensive; what matters is the thought behind it.
真情	zhēn qíng	genuine feelings	noun	Real affection or sincere emotion.	这封信表达了她的真情。	This letter expresses her genuine feelings.	真情不一定需要华丽的语言。	Genuine emotion does not require elaborate language.
深情	shēn qíng	deep affection	noun	Strong and enduring affection.	她深情地望着多年未见的家人。	She looked with deep affection at relatives she had not seen for years.	这首歌表达了对家乡的深情。	This song expresses deep affection for the singer's hometown.
